scenario_token,outer_test_fold,calibration_fold,candidate_count,positive_opportunity,rsm_selected_action,rsm_selected_teacher_improvement,quality_selected_action,plan_control_selected_action,dist_mean_selected_action,temporal_profile_selected_action,dirp_joint_selected_action,quality_value,plan_control_value,dist_mean_value,temporal_profile_value,dirp_joint_value,cv_occ_selected_action,local_rf_selected_action,plan_rf_selected_action,cv_occ_value,local_rf_value,plan_rf_value,pc_occupancy_robust_selected_action,pc_occupancy_robust_value,rsm_occ_delta_cv,rsm_occ_delta_ca,rsm_occ_delta_brake,rsm_occ_delta_yield,rsm_occ_delta_nonyield,risk_delta_l1,delta_hard_agent_risk,delta_soft_agent_risk,delta_agent_ttc_risk,delta_hard_off_route_risk,delta_soft_off_route_risk,delta_red_light_risk,teacher_bucket,quality_accept,cv_occ_accept,local_rf_accept,plan_rf_accept,v44_robust_accept,current_risk_all_zero,cv_to_local_local_only,cv_to_local_cv_only,local_to_plan_plan_only,local_to_plan_local_only,v44robust_to_plan_plan_only,v44robust_to_plan_v44_only,teacher_bucket_v46,plan_control_accept,dist_mean_accept,temporal_profile_accept,dirp_joint_accept,plan_to_dist_mean_dist_mean_only,plan_to_dist_mean_plan_only,plan_to_temporal_profile_temporal_profile_only,plan_to_temporal_profile_plan_only,plan_to_dirp_joint_dirp_joint_only,plan_to_dirp_joint_plan_only,plan_control_material_miss,dist_mean_material_miss,temporal_profile_material_miss,dirp_joint_material_miss
30e193cab0fc5a5d,0,1,9,0,-1,,-1,-1,-1,-1,-1,,,,,,-1,-1,-1,,,,-1,,,,,,,,,,,,,,no_rsm_proposal,False,False,False,False,False,False,False,False,False,False,False,False,no_rsm_proposal,False,False,False,False,False,False,False,False,False,False,False,False,False,False
366e33370f605634,0,1,4,1,28,1.2326923098775555,28,-1,-1,28,28,0.0476998898569074,-0.0748706271511749,-0.0425822332417577,0.101043951391123,0.1015873342003761,-1,-1,-1,-0.0615206004062308,-0.0549355042143866,-0.0748706271511749,28,0.0922720563693675,-0.0152641385793685,0.0421730428934097,-5.497783422470093e-05,-0.0076647251844406,-0.0097847357392311,0.0,0.0,0.0,0.0,0.0,0.0,0.0,material_positive_gt_0.2,True,False,False,False,True,True,False,False,False,False,False,True,material_positive_gt_0p2,False,False,True,True,False,False,True,False,True,False,True,True,False,False
3fabf2e29e5f5fc4,0,1,18,1,22,0.0002032831884921,22,22,22,22,-1,0.0786619415056863,0.1303018860463606,0.0840168613622683,0.058411553678712,-0.0500871115688927,-1,22,22,-0.4834611170427643,0.2010296127659977,0.1303018860463606,-1,-0.5779479355854252,-0.0785596966743469,-0.0785596966743469,-0.0785596966743469,-0.0785596966743469,-0.0785596966743469,0.4187135994434356,0.0,-0.0384936928749084,-0.3802199065685272,0.0,0.0,0.0,positive_le_0.001,True,False,True,True,False,False,True,False,False,False,True,False,positive_le_0p001,True,True,True,False,False,False,False,False,False,True,False,False,False,False
46f5fac22c0b5cb0,0,1,5,0,5,-0.0008687456113751,-1,5,5,-1,-1,-0.0327328577848128,0.0612651547242296,0.0550079345938391,-0.0295515731217063,-0.0221830174237529,5,5,5,0.004114852225749,0.0473643676432105,0.0612651547242296,5,0.0163032641810228,0.0051496624946594,0.0088395029306411,-0.0023358762264251,0.0089865177869796,0.0086896270513534,0.0,0.0,0.0,0.0,0.0,0.0,0.0,mild_harm,False,True,True,True,True,True,False,False,False,False,False,False,mild_harm,True,True,False,False,False,False,False,True,False,True,False,False,False,False
518c0014d1a45ca8,0,1,13,1,12,-0.0001304086467248,-1,12,12,-1,12,-0.0016346915660951,0.1334629953064226,0.0809814068835622,-0.0099815310003782,0.0170348118494805,12,12,12,0.0799576068794733,0.1348332465760512,0.1334629953064226,12,0.0936723755949009,0.0114029571413993,0.0114029571413993,0.0114029571413993,0.0114029571413993,0.0114029571413993,0.0,0.0,0.0,0.0,0.0,0.0,0.0,mild_harm,False,True,True,True,True,True,False,False,False,False,False,False,mild_harm,True,True,False,True,False,False,False,True,False,False,False,False,False,False
586dc46118d75100,0,1,14,1,9,-0.0004047478932421,-1,-1,-1,-1,-1,-0.0725225249756469,-0.4322105728406123,-0.490972973092646,-0.0369496062209076,-0.0630593356800808,-1,-1,-1,-0.7191104280167449,-0.4198070722934271,-0.4322105728406123,-1,-0.8277947848418215,-0.0903640985488891,-0.0903640985488891,-0.0903640985488891,-0.0903640985488891,-0.0903640985488891,0.0,0.0,0.0,0.0,0.0,0.0,0.0,mild_harm,False,False,False,False,False,True,False,False,False,False,False,False,mild_harm,False,False,False,False,False,False,False,False,False,False,False,False,False,False
6596827fb10b569a,0,1,23,1,1,0.0005793339748345,1,1,1,-1,-1,0.0956620741837085,0.4544355735156032,0.5266663595334306,-0.2461428765845289,-0.2552019449762097,1,1,1,0.6288771705422525,0.4167979458731066,0.4544355735156032,1,0.6617587702592781,0.0745196491479873,0.0608039125800132,0.0745196491479873,0.0745196491479873,0.0745196491479873,0.0915055274963378,0.0,0.0,-0.0915055274963378,0.0,0.0,0.0,positive_le_0.001,True,True,True,True,True,False,False,False,False,False,False,False,positive_le_0p001,True,True,False,False,False,False,False,True,False,True,False,False,False,False
8f79455cf8a85fb9,0,1,4,0,-1,,-1,-1,-1,-1,-1,,,,,,-1,-1,-1,,,,-1,,,,,,,,,,,,,,no_rsm_proposal,False,False,False,False,False,False,False,False,False,False,False,False,no_rsm_proposal,False,False,False,False,False,False,False,False,False,False,False,False,False,False
b2f2a9a83437555c,0,1,1,0,7,-0.0007529566446319,-1,-1,-1,-1,-1,-0.1404873922864834,-0.2080471256586284,-0.2181025848209269,-0.1182065138996787,-0.1236066913293955,-1,-1,-1,-0.2420390527031441,-0.1992850931893192,-0.2080471256586284,-1,-0.2385178608143851,-0.014192372560501,-0.0135136246681213,-0.0121396631002426,-0.0085173398256301,-0.0137215852737426,0.1631414890289306,0.0,-0.1416720747947693,-0.0214694142341613,0.0,0.0,0.0,mild_harm,False,False,False,False,False,False,False,False,False,False,False,False,mild_harm,False,False,False,False,False,False,False,False,False,False,False,False,False,False
d1d8fef2f07e554f,0,1,27,1,19,-6.528710596098719e-05,19,19,19,19,19,0.0916974094375467,0.300943414675107,0.332134211775829,0.0210254971919438,0.035579128991967,19,19,19,0.1273831601107505,0.2773666228049667,0.300943414675107,19,0.3707471971395085,0.0049872770905494,0.0044218674302101,0.0428211241960525,0.0449277460575103,0.0034526661038398,0.0,0.0,0.0,0.0,0.0,0.0,0.0,mild_harm,True,True,True,True,True,True,False,False,False,False,False,False,mild_harm,True,True,True,True,False,False,False,False,False,False,False,False,False,False
d3578202f06d5c62,0,1,25,1,26,8.269424438478445e-05,26,26,26,26,26,0.0287158139428701,0.151317305638604,0.1701024781658539,0.0424584742303968,0.0517621280223863,26,26,26,0.1925093494038307,0.1370184191482259,0.151317305638604,26,0.2158341984730261,0.0228910148143768,0.0233097150921821,0.0207818448543548,0.0229797735810279,0.0228892043232917,0.003257195057813,0.0,0.0,0.003257195057813,0.0,0.0,0.0,positive_le_0.001,True,True,True,True,True,False,False,False,False,False,False,False,positive_le_0p001,True,True,True,True,False,False,False,False,False,False,False,False,False,False
e7ee1c000ef85255,0,1,16,1,9,0.0005864605173468,-1,-1,-1,-1,-1,-0.093633081790793,-0.3276380849938275,-0.2938378011244648,-0.1664049029150963,-0.1494003913128352,-1,-1,-1,-0.0991679970310442,-0.2912657928808043,-0.3276380849938275,-1,-0.1399099976349074,-0.0007735192775726,0.0032031834125518,0.0167538970708847,-0.0384287983179092,0.0062668025493621,0.0,0.0,0.0,0.0,0.0,0.0,0.0,positive_le_0.001,False,False,False,False,False,True,False,False,False,False,False,False,positive_le_0p001,False,False,False,False,False,False,False,False,False,False,False,False,False,False
e8a90962974f55d3,0,1,12,1,-1,,-1,-1,-1,-1,-1,,,,,,-1,-1,-1,,,,-1,,,,,,,,,,,,,,no_rsm_proposal,False,False,False,False,False,False,False,False,False,False,False,False,no_rsm_proposal,False,False,False,False,False,False,False,False,False,False,False,False,False,False
f390221c855a53d1,0,1,17,1,23,0.0001769104883706,23,-1,-1,-1,-1,0.059610245492826,-0.4263632346232989,-0.30717427669648,-0.5493933688925878,-0.3187919108007695,-1,-1,-1,-0.3590958551692972,-0.304726484596668,-0.4263632346232989,-1,-0.4294758426262748,-0.0585164129734039,-0.0585164129734039,-0.0585164129734039,-0.0585164129734039,-0.0585164129734039,0.0,0.0,0.0,0.0,0.0,0.0,0.0,positive_le_0.001,True,False,False,False,False,True,False,False,False,False,False,False,positive_le_0p001,False,False,False,False,False,False,False,False,False,False,False,False,False,False
f473bc020969511e,0,1,24,1,2,0.002340053756078,2,2,2,2,2,0.0950357986100444,0.4570656606410929,0.4205687134061483,0.1031294646935376,0.1320667866285765,2,2,2,0.4613874744652752,0.4324540908655611,0.4570656606410929,2,0.4599787280098438,0.0511996001005172,0.0509761869907379,0.0527307987213134,0.034071534872055,0.0503490194678306,0.0,0.0,0.0,0.0,0.0,0.0,0.0,positive_0.001_to_0.01,True,True,True,True,True,True,False,False,False,False,False,False,positive_0p001_to_0p01,True,True,True,True,False,False,False,False,False,False,False,False,False,False
5eae283cb1b95a45,0,1,6,1,25,0.0002113920846953,25,25,25,-1,-1,0.0061142925815621,0.1371437429675622,0.1391086518033447,-0.0124342204723719,-0.0033065172478473,25,25,25,0.2087169798885038,0.1271613012495833,0.1371437429675622,25,0.2366079421141258,0.0283147990703582,0.0283132642507553,0.026849091053009,0.0282574445009231,0.0282980650663375,0.0,0.0,0.0,0.0,0.0,0.0,0.0,positive_le_0.001,True,True,True,True,True,True,False,False,False,False,False,False,positive_le_0p001,True,True,False,False,False,False,False,True,False,True,False,False,False,False
ea5915d23f345a29,0,1,6,1,26,-6.736000906726325e-06,-1,-1,-1,26,-1,-0.0045023133482451,-0.0083962032591082,-0.0098309954785337,0.0010693339964242,-0.0086412233383376,26,26,-1,0.0019533592092939,0.0001031591393205,-0.0083962032591082,26,0.0201023700015433,0.0009022057056427,0.0009022206068038,0.0050328373908996,0.0009022206068038,0.0009022206068038,0.0,0.0,0.0,0.0,0.0,0.0,0.0,mild_harm,False,True,True,False,True,True,False,False,False,True,False,True,mild_harm,False,False,True,False,False,False,True,False,False,False,False,False,False,False
190d01845dda5596,0,1,4,0,-1,,-1,-1,-1,-1,-1,,,,,,-1,-1,-1,,,,-1,,,,,,,,,,,,,,no_rsm_proposal,False,False,False,False,False,False,False,False,False,False,False,False,no_rsm_proposal,False,False,False,False,False,False,False,False,False,False,False,False,False,False
247baf6242815059,0,1,20,1,12,-0.0004707026612013,-1,-1,-1,12,12,-0.0123605343936148,-0.02341730702211,-0.073731485934605,0.0729013390576637,0.0859719373819632,-1,-1,-1,-0.0092847535380214,-0.033125101559617,-0.02341730702211,-1,-0.0087677729556686,0.0004298537969589,0.0004298537969589,0.0004298537969589,0.0004298537969589,0.0004298537969589,0.0,0.0,0.0,0.0,0.0,0.0,0.0,mild_harm,False,False,False,False,False,True,False,False,False,False,False,False,mild_harm,False,False,True,True,False,False,True,False,True,False,False,False,False,False
273d4e72b01d53cf,0,1,14,1,8,-1.5629368781690487,-1,-1,-1,-1,-1,-0.1434606417850462,-0.209721622053359,-0.2218593896548009,-0.147285777682038,-0.1708290467310554,-1,-1,-1,-0.1795060099019919,-0.1996490021960077,-0.209721622053359,-1,-0.1855648366752049,-0.0050375312566757,-0.0050375312566757,-0.0050375312566757,-0.0050375312566757,-0.0050375312566757,0.5600485801696777,0.0,0.0,0.0,0.0,-0.5600485801696777,0.0,catastrophe,False,False,False,False,False,False,False,False,False,False,False,False,catastrophe,False,False,False,False,False,False,False,False,False,False,False,False,False,False
275e9cfb52fd59de,0,1,12,1,8,0.1272746219409324,8,8,8,8,8,0.8503470886511855,0.7690258314863265,0.7569038565443189,1.609782160674074,1.725097059887417,-1,8,8,-0.078982179567552,0.4222512036163043,0.7690258314863265,-1,-0.2351921981473232,-0.1298786997795105,-0.1298786997795105,-0.1298786997795105,-0.1298786997795105,-0.1298786997795105,1.7353537678718567,0.0,0.2327932119369506,0.1877898573875427,0.0,1.3147706985473633,0.0,positive_0.01_to_0.2,True,False,True,True,False,False,True,False,False,False,True,False,positive_0p01_to_0p2,True,True,True,True,False,False,False,False,False,False,False,False,False,False
4082f94c512b5d1f,0,1,14,1,23,-0.0001477490439216,23,23,23,23,23,0.0623746466086376,0.0446338058483341,0.0419900148328259,0.0340932615731502,0.0161217894550134,23,23,23,0.0849517948087658,0.0772657833055263,0.0446338058483341,23,0.0887467635081696,0.0031552761793136,0.0031552761793136,0.0031552761793136,0.0031552761793136,0.0031552761793136,0.0,0.0,0.0,0.0,0.0,0.0,0.0,mild_harm,True,True,True,True,True,True,False,False,False,False,False,False,mild_harm,True,True,True,True,False,False,False,False,False,False,False,False,False,False
421dd5398e885a27,0,1,18,1,22,-0.0001146473528817,-1,22,22,-1,-1,-0.0352352273513206,0.0139336406865323,0.0014226628132753,-0.0496720317465793,-0.0732454152682115,22,22,22,0.0443366421848805,0.0922867831023224,0.0139336406865323,22,0.0577118911111305,0.0111206024885177,0.0111206024885177,0.0111206024885177,0.0111206024885177,0.0111206024885177,0.0,0.0,0.0,0.0,0.0,0.0,0.0,mild_harm,False,True,True,True,True,True,False,False,False,False,False,False,mild_harm,True,True,False,False,False,False,False,True,False,True,False,False,False,False
53620555ea3a5d3c,0,1,9,1,21,0.0,21,21,21,21,21,0.0067529051210481,0.0067529051210481,0.0067529051210481,0.0067529051210481,0.0067529051210481,21,21,21,0.0067529051210481,0.0067529051210481,0.0067529051210481,21,0.0067529051210481,0.0,0.0,0.0,0.0,0.0,0.0,0.0,0.0,0.0,0.0,0.0,0.0,mild_harm,True,True,True,True,True,True,False,False,False,False,False,False,mild_harm,True,True,True,True,False,False,False,False,False,False,False,False,False,False
60bd62401d0857f9,0,1,15,1,22,-5.674398746347009e-05,-1,-1,-1,22,22,-0.0121935079385841,-0.0961938792909079,-0.110277169877034,0.0287723942499684,0.0245874746663803,-1,-1,-1,-0.1169141001299203,-0.0794863384584572,-0.0961938792909079,-1,-0.1345164049499226,-0.0146352499723434,-0.0146352499723434,-0.0146352499723434,-0.0146352499723434,-0.0146352499723434,0.0,0.0,0.0,0.0,0.0,0.0,0.0,mild_harm,False,False,False,False,False,True,False,False,False,False,False,False,mild_harm,False,False,True,True,False,False,True,False,True,False,False,False,False,False
6db53a1807af5a90,0,1,13,0,-1,,-1,-1,-1,-1,-1,,,,,,-1,-1,-1,,,,-1,,,,,,,,,,,,,,no_rsm_proposal,False,False,False,False,False,False,False,False,False,False,False,False,no_rsm_proposal,False,False,False,False,False,False,False,False,False,False,False,False,False,False
8e6c888a92425ff1,0,1,6,1,1,0.0003081311788877,1,1,1,1,1,0.0521968366695759,0.0627251663790884,0.0729199736610071,0.0924817252690437,0.0929586130764532,1,1,1,0.0644924536431716,0.0569451574447518,0.0627251663790884,1,0.0665591642426713,0.0017183721065521,0.0017183721065521,0.0017183721065521,0.0017183721065521,0.0017183721065521,0.0,0.0,0.0,0.0,0.0,0.0,0.0,positive_le_0.001,True,True,True,True,True,True,False,False,False,False,False,False,positive_le_0p001,True,True,True,True,False,False,False,False,False,False,False,False,False,False
9a82cf7a1636581e,0,1,5,0,2,-0.0042642683826388,-1,-1,-1,-1,-1,-0.1598536188358614,-0.054799058037661,-0.0390667469402104,-0.1772170275230565,-0.171817800300783,-1,-1,-1,-0.0154277089185361,-0.0692530214216886,-0.054799058037661,2,0.0088487433495607,0.0201842933893203,0.0201842933893203,0.0201842933893203,0.0201842933893203,0.0201842933893203,0.0037404000759124,0.0,0.0,-0.0037404000759124,0.0,0.0,0.0,mild_harm,False,False,False,False,True,False,False,False,False,False,False,True,mild_harm,False,False,False,False,False,False,False,False,False,False,False,False,False,False
c70bcca6e16953d7,0,1,14,1,10,0.0003409750871363,10,10,10,10,10,0.0752100460989838,0.7629628721326067,0.8598245345593793,0.5173086427411216,0.6527768971185683,10,10,10,0.8068286731284957,0.7894206728813776,0.7629628721326067,10,0.929805775775706,0.1022475957870483,0.1022475957870483,0.1022475957870483,0.1022475957870483,0.1022475957870483,0.0087832957506179,0.0,1.0132789611816406e-05,-0.0087731629610061,0.0,0.0,0.0,positive_le_0.001,True,True,True,True,True,False,False,False,False,False,False,False,positive_le_0p001,True,True,True,True,False,False,False,False,False,False,False,False,False,False
d04f957744a353ba,0,1,10,1,21,0.0001638741232454,21,21,21,21,21,0.0169632424585069,0.0285325340522499,0.0302511939012316,0.024442792724174,0.011115201684535,21,21,21,0.0792780425899337,0.0726412726235478,0.0285325340522499,21,0.0897524372458975,0.0087088197469711,0.0087088197469711,0.0087088197469711,0.0087088197469711,0.0087088197469711,0.0,0.0,0.0,0.0,0.0,0.0,0.0,positive_le_0.001,True,True,True,True,True,True,False,False,False,False,False,False,positive_le_0p001,True,True,True,True,False,False,False,False,False,False,False,False,False,False
d0c144dfeca55025,0,1,25,1,22,-0.0001029941059838,22,22,22,22,22,0.0429783550516964,0.0666560796838154,0.0701804093378291,0.0449017372025562,0.0482752470846954,22,22,22,0.0809643004834607,0.0649353592665959,0.0666560796838154,22,0.0873494009465371,0.0053087472915649,0.0053087472915649,0.0053087472915649,0.0053087472915649,0.0053087472915649,0.0,0.0,0.0,0.0,0.0,0.0,0.0,mild_harm,True,True,True,True,True,True,False,False,False,False,False,False,mild_harm,True,True,True,True,False,False,False,False,False,False,False,False,False,False
f6cbfc9328fd5914,0,1,5,1,15,0.0028377727983173,15,15,15,15,15,0.3883445684730002,0.2910063174585033,0.2765014662730711,0.5127817986639692,0.5121612500914055,15,15,15,0.123794042875699,0.2882346127379755,0.2910063174585033,15,0.0793259848243739,-0.0369723439216613,-0.0369723439216613,-0.0369723439216613,-0.0369723439216613,-0.0369723439216613,0.0,0.0,0.0,0.0,0.0,0.0,0.0,positive_0.001_to_0.01,True,True,True,True,True,True,False,False,False,False,False,False,positive_0p001_to_0p01,True,True,True,True,False,False,False,False,False,False,False,False,False,False
d0ce91bcf7ba557a,0,1,2,1,-1,,-1,-1,-1,-1,-1,,,,,,-1,-1,-1,,,,-1,,,,,,,,,,,,,,no_rsm_proposal,False,False,False,False,False,False,False,False,False,False,False,False,no_rsm_proposal,False,False,False,False,False,False,False,False,False,False,False,False,False,False
00bf712a8e9e59bf,0,1,1,0,-1,,-1,-1,-1,-1,-1,,,,,,-1,-1,-1,,,,-1,,,,,,,,,,,,,,no_rsm_proposal,False,False,False,False,False,False,False,False,False,False,False,False,no_rsm_proposal,False,False,False,False,False,False,False,False,False,False,False,False,False,False
07db46e8eac253cf,0,1,12,1,16,0.7593208522055517,16,16,16,16,16,0.2687226301796579,0.3690609113546571,0.3032841320718581,0.2180433677549827,0.3112630335465859,16,16,16,0.3153238033243798,0.3613430522076556,0.3690609113546571,16,0.2949184067920173,0.0065127611160278,0.0046527832746505,-0.0055857598781585,0.0189900249242782,0.0067809969186782,0.0489933490753173,0.0,-0.0215778350830078,-0.0274155139923095,0.0,0.0,0.0,material_positive_gt_0.2,True,True,True,True,True,False,False,False,False,False,False,False,material_positive_gt_0p2,True,True,True,True,False,False,False,False,False,False,False,False,False,False
13adf1483845581c,0,1,18,1,21,0.0006412762776015,21,-1,-1,21,21,0.0523072133323107,-0.0964926144473423,-0.1443142929459384,0.0588232160887928,0.0193252066244126,21,-1,-1,0.0794082624107477,-0.0809565661551853,-0.0964926144473423,-1,-0.141269057570695,0.0037875175476074,0.0041110068559646,-0.0198245048522949,-0.0518419444561004,0.0042796730995178,0.0,0.0,0.0,0.0,0.0,0.0,0.0,positive_le_0.001,True,True,False,False,False,True,False,True,False,False,False,False,positive_le_0p001,False,False,True,True,False,False,True,False,True,False,False,False,False,False
2ffe7083e279569c,0,1,15,1,3,0.000160507233395,3,3,3,3,3,0.0630176207662971,0.2210334466056761,0.1668014486858335,0.037580785030838,0.028253407712653,3,3,3,0.0464216584309782,0.2486712578215897,0.2210334466056761,3,0.0436318786323072,-0.0023193955421447,-0.0023193955421447,-0.0023193955421447,-0.0023193955421447,-0.0023193955421447,0.0,0.0,0.0,0.0,0.0,0.0,0.0,positive_le_0.001,True,True,True,True,True,True,False,False,False,False,False,False,positive_le_0p001,True,True,True,True,False,False,False,False,False,False,False,False,False,False
36857cb219845df9,0,1,14,1,7,0.0001324263616466,7,7,7,7,7,0.0287530144064284,0.3507405859052262,0.3926310825135402,0.0741693090077718,0.1164098408202507,7,7,7,0.5110100409682137,0.2675835115268691,0.3507405859052262,7,0.592072401340132,0.0673980116844177,0.0673980116844177,0.0673980116844177,0.0673980116844177,0.0673980116844177,0.1396608054637909,0.0,0.0,-0.1396608054637909,0.0,0.0,0.0,positive_le_0.001,True,True,True,True,True,False,False,False,False,False,False,False,positive_le_0p001,True,True,True,True,False,False,False,False,False,False,False,False,False,False
6f8bc109eabc5ad5,0,1,4,1,19,-4.585174424573402e-06,-1,-1,-1,19,19,-0.0047951377439345,-0.0167577219859858,-0.0187555585048359,0.0063825078031543,0.0056341373812845,19,-1,-1,0.0524480071244985,-0.015741327149458,-0.0167577219859858,-1,-0.0139788626743634,0.0080000460147857,-0.0001940727233886,-0.0032135695219039,-0.0039316415786743,-0.0014045238494873,0.0,0.0,0.0,0.0,0.0,0.0,0.0,mild_harm,False,True,False,False,False,True,False,True,False,False,False,False,mild_harm,False,False,True,True,False,False,True,False,True,False,False,False,False,False
8fbfbaa44855539e,0,1,16,0,-1,,-1,-1,-1,-1,-1,,,,,,-1,-1,-1,,,,-1,,,,,,,,,,,,,,no_rsm_proposal,False,False,False,False,False,False,False,False,False,False,False,False,no_rsm_proposal,False,False,False,False,False,False,False,False,False,False,False,False,False,False
b66888a9942d59ff,0,1,5,1,22,0.0031217700053006,22,22,22,22,22,0.0265710234402383,0.6550167855500851,0.7750070587550404,0.7046953020347282,0.9053253858444686,22,22,22,0.5911571235721845,0.6194142985981794,0.6550167855500851,22,0.6177736568527427,0.0789039134979248,0.0679297000169754,0.0800383985042572,0.0800383985042572,0.0638471245765686,0.0,0.0,0.0,0.0,0.0,0.0,0.0,positive_0.001_to_0.01,True,True,True,True,True,True,False,False,False,False,False,False,positive_0p001_to_0p01,True,True,True,True,False,False,False,False,False,False,False,False,False,False
e4f303186cdb50b1,0,1,4,1,19,-4.364564421121576e-06,-1,-1,-1,19,19,-0.0038601199243871,-0.0155197912551987,-0.0175623738124097,0.007581341442112,0.0068497287722269,19,-1,-1,0.0562150636943744,-0.0145058374940227,-0.0155197912551987,-1,-0.0122025518075738,0.0083958208560943,6.9141387939453125e-06,-0.003474086523056,-0.0039959251880645,-0.0012692213058471,0.0,0.0,0.0,0.0,0.0,0.0,0.0,mild_harm,False,True,False,False,False,True,False,True,False,False,False,False,mild_harm,False,False,True,True,False,False,True,False,True,False,False,False,False,False
ee17abab9d83514f,0,1,4,0,17,-5.260109603405505e-05,17,17,17,17,17,0.0290811394858199,0.0281285182939972,0.0197785293394077,0.0266347129652206,0.0301196974388793,17,17,17,0.0416856786854058,0.0233258521534263,0.0281285182939972,17,0.0259122693602232,0.0017615407705307,0.0012857615947723,0.0064759701490402,-0.0024541169404983,0.0016099512577056,0.0,0.0,0.0,0.0,0.0,0.0,0.0,mild_harm,True,True,True,True,True,True,False,False,False,False,False,False,mild_harm,True,True,True,True,False,False,False,False,False,False,False,False,False,False
5b4aedf8449c54ca,0,1,4,1,1,0.0013290141742676,1,1,1,1,1,0.0097787206852421,0.0930150570400647,0.0967493883085164,0.1616196518181817,0.1688076393633421,1,1,1,0.4690962965058089,0.0223842217209634,0.0930150570400647,1,0.5463025363259233,0.0641920715570449,0.0641920715570449,0.0641920715570449,0.0641920715570449,0.0641920715570449,0.2763125002384186,0.0,0.0,0.2763125002384186,0.0,0.0,0.0,positive_0.001_to_0.01,True,True,True,True,True,False,False,False,False,False,False,False,positive_0p001_to_0p01,True,True,True,True,False,False,False,False,False,False,False,False,False,False
73458ba61f445d19,0,1,16,1,9,-2.754281880346099e-06,-1,-1,-1,-1,-1,-0.061770231552315,-0.0832965376476199,-0.0943466145973742,-0.0599912988251333,-0.0519788405355846,-1,-1,-1,-0.113735903336748,-0.0844466508484729,-0.0832965376476199,-1,-0.1224707997688339,-0.0072624832391738,-0.0072624832391738,-0.0072624832391738,-0.0072624832391738,-0.0072624832391738,0.0,0.0,0.0,0.0,0.0,0.0,0.0,mild_harm,False,False,False,False,False,True,False,False,False,False,False,False,mild_harm,False,False,False,False,False,False,False,False,False,False,False,False,False,False
7647b4788f795d71,0,1,1,1,1,0.0035336643615271,1,-1,-1,-1,-1,0.0055434356433971,-0.2864541924178065,-0.3204048844745039,-0.0224917008307475,-0.0642762311175392,-1,-1,-1,-0.4180101466014826,-0.2002788140531171,-0.2864541924178065,-1,-0.4892049849891297,-0.059193879365921,-0.059193879365921,-0.059193879365921,-0.059193879365921,-0.059193879365921,0.0,0.0,0.0,0.0,0.0,0.0,0.0,positive_0.001_to_0.01,True,False,False,False,False,True,False,False,False,False,False,False,positive_0p001_to_0p01,False,False,False,False,False,False,False,False,False,False,False,False,False,False
8f2f7b6da7495074,0,1,22,1,6,-0.0030044126219674,-1,-1,-1,-1,-1,-0.0358698711474278,-0.1059026945060578,-0.1175251741167981,-0.0303347251728119,-0.0474873431028889,-1,-1,-1,-0.1347660972582947,-0.1022991323801414,-0.1059026945060578,-1,-0.1513894751457037,-0.0138212740421295,-0.0138212740421295,-0.0138212740421295,-0.0138212740421295,-0.0138212740421295,0.0,0.0,0.0,0.0,0.0,0.0,0.0,mild_harm,False,False,False,False,False,True,False,False,False,False,False,False,mild_harm,False,False,False,False,False,False,False,False,False,False,False,False,False,False
c23e9cc0ed7e5b21,0,1,17,1,3,0.0016556329336947,3,3,3,-1,-1,0.03126945233161,0.1661997328130386,0.1863128193040409,-0.0188581616799334,-0.0090779513547113,3,3,3,0.1304044161061521,0.1476092530082209,0.1661997328130386,3,0.1471678062885687,0.0138546377420425,0.0138528645038604,0.0138622820377349,0.0138592571020126,0.0138496458530426,0.0011327862739562,0.0,0.0,0.0011327862739562,0.0,0.0,0.0,positive_0.001_to_0.01,True,True,True,True,True,False,False,False,False,False,False,False,positive_0p001_to_0p01,True,True,False,False,False,False,False,True,False,True,False,False,False,False
cdfa6ac2b00156d1,0,1,10,0,-1,,-1,-1,-1,-1,-1,,,,,,-1,-1,-1,,,,-1,,,,,,,,,,,,,,no_rsm_proposal,False,False,False,False,False,False,False,False,False,False,False,False,no_rsm_proposal,False,False,False,False,False,False,False,False,False,False,False,False,False,False
16599b5179df53bb,0,1,7,0,-1,,-1,-1,-1,-1,-1,,,,,,-1,-1,-1,,,,-1,,,,,,,,,,,,,,no_rsm_proposal,False,False,False,False,False,False,False,False,False,False,False,False,no_rsm_proposal,False,False,False,False,False,False,False,False,False,False,False,False,False,False
181f26554b4b5e75,0,1,15,0,9,-0.0001236836064255,-1,-1,-1,-1,-1,-0.0689185551671475,-0.1054520815935736,-0.2001678962584911,-0.1105480892737594,-0.1197762025487551,-1,-1,-1,-0.1789023066250926,-0.1029598549149226,-0.1054520815935736,-1,-0.197389387244917,-0.0153708159923553,-0.0153708159923553,-0.0153708159923553,-0.0153708159923553,-0.0153708159923553,0.0972293242812156,0.0,0.0,0.0972293242812156,0.0,0.0,0.0,mild_harm,False,False,False,False,False,False,False,False,False,False,False,False,mild_harm,False,False,False,False,False,False,False,False,False,False,False,False,False,False
21411e892e975adf,0,1,3,0,-1,,-1,-1,-1,-1,-1,,,,,,-1,-1,-1,,,,-1,,,,,,,,,,,,,,no_rsm_proposal,False,False,False,False,False,False,False,False,False,False,False,False,no_rsm_proposal,False,False,False,False,False,False,False,False,False,False,False,False,False,False
24f940b7a94f5ed7,0,1,17,0,3,-0.0003130765174522,3,3,3,3,3,0.1176303764288154,0.117224258664913,0.2066896704801826,0.0870535933185132,0.1266870591324883,3,3,3,0.0687520548488995,0.0917941892351866,0.117224258664913,3,0.02497594573176,-0.0068309903144836,-0.0068309903144836,-0.0154354572296142,-0.0068309903144836,-0.0068309903144836,0.3454594016075134,0.0,0.0,-0.3454594016075134,0.0,0.0,0.0,mild_harm,True,True,True,True,True,False,False,False,False,False,False,False,mild_harm,True,True,True,True,False,False,False,False,False,False,False,False,False,False
257140a662885e1d,0,1,7,1,3,0.000522074045008,3,3,3,3,3,0.0829275642638083,0.2055910871398172,0.341537552083524,0.1082391078951485,0.0806854930202405,3,3,3,0.375841173279275,0.2066764776611288,0.2055910871398172,3,0.6859368727580155,0.0409362465143203,0.1150388121604919,0.0004501491785049,0.0326920896768569,0.044680118560791,0.1009696125984191,0.0,0.0,-0.1009696125984191,0.0,0.0,0.0,positive_le_0.001,True,True,True,True,True,False,False,False,False,False,False,False,positive_le_0p001,True,True,True,True,False,False,False,False,False,False,False,False,False,False
3e1e8ae126d0578f,0,1,15,1,-1,,-1,-1,-1,-1,-1,,,,,,-1,-1,-1,,,,-1,,,,,,,,,,,,,,no_rsm_proposal,False,False,False,False,False,False,False,False,False,False,False,False,no_rsm_proposal,False,False,False,False,False,False,False,False,False,False,False,False,False,False
40d5b1af93cf50e4,0,1,12,1,4,8.93150708446977e-05,-1,4,4,-1,-1,-0.0128033924946345,0.0723695023201698,0.051034225927948,-0.026404706859903,-0.0247834628077898,4,4,4,0.0387432571875504,0.0605698103068819,0.0723695023201698,4,0.0021934516607172,0.0072039067745208,0.0019100904464721,-0.0030259490013122,0.0011879056692123,0.0037764087319374,0.0,0.0,0.0,0.0,0.0,0.0,0.0,positive_le_0.001,False,True,True,True,True,True,False,False,False,False,False,False,positive_le_0p001,True,True,False,False,False,False,False,True,False,True,False,False,False,False
4b30de14589f513c,0,1,14,1,23,0.0002240603599697,23,-1,-1,23,23,0.0633282565503958,-0.0918955740481408,-0.0398598521424355,0.0479014692121292,0.0715884127708717,23,-1,-1,0.0502599062547609,-0.0615834489923295,-0.0918955740481408,23,0.0523225631433058,-0.0018263757228851,-0.0007496625185012,-0.0019319802522659,-0.0018846243619918,-0.0018330663442611,0.0,0.0,0.0,0.0,0.0,0.0,0.0,positive_le_0.001,True,True,False,False,True,True,False,True,False,False,False,True,positive_le_0p001,False,False,True,True,False,False,True,False,True,False,False,False,False,False
648d283b25fa50d1,0,1,4,0,23,-0.0001290052613243,-1,23,23,-1,-1,-0.0349978541835867,0.2031531486988711,0.3047713943320105,-0.2018641225232185,-0.180961930617035,23,23,23,0.1995307868142787,0.1771052280829417,0.2031531486988711,23,0.1293127756370735,0.0327766239643096,0.0057584345340728,0.0473822057247161,0.0473822057247161,0.0030958503484725,0.0,0.0,0.0,0.0,0.0,0.0,0.0,mild_harm,False,True,True,True,True,True,False,False,False,False,False,False,mild_harm,True,True,False,False,False,False,False,True,False,True,False,False,False,False
651762602ed854bf,0,1,1,1,-1,,-1,-1,-1,-1,-1,,,,,,-1,-1,-1,,,,-1,,,,,,,,,,,,,,no_rsm_proposal,False,False,False,False,False,False,False,False,False,False,False,False,no_rsm_proposal,False,False,False,False,False,False,False,False,False,False,False,False,False,False
864541f05d165c97,0,1,2,1,21,7.027299320325284e-05,21,21,21,21,21,0.138462838950419,0.237822841522004,0.3323997833707932,0.1109726183383169,0.1701413812381956,21,21,21,0.1526890332986049,0.2860734412439734,0.237822841522004,21,0.1453232288875821,0.0019881874322891,0.0006680190563201,0.0019881874322891,0.0019881874322891,-0.0001167505979537,0.0,0.0,0.0,0.0,0.0,0.0,0.0,positive_le_0.001,True,True,True,True,True,True,False,False,False,False,False,False,positive_le_0p001,True,True,True,True,False,False,False,False,False,False,False,False,False,False
a054dd394e1b559c,0,1,17,1,21,0.0004801966886094,21,21,21,-1,-1,0.0311244355017794,0.0917275854272792,0.0803474462418657,-0.16537345664839,-0.165104994128219,21,21,21,0.1530606365104324,0.1088894285427727,0.0917275854272792,21,0.1609475032808981,0.0170412361621856,0.0171660929918289,0.0164585933089256,0.0144441574811935,0.0177922546863555,0.0,0.0,0.0,0.0,0.0,0.0,0.0,positive_le_0.001,True,True,True,True,True,True,False,False,False,False,False,False,positive_le_0p001,True,True,False,False,False,False,False,True,False,True,False,False,False,False
b7c6fe6429785952,0,1,15,1,22,6.060907109617375e-05,22,-1,-1,22,22,0.0276894615870871,-0.0960164106706809,-0.0586523892597434,0.0085306636871737,0.0307748367998671,-1,-1,-1,-0.03541825728817,-0.0957796269364436,-0.0960164106706809,-1,-0.0460260396860636,-0.0088196471333503,-0.0088196471333503,-0.0088196471333503,-0.0088196471333503,-0.0088196471333503,0.0,0.0,0.0,0.0,0.0,0.0,0.0,positive_le_0.001,True,False,False,False,False,True,False,False,False,False,False,False,positive_le_0p001,False,False,True,True,False,False,True,False,True,False,False,False,False,False
c031140da54d502a,0,1,17,1,3,0.9911725879896434,3,-1,-1,-1,-1,0.0497809242708474,-0.1343717334498333,-0.1308777928400386,-0.0791098156466745,-0.066274379621595,-1,-1,-1,-0.2543265509240771,-0.1173964942319206,-0.1343717334498333,3,0.0424176719978785,-0.0425006449222564,-0.0426352620124816,0.0419124364852905,-0.0419850349426269,-0.0426281094551086,0.0055908560752868,0.0,0.0,0.0055908560752868,0.0,0.0,0.0,material_positive_gt_0.2,True,False,False,False,True,False,False,False,False,False,False,True,material_positive_gt_0p2,False,False,False,False,False,False,False,False,False,False,True,True,True,True
cdabe76a1ba75152,0,1,16,1,3,0.990668047375232,3,-1,-1,3,3,0.0733983674342229,-0.0089997298469056,-0.0104701668194544,0.0700553742805797,0.063803994521464,-1,-1,-1,-0.0184364137982408,-0.0120594344800954,-0.0089997298469056,3,0.0482714814267619,-0.0128343999385833,-0.0128343701362609,0.007114440202713,-0.0128346383571624,-0.0128343105316162,0.0030669569969177,0.0,0.0,0.0030669569969177,0.0,0.0,0.0,material_positive_gt_0.2,True,False,False,False,True,False,False,False,False,False,False,True,material_positive_gt_0p2,False,False,True,True,False,False,True,False,True,False,True,True,False,False
cdccf3dfd4e153cc,0,1,24,1,21,0.0025033863656862,21,21,21,-1,-1,0.0744161034708732,0.1766756015777785,0.173440275673627,-0.1458695638571697,-0.1451375958312498,21,21,21,0.2541777112446907,0.1943718257461604,0.1766756015777785,21,0.272091774366005,0.0251226425170898,0.0252483040094375,0.0246310010552406,0.0225633978843688,0.0258767530322074,0.0,0.0,0.0,0.0,0.0,0.0,0.0,positive_0.001_to_0.01,True,True,True,True,True,True,False,False,False,False,False,False,positive_0p001_to_0p01,True,True,False,False,False,False,False,True,False,True,False,False,False,False
d3e0b427c9095c6f,0,1,17,1,9,0.0002687987604178,-1,-1,-1,-1,-1,-0.061525502535597,-0.1389755494907065,-0.1800711154553144,-0.0698010723087562,-0.0617171783813961,-1,-1,-1,-0.1127189854011445,-0.1561987198370968,-0.1389755494907065,-1,-0.1213239883485715,-0.0071545541286468,-0.0071545541286468,-0.0071545541286468,-0.0071545541286468,-0.0071545541286468,0.0017117857933044,0.0,0.0,0.0017117857933044,0.0,0.0,0.0,positive_le_0.001,False,False,False,False,False,False,False,False,False,False,False,False,positive_le_0p001,False,False,False,False,False,False,False,False,False,False,False,False,False,False
d86f407ee78151b0,0,1,5,1,-1,,-1,-1,-1,-1,-1,,,,,,-1,-1,-1,,,,-1,,,,,,,,,,,,,,no_rsm_proposal,False,False,False,False,False,False,False,False,False,False,False,False,no_rsm_proposal,False,False,False,False,False,False,False,False,False,False,False,False,False,False
de2c82b474d85dd5,0,1,17,1,9,0.0006124333238229,-1,9,9,9,9,-0.0924361201128707,0.0006463271809105,0.0662034942056242,0.0955865722620961,0.118246992571246,9,-1,9,0.2051167562369483,-0.0338290337381927,0.0006463271809105,9,0.3068936562441955,0.0415846109390258,0.0825726091861724,0.0712392181158065,0.0328603684902191,0.0592162609100341,0.1121372580528259,0.0,0.0,0.1121372580528259,0.0,0.0,0.0,positive_le_0.001,False,True,False,True,True,False,False,True,True,False,False,False,positive_le_0p001,True,True,True,True,False,False,False,False,False,False,False,False,False,False
046577552dd15fc3,0,1,15,1,-1,,-1,-1,-1,-1,-1,,,,,,-1,-1,-1,,,,-1,,,,,,,,,,,,,,no_rsm_proposal,False,False,False,False,False,False,False,False,False,False,False,False,no_rsm_proposal,False,False,False,False,False,False,False,False,False,False,False,False,False,False
1f8c9456286d59fb,0,1,17,0,9,-0.0006121215932071,-1,9,9,9,9,-0.1157077763246233,0.1894407581871881,0.2348824301114402,0.2361445222105166,0.3452647814338144,9,9,9,0.2795081447636865,0.1468642191020791,0.1894407581871881,9,0.1814804433720738,0.0552335381507873,0.0170508623123168,0.0291641950607299,0.0565431416034698,0.027084082365036,0.3487432673573494,0.0,0.0,0.3487432673573494,0.0,0.0,0.0,mild_harm,False,True,True,True,True,False,False,False,False,False,False,False,mild_harm,True,True,True,True,False,False,False,False,False,False,False,False,False,False
369040b3134c5769,0,1,17,1,-1,,-1,-1,-1,-1,-1,,,,,,-1,-1,-1,,,,-1,,,,,,,,,,,,,,no_rsm_proposal,False,False,False,False,False,False,False,False,False,False,False,False,no_rsm_proposal,False,False,False,False,False,False,False,False,False,False,False,False,False,False
39dca464ed145043,0,1,17,1,3,1.3998703285889036e-05,3,3,3,3,3,0.0383389976262005,0.4670205559696724,0.5309182783399751,0.5541786336553155,0.7099897536831788,3,3,3,0.7988714004937293,0.4235249276949716,0.4670205559696724,3,0.7992647893839923,0.1062884628772735,0.1066303551197052,0.0754837691783905,0.1060664653778076,0.1063392162322998,0.005164086818695,0.0,0.0028459429740905,0.0023181438446044,0.0,0.0,0.0,positive_le_0.001,True,True,True,True,True,False,False,False,False,False,False,False,positive_le_0p001,True,True,True,True,False,False,False,False,False,False,False,False,False,False
3e940b9ccdf456b7,0,1,17,1,3,-0.0098371612697842,3,3,3,3,3,0.0381838367051715,0.4793688610022942,0.5451304559380634,0.5361406217992409,0.680500212165974,3,3,3,0.8410448908238768,0.4295070329937175,0.4793688610022942,3,0.8488402270498239,0.1122041344642639,0.1126433908939361,0.0814597606658935,0.1119390726089477,0.1122845709323883,0.0020313262939453,0.0,0.0,0.0020313262939453,0.0,0.0,0.0,mild_harm,True,True,True,True,True,False,False,False,False,False,False,False,mild_harm,True,True,True,True,False,False,False,False,False,False,False,False,False,False
4f74e2eb505a5fd0,0,1,9,0,7,-0.2430389412705786,-1,-1,-1,-1,-1,-0.115313191079963,-0.0299246575947966,-0.0086290914682084,-0.1117393137162017,-0.1109858588720057,7,-1,-1,0.0544929520075482,-0.0411676888746857,-0.0299246575947966,7,0.0632054926973899,0.0237313210964202,0.0207748562097549,0.01466865837574,0.0146672427654266,0.0249590277671813,1.055002212524414e-05,0.0,1.055002212524414e-05,0.0,0.0,0.0,0.0,mild_harm,False,True,False,False,True,False,False,True,False,False,False,True,mild_harm,False,False,False,False,False,False,False,False,False,False,False,False,False,False
524cadd627f25d7f,0,1,8,0,7,-0.2439054437735635,-1,-1,7,-1,-1,-0.0926371773245006,-0.0057961497951073,0.0094969599670898,-0.0726143161630098,-0.0660032449827215,7,-1,-1,0.1460147228801012,-0.011866904323339,-0.0057961497951073,7,0.1007946446645183,0.0333528667688369,0.026621788740158,-0.0210725218057632,0.0141971558332443,0.0332396328449249,4.589557647705078e-06,0.0,4.589557647705078e-06,0.0,0.0,0.0,0.0,mild_harm,False,True,False,False,True,False,False,True,False,False,False,True,mild_harm,False,True,False,False,True,False,False,False,False,False,False,False,False,False
70c45003ec3e527b,0,1,1,0,9,-0.0006647571086881,-1,9,9,-1,-1,-0.1374841777010956,0.0008539052827405,0.0214748979318547,-0.072996535487195,-0.0476753762791632,-1,-1,9,-0.0903944198444508,-0.0581780462126721,0.0008539052827405,-1,-0.0184262078662085,0.006581038236618,0.0138356089591979,0.0153813958168029,0.0153813958168029,0.0149877369403839,0.0119448900222778,0.0,0.0,0.0119448900222778,0.0,0.0,0.0,mild_harm,False,False,False,True,False,False,False,False,True,False,True,False,mild_harm,True,True,False,False,False,False,False,True,False,True,False,False,False,False
b1bfa52c4bc452b7,0,1,17,1,-1,,-1,-1,-1,-1,-1,,,,,,-1,-1,-1,,,,-1,,,,,,,,,,,,,,no_rsm_proposal,False,False,False,False,False,False,False,False,False,False,False,False,no_rsm_proposal,False,False,False,False,False,False,False,False,False,False,False,False,False,False
bed9898a4bf45a6b,0,1,17,1,-1,,-1,-1,-1,-1,-1,,,,,,-1,-1,-1,,,,-1,,,,,,,,,,,,,,no_rsm_proposal,False,False,False,False,False,False,False,False,False,False,False,False,no_rsm_proposal,False,False,False,False,False,False,False,False,False,False,False,False,False,False
db219c4afef9558d,0,1,18,1,3,0.0001490208003551,3,-1,-1,-1,-1,0.0368886125452618,-0.1958527783560385,-0.2305458636185291,-0.1738817945428523,-0.2267788536009981,-1,-1,-1,-0.2616393758448326,-0.1680957016066342,-0.1958527783560385,-1,-0.3074367317597937,-0.0417208969593048,-0.0384276807308197,-0.0331842601299285,-0.0427048504352569,-0.041354089975357,0.0060608983039855,0.0,0.0,0.0060608983039855,0.0,0.0,0.0,positive_le_0.001,True,False,False,False,False,False,False,False,False,False,False,False,positive_le_0p001,False,False,False,False,False,False,False,False,False,False,False,False,False,False
fa1f7200f4ff5651,0,1,16,0,-1,,-1,-1,-1,-1,-1,,,,,,-1,-1,-1,,,,-1,,,,,,,,,,,,,,no_rsm_proposal,False,False,False,False,False,False,False,False,False,False,False,False,no_rsm_proposal,False,False,False,False,False,False,False,False,False,False,False,False,False,False
04e294754b4d56a6,0,1,7,1,22,4.5298025821094434e-05,22,-1,-1,22,22,0.072460694021912,-0.0012364528595574,-0.0103034920714788,0.2575656213353721,0.2440140559288813,22,22,-1,0.9840800151623044,0.0660300325757376,-0.0012364528595574,22,1.1429474506693136,0.1274036467075348,0.1279730200767517,0.1262362897396087,0.1289421617984771,0.12868732213974,0.4039696455001831,0.0,0.3840892314910888,-0.0198804140090942,0.0,0.0,0.0,positive_le_0.001,True,True,True,False,True,False,False,False,False,True,False,True,positive_le_0p001,False,False,True,True,False,False,True,False,True,False,False,False,False,False
3a223e65af13545c,0,1,7,1,1,1.6616739350611345,1,1,1,1,1,1.0171702435192622,1.126085764257121,1.1423241810457463,1.5324403121076888,1.6121814127441114,1,1,1,0.8062917195784519,0.8890543972537792,1.126085764257121,1,0.7709294147585138,-0.0294713973999023,-0.0294871628284454,-0.0294453501701354,-0.0293594002723693,-0.0295099020004272,0.96665358543396,0.0,0.0566041469573974,0.0,0.0,0.9100494384765624,0.0,material_positive_gt_0.2,True,True,True,True,True,False,False,False,False,False,False,False,material_positive_gt_0p2,True,True,True,True,False,False,False,False,False,False,False,False,False,False
3e1f06aa9ff354c9,0,1,17,1,3,0.000358076515142,3,-1,-1,-1,-1,0.026358467301641,-0.1733448974492791,-0.2283328256741335,-0.0228291343425651,-0.0175108409980562,3,-1,-1,0.0269777738367976,-0.1380272629814793,-0.1733448974492791,-1,-0.3475556343466308,8.654594421386719e-05,-0.0042831599712371,-0.0680719316005706,-0.0504237711429595,0.0055188834667205,0.7707508206367493,0.0,0.0,-0.7707508206367493,0.0,0.0,0.0,positive_le_0.001,True,True,False,False,False,False,False,True,False,False,False,False,positive_le_0p001,False,False,False,False,False,False,False,False,False,False,False,False,False,False
3e3a2d672dfb5b51,0,1,6,1,6,-1.987346634269027e-05,-1,6,6,6,6,-0.0136586352549881,0.0495594604284728,0.0155930685853087,0.0163263586775541,0.0026387707811964,6,6,6,0.0080501088535,0.0435177077592258,0.0495594604284728,6,0.0646180193703677,0.0030338764190673,0.00117889046669,-0.0030040442943573,0.0237569212913513,0.0191288590431213,0.3117288947105407,0.0,-0.1691111326217651,-0.1426177620887756,0.0,0.0,0.0,mild_harm,False,True,True,True,True,False,False,False,False,False,False,False,mild_harm,True,True,True,True,False,False,False,False,False,False,False,False,False,False
6110193eb32f5ad4,0,1,17,1,-1,,-1,-1,-1,-1,-1,,,,,,-1,-1,-1,,,,-1,,,,,,,,,,,,,,no_rsm_proposal,False,False,False,False,False,False,False,False,False,False,False,False,no_rsm_proposal,False,False,False,False,False,False,False,False,False,False,False,False,False,False
6e075e93bd485b81,0,1,10,1,-1,,-1,-1,-1,-1,-1,,,,,,-1,-1,-1,,,,-1,,,,,,,,,,,,,,no_rsm_proposal,False,False,False,False,False,False,False,False,False,False,False,False,no_rsm_proposal,False,False,False,False,False,False,False,False,False,False,False,False,False,False
6fc9e653b0ee5565,0,1,12,1,10,-0.0001716095520647,-1,10,10,10,10,-0.0087597151125167,0.2232351063375836,0.1973592818233406,0.0402259597388708,0.0321237760020199,10,10,10,0.0642298626275047,0.2586014164187978,0.2232351063375836,-1,-0.1544850136212882,0.0102006793022155,-0.0472386181354522,0.0102006793022155,0.0102006793022155,0.0190900266170501,0.0,0.0,0.0,0.0,0.0,0.0,0.0,mild_harm,False,True,True,True,False,True,False,False,False,False,True,False,mild_harm,True,True,True,True,False,False,False,False,False,False,False,False,False,False
99426aa893625f69,0,1,7,0,2,-0.990559431026876,2,-1,-1,2,2,0.0167430685662508,-0.0336038279213007,-0.0411062682448693,0.0300778720946467,0.0245714760943074,-1,-1,-1,-0.0688918593660325,-0.0240535016422645,-0.0336038279213007,-1,-0.4898965261206,-0.0119679346680641,-0.0119697377085685,-0.1094917058944702,-0.0127397626638412,-0.0119615271687507,0.0,0.0,0.0,0.0,0.0,0.0,0.0,catastrophe,True,False,False,False,False,True,False,False,False,False,False,False,catastrophe,False,False,True,True,False,False,True,False,True,False,False,False,False,False
9fb5b34a36925a6c,0,1,7,0,4,-0.0037563836089917,-1,-1,-1,-1,-1,-0.1067508314557741,-0.5400591246118485,-0.5228889811945469,-0.5859411093519113,-0.4768494759661188,-1,-1,-1,-0.0803777426339298,-0.5717629083253045,-0.5400591246118485,4,0.0953889242642778,0.0036857724189758,-0.0208032131195068,-0.0266194939613342,0.0503047108650207,-0.0271235704421997,0.656873881816864,0.0,0.0,0.656873881816864,0.0,0.0,0.0,mild_harm,False,False,False,False,True,False,False,False,False,False,False,True,mild_harm,False,False,False,False,False,False,False,False,False,False,False,False,False,False
a1c1a996e52f5c4e,0,1,5,0,9,-0.0004672088905239,-1,9,9,9,9,-0.0098318091665815,1.7902514144679125,1.839271360847186,2.789621484625889,2.771619693780605,9,9,9,1.2546576796276057,1.5477709425986113,1.7902514144679125,9,1.4656819509667327,0.1767191514372825,0.1767295151948928,0.1756209731101989,0.176497146487236,0.1767608933150768,0.2912443280220032,0.0,0.0292196869850158,0.2620246410369873,0.0,0.0,0.0,mild_harm,False,True,True,True,True,False,False,False,False,False,False,False,mild_harm,True,True,True,True,False,False,False,False,False,False,False,False,False,False
a657d16d34c3519a,0,1,3,1,20,1.784201655457297,20,20,20,20,20,0.0635885941470283,0.5761541289106088,0.5370890466330678,0.4024549996233718,0.3304286204058753,-1,20,20,-0.0325488023597894,0.5161991245422446,0.5761541289106088,-1,-0.1422614942975774,-0.0134357213973999,-0.0749683380126953,0.0756723284721374,0.0674721300601959,-0.0758430063724517,0.1215177178382873,0.0,-0.1209977865219116,-0.0005199313163757,0.0,0.0,0.0,material_positive_gt_0.2,True,False,True,True,False,False,True,False,False,False,True,False,material_positive_gt_0p2,True,True,True,True,False,False,False,False,False,False,False,False,False,False
a68adc1c27615ce9,0,1,13,0,-1,,-1,-1,-1,-1,-1,,,,,,-1,-1,-1,,,,-1,,,,,,,,,,,,,,no_rsm_proposal,False,False,False,False,False,False,False,False,False,False,False,False,no_rsm_proposal,False,False,False,False,False,False,False,False,False,False,False,False,False,False
a75ce500226f5481,0,1,17,1,4,-0.0008296889021993,-1,-1,-1,-1,-1,-0.0485800851932729,-0.0417356265643245,-0.0402549150737193,-0.0561260184517587,-0.0564947413801779,-1,-1,-1,-0.0344527196841856,-0.0424597144838392,-0.0417356265643245,4,0.0125475296392309,0.0019743740558624,0.0019743740558624,0.0126345753669738,0.0022140033543109,0.0019743740558624,0.0,0.0,0.0,0.0,0.0,0.0,0.0,mild_harm,False,False,False,False,True,True,False,False,False,False,False,True,mild_harm,False,False,False,False,False,False,False,False,False,False,False,False,False,False
b95dc2615771588d,0,1,14,1,23,1.9696841584348583,-1,-1,23,-1,-1,-0.012030046683439,-0.0051410423743981,0.0074327471585123,-0.010729325072848,-0.0094040695648205,-1,-1,-1,-0.00067168614072,-0.0023572650414697,-0.0051410423743981,23,0.2269485082606226,0.0015873908996582,0.0015849322080612,0.043096512556076,0.0293239951133728,0.0015905350446701,0.0,0.0,0.0,0.0,0.0,0.0,0.0,material_positive_gt_0.2,False,False,False,False,True,True,False,False,False,False,False,True,material_positive_gt_0p2,False,True,False,False,True,False,False,False,False,False,True,False,True,True
c3fd16e5694a5353,0,1,10,1,9,0.0044793055554852,9,-1,-1,9,9,0.086625159407295,-0.1846415797019919,-0.1616581898320971,0.121243708890981,0.0850658253514444,-1,-1,-1,-0.3064280851905253,-0.1434126634102556,-0.1846415797019919,-1,-0.3256645635279968,-0.0549312978982925,-0.0551279634237289,-0.0528023838996887,-0.0454191416501998,-0.0558189451694488,0.0,0.0,0.0,0.0,0.0,0.0,0.0,positive_0.001_to_0.01,True,False,False,False,False,True,False,False,False,False,False,False,positive_0p001_to_0p01,False,False,True,True,False,False,True,False,True,False,False,False,False,False
c8c5d04b848e504c,0,1,16,1,3,0.000295684360573,3,3,3,3,3,0.0258323600128593,0.0764624969699174,0.095349638655424,0.1287080394614599,0.1042857140271645,3,3,3,0.0271498180224831,0.0643662937302772,0.0764624969699174,3,0.1065296479464749,0.0001841187477111,0.0011679530143737,0.0042035728693008,0.0355950593948364,0.0006073415279388,0.0,0.0,0.0,0.0,0.0,0.0,0.0,positive_le_0.001,True,True,True,True,True,True,False,False,False,False,False,False,positive_le_0p001,True,True,True,True,False,False,False,False,False,False,False,False,False,False
c944de45a71e5a38,0,1,14,0,-1,,-1,-1,-1,-1,-1,,,,,,-1,-1,-1,,,,-1,,,,,,,,,,,,,,no_rsm_proposal,False,False,False,False,False,False,False,False,False,False,False,False,no_rsm_proposal,False,False,False,False,False,False,False,False,False,False,False,False,False,False
f7cbec94d1ff5621,0,1,3,0,-1,,-1,-1,-1,-1,-1,,,,,,-1,-1,-1,,,,-1,,,,,,,,,,,,,,no_rsm_proposal,False,False,False,False,False,False,False,False,False,False,False,False,no_rsm_proposal,False,False,False,False,False,False,False,False,False,False,False,False,False,False
03dac455f9ec5792,0,1,18,1,23,-0.0001943112442734,-1,-1,-1,-1,-1,-0.0403824420345861,-0.0858352799149426,-0.0926105687354092,-0.011492470514405,-0.0127794644021465,-1,-1,-1,-0.0463945766043774,-0.0784958674642507,-0.0858352799149426,-1,-0.1054838234685099,-0.0008402243256568,-0.0002192109823226,-0.011314071714878,-0.0109732598066329,0.0003099143505096,0.0,0.0,0.0,0.0,0.0,0.0,0.0,mild_harm,False,False,False,False,False,True,False,False,False,False,False,False,mild_harm,False,False,False,False,False,False,False,False,False,False,False,False,False,False
0966d80519ed5508,0,1,11,1,-1,,-1,-1,-1,-1,-1,,,,,,-1,-1,-1,,,,-1,,,,,,,,,,,,,,no_rsm_proposal,False,False,False,False,False,False,False,False,False,False,False,False,no_rsm_proposal,False,False,False,False,False,False,False,False,False,False,False,False,False,False
222f2b699516591c,0,1,14,1,-1,,-1,-1,-1,-1,-1,,,,,,-1,-1,-1,,,,-1,,,,,,,,,,,,,,no_rsm_proposal,False,False,False,False,False,False,False,False,False,False,False,False,no_rsm_proposal,False,False,False,False,False,False,False,False,False,False,False,False,False,False
343925e5442554f5,0,1,4,1,9,-0.0001190353877842,9,9,9,9,9,0.3041924600587267,0.3736443440031495,0.4005126450681067,0.3061417881624392,0.314281543135302,9,9,9,0.3941786595981021,0.392083863832078,0.3736443440031495,9,0.4197737819825599,0.0125760585069656,0.0243965908885002,0.0283176973462104,0.0018201172351837,0.0199513286352157,0.0,0.0,0.0,0.0,0.0,0.0,0.0,mild_harm,True,True,True,True,True,True,False,False,False,False,False,False,mild_harm,True,True,True,True,False,False,False,False,False,False,False,False,False,False
650894e30d725ba8,0,1,14,0,-1,,-1,-1,-1,-1,-1,,,,,,-1,-1,-1,,,,-1,,,,,,,,,,,,,,no_rsm_proposal,False,False,False,False,False,False,False,False,False,False,False,False,no_rsm_proposal,False,False,False,False,False,False,False,False,False,False,False,False,False,False
70a67a5dedae584b,0,1,23,1,22,0.0002050307922065,22,-1,-1,-1,-1,0.0286170923900869,-0.2383345082132524,-0.2895973283964214,-0.59748087341268,-0.7006060586305174,-1,-1,-1,-0.39792410593822,-0.1949122109424363,-0.2383345082132524,-1,-0.4696210906264397,-0.0596114099025726,-0.0596114099025726,-0.0596114099025726,-0.0596114099025726,-0.0596114099025726,0.6313633918762207,0.0,0.0,-0.6313633918762207,0.0,0.0,0.0,positive_le_0.001,True,False,False,False,False,False,False,False,False,False,False,False,positive_le_0p001,False,False,False,False,False,False,False,False,False,False,False,False,False,False
80c337fb67145ff6,0,1,29,1,20,0.0002089060913768,20,-1,-1,-1,-1,0.1180500189050795,-0.5654655499353407,-0.6658040156438044,-0.1543314503509554,-0.2933043048254785,-1,-1,-1,-0.6376031824016847,-0.4477464832572931,-0.5654655499353407,-1,-0.7617231795527415,-0.105606585741043,-0.1060309261083602,-0.1060330122709274,-0.1060338914394378,-0.1045648008584976,0.1649587154388427,0.0,-0.046522319316864,0.1184363961219787,0.0,0.0,0.0,positive_le_0.001,True,False,False,False,False,False,False,False,False,False,False,False,positive_le_0p001,False,False,False,False,False,False,False,False,False,False,False,False,False,False
84ed4f2cc4f057ce,0,1,14,1,25,1.8950668792427905e-05,25,-1,25,25,25,0.0058041838377809,-0.0009283348933315,0.0022556095704904,0.0145320919852302,0.0125743810139178,25,-1,-1,0.0082911138469022,-0.000925041829198,-0.0009283348933315,25,0.0129067007444956,0.0003475695848464,0.0003475695848464,0.0013644397258758,0.0003376603126525,0.0003475695848464,0.0,0.0,0.0,0.0,0.0,0.0,0.0,positive_le_0.001,True,True,False,False,True,True,False,True,False,False,False,True,positive_le_0p001,False,True,True,True,True,False,True,False,True,False,False,False,False,False
8bdafd4a1d7c50eb,0,1,21,1,3,0.0008188129012006,3,-1,-1,-1,-1,0.0946754624416944,-0.1383128924943749,-0.3283695218579219,-0.3010996890665059,-0.4651143703623315,-1,-1,-1,-0.2100674502989729,-0.098872371152752,-0.1383128924943749,-1,-0.2635803643817248,-0.0425894260406494,-0.0425590574741363,-0.0428521335124969,-0.043014645576477,-0.0424721837043762,0.1120619922876358,0.0,0.0,-0.1120619922876358,0.0,0.0,0.0,positive_le_0.001,True,False,False,False,False,False,False,False,False,False,False,False,positive_le_0p001,False,False,False,False,False,False,False,False,False,False,False,False,False,False
9cb860301c105ca7,0,1,9,1,20,-3.7070147320572566e-05,20,-1,-1,-1,-1,0.0537754078684801,-0.010453394584589,-0.0312606123519628,-0.0125879512998598,-0.019994007112087,-1,-1,-1,-0.0732809093807638,-0.0731379424301787,-0.010453394584589,-1,-0.0917298729773007,-0.0177567899227142,-0.0177567899227142,-0.0180206298828125,-0.0154817104339599,-0.0177567899227142,3.0040740966796875e-05,0.0,3.0040740966796875e-05,0.0,0.0,0.0,0.0,mild_harm,True,False,False,False,False,False,False,False,False,False,False,False,mild_harm,False,False,False,False,False,False,False,False,False,False,False,False,False,False
a1ceb182eb7250a1,0,1,16,1,9,0.0007709787252359,-1,9,9,-1,-1,-0.1275376283461679,0.0389611662417799,0.0219437662759989,-0.2187377035489484,-0.203302152267212,9,9,9,0.0296417312188055,0.0174146635038517,0.0389611662417799,-1,-0.050401807781975,0.0219666548073291,0.0072973370552062,-0.0035848319530487,0.0307045131921768,0.0179095193743705,0.0,0.0,0.0,0.0,0.0,0.0,0.0,positive_le_0.001,False,True,True,True,False,True,False,False,False,False,True,False,positive_le_0p001,True,True,False,False,False,False,False,True,False,True,False,False,False,False
b704090abc8d5afe,0,1,30,1,18,0.0007353571400976,18,-1,-1,18,18,0.1275214467004856,-0.1713533553521189,-0.2146604058675705,0.1508836810208461,0.1273854857672468,-1,-1,-1,-0.2778968598760171,-0.1634760627872181,-0.1713533553521189,-1,-0.3460432942614546,-0.0566593706607818,-0.0566593706607818,-0.0566593706607818,-0.0566593706607818,-0.0566593706607818,0.0,0.0,0.0,0.0,0.0,0.0,0.0,positive_le_0.001,True,False,False,False,False,True,False,False,False,False,False,False,positive_le_0p001,False,False,True,True,False,False,True,False,True,False,False,False,False,False
fd35b4e54a465e54,0,1,1,0,7,-2.0207331793509424,-1,-1,-1,7,-1,-0.0159766820677998,-0.0189687703836812,-0.1185043501298021,0.045148652882678,-0.3252852398240198,-1,-1,-1,-0.4378290469002344,-0.0291488178610865,-0.0189687703836812,-1,-0.5126965650290571,-0.0589561164379119,-0.0596236288547515,-0.0615262389183044,-0.0585448443889617,-0.0595452189445495,0.0091890096664428,0.0,0.0,-0.0091890096664428,0.0,0.0,0.0,catastrophe,False,False,False,False,False,False,False,False,False,False,False,False,catastrophe,False,False,True,False,False,False,True,False,False,False,False,False,False,False
fe98c3c19baf5ea3,0,1,2,1,4,2.128624531634088,4,4,4,4,4,1.4566476081134123,1.278750035175385,1.4017813370110894,1.2478860930938696,1.139550281204134,4,4,4,1.3574090594428114,1.3027179040112211,1.278750035175385,4,2.1411518452763354,-0.0138691216707229,0.1806175112724304,-0.0322892665863037,-0.0292948335409164,0.0361464470624923,2.467734336853028,0.0,0.0,0.0,0.0,2.467734336853028,0.0,material_positive_gt_0.2,True,True,True,True,True,False,False,False,False,False,False,False,material_positive_gt_0p2,True,True,True,True,False,False,False,False,False,False,False,False,False,False
05ba4ac2db9c50d2,0,1,11,1,25,-0.98944860655242,25,25,25,-1,-1,0.0078599697566682,0.0781112001876471,0.0873704745401567,-0.0252606997979754,-0.0195932326592999,25,25,25,0.0987157768254314,0.0734169905947113,0.0781112001876471,-1,-0.0337836562343926,0.0126975774765014,0.0127971917390823,-0.0228565037250518,0.0123962014913558,0.0127717554569244,0.0,0.0,0.0,0.0,0.0,0.0,0.0,catastrophe,True,True,True,True,False,True,False,False,False,False,True,False,catastrophe,True,True,False,False,False,False,False,True,False,True,False,False,False,False
0d399eab6caf5d71,0,1,1,0,-1,,-1,-1,-1,-1,-1,,,,,,-1,-1,-1,,,,-1,,,,,,,,,,,,,,no_rsm_proposal,False,False,False,False,False,False,False,False,False,False,False,False,no_rsm_proposal,False,False,False,False,False,False,False,False,False,False,False,False,False,False
154c14f381535c43,0,1,1,1,24,7.987478524418279e-05,24,24,24,24,24,0.0206424582787196,0.0907055807564101,0.1062513013619094,0.0638888148914942,0.0965637193353224,24,24,24,0.0582102945552111,0.0861591889204293,0.0907055807564101,24,0.0645250370761284,0.0052503049373626,0.0052503049373626,0.0052503049373626,0.0052503049373626,0.0052503049373626,0.0215065479278564,0.0,0.0036409497261047,0.0178655982017517,0.0,0.0,0.0,positive_le_0.001,True,True,True,True,True,False,False,False,False,False,False,False,positive_le_0p001,True,True,True,True,False,False,False,False,False,False,False,False,False,False
20cd0f5250875606,0,1,5,0,9,-0.0003515167922247,-1,9,-1,-1,-1,-0.0969161265910946,0.1228470471973299,-0.0735948013701738,-0.0539365279624431,-0.0677017921239942,9,9,9,0.063080892595733,0.017740525477068,0.1228470471973299,9,0.0899741634433793,0.0223604440689086,0.0223604440689086,0.0223604440689086,0.0223590731620788,0.0223604142665863,0.0,0.0,0.0,0.0,0.0,0.0,0.0,mild_harm,False,True,True,True,True,True,False,False,False,False,False,False,mild_harm,True,False,False,False,False,True,False,True,False,True,False,False,False,False
30a3163cf0805a69,0,1,4,0,1,-1.2324926170708386,1,1,1,1,1,0.0901786313987583,0.446687536387945,0.4214268626336328,0.3304505585751517,0.3390103866244001,1,1,1,0.6276002417008503,0.391472278579365,0.446687536387945,1,0.7177086966870403,0.075107529759407,0.0750872492790222,0.0751108825206756,0.075133740901947,0.0750582665205001,0.0,0.0,0.0,0.0,0.0,0.0,0.0,catastrophe,True,True,True,True,True,True,False,False,False,False,False,False,catastrophe,True,True,True,True,False,False,False,False,False,False,False,False,False,False
3da38924ebd45f50,0,1,10,1,1,1.728687759304978,1,1,1,1,1,0.4846372404412494,1.5700530611562562,1.73963542606007,1.719129057819189,2.161659001102024,1,1,1,1.43371998813934,1.524059328742313,1.5700530611562562,1,1.5932504325956394,0.1326393634080886,0.1326393634080886,0.1326393634080886,0.1326393634080886,0.1326393634080886,1.7354841232299805,0.0,0.0,0.0,0.0,1.7354841232299805,0.0,material_positive_gt_0.2,True,True,True,True,True,False,False,False,False,False,False,False,material_positive_gt_0p2,True,True,True,True,False,False,False,False,False,False,False,False,False,False
48fd1a7abb7c59a6,0,1,19,1,23,-0.0003539639446881,-1,-1,-1,-1,-1,-0.0268678197570679,-0.0246280516769585,-0.0242941858757893,-0.035691495413723,-0.0358394605381718,-1,-1,-1,-0.0300527898872461,-0.0265594569536618,-0.0246280516769585,-1,-0.0305882402401105,-0.0004451274871826,-0.0004451274871826,-0.0004451274871826,-0.0004451274871826,-0.0004451274871826,0.0,0.0,0.0,0.0,0.0,0.0,0.0,mild_harm,False,False,False,False,False,True,False,False,False,False,False,False,mild_harm,False,False,False,False,False,False,False,False,False,False,False,False,False,False
501128405d13533f,0,1,10,1,-1,,-1,-1,-1,-1,-1,,,,,,-1,-1,-1,,,,-1,,,,,,,,,,,,,,no_rsm_proposal,False,False,False,False,False,False,False,False,False,False,False,False,no_rsm_proposal,False,False,False,False,False,False,False,False,False,False,False,False,False,False
594c56337e94571b,0,1,14,0,-1,,-1,-1,-1,-1,-1,,,,,,-1,-1,-1,,,,-1,,,,,,,,,,,,,,no_rsm_proposal,False,False,False,False,False,False,False,False,False,False,False,False,no_rsm_proposal,False,False,False,False,False,False,False,False,False,False,False,False,False,False
5c92fa52c5165a1e,0,1,19,1,10,-7.041046395883654e-05,-1,10,10,-1,-1,-0.0255505490069909,0.0530184254996667,0.0174006784517302,-0.0988737141960188,-0.0518750648205185,-1,10,10,-0.0948535967604227,0.0746616869178208,0.0530184254996667,-1,-0.1134019851560485,-0.0096854716539382,-0.0125897079706192,-0.0129946321249008,-0.0096130520105361,-0.0122625827789306,0.0,0.0,0.0,0.0,0.0,0.0,0.0,mild_harm,False,False,True,True,False,True,True,False,False,False,True,False,mild_harm,True,True,False,False,False,False,False,True,False,True,False,False,False,False
83d128720881565a,0,1,17,0,3,-0.0005778864786027,-1,-1,-1,-1,-1,-0.1712672951569568,-0.0861352538826575,-0.1601670083844033,-0.1456858608249518,-0.1612779148582803,-1,-1,-1,-0.0977519703745584,-0.1126969566369562,-0.0861352538826575,-1,-0.3562564633519945,0.0102741718292236,-0.0553874373435974,0.0102741718292236,0.0102741718292236,0.0102741718292236,0.0043514370918273,0.0,0.0,0.0043514370918273,0.0,0.0,0.0,mild_harm,False,False,False,False,False,False,False,False,False,False,False,False,mild_harm,False,False,False,False,False,False,False,False,False,False,False,False,False,False
95a810911ba359ec,0,1,11,0,18,-1.2317849212438547,18,18,18,18,18,0.3068196474224927,0.3827735048134562,0.3676947179233235,0.2584804567403291,0.293875710213324,18,18,18,0.529992632681453,0.3746464612325042,0.3827735048134562,18,0.3768040976972833,0.0311896130442619,-0.0021501183509826,0.002710998058319,0.005811795592308,0.0466801077127456,0.0,0.0,0.0,0.0,0.0,0.0,0.0,catastrophe,True,True,True,True,True,True,False,False,False,False,False,False,catastrophe,True,True,True,True,False,False,False,False,False,False,False,False,False,False
9d1adc78bda259ce,0,1,10,1,-1,,-1,-1,-1,-1,-1,,,,,,-1,-1,-1,,,,-1,,,,,,,,,,,,,,no_rsm_proposal,False,False,False,False,False,False,False,False,False,False,False,False,no_rsm_proposal,False,False,False,False,False,False,False,False,False,False,False,False,False,False
a3b5d1855e7e5d96,0,1,12,1,5,0.1193620606041702,-1,5,5,5,5,-0.0316556543504431,0.0993269238551301,0.0861402660971637,0.1021934371091036,0.1355722385032412,5,5,5,0.2213340993448535,0.1709686962573378,0.0993269238551301,5,0.3355835112206881,0.0353566706180572,0.0326210260391235,0.0657517910003662,0.0275483429431915,0.0666840374469757,0.3251444697380066,0.0,0.292540431022644,0.0326040387153625,0.0,0.0,0.0,positive_0.01_to_0.2,False,True,True,True,True,False,False,False,False,False,False,False,positive_0p01_to_0p2,True,True,True,True,False,False,False,False,False,False,False,False,False,False
bbc08519add25675,0,1,3,1,9,2.284032596921548,9,9,9,9,9,0.0423897893028227,0.4830606937629409,0.4506553900170526,0.1540381068336813,0.3208626241020794,9,9,9,1.6561303371209253,0.4089408661075251,0.4830606937629409,9,1.5898391336733564,0.2255288511514663,0.0921694487333297,0.0706718638539314,0.1070626378059387,0.2497249245643615,0.9100886881351472,0.0,0.4550254940986633,0.4550631940364837,0.0,0.0,0.0,material_positive_gt_0.2,True,True,True,True,True,False,False,False,False,False,False,False,material_positive_gt_0p2,True,True,True,True,False,False,False,False,False,False,False,False,False,False
bf75c93832c7569d,0,1,9,1,-1,,-1,-1,-1,-1,-1,,,,,,-1,-1,-1,,,,-1,,,,,,,,,,,,,,no_rsm_proposal,False,False,False,False,False,False,False,False,False,False,False,False,no_rsm_proposal,False,False,False,False,False,False,False,False,False,False,False,False,False,False
d5b4a2295da55f8c,0,1,5,0,7,-1.2230283835736102,7,7,7,7,7,0.9347436413089348,1.0042547648015152,1.0124225043648212,0.8806024191619334,0.8986706175703985,7,7,7,0.8801084453189972,1.0017188725626969,1.0042547648015152,7,1.1192047078087162,-0.0076355636119842,0.0408045276999473,0.0054308325052261,0.0133397802710533,-0.0039318650960922,0.0,0.0,0.0,0.0,0.0,0.0,0.0,catastrophe,True,True,True,True,True,True,False,False,False,False,False,False,catastrophe,True,True,True,True,False,False,False,False,False,False,False,False,False,False
dec7d1a6632a516c,0,1,9,1,1,0.0097562610348436,1,-1,-1,1,1,0.0727951563065859,-0.0217397502500563,-0.0097532173858504,0.1144809750995801,0.0368629861150052,1,-1,-1,0.0113921557331575,-0.0495039441365898,-0.0217397502500563,1,0.0517940251420127,-0.0085813999176025,-0.0154412686824798,0.0063494592905044,-0.0109079331159591,-0.0112656354904174,0.0,0.0,0.0,0.0,0.0,0.0,0.0,positive_0.001_to_0.01,True,True,False,False,True,True,False,True,False,False,False,True,positive_0p001_to_0p01,False,False,True,True,False,False,True,False,True,False,False,False,False,False
e14c53a47ffc5fe0,0,1,21,1,24,-0.0002950868985615,-1,-1,-1,-1,-1,-0.0268588871431019,-0.0191775730224057,-0.0180325920978448,-0.0392161519585494,-0.0389154412882021,-1,-1,-1,-0.0495520690662199,-0.0209221275792157,-0.0191775730224057,-1,-0.0533665094485509,-0.0031714886426925,-0.0031714886426925,-0.0031714886426925,-0.0031714886426925,-0.0031714886426925,0.0,0.0,0.0,0.0,0.0,0.0,0.0,mild_harm,False,False,False,False,False,True,False,False,False,False,False,False,mild_harm,False,False,False,False,False,False,False,False,False,False,False,False,False,False
0624fd97bb1d5859,0,1,23,1,22,0.0001875565206632,22,22,22,22,22,0.0693357349256455,0.1397717611323914,0.1188096437515263,0.1288175832842538,0.1078183891092773,22,22,22,0.2383127577202239,0.122977953271375,0.1397717611323914,22,0.136751476526187,0.0236154496669769,0.0036627054214477,-0.0042009055614471,0.0237319469451904,0.0236161351203918,0.0,0.0,0.0,0.0,0.0,0.0,0.0,positive_le_0.001,True,True,True,True,True,True,False,False,False,False,False,False,positive_le_0p001,True,True,True,True,False,False,False,False,False,False,False,False,False,False
1289017760ab5cda,0,1,22,1,23,-0.0001021183120086,-1,-1,-1,-1,-1,-0.042313126640793,-0.0024451092759197,-0.0072179877872998,-0.0981770986907422,-0.0758508706451272,-1,-1,-1,-0.0041670169556756,-0.0063561301001317,-0.0024451092759197,-1,-0.0823132229013974,0.0053311213850975,-0.015995904803276,0.0016559362411499,0.0050321519374847,0.0004917532205581,0.0,0.0,0.0,0.0,0.0,0.0,0.0,mild_harm,False,False,False,False,False,True,False,False,False,False,False,False,mild_harm,False,False,False,False,False,False,False,False,False,False,False,False,False,False
15210c5280b851a8,0,1,18,1,24,1.220051444119215,24,24,24,-1,-1,0.0055943105321735,0.1864144819232287,0.2175074434095112,-0.1046361797152052,-0.0890278761026757,24,24,24,0.2453569829387053,0.1640927992983533,0.1864144819232287,24,0.2856584527534355,0.0335081070661544,0.0335081070661544,0.0335081070661544,0.0335081070661544,0.0335081070661544,0.0,0.0,0.0,0.0,0.0,0.0,0.0,material_positive_gt_0.2,True,True,True,True,True,True,False,False,False,False,False,False,material_positive_gt_0p2,True,True,False,False,False,False,False,True,False,True,False,False,True,True
327472f9f4b755a7,0,1,12,1,-1,,-1,-1,-1,-1,-1,,,,,,-1,-1,-1,,,,-1,,,,,,,,,,,,,,no_rsm_proposal,False,False,False,False,False,False,False,False,False,False,False,False,no_rsm_proposal,False,False,False,False,False,False,False,False,False,False,False,False,False,False
35c70713d92251fc,0,1,12,1,17,0.0,-1,-1,-1,-1,-1,-0.0025181338176987,-0.0025181338176987,-0.0025181338176987,-0.0025181338176987,-0.0025181338176987,-1,-1,-1,-0.0025181338176987,-0.0025181338176987,-0.0025181338176987,-1,-0.0025181338176987,0.0,0.0,0.0,0.0,0.0,0.0,0.0,0.0,0.0,0.0,0.0,0.0,mild_harm,False,False,False,False,False,True,False,False,False,False,False,False,mild_harm,False,False,False,False,False,False,False,False,False,False,False,False,False,False
3a4fd1d48a995545,0,1,12,1,19,0.0142617651462133,19,19,19,19,19,0.3260503994271135,0.8645377122352943,0.9450098603621664,0.3660453384016668,0.480414767119635,19,19,19,0.8459145188123951,0.7733596088737889,0.8645377122352943,19,0.933298135596346,0.0726537927985191,0.0726537927985191,0.0726537927985191,0.0726537927985191,0.0726537927985191,0.0,0.0,0.0,0.0,0.0,0.0,0.0,positive_0.01_to_0.2,True,True,True,True,True,True,False,False,False,False,False,False,positive_0p01_to_0p2,True,True,True,True,False,False,False,False,False,False,False,False,False,False
3c9d60b02bfb51c0,0,1,17,0,9,-0.0004975407660006,-1,-1,-1,-1,-1,-0.1211998172928114,-0.0188334089051187,-0.1036250163782111,-0.0425810010972569,-0.1013720619803272,-1,-1,-1,-0.1519144590946085,-0.0500370075058317,-0.0188334089051187,-1,-0.0705264468184417,-0.0042925477027893,0.0167060494422912,-0.0042925477027893,-0.0042925477027893,-0.0042925477027893,0.0117095112800598,0.0,0.0,0.0117095112800598,0.0,0.0,0.0,mild_harm,False,False,False,False,False,False,False,False,False,False,False,False,mild_harm,False,False,False,False,False,False,False,False,False,False,False,False,False,False
4750b9c4cfbd5d3f,0,1,2,0,-1,,-1,-1,-1,-1,-1,,,,,,-1,-1,-1,,,,-1,,,,,,,,,,,,,,no_rsm_proposal,False,False,False,False,False,False,False,False,False,False,False,False,no_rsm_proposal,False,False,False,False,False,False,False,False,False,False,False,False,False,False
506ddb4d458f5a70,0,1,1,0,9,-0.9297249210089444,-1,-1,-1,-1,-1,-0.0461784272790109,-0.2278862198260393,-0.2402318522215502,-0.0473201118862314,-0.0594709771404984,-1,-1,-1,-0.1379666268786998,-0.2584882162251909,-0.2278862198260393,-1,-0.1745628942331341,-0.0128278732299804,-0.0179591178894042,-0.0128278732299804,-0.0128278732299804,-0.0128278732299804,0.242133542895317,0.0,0.0,0.242133542895317,0.0,0.0,0.0,catastrophe,False,False,False,False,False,False,False,False,False,False,False,False,catastrophe,False,False,False,False,False,False,False,False,False,False,False,False,False,False
54dbabed00525444,0,1,17,0,6,-0.0001196603953605,-1,-1,-1,-1,-1,-0.0698255731318765,-0.1912884536368349,-0.1740965683860374,-0.1099777806916984,-0.0877648097351183,-1,-1,-1,-0.1690120526862365,-0.179894235382557,-0.1912884536368349,-1,-0.1856841897357644,-0.0138618350028991,-0.0138618350028991,-0.0138618350028991,-0.0138618350028991,-0.0138618350028991,0.0025212168693542,0.0,0.0,-0.0025212168693542,0.0,0.0,0.0,mild_harm,False,False,False,False,False,False,False,False,False,False,False,False,mild_harm,False,False,False,False,False,False,False,False,False,False,False,False,False,False
77f9220d917b52d0,0,1,12,1,1,0.9964797705322505,1,1,1,1,1,0.1671000590199277,0.204021922314804,0.1939962104643771,0.1235755602597577,0.1405553125534207,1,1,1,0.2058869480872113,0.1993415560923212,0.204021922314804,1,0.245986740751632,0.0054206736385822,-0.0019731298089027,0.0150768607854843,0.0053803212940692,0.0049958825111389,0.0,0.0,0.0,0.0,0.0,0.0,0.0,material_positive_gt_0.2,True,True,True,True,True,True,False,False,False,False,False,False,material_positive_gt_0p2,True,True,True,True,False,False,False,False,False,False,False,False,False,False
7ca96f8e844f56ca,0,1,15,1,20,3.252210966228601,20,20,20,20,20,0.0439315520795951,0.6438462355867928,0.7553253583974596,1.2790580582613038,1.6301212100493427,20,20,20,0.6444944303824512,0.5213057727337359,0.6438462355867928,20,0.7817405261518569,0.0839318931102752,0.085157573223114,0.097980260848999,0.097980260848999,0.0771345496177673,0.1631904244422912,0.0,0.0552358627319335,0.1079545617103576,0.0,0.0,0.0,material_positive_gt_0.2,True,True,True,True,True,False,False,False,False,False,False,False,material_positive_gt_0p2,True,True,True,True,False,False,False,False,False,False,False,False,False,False
7d363b1db0fc5975,0,1,11,1,5,-0.9769596037015144,5,5,5,5,5,0.1491291831835257,0.1141286020825226,0.1855982771947793,0.1259969019109801,0.1288517679650223,5,5,5,0.0722948066465049,0.1282336838411959,0.1141286020825226,5,0.1118436437852066,-0.0107380151748657,-0.0099344179034233,0.0025234520435333,-0.0119344890117645,-0.0103059858083724,0.0,0.0,0.0,0.0,0.0,0.0,0.0,catastrophe,True,True,True,True,True,True,False,False,False,False,False,False,catastrophe,True,True,True,True,False,False,False,False,False,False,False,False,False,False
8813e8c6790a59d3,0,1,13,1,22,0.0001085729885146,22,22,22,22,22,0.128368534954043,0.2703179349934203,0.2280357762756346,0.0496410989764904,0.0845284342532853,22,22,22,0.3487067175302313,0.2478139110007394,0.2703179349934203,22,0.3857431812269261,0.0307934358716011,0.0307934358716011,0.0307934358716011,0.0307934358716011,0.0307934358716011,0.0,0.0,0.0,0.0,0.0,0.0,0.0,positive_le_0.001,True,True,True,True,True,True,False,False,False,False,False,False,positive_le_0p001,True,True,True,True,False,False,False,False,False,False,False,False,False,False
9626975e16725ec8,0,1,20,1,22,0.0008604435924439,22,-1,-1,22,22,0.0712654831030521,-0.2101660997331766,-0.2501681989156228,0.1433685965223314,0.1200529494811491,-1,-1,-1,-0.3502752545765851,-0.2864845700895451,-0.2101660997331766,-1,-0.421131707009619,-0.0589125677943229,-0.0589125677943229,-0.0589125677943229,-0.0589125677943229,-0.0589125677943229,0.0,0.0,0.0,0.0,0.0,0.0,0.0,positive_le_0.001,True,False,False,False,False,True,False,False,False,False,False,False,positive_le_0p001,False,False,True,True,False,False,True,False,True,False,False,False,False,False
9907ad0101c45e09,0,1,1,0,-1,,-1,-1,-1,-1,-1,,,,,,-1,-1,-1,,,,-1,,,,,,,,,,,,,,no_rsm_proposal,False,False,False,False,False,False,False,False,False,False,False,False,no_rsm_proposal,False,False,False,False,False,False,False,False,False,False,False,False,False,False
9e720f0176b35d63,0,1,24,1,19,-9.262234168127192e-05,-1,-1,-1,-1,-1,-0.0998189426026542,-0.2299018621809841,-0.2492923866847818,-0.0319574676635149,-0.0458169658547839,-1,-1,-1,-0.233179199331582,-0.1855227608234986,-0.2299018621809841,-1,-0.2555875552654536,-0.0186378061771392,-0.0186378061771392,-0.0186377763748168,-0.0186337083578109,-0.0186379998922348,0.0,0.0,0.0,0.0,0.0,0.0,0.0,mild_harm,False,False,False,False,False,True,False,False,False,False,False,False,mild_harm,False,False,False,False,False,False,False,False,False,False,False,False,False,False
a67f3948c2445760,0,1,3,1,3,0.0006509598884731,3,3,3,3,3,0.0992417242539443,0.2455906852744848,0.267358391880389,0.1392110611416906,0.1803235436648831,3,3,3,0.2932212029251946,0.2348194449560486,0.2455906852744848,3,0.325827063848846,0.0271096676588058,0.0271096676588058,0.0271096676588058,0.0271096676588058,0.0271096676588058,0.0,0.0,0.0,0.0,0.0,0.0,0.0,positive_le_0.001,True,True,True,True,True,True,False,False,False,False,False,False,positive_le_0p001,True,True,True,True,False,False,False,False,False,False,False,False,False,False
a8e99095a8235549,0,1,4,0,16,-1.2318749638779087,16,16,16,16,16,2.4079723824805743,2.3979479940237534,2.432766235306417,2.3799586574402083,2.3780528303976727,16,16,16,2.3432146167223977,2.399267901473595,2.3979479940237534,16,2.369902066627495,-0.0090502500534057,-0.0090502500534057,3.057718276977539e-05,-0.0090502500534057,-0.0090502500534057,0.0,0.0,0.0,0.0,0.0,0.0,0.0,catastrophe,True,True,True,True,True,True,False,False,False,False,False,False,catastrophe,True,True,True,True,False,False,False,False,False,False,False,False,False,False
aed1237adf57578c,0,1,1,1,0,1.0332035451421078,0,0,0,0,0,1.0469789120425848,2.434306758065947,2.4353770861817545,2.544067492950771,2.817677674067837,0,0,0,2.6283496873032464,2.2158205857272444,2.434306758065947,0,2.6917396508075337,0.2210049927234649,0.171192929148674,0.2145732417702675,0.2238703966140747,0.2188117206096649,2.8231206834316254,0.0,0.1431317329406738,0.2660504281520843,0.0,2.413938522338867,0.0,material_positive_gt_0.2,True,True,True,True,True,False,False,False,False,False,False,False,material_positive_gt_0p2,True,True,True,True,False,False,False,False,False,False,False,False,False,False
ba5ddc3d1d5d56ad,0,1,1,0,25,-3.65264862778325e-05,25,25,25,25,25,0.0127626955319317,0.0192881736456898,0.011725696821486,0.0092389817327635,0.0133246449195506,25,25,25,0.0207854146279628,0.0188124235463107,0.0192881736456898,25,0.0221339280779888,0.0011212155222892,0.0011212155222892,0.0011212155222892,0.0011212155222892,0.0011212155222892,0.0,0.0,0.0,0.0,0.0,0.0,0.0,mild_harm,True,True,True,True,True,True,False,False,False,False,False,False,mild_harm,True,True,True,True,False,False,False,False,False,False,False,False,False,False
c81dc86e054f566d,0,1,15,1,3,0.0005305072082206,3,3,3,3,3,0.0551113876017744,0.0152567280651815,0.0085770561396555,0.0984387609277703,0.0764663271232397,3,3,3,0.0069401394743201,0.0195715964538565,0.0152567280651815,-1,-0.0011569364098798,-0.0067321900278329,-0.0067321900278329,-0.0067321900278329,-0.0067321900278329,-0.0067321900278329,0.0,0.0,0.0,0.0,0.0,0.0,0.0,positive_le_0.001,True,True,True,True,False,True,False,False,False,False,True,False,positive_le_0p001,True,True,True,True,False,False,False,False,False,False,False,False,False,False
cffbf96734fa5f35,0,1,2,0,1,-0.0001211573171431,-1,-1,-1,1,1,-0.0153861545730877,-0.1055280480973427,-0.1002431443926986,0.1070526022068612,0.0800189022920175,1,-1,-1,0.0209365078374037,-0.0927513953731024,-0.1055280480973427,1,0.0442107069566855,0.0050762891769409,-0.0084496438503265,-0.0112702846527099,0.0147633329033851,0.0015520229935646,0.0,0.0,0.0,0.0,0.0,0.0,0.0,mild_harm,False,True,False,False,True,True,False,True,False,False,False,True,mild_harm,False,False,True,True,False,False,True,False,True,False,False,False,False,False
f4ba7c7ca86f5233,0,1,13,1,22,6.64908149863308e-05,22,22,22,22,22,0.1251936210924971,0.2528117128018531,0.2087445200586392,0.05098843209562,0.0819329040985791,22,22,22,0.3236643814380909,0.2324855646165252,0.2528117128018531,22,0.3570251558501629,0.0277373455464839,0.0277373455464839,0.0277373455464839,0.0277373455464839,0.0277373455464839,0.0,0.0,0.0,0.0,0.0,0.0,0.0,positive_le_0.001,True,True,True,True,True,True,False,False,False,False,False,False,positive_le_0p001,True,True,True,True,False,False,False,False,False,False,False,False,False,False
045cd7a008c65925,0,1,17,1,9,0.0004271200689487,-1,-1,-1,-1,-1,-0.0450054482189682,-0.0140767645471124,-0.1414836022100609,-0.0375522077476905,-0.0876983911689282,-1,-1,-1,-0.1594100988354935,-0.0117431003679508,-0.0140767645471124,-1,-0.2545239133163512,-0.015988677740097,-0.015988677740097,-0.0344991087913513,-0.015988677740097,-0.015988677740097,0.1090890765190124,0.0,0.0,0.1090890765190124,0.0,0.0,0.0,positive_le_0.001,False,False,False,False,False,False,False,False,False,False,False,False,positive_le_0p001,False,False,False,False,False,False,False,False,False,False,False,False,False,False
0c77a4182a655cf9,0,1,3,1,-1,,-1,-1,-1,-1,-1,,,,,,-1,-1,-1,,,,-1,,,,,,,,,,,,,,no_rsm_proposal,False,False,False,False,False,False,False,False,False,False,False,False,no_rsm_proposal,False,False,False,False,False,False,False,False,False,False,False,False,False,False
1470dbcb0c415442,0,1,9,1,9,0.0005928187692534,-1,9,9,9,9,-0.1299976554846019,0.3970582104528051,0.4756252121132092,0.686462939236637,0.8528589905541109,9,9,9,0.3980028687642572,0.2209601230416524,0.3970582104528051,9,0.4867539540921776,0.0737908780574798,0.0737908780574798,0.0737908780574798,0.0737908780574798,0.0737908780574798,0.107776939868927,0.0,0.1066112518310546,0.0011656880378723,0.0,0.0,0.0,positive_le_0.001,False,True,True,True,True,False,False,False,False,False,False,False,positive_le_0p001,True,True,True,True,False,False,False,False,False,False,False,False,False,False
208da297c61b5a6b,0,1,14,0,9,-0.0002173149178734,-1,-1,-1,-1,-1,-0.0867331847604068,-0.5163930055448205,-0.5415812370242671,-0.1279965750627966,-0.2406668058739474,-1,-1,-1,-0.9016749008744008,-0.4785991428302062,-0.5163930055448205,-1,-0.5921251351606052,-0.1138924658298492,-0.1138926148414611,-0.0297566950321197,-0.0589184761047363,-0.113896757364273,0.0102043151855468,0.0,0.0,0.0102043151855468,0.0,0.0,0.0,mild_harm,False,False,False,False,False,False,False,False,False,False,False,False,mild_harm,False,False,False,False,False,False,False,False,False,False,False,False,False,False
249837af09305794,0,1,2,0,-1,,-1,-1,-1,-1,-1,,,,,,-1,-1,-1,,,,-1,,,,,,,,,,,,,,no_rsm_proposal,False,False,False,False,False,False,False,False,False,False,False,False,no_rsm_proposal,False,False,False,False,False,False,False,False,False,False,False,False,False,False
2648d4ed541751cc,0,1,13,1,-1,,-1,-1,-1,-1,-1,,,,,,-1,-1,-1,,,,-1,,,,,,,,,,,,,,no_rsm_proposal,False,False,False,False,False,False,False,False,False,False,False,False,no_rsm_proposal,False,False,False,False,False,False,False,False,False,False,False,False,False,False
2e3481cf5ec35baa,0,1,14,0,-1,,-1,-1,-1,-1,-1,,,,,,-1,-1,-1,,,,-1,,,,,,,,,,,,,,no_rsm_proposal,False,False,False,False,False,False,False,False,False,False,False,False,no_rsm_proposal,False,False,False,False,False,False,False,False,False,False,False,False,False,False
31d6d7b013a75d29,0,1,17,1,9,0.00015953127658,-1,-1,-1,-1,-1,-0.1073844318899427,-0.2403831257095861,-0.4193414815955393,-0.2324554605389152,-0.3261146422676865,-1,-1,-1,-0.409522072589537,-0.2257847493390706,-0.2403831257095861,-1,-0.4603080125097513,-0.0422253310680389,-0.0422253310680389,-0.0422253310680389,-0.0422253310680389,-0.0422253310680389,0.0085025429725646,0.0,0.0,0.0085025429725646,0.0,0.0,0.0,positive_le_0.001,False,False,False,False,False,False,False,False,False,False,False,False,positive_le_0p001,False,False,False,False,False,False,False,False,False,False,False,False,False,False
45389fbdea6657a0,0,1,10,0,6,-0.0003288350688643,6,6,6,6,6,0.0079909663662709,0.2965372650488857,0.3317959589462361,0.2421108553945206,0.2796078333976097,6,6,6,0.1073169659822871,0.3175416491470323,0.2965372650488857,6,0.1373212601488347,0.0138813257217407,0.0184709131717681,0.0103384554386138,0.0118994712829589,0.0148427784442901,0.0245783329010009,0.0,0.0,-0.0245783329010009,0.0,0.0,0.0,mild_harm,True,True,True,True,True,False,False,False,False,False,False,False,mild_harm,True,True,True,True,False,False,False,False,False,False,False,False,False,False
46bf28b955d051b1,0,1,29,1,5,-0.0003345792815641,-1,5,5,5,5,-0.0117541964474493,0.2495989506983915,0.3116653086316007,0.6807932950159407,0.7189162852004595,5,5,5,0.4485621334104278,0.1937988304074446,0.2495989506983915,5,0.5259362360472983,0.0643316507339477,0.0643316507339477,0.0643316507339477,0.0643316507339477,0.0643316507339477,0.6970826983451843,0.0,0.0,0.6970826983451843,0.0,0.0,0.0,mild_harm,False,True,True,True,True,False,False,False,False,False,False,False,mild_harm,True,True,True,True,False,False,False,False,False,False,False,False,False,False
4efebde6623256df,0,1,6,1,-1,,-1,-1,-1,-1,-1,,,,,,-1,-1,-1,,,,-1,,,,,,,,,,,,,,no_rsm_proposal,False,False,False,False,False,False,False,False,False,False,False,False,no_rsm_proposal,False,False,False,False,False,False,False,False,False,False,False,False,False,False
5991dfcee3185e01,0,1,15,0,2,-3.552210174457291e-05,2,2,2,2,2,0.0296987985340642,0.1378135491728643,0.1047688398634762,0.0282278287661694,0.0311875675698966,2,2,2,0.0750613976092406,0.1251608709520002,0.1378135491728643,2,0.0977356194090934,0.0063396692276,0.0060069113969802,0.0165079087018966,0.0165079087018966,0.0040824264287948,0.0,0.0,0.0,0.0,0.0,0.0,0.0,mild_harm,True,True,True,True,True,True,False,False,False,False,False,False,mild_harm,True,True,True,True,False,False,False,False,False,False,False,False,False,False
6c82dcb2637f5ad4,0,1,3,0,9,-0.0003719746213523,-1,9,9,9,9,-0.0089266683995388,0.4250313715423205,0.2586412374560538,0.32191895287868,0.2449586788638447,9,9,9,0.8007259246704121,0.300306686959972,0.4250313715423205,9,0.9368197367479564,0.113153263926506,0.113153263926506,0.113153263926506,0.113153263926506,0.113153263926506,0.250110775232315,0.0,0.0,0.250110775232315,0.0,0.0,0.0,mild_harm,False,True,True,True,True,False,False,False,False,False,False,False,mild_harm,True,True,True,True,False,False,False,False,False,False,False,False,False,False
1a9e0797610e5da4,1,2,17,1,9,-0.0003152008085511,-1,-1,-1,-1,-1,-0.1630152713567658,-0.1276949703626711,-0.1021931275326285,-0.1778059932147139,-0.1955056696221473,-1,-1,-1,-0.1786689410993669,-0.131415795555659,-0.1276949703626711,-1,-0.0777360294063173,-0.0027283132076263,-0.0011035948991775,0.0110586993396282,0.0217173397541046,-0.0022747330367565,0.0,0.0,0.0,0.0,0.0,0.0,0.0,mild_harm,False,False,False,False,False,True,False,False,False,False,False,False,mild_harm,False,False,False,False,False,False,False,False,False,False,False,False,False,False
31e5a1e6febd5acb,1,2,12,1,4,0.0022942917462438,4,-1,4,-1,-1,0.0195280382398785,-0.0369527523879082,0.0304234636763763,-0.0506971239073333,-0.0787892629703918,4,4,-1,0.2550222918012764,0.0634953339894366,-0.0369527523879082,4,0.2833604385345111,0.0410448312759399,0.0410448312759399,0.0410448312759399,0.0410448312759399,0.0410448312759399,0.0,0.0,0.0,0.0,0.0,0.0,0.0,positive_0.001_to_0.01,True,True,True,False,True,True,False,False,False,True,False,True,positive_0p001_to_0p01,False,True,False,False,True,False,False,False,False,False,False,False,False,False
3f0c33142293536e,1,2,11,1,19,0.0,-1,-1,-1,-1,-1,-0.0169318384502467,-0.0169318384502467,-0.0169318384502467,-0.0169318384502467,-0.0169318384502467,-1,-1,-1,-0.0169318384502467,-0.0169318384502467,-0.0169318384502467,-1,-0.0169318384502467,0.0,0.0,0.0,0.0,0.0,0.0,0.0,0.0,0.0,0.0,0.0,0.0,mild_harm,False,False,False,False,False,True,False,False,False,False,False,False,mild_harm,False,False,False,False,False,False,False,False,False,False,False,False,False,False
48fc14e048fb5fe2,1,2,18,1,23,0.0001272183358669,23,23,-1,23,23,0.0044445604943502,0.0118477093078209,-0.0123162466152662,0.0201164328335816,0.0318824729195872,23,23,23,0.0418968204413027,0.0119667054341957,0.0118477093078209,23,0.0458271406813499,0.0065276324748992,0.0065276324748992,0.0063494592905044,0.0065276324748992,0.0065276324748992,0.038800660520792,0.0,-0.0027443766593933,0.0360562838613987,0.0,0.0,0.0,positive_le_0.001,True,True,True,True,True,False,False,False,False,False,False,False,positive_le_0p001,True,False,True,True,False,True,False,False,False,False,False,False,False,False
65f00228b6bc54b5,1,2,17,1,-1,,-1,-1,-1,-1,-1,,,,,,-1,-1,-1,,,,-1,,,,,,,,,,,,,,no_rsm_proposal,False,False,False,False,False,False,False,False,False,False,False,False,no_rsm_proposal,False,False,False,False,False,False,False,False,False,False,False,False,False,False
d22547ad7061548d,1,2,11,1,26,0.0043491496021159,-1,-1,-1,-1,-1,-0.0207781105256546,-0.4240523875704108,-0.4878608246808227,-0.5542109195711394,-0.6341816366365947,-1,-1,-1,-0.5449156304369442,-0.5440861303465265,-0.4240523875704108,-1,-0.6079875534155712,-0.0913531184196472,-0.0913531184196472,-0.0913531184196472,-0.0913531184196472,-0.0913531184196472,0.0444406466558575,0.0,-0.0291472077369689,-0.0152934389188885,0.0,0.0,0.0,positive_0.001_to_0.01,False,False,False,False,False,False,False,False,False,False,False,False,positive_0p001_to_0p01,False,False,False,False,False,False,False,False,False,False,False,False,False,False
ebc361211e395b18,1,2,19,0,-1,,-1,-1,-1,-1,-1,,,,,,-1,-1,-1,,,,-1,,,,,,,,,,,,,,no_rsm_proposal,False,False,False,False,False,False,False,False,False,False,False,False,no_rsm_proposal,False,False,False,False,False,False,False,False,False,False,False,False,False,False
f757646a2d865977,1,2,1,0,5,-0.0002396740362047,-1,-1,-1,-1,-1,-0.1411752663796481,-0.276787285914598,-0.2878530691926333,-0.3120776144701144,-0.2938689812168054,-1,-1,-1,-0.2729509826286523,-0.2646051641429836,-0.276787285914598,-1,-0.395444793128753,-0.0229674875736236,-0.0340805947780609,-0.0589869618415832,-0.0589869618415832,-0.0358853042125701,0.1949517130851745,0.0,0.1648016571998596,0.0301500558853149,0.0,0.0,0.0,mild_harm,False,False,False,False,False,False,False,False,False,False,False,False,mild_harm,False,False,False,False,False,False,False,False,False,False,False,False,False,False
9ca3798eb199579e,1,2,10,0,23,-7.272584703751916e-05,-1,-1,-1,-1,-1,-0.0756890779888464,-0.1850061387357592,-0.1884015597829903,-0.2122014512335923,-0.3001016346079202,-1,-1,-1,-0.5812852814428097,-0.1743388008649727,-0.1850061387357592,-1,-0.0130048636879152,-0.0881215184926986,-0.0896986126899719,0.068236768245697,0.008916437625885,-0.0897345393896102,0.1122879385948181,0.0,-0.0013227462768554,-0.1109651923179626,0.0,0.0,0.0,mild_harm,False,False,False,False,False,False,False,False,False,False,False,False,mild_harm,False,False,False,False,False,False,False,False,False,False,False,False,False,False
f7050dbcd3c954f3,1,2,6,1,2,1.2324836412908278,-1,-1,2,2,2,-0.0183146703605858,-0.0057075811357303,0.0388018473251937,0.0362101110600919,0.0169458041694481,-1,-1,-1,-0.0131847905526328,-0.0072260262220973,-0.0057075811357303,-1,-0.0095236241157732,0.0008940994739532,0.0008999407291412,0.0035591274499893,0.0009462833404541,0.0009086728096008,0.0,0.0,0.0,0.0,0.0,0.0,0.0,material_positive_gt_0.2,False,False,False,False,False,True,False,False,False,False,False,False,material_positive_gt_0p2,False,True,True,True,True,False,True,False,True,False,True,False,False,False
180f81d1ca5c5ee3,1,2,17,1,23,7.068096973794624e-05,-1,-1,-1,23,23,-0.0041931641123639,-0.0161474231122504,-0.0180814909073875,0.0066917497414199,0.006484437808715,-1,-1,-1,-0.0221579250762888,-0.0146317465049248,-0.0161474231122504,-1,-0.0243197005179653,-0.0031311176717281,-0.0031311176717281,-0.0031311176717281,-0.0031311176717281,-0.0031311176717281,0.0,0.0,0.0,0.0,0.0,0.0,0.0,positive_le_0.001,False,False,False,False,False,True,False,False,False,False,False,False,positive_le_0p001,False,False,True,True,False,False,True,False,True,False,False,False,False,False
1bd8ca835d485cd8,1,2,14,1,23,0.0001267136363314,23,-1,-1,-1,-1,0.0208828277036313,-0.0352082565311139,-0.0452965016673891,-0.0040112955903487,-0.013744822848257,-1,-1,-1,-0.0494060022348308,-0.0285502360219648,-0.0352082565311139,-1,-0.057864161948479,-0.0122507959604263,-0.0122507959604263,-0.0122507959604263,-0.0122507959604263,-0.0122507959604263,0.0,0.0,0.0,0.0,0.0,0.0,0.0,positive_le_0.001,True,False,False,False,False,True,False,False,False,False,False,False,positive_le_0p001,False,False,False,False,False,False,False,False,False,False,False,False,False,False
291db523bb115ccf,1,2,16,1,24,-8.852075822662897e-05,-1,24,24,-1,-1,-0.0701666952380924,0.0334679548007345,0.0475255170336582,-0.0535159857369779,-0.0386850496245165,24,24,24,0.0746145483944489,0.013530901374083,0.0334679548007345,24,0.0920367570459543,0.0252342522144317,0.0252342522144317,0.0252342522144317,0.0252342522144317,0.0252342522144317,0.0,0.0,0.0,0.0,0.0,0.0,0.0,mild_harm,False,True,True,True,True,True,False,False,False,False,False,False,mild_harm,True,True,False,False,False,False,False,True,False,True,False,False,False,False
2d4f708394ef542e,1,2,2,0,-1,,-1,-1,-1,-1,-1,,,,,,-1,-1,-1,,,,-1,,,,,,,,,,,,,,no_rsm_proposal,False,False,False,False,False,False,False,False,False,False,False,False,no_rsm_proposal,False,False,False,False,False,False,False,False,False,False,False,False,False,False
39346eef49ad52a6,1,2,16,0,2,-1.8276321345854372,-1,-1,-1,-1,-1,-0.2347490004295813,-0.2985336650891376,-0.3081188158443639,-0.2114405839713798,-0.2137948305278822,-1,-1,-1,-0.3202106984529183,-0.262606413060494,-0.2985336650891376,-1,-0.3304947469805417,-0.0148953199386596,-0.0148953199386596,-0.0148953199386596,-0.0148953199386596,-0.0148953199386596,0.4119033813476562,0.0,0.0,0.0,0.0,-0.4119033813476562,0.0,catastrophe,False,False,False,False,False,False,False,False,False,False,False,False,catastrophe,False,False,False,False,False,False,False,False,False,False,False,False,False,False
621fb14952d45fbc,1,2,2,0,2,-1.793281329542026,-1,-1,-1,-1,-1,-0.3272054905934107,-0.1168272908608037,-0.0789872274806194,-0.3969154276112775,-0.3750680325451464,-1,-1,-1,-0.0424662286331196,-0.142215857129804,-0.1168272908608037,-1,-0.0082022005338767,0.0496278554201126,0.0496278554201126,0.0496278554201126,0.0496278554201126,0.0496278554201126,0.0,0.0,0.0,0.0,0.0,0.0,0.0,catastrophe,False,False,False,False,False,True,False,False,False,False,False,False,catastrophe,False,False,False,False,False,False,False,False,False,False,False,False,False,False
79a3cfc7d4535d5f,1,2,14,1,25,0.0030683114655256,25,-1,-1,-1,-1,0.0226288211103738,-0.0261615257911515,-0.038909404400667,-0.0303462556859567,-0.0243931206184395,-1,-1,-1,-0.0193354698802357,-0.0580468774707476,-0.0261615257911515,-1,-0.114863177965181,-0.0073140412569046,-0.0066840201616287,-0.0322435200214386,-0.016534000635147,-0.0064828544855117,0.0,0.0,0.0,0.0,0.0,0.0,0.0,positive_0.001_to_0.01,True,False,False,False,False,True,False,False,False,False,False,False,positive_0p001_to_0p01,False,False,False,False,False,False,False,False,False,False,False,False,False,False
7a90e31caaa35114,1,2,11,1,23,-0.0002471273148438,23,23,23,23,-1,0.0077925570944603,0.057978830997916,0.0310727139814839,0.0443877143439042,-0.0067761876358388,23,23,23,0.1071636770136336,0.0208753937420712,0.057978830997916,23,0.1191214792481258,0.0173196196556091,0.0173196196556091,0.0173196196556091,0.0173196196556091,0.0173196196556091,0.0,0.0,0.0,0.0,0.0,0.0,0.0,mild_harm,True,True,True,True,True,True,False,False,False,False,False,False,mild_harm,True,True,True,False,False,False,False,False,False,True,False,False,False,False
9e4525cb8f5e5fcd,1,2,15,0,-1,,-1,-1,-1,-1,-1,,,,,,-1,-1,-1,,,,-1,,,,,,,,,,,,,,no_rsm_proposal,False,False,False,False,False,False,False,False,False,False,False,False,no_rsm_proposal,False,False,False,False,False,False,False,False,False,False,False,False,False,False
c5e0107671965987,1,2,13,0,-1,,-1,-1,-1,-1,-1,,,,,,-1,-1,-1,,,,-1,,,,,,,,,,,,,,no_rsm_proposal,False,False,False,False,False,False,False,False,False,False,False,False,no_rsm_proposal,False,False,False,False,False,False,False,False,False,False,False,False,False,False
ca00c31168b252d5,1,2,16,1,-1,,-1,-1,-1,-1,-1,,,,,,-1,-1,-1,,,,-1,,,,,,,,,,,,,,no_rsm_proposal,False,False,False,False,False,False,False,False,False,False,False,False,no_rsm_proposal,False,False,False,False,False,False,False,False,False,False,False,False,False,False
e2c31e25cb35514d,1,2,14,1,9,-0.0005410650956444,-1,-1,-1,-1,-1,-0.1435231315168559,-0.2059984020240723,-0.1826643314902539,-0.2180404113756697,-0.1911689815679764,-1,-1,-1,-0.2873192056025924,-0.2373743876354191,-0.2059984020240723,-1,-0.3061344211663162,-0.0250625312328338,-0.0250479280948638,-0.0252177119255065,-0.0254184752702713,-0.0251210033893585,0.0,0.0,0.0,0.0,0.0,0.0,0.0,mild_harm,False,False,False,False,False,True,False,False,False,False,False,False,mild_harm,False,False,False,False,False,False,False,False,False,False,False,False,False,False
114a8e53ec3c5e0d,1,2,3,1,-1,,-1,-1,-1,-1,-1,,,,,,-1,-1,-1,,,,-1,,,,,,,,,,,,,,no_rsm_proposal,False,False,False,False,False,False,False,False,False,False,False,False,no_rsm_proposal,False,False,False,False,False,False,False,False,False,False,False,False,False,False
1907423ff64a51eb,1,2,9,1,22,4.7492956556399735e-05,-1,-1,-1,-1,-1,-0.0893515620737052,-0.017911884332366,-0.0346696551390923,-0.0631930624064251,-0.0749357592512245,-1,-1,-1,-0.1424587413132495,-0.0341815319556479,-0.017911884332366,-1,-0.0294406887883088,-0.0092561542987823,0.0048628151416778,0.0119401365518569,0.0181099772453308,0.0088428854942321,0.0068999528884887,0.0,0.0,0.0068999528884887,0.0,0.0,0.0,positive_le_0.001,False,False,False,False,False,False,False,False,False,False,False,False,positive_le_0p001,False,False,False,False,False,False,False,False,False,False,False,False,False,False
b8091003cbb95da3,1,2,2,1,21,0.0057995361132896,21,21,-1,21,21,0.0236475088153857,0.0694560119578858,-0.0093905044774174,0.0113226392202631,0.0745183190300071,-1,21,21,-0.0893961587860127,0.0637981011957377,0.0694560119578858,-1,-0.2470502882454656,-0.0197026282548904,-0.0613754242658615,0.0112708806991577,0.0112708806991577,-0.0766100883483886,0.0,0.0,0.0,0.0,0.0,0.0,0.0,positive_0.001_to_0.01,True,False,True,True,False,True,True,False,False,False,True,False,positive_0p001_to_0p01,True,False,True,True,False,True,False,False,False,False,False,False,False,False
c9281513f02f50f2,1,2,12,1,23,0.0,-1,-1,-1,-1,-1,-0.0300762360215664,-0.0300762360215664,-0.0300762360215664,-0.0300762360215664,-0.0300762360215664,-1,-1,-1,-0.0300762360215664,-0.0300762360215664,-0.0300762360215664,-1,-0.0300762360215664,0.0,0.0,0.0,0.0,0.0,0.0,0.0,0.0,0.0,0.0,0.0,0.0,mild_harm,False,False,False,False,False,True,False,False,False,False,False,False,mild_harm,False,False,False,False,False,False,False,False,False,False,False,False,False,False
eeb054ac63575b33,1,2,2,1,-1,,-1,-1,-1,-1,-1,,,,,,-1,-1,-1,,,,-1,,,,,,,,,,,,,,no_rsm_proposal,False,False,False,False,False,False,False,False,False,False,False,False,no_rsm_proposal,False,False,False,False,False,False,False,False,False,False,False,False,False,False
6988613e2a3557be,1,2,17,1,-1,,-1,-1,-1,-1,-1,,,,,,-1,-1,-1,,,,-1,,,,,,,,,,,,,,no_rsm_proposal,False,False,False,False,False,False,False,False,False,False,False,False,no_rsm_proposal,False,False,False,False,False,False,False,False,False,False,False,False,False,False
b66ea7e3342b533b,1,2,2,0,2,-5.520669647962606e-05,-1,-1,-1,-1,-1,-0.175496164425522,-0.0046733975142171,-0.0465087931035901,-0.1030576031058159,-0.1094870286500194,-1,-1,-1,-0.1839039125894347,-0.0422680570132833,-0.0046733975142171,-1,-0.1849156850849349,-0.0014654099941253,-0.0014654099941253,-0.0014654099941253,-0.0014654099941253,-0.0014654099941253,0.0,0.0,0.0,0.0,0.0,0.0,0.0,mild_harm,False,False,False,False,False,True,False,False,False,False,False,False,mild_harm,False,False,False,False,False,False,False,False,False,False,False,False,False,False
ebdc46dacb5f53f2,1,2,20,1,21,7.133007049464624e-07,-1,-1,-1,-1,-1,-0.0362546546809306,-0.034363535891441,-0.0336600595058012,-0.0361577124783148,-0.036325935469482,-1,-1,-1,-0.0339860849239303,-0.0342884331179716,-0.034363535891441,-1,-0.0337131407684938,0.0003953874111175,0.0003953874111175,0.0003953874111175,0.0003953874111175,0.0003953874111175,0.0,0.0,0.0,0.0,0.0,0.0,0.0,positive_le_0.001,False,False,False,False,False,True,False,False,False,False,False,False,positive_le_0p001,False,False,False,False,False,False,False,False,False,False,False,False,False,False
06a937676ff65c69,1,2,17,1,9,-0.0008672325992258,-1,-1,-1,-1,-1,-0.1278810034407201,-0.0398011444814194,-0.052194252808551,-0.220602926678381,-0.2170571356209979,-1,-1,-1,-0.1546636915102299,-0.0418820855649528,-0.0398011444814194,-1,-0.1176970030239336,-0.0046680122613906,-0.0044999867677688,0.0201165676116943,-0.0316249430179595,-0.0046853125095367,0.0131705403327941,0.0,0.0,0.0131705403327941,0.0,0.0,0.0,mild_harm,False,False,False,False,False,False,False,False,False,False,False,False,mild_harm,False,False,False,False,False,False,False,False,False,False,False,False,False,False
26f611f146275818,1,2,17,1,-1,,-1,-1,-1,-1,-1,,,,,,-1,-1,-1,,,,-1,,,,,,,,,,,,,,no_rsm_proposal,False,False,False,False,False,False,False,False,False,False,False,False,no_rsm_proposal,False,False,False,False,False,False,False,False,False,False,False,False,False,False
441987f47a6f5784,1,2,9,0,-1,,-1,-1,-1,-1,-1,,,,,,-1,-1,-1,,,,-1,,,,,,,,,,,,,,no_rsm_proposal,False,False,False,False,False,False,False,False,False,False,False,False,no_rsm_proposal,False,False,False,False,False,False,False,False,False,False,False,False,False,False
5f4392860e5752ce,1,2,6,1,24,-0.000464562402782,-1,-1,-1,-1,-1,-0.0925478705058807,-0.2195800811490871,-0.0503873457621669,-0.144109592277437,-0.0933151218872743,-1,-1,-1,-0.1502469349094325,-0.1671996270162393,-0.2195800811490871,-1,-0.1571900996920338,-0.0100564956665039,-0.0100564956665039,-0.0100564956665039,-0.0100564956665039,-0.0100564956665039,0.0,0.0,0.0,0.0,0.0,0.0,0.0,mild_harm,False,False,False,False,False,True,False,False,False,False,False,False,mild_harm,False,False,False,False,False,False,False,False,False,False,False,False,False,False
5fde760ec9f05c3d,1,2,16,1,22,-0.0001297025804172,-1,-1,-1,-1,-1,-0.0232363225905668,-0.0424690401962251,-0.0134562294865058,-0.0683034567533742,-0.0823141064100856,-1,-1,-1,-0.0113711534678844,-0.0464434601740568,-0.0424690401962251,-1,-0.127928022757766,0.0020679980516433,0.0032999664545059,-0.0309397131204605,-0.0173667520284652,0.005038782954216,0.0,0.0,0.0,0.0,0.0,0.0,0.0,mild_harm,False,False,False,False,False,True,False,False,False,False,False,False,mild_harm,False,False,False,False,False,False,False,False,False,False,False,False,False,False
606e5b5125985e1f,1,2,12,1,-1,,-1,-1,-1,-1,-1,,,,,,-1,-1,-1,,,,-1,,,,,,,,,,,,,,no_rsm_proposal,False,False,False,False,False,False,False,False,False,False,False,False,no_rsm_proposal,False,False,False,False,False,False,False,False,False,False,False,False,False,False
73cd1e45d87156ee,1,2,18,1,23,0.0003884504090763,23,-1,-1,-1,-1,0.0237844221966703,-0.1228905089896456,-0.1243758617690253,-0.0440742545789763,-0.1060484769178777,-1,-1,-1,-0.1657446398720923,-0.1085731536885759,-0.1228905089896456,-1,-0.24466340324227,-0.0330334454774856,-0.0326581001281738,-0.0406830012798309,-0.0461203008890152,-0.032924935221672,0.0301840901374816,0.0,0.0,-0.0301840901374816,0.0,0.0,0.0,positive_le_0.001,True,False,False,False,False,False,False,False,False,False,False,False,positive_le_0p001,False,False,False,False,False,False,False,False,False,False,False,False,False,False
7a9a7b86210b5dc4,1,2,17,0,3,-0.0001631911307573,3,3,3,3,3,0.1040579374486047,0.0715262596968405,0.1288328721166734,0.0672493327025194,0.1022498269763219,3,3,3,0.0798657959770611,0.0772416275406922,0.0715262596968405,3,0.0769545219912063,-0.0042165219783782,-0.0042165219783782,-0.0042165219783782,-0.0042165219783782,-0.0042165219783782,0.0584958791732788,0.0,0.0,-0.0584958791732788,0.0,0.0,0.0,mild_harm,True,True,True,True,True,False,False,False,False,False,False,False,mild_harm,True,True,True,True,False,False,False,False,False,False,False,False,False,False
81195788481d5844,1,2,17,1,-1,,-1,-1,-1,-1,-1,,,,,,-1,-1,-1,,,,-1,,,,,,,,,,,,,,no_rsm_proposal,False,False,False,False,False,False,False,False,False,False,False,False,no_rsm_proposal,False,False,False,False,False,False,False,False,False,False,False,False,False,False
948d834b78515695,1,2,10,1,22,2.8722488693892767e-05,22,22,22,22,22,0.0304712844060136,0.0466094235939307,0.0230808286852909,0.0297149600827004,0.0281949667584434,22,22,22,0.0210338278745372,0.0592483460883973,0.0466094235939307,22,0.0199133145465896,-0.001644879579544,-0.0016400218009948,-0.0016485452651977,-0.0016452968120574,-0.001640498638153,0.0,0.0,0.0,0.0,0.0,0.0,0.0,positive_le_0.001,True,True,True,True,True,True,False,False,False,False,False,False,positive_le_0p001,True,True,True,True,False,False,False,False,False,False,False,False,False,False
a08635adfbc45990,1,2,16,1,-1,,-1,-1,-1,-1,-1,,,,,,-1,-1,-1,,,,-1,,,,,,,,,,,,,,no_rsm_proposal,False,False,False,False,False,False,False,False,False,False,False,False,no_rsm_proposal,False,False,False,False,False,False,False,False,False,False,False,False,False,False
a5836bf6d71f58f2,1,2,17,1,9,0.000861446211487,-1,-1,-1,-1,-1,-0.2202320559556684,-0.3230065647873686,-0.4339496462323639,-0.3178229352409708,-0.3394643587588322,-1,-1,-1,-0.477569729302673,-0.3129883862155077,-0.3230065647873686,-1,-0.4615708801342967,-0.0448519885540008,-0.0444695651531219,-0.0300117135047912,-0.0451903641223907,-0.0446541011333465,0.0146670937538146,0.0,0.0,0.0146670937538146,0.0,0.0,0.0,positive_le_0.001,False,False,False,False,False,False,False,False,False,False,False,False,positive_le_0p001,False,False,False,False,False,False,False,False,False,False,False,False,False,False
a6e92119ed185a7d,1,2,19,0,-1,,-1,-1,-1,-1,-1,,,,,,-1,-1,-1,,,,-1,,,,,,,,,,,,,,no_rsm_proposal,False,False,False,False,False,False,False,False,False,False,False,False,no_rsm_proposal,False,False,False,False,False,False,False,False,False,False,False,False,False,False
aeb0da156a7b5426,1,2,3,1,21,8.050889065489182e-05,21,21,21,21,21,0.1944553441453541,0.2634285658927854,0.3355998105585426,0.1786252163538953,0.2157012292713672,21,21,21,0.2061960112950222,0.2999305637415647,0.2634285658927854,21,0.200557735091185,0.0020463019609451,0.0008438676595687,0.0020463019609451,0.0020463019609451,6.255507469177246e-05,0.0,0.0,0.0,0.0,0.0,0.0,0.0,positive_le_0.001,True,True,True,True,True,True,False,False,False,False,False,False,positive_le_0p001,True,True,True,True,False,False,False,False,False,False,False,False,False,False
b024a29a38815f5d,1,2,10,1,-1,,-1,-1,-1,-1,-1,,,,,,-1,-1,-1,,,,-1,,,,,,,,,,,,,,no_rsm_proposal,False,False,False,False,False,False,False,False,False,False,False,False,no_rsm_proposal,False,False,False,False,False,False,False,False,False,False,False,False,False,False
c0eff628bb5d57f2,1,2,5,0,9,-0.0002712661859579,-1,9,9,9,9,-0.0425774173922706,0.2577686914139344,0.1826401122659411,0.1736438905535915,0.1099728916469819,9,9,9,0.5179636655074801,0.1772574763607702,0.2577686914139344,9,0.5741453582844402,0.0976979583501815,0.0976852476596832,0.0941692143678665,0.0977425128221511,0.097682386636734,0.0,0.0,0.0,0.0,0.0,0.0,0.0,mild_harm,False,True,True,True,True,True,False,False,False,False,False,False,mild_harm,True,True,True,True,False,False,False,False,False,False,False,False,False,False
c2ef8af22b6b57fa,1,2,16,1,8,0.0006266896873712,-1,-1,-1,-1,-1,-0.1670342690588205,-0.1714872310859231,-0.345349628904084,-0.1969029193036097,-0.2969783400367251,-1,-1,-1,-0.3145942700900157,-0.103452617191316,-0.1714872310859231,-1,-0.323930891973248,-0.0257185697555542,-0.0256393253803253,-0.0230831503868103,-0.0257824063301086,-0.0255655348300933,0.0047018527984619,0.0,0.0,0.0047018527984619,0.0,0.0,0.0,positive_le_0.001,False,False,False,False,False,False,False,False,False,False,False,False,positive_le_0p001,False,False,False,False,False,False,False,False,False,False,False,False,False,False
e2becee9277c5811,1,2,18,1,22,0.0001367530750111,-1,-1,-1,-1,-1,-0.0179489893019277,-0.140215676161098,-0.1755151399507306,-0.169923204885159,-0.1933385625971192,-1,-1,-1,-0.2541491189958229,-0.1237261474340868,-0.140215676161098,-1,-0.3333665317448046,-0.0411678552627563,-0.0405336767435073,-0.0495892763137817,-0.0592106878757476,-0.0383096486330032,0.0286347866058349,0.0,0.0,-0.0286347866058349,0.0,0.0,0.0,positive_le_0.001,False,False,False,False,False,False,False,False,False,False,False,False,positive_le_0p001,False,False,False,False,False,False,False,False,False,False,False,False,False,False
e7c6e7ca0bf75a88,1,2,17,1,-1,,-1,-1,-1,-1,-1,,,,,,-1,-1,-1,,,,-1,,,,,,,,,,,,,,no_rsm_proposal,False,False,False,False,False,False,False,False,False,False,False,False,no_rsm_proposal,False,False,False,False,False,False,False,False,False,False,False,False,False,False
f845609710815b95,1,2,16,1,22,-0.0001336572684111,-1,-1,-1,-1,-1,-0.0208471729654777,-0.0577277605503366,-0.0251855685779878,-0.0639857083045307,-0.087371782676107,-1,-1,-1,-0.0506475108714916,-0.0664607160804853,-0.0577277605503366,-1,-0.1450057669851884,-0.0051939636468887,-0.0041027963161468,-0.0306794196367263,-0.0207239240407943,-0.002274140715599,0.0,0.0,0.0,0.0,0.0,0.0,0.0,mild_harm,False,False,False,False,False,True,False,False,False,False,False,False,mild_harm,False,False,False,False,False,False,False,False,False,False,False,False,False,False
0e7c79855e005220,1,2,17,1,3,0.989674308249508,-1,-1,-1,-1,-1,-0.0188629179574028,-0.106249846563416,-0.1102452993130291,-0.0144098956210837,-0.0221605981462829,-1,-1,-1,-0.136667887767115,-0.0974507618118461,-0.106249846563416,-1,-0.0868039984345356,-0.020532488822937,-0.020532488822937,-0.0003713071346282,-0.020532488822937,-0.020532488822937,0.0,0.0,0.0,0.0,0.0,0.0,0.0,material_positive_gt_0.2,False,False,False,False,False,True,False,False,False,False,False,False,material_positive_gt_0p2,False,False,False,False,False,False,False,False,False,False,True,True,True,True
14dd0d86a4d353af,1,2,1,0,-1,,-1,-1,-1,-1,-1,,,,,,-1,-1,-1,,,,-1,,,,,,,,,,,,,,no_rsm_proposal,False,False,False,False,False,False,False,False,False,False,False,False,no_rsm_proposal,False,False,False,False,False,False,False,False,False,False,False,False,False,False
2d691673d2a75468,1,2,5,1,9,-0.0005493406044321,-1,9,9,-1,-1,-0.1580240209070793,0.2324497436379186,0.104942956800687,-0.2275734515338202,-0.2250657667512363,-1,9,9,-0.0215543993272019,0.227081718186177,0.2324497436379186,-1,-0.0250542904947197,0.0237855948507785,0.0238996855914592,0.0167043581604957,0.019602321088314,0.0241631940007209,0.0,0.0,0.0,0.0,0.0,0.0,0.0,mild_harm,False,False,True,True,False,True,True,False,False,False,True,False,mild_harm,True,True,False,False,False,False,False,True,False,True,False,False,False,False
4a475083531f544e,1,2,17,1,5,0.0005351796336472,-1,-1,-1,-1,-1,-0.1290598766545519,-0.1789358345051261,-0.1738530221872722,-0.1415165939318373,-0.1390478580567393,-1,-1,-1,-0.1660899969795256,-0.1732919311583249,-0.1789358345051261,-1,-0.1845452344137563,-0.0064540654420852,-0.0048440247774124,-0.0076853930950164,-0.010474294424057,-0.0042212903499603,0.0,0.0,0.0,0.0,0.0,0.0,0.0,positive_le_0.001,False,False,False,False,False,True,False,False,False,False,False,False,positive_le_0p001,False,False,False,False,False,False,False,False,False,False,False,False,False,False
4aa6a5b42a9d5a1a,1,2,4,0,-1,,-1,-1,-1,-1,-1,,,,,,-1,-1,-1,,,,-1,,,,,,,,,,,,,,no_rsm_proposal,False,False,False,False,False,False,False,False,False,False,False,False,no_rsm_proposal,False,False,False,False,False,False,False,False,False,False,False,False,False,False
4f8180de60ff5016,1,2,16,1,-1,,-1,-1,-1,-1,-1,,,,,,-1,-1,-1,,,,-1,,,,,,,,,,,,,,no_rsm_proposal,False,False,False,False,False,False,False,False,False,False,False,False,no_rsm_proposal,False,False,False,False,False,False,False,False,False,False,False,False,False,False
65f6f0aad1645746,1,2,15,0,-1,,-1,-1,-1,-1,-1,,,,,,-1,-1,-1,,,,-1,,,,,,,,,,,,,,no_rsm_proposal,False,False,False,False,False,False,False,False,False,False,False,False,no_rsm_proposal,False,False,False,False,False,False,False,False,False,False,False,False,False,False
86935537a5e256bd,1,2,3,1,23,-4.216529144323439e-05,-1,-1,-1,-1,-1,-0.1073278805994244,-0.1561907877406571,-0.1483196482467107,-0.1055628560332212,-0.0947831216536108,-1,-1,-1,-0.1997147371763484,-0.1558295061602812,-0.1561907877406571,-1,-0.110049473945555,-0.0161023139953613,0.0006544291973114,9.733438491821288e-05,-0.0002229809761047,0.0026556551456451,0.0066873431205749,0.0,-0.0015623569488525,-0.0051249861717224,0.0,0.0,0.0,mild_harm,False,False,False,False,False,False,False,False,False,False,False,False,mild_harm,False,False,False,False,False,False,False,False,False,False,False,False,False,False
91dfe4ebf3c25298,1,2,3,0,-1,,-1,-1,-1,-1,-1,,,,,,-1,-1,-1,,,,-1,,,,,,,,,,,,,,no_rsm_proposal,False,False,False,False,False,False,False,False,False,False,False,False,no_rsm_proposal,False,False,False,False,False,False,False,False,False,False,False,False,False,False
ae93b0cb5f2752c9,1,2,7,1,23,-1.621068492024813e-06,-1,-1,-1,-1,-1,-0.0293535171357767,-0.0313955549298906,-0.0317631314190453,-0.029585960468287,-0.029613796565451,-1,-1,-1,-0.0325410620201932,-0.0331726087039872,-0.0313955549298906,-1,-0.0288428966161978,-0.000555545091629,-0.000555396080017,0.0003091990947723,0.0003338158130645,-0.0005571246147155,0.0,0.0,0.0,0.0,0.0,0.0,0.0,mild_harm,False,False,False,False,False,True,False,False,False,False,False,False,mild_harm,False,False,False,False,False,False,False,False,False,False,False,False,False,False
c4b429aa06c65c18,1,2,5,1,27,2.0200232751698115,27,27,27,27,27,0.0735804685394211,0.4808835852161687,0.5548441151616683,1.3620242861453211,1.5583001921206172,27,27,27,0.8463387101843827,0.3011910267927009,0.4808835852161687,27,0.9062352004194812,0.1346857845783233,0.1347997486591339,0.1274674534797668,0.129752516746521,0.1349766850471496,0.4157445430755615,0.0,0.4090355634689331,-0.0067089796066284,0.0,0.0,0.0,material_positive_gt_0.2,True,True,True,True,True,False,False,False,False,False,False,False,material_positive_gt_0p2,True,True,True,True,False,False,False,False,False,False,False,False,False,False
d124fe4c82a0504a,1,2,14,0,-1,,-1,-1,-1,-1,-1,,,,,,-1,-1,-1,,,,-1,,,,,,,,,,,,,,no_rsm_proposal,False,False,False,False,False,False,False,False,False,False,False,False,no_rsm_proposal,False,False,False,False,False,False,False,False,False,False,False,False,False,False
d8a9f79a9b2f5af3,1,2,1,1,22,3.149701463542634,22,22,22,22,22,2.2019307595008084,2.566073995761594,2.879468677854586,2.830347355452081,3.049961982906869,22,22,22,3.545157506668985,2.501455073420266,2.566073995761594,22,4.293542175433725,0.2341140508651733,0.4800265431404114,0.1156190782785415,0.096699446439743,0.4159483760595321,0.0,0.0,0.0,0.0,0.0,0.0,0.0,material_positive_gt_0.2,True,True,True,True,True,True,False,False,False,False,False,False,material_positive_gt_0p2,True,True,True,True,False,False,False,False,False,False,False,False,False,False
d9b829983ef95e41,1,2,17,0,-1,,-1,-1,-1,-1,-1,,,,,,-1,-1,-1,,,,-1,,,,,,,,,,,,,,no_rsm_proposal,False,False,False,False,False,False,False,False,False,False,False,False,no_rsm_proposal,False,False,False,False,False,False,False,False,False,False,False,False,False,False
dba43762ec9a571c,1,2,3,0,-1,,-1,-1,-1,-1,-1,,,,,,-1,-1,-1,,,,-1,,,,,,,,,,,,,,no_rsm_proposal,False,False,False,False,False,False,False,False,False,False,False,False,no_rsm_proposal,False,False,False,False,False,False,False,False,False,False,False,False,False,False
fefa06851c7f58a7,1,2,7,1,20,-1.232325807697454,-1,-1,-1,-1,-1,-0.1250783774858456,-0.1020220519537169,-0.0941208815872942,-0.1198045960496609,-0.1326440000919132,20,-1,-1,0.0008002046967647,-0.1090114344648386,-0.1020220519537169,-1,-0.2994055359563198,0.0219396650791168,0.0185592398047447,-0.0635835230350494,-0.0050670504570007,0.0156552046537399,0.0,0.0,0.0,0.0,0.0,0.0,0.0,catastrophe,False,True,False,False,False,True,False,True,False,False,False,False,catastrophe,False,False,False,False,False,False,False,False,False,False,False,False,False,False
185ce8f5060f5856,1,2,1,0,-1,,-1,-1,-1,-1,-1,,,,,,-1,-1,-1,,,,-1,,,,,,,,,,,,,,no_rsm_proposal,False,False,False,False,False,False,False,False,False,False,False,False,no_rsm_proposal,False,False,False,False,False,False,False,False,False,False,False,False,False,False
6b5577a2a92d5e63,1,2,14,1,4,-4.862848371267603e-05,-1,-1,-1,-1,-1,-0.1219906322737365,-0.1866524133712064,-0.186041740119498,-0.0988614840376281,-0.1103604810598931,-1,-1,-1,-0.2085284671017964,-0.1756913333971272,-0.1866524133712064,-1,-0.2189419073579723,-0.0150828659534454,-0.0150828659534454,-0.0150828659534454,-0.0150828659534454,-0.0150828659534454,0.0,0.0,0.0,0.0,0.0,0.0,0.0,mild_harm,False,False,False,False,False,True,False,False,False,False,False,False,mild_harm,False,False,False,False,False,False,False,False,False,False,False,False,False,False
6d5d40bcf2f153a8,1,2,28,1,11,0.0014631343937406,11,11,11,-1,-1,0.04693156707531,0.0283697707036176,0.0251423253017922,-0.0143834366852242,-0.0326075704198143,11,11,11,0.0191560662999111,0.0307342054884095,0.0283697707036176,11,0.0158137301081092,-0.0048410519957542,-0.0048410519957542,-0.0048410519957542,-0.0048410519957542,-0.0048410519957542,0.1376566067337989,0.0,0.0,-0.1376566067337989,0.0,0.0,0.0,positive_0.001_to_0.01,True,True,True,True,True,False,False,False,False,False,False,False,positive_0p001_to_0p01,True,True,False,False,False,False,False,True,False,True,False,False,False,False
8ce184b9fe795518,1,2,12,1,12,0.0,-1,-1,-1,-1,-1,-0.2064090888528929,-0.2064090888528929,-0.2064090888528929,-0.2064090888528929,-0.2064090888528929,-1,-1,-1,-0.2064090888528929,-0.2064090888528929,-0.2064090888528929,-1,-0.2064090888528929,0.0,0.0,0.0,0.0,0.0,0.0,0.0,0.0,0.0,0.0,0.0,0.0,mild_harm,False,False,False,False,False,True,False,False,False,False,False,False,mild_harm,False,False,False,False,False,False,False,False,False,False,False,False,False,False
ae75c379fc4f5ac0,1,2,15,1,-1,,-1,-1,-1,-1,-1,,,,,,-1,-1,-1,,,,-1,,,,,,,,,,,,,,no_rsm_proposal,False,False,False,False,False,False,False,False,False,False,False,False,no_rsm_proposal,False,False,False,False,False,False,False,False,False,False,False,False,False,False
bc30bddda7655472,1,2,17,1,-1,,-1,-1,-1,-1,-1,,,,,,-1,-1,-1,,,,-1,,,,,,,,,,,,,,no_rsm_proposal,False,False,False,False,False,False,False,False,False,False,False,False,no_rsm_proposal,False,False,False,False,False,False,False,False,False,False,False,False,False,False
ec003315c7f8544e,1,2,13,1,7,1.625132601845264,7,7,7,7,7,1.353453065244092,1.3759625949950662,1.3802273061056458,1.324177778747163,1.322915580124328,7,7,7,1.391798100229383,1.3725595350717592,1.3759625949950662,7,1.3447987357971003,0.0066832453012466,0.0066220685839653,-0.0089811235666275,0.0056031644344329,0.0065962746739387,2.7524185180664062,0.0,0.0,0.0,0.0,2.7524185180664062,0.0,material_positive_gt_0.2,True,True,True,True,True,False,False,False,False,False,False,False,material_positive_gt_0p2,True,True,True,True,False,False,False,False,False,False,False,False,False,False
f80967dcb45f5879,1,2,25,1,25,-8.79884749651616e-05,25,25,25,25,25,0.099576536580388,0.0888958325963292,0.0894936702584379,0.108766342952642,0.1066444263604324,25,25,25,0.0913312707963055,0.0889536577609895,0.0888958325963292,25,0.0409993076764014,-0.0014370828866958,-0.001434102654457,-0.0188035666942596,-0.0016813576221466,-0.001408964395523,0.0,0.0,0.0,0.0,0.0,0.0,0.0,mild_harm,True,True,True,True,True,True,False,False,False,False,False,False,mild_harm,True,True,True,True,False,False,False,False,False,False,False,False,False,False
f8295ad66d0b502a,1,2,18,1,23,0.0001384854522026,-1,-1,-1,23,-1,-0.0008499481947263,-0.1915718102200602,-0.2885484013976584,0.0013803983609046,-0.0236316154276802,-1,-1,-1,-0.4816696179100138,-0.1868692762867336,-0.1915718102200602,-1,-0.5395287739319979,-0.0838031321763992,-0.0838031321763992,-0.0838031321763992,-0.0838031321763992,-0.0838031321763992,0.0,0.0,0.0,0.0,0.0,0.0,0.0,positive_le_0.001,False,False,False,False,False,True,False,False,False,False,False,False,positive_le_0p001,False,False,True,False,False,False,True,False,False,False,False,False,False,False
00d83b17d1755be3,1,2,7,0,-1,,-1,-1,-1,-1,-1,,,,,,-1,-1,-1,,,,-1,,,,,,,,,,,,,,no_rsm_proposal,False,False,False,False,False,False,False,False,False,False,False,False,no_rsm_proposal,False,False,False,False,False,False,False,False,False,False,False,False,False,False
07f7850e943e5787,1,2,17,1,9,-0.0003208969734609,-1,-1,-1,-1,-1,-0.1973979916018529,-0.2765028196901141,-0.3172169866370247,-0.2386639117387762,-0.2223978078307862,-1,-1,-1,-0.3763676664920913,-0.27090068578807,-0.2765028196901141,-1,-0.3979038420312505,-0.0311930179595947,-0.0311930179595947,-0.0311930179595947,-0.0311930179595947,-0.0311930179595947,0.0,0.0,0.0,0.0,0.0,0.0,0.0,mild_harm,False,False,False,False,False,True,False,False,False,False,False,False,mild_harm,False,False,False,False,False,False,False,False,False,False,False,False,False,False
0bd45dc9e3a759c2,1,2,17,1,17,0.000105648253858,-1,-1,-1,-1,-1,-0.0491502720382282,-0.1650703889399865,-0.2218267055656249,-0.0281230081508005,-0.0501246572598206,-1,-1,-1,-0.2510461263659602,-0.1470995320659311,-0.1650703889399865,-1,-0.2529147195882603,-0.0351888835430145,-0.0347395241260528,-0.0321514308452606,-0.0263627469539642,-0.0344979614019393,0.0007705688476562,0.0,0.0,-0.0007705688476562,0.0,0.0,0.0,positive_le_0.001,False,False,False,False,False,False,False,False,False,False,False,False,positive_le_0p001,False,False,False,False,False,False,False,False,False,False,False,False,False,False
183eebcd18325090,1,2,12,1,22,-2.6754828193224865e-05,-1,-1,-1,-1,-1,-0.0662978432413972,-0.0742557479509426,-0.0756870312695712,-0.0615214627390255,-0.0617307848659244,-1,-1,-1,-0.07407700197011,-0.0726524005382284,-0.0742557479509426,-1,-0.0750130693429543,-0.001355841755867,-0.001355841755867,-0.001355841755867,-0.001355841755867,-0.001355841755867,0.0,0.0,0.0,0.0,0.0,0.0,0.0,mild_harm,False,False,False,False,False,True,False,False,False,False,False,False,mild_harm,False,False,False,False,False,False,False,False,False,False,False,False,False,False
19b32f02944d51ad,1,2,19,1,20,4.461837168800997e-05,-1,-1,-1,-1,-1,-0.0019317958303994,-0.2310833864620859,-0.2725775777925174,-0.2472241500319372,-0.3391224318405625,-1,-1,-1,-0.2127969820631886,-0.1949880605663626,-0.2310833864620859,-1,-0.2381714238206207,-0.0367521792650222,-0.0367521792650222,-0.0367521792650222,-0.0367521792650222,-0.0367521792650222,0.0,0.0,0.0,0.0,0.0,0.0,0.0,positive_le_0.001,False,False,False,False,False,True,False,False,False,False,False,False,positive_le_0p001,False,False,False,False,False,False,False,False,False,False,False,False,False,False
1de30d88d7e15d70,1,2,11,1,4,0.0004073154002428,-1,-1,-1,-1,-1,-0.1069080151793301,-0.1233151217970894,-0.1236711378226123,-0.1186877547142867,-0.1200638162244128,-1,-1,-1,-0.1597445596461649,-0.1273573952871544,-0.1233151217970894,-1,-0.1604791278581041,-0.0092089921236038,-0.0123031139373779,-0.0004018768668174,-0.0028823986649513,-0.0066432207822799,0.08259779214859,0.0,-0.0627179741859436,-0.0198798179626464,0.0,0.0,0.0,positive_le_0.001,False,False,False,False,False,False,False,False,False,False,False,False,positive_le_0p001,False,False,False,False,False,False,False,False,False,False,False,False,False,False
351a31864bda5923,1,2,12,1,9,-0.0003158109522206,-1,-1,-1,-1,-1,-0.1578984658755699,-0.185500720244517,-0.2738455796077042,-0.2207682531087452,-0.2374662803125925,-1,-1,-1,-0.4725213477520353,-0.1481655367320507,-0.185500720244517,-1,-0.5106422783393005,-0.0548363327980041,-0.0548373162746429,-0.0548322796821594,-0.0548971593379974,-0.0548381209373474,0.0007435083389282,0.0,0.0,0.0007435083389282,0.0,0.0,0.0,mild_harm,False,False,False,False,False,False,False,False,False,False,False,False,mild_harm,False,False,False,False,False,False,False,False,False,False,False,False,False,False
42e1302d4d595015,1,2,24,0,23,-3.214230805159701e-05,-1,-1,-1,-1,-1,-0.0238772594682052,-0.1256613677248021,-0.0868878231124678,-0.0463599674737014,-0.0446278534105719,-1,-1,-1,-0.3005314450191902,-0.0768136332718355,-0.1256613677248021,-1,-0.3220589930129388,-0.0482186824083328,-0.0482186824083328,-0.0482186824083328,-0.0451631397008895,-0.0482186824083328,0.0,0.0,0.0,0.0,0.0,0.0,0.0,mild_harm,False,False,False,False,False,True,False,False,False,False,False,False,mild_harm,False,False,False,False,False,False,False,False,False,False,False,False,False,False
436d539f02525dbf,1,2,9,1,-1,,-1,-1,-1,-1,-1,,,,,,-1,-1,-1,,,,-1,,,,,,,,,,,,,,no_rsm_proposal,False,False,False,False,False,False,False,False,False,False,False,False,no_rsm_proposal,False,False,False,False,False,False,False,False,False,False,False,False,False,False
53791dfcfb555d8b,1,2,13,0,-1,,-1,-1,-1,-1,-1,,,,,,-1,-1,-1,,,,-1,,,,,,,,,,,,,,no_rsm_proposal,False,False,False,False,False,False,False,False,False,False,False,False,no_rsm_proposal,False,False,False,False,False,False,False,False,False,False,False,False,False,False
5787abf0e35d54cf,1,2,12,1,9,-0.0003529437301916,-1,-1,-1,-1,-1,-0.1807149867705499,-0.1381113917666552,-0.130448304127657,-0.1904706398739304,-0.1837679965659275,-1,-1,-1,-0.0975212473043061,-0.1441619522878252,-0.1381113917666552,-1,-0.0875101794322647,0.0145000219345092,0.0145000219345092,0.0145000219345092,0.0145000219345092,0.0145000219345092,0.0,0.0,0.0,0.0,0.0,0.0,0.0,mild_harm,False,False,False,False,False,True,False,False,False,False,False,False,mild_harm,False,False,False,False,False,False,False,False,False,False,False,False,False,False
6a860de43c125dbf,1,2,17,1,9,0.0001310493692754,-1,-1,-1,-1,-1,-0.0207338200512709,-0.004764402157016,-0.0229366957749222,-0.0276898527803954,-0.0414385028869415,9,-1,-1,0.0951674470952277,-0.0162888042428654,-0.004764402157016,9,0.1092238325385504,0.0202006995677948,0.0201992392539978,0.0201799571514129,0.0202309787273406,0.0201807916164398,0.000714361667633,0.0,0.0,0.000714361667633,0.0,0.0,0.0,positive_le_0.001,False,True,False,False,True,False,False,True,False,False,False,True,positive_le_0p001,False,False,False,False,False,False,False,False,False,False,False,False,False,False
7b1eb807d4d95132,1,2,17,0,6,-0.0012438182294368,-1,-1,-1,-1,-1,-0.1209107235448884,-0.1191716671022293,-0.1153290875849405,-0.1252897938649129,-0.1294150996021573,-1,-1,-1,-0.1260496494257056,-0.1185791081460615,-0.1191716671022293,-1,-0.1266680657567206,-0.0008956789970397,-0.0008956789970397,-0.0008956789970397,-0.0008956789970397,-0.0008956789970397,0.0,0.0,0.0,0.0,0.0,0.0,0.0,mild_harm,False,False,False,False,False,True,False,False,False,False,False,False,mild_harm,False,False,False,False,False,False,False,False,False,False,False,False,False,False
89ec4c93349d5b58,1,2,25,1,22,-5.431908551845055e-05,22,-1,-1,22,22,0.0183105457603767,-0.046296472476176,-0.0483773345077665,0.0080711830871568,0.0150266629749249,-1,-1,-1,-0.033698237357643,-0.042227815891195,-0.046296472476176,-1,-0.0399565389702106,-0.0090647041797637,-0.0090647041797637,-0.0090647041797637,-0.0090647041797637,-0.0090647041797637,0.0,0.0,0.0,0.0,0.0,0.0,0.0,mild_harm,True,False,False,False,False,True,False,False,False,False,False,False,mild_harm,False,False,True,True,False,False,True,False,True,False,False,False,False,False
a3fff53e9f375592,1,2,6,1,-1,,-1,-1,-1,-1,-1,,,,,,-1,-1,-1,,,,-1,,,,,,,,,,,,,,no_rsm_proposal,False,False,False,False,False,False,False,False,False,False,False,False,no_rsm_proposal,False,False,False,False,False,False,False,False,False,False,False,False,False,False
a6bf958e054951f3,1,2,16,0,7,-0.0005569157022051,-1,-1,-1,-1,-1,-0.1429891229340991,-0.1853015304696896,-0.1929116677675377,-0.1488676317018086,-0.1590969478893511,-1,-1,-1,-0.2052161886612766,-0.1800799511737293,-0.1853015304696896,-1,-0.2127043226992978,-0.0108457058668136,-0.0108457058668136,-0.0108457058668136,-0.0108457058668136,-0.0108457058668136,0.0,0.0,0.0,0.0,0.0,0.0,0.0,mild_harm,False,False,False,False,False,True,False,False,False,False,False,False,mild_harm,False,False,False,False,False,False,False,False,False,False,False,False,False,False
ad9cdad9769f572f,1,2,15,1,10,-8.041050173335229e-05,-1,-1,-1,-1,-1,-0.0810169963580562,-0.0191367599226687,-0.0415064060736507,-0.140347461857919,-0.1088115524062755,-1,10,-1,-0.1451532117946166,0.002432014390377,-0.0191367599226687,-1,-0.1369239222263259,-0.0111784487962722,-0.0123538076877594,-0.0150376111268997,-0.0031671077013015,-0.0118431448936462,0.0,0.0,0.0,0.0,0.0,0.0,0.0,mild_harm,False,False,True,False,False,True,True,False,False,True,False,False,mild_harm,False,False,False,False,False,False,False,False,False,False,False,False,False,False
c2c39f197ef95b97,1,2,25,1,20,5.784040018896874e-05,-1,-1,-1,20,20,-0.001489065722496,-0.1435931626528195,-0.0897040885770221,0.0898708541237169,0.0433540251805235,-1,-1,-1,-0.1634697961207864,-0.1261684749490844,-0.1435931626528195,-1,-0.2188273033416569,-0.0282319784164428,-0.0325130075216293,-0.0370609015226364,-0.0370609015226364,-0.0334871113300323,0.0,0.0,0.0,0.0,0.0,0.0,0.0,positive_le_0.001,False,False,False,False,False,True,False,False,False,False,False,False,positive_le_0p001,False,False,True,True,False,False,True,False,True,False,False,False,False,False
cf7a886f70be5245,1,2,14,1,20,0.0004713724773375,20,20,20,20,20,0.1561014722092734,0.1715631889582172,0.2012955158975572,0.1417356278443196,0.1379746636351517,20,20,20,0.2019954305966171,0.1719087468409852,0.1715631889582172,20,0.2375639955142391,0.0079989656805992,0.0179260075092315,0.006004549562931,0.0047232955694198,0.0140479803085327,0.0,0.0,0.0,0.0,0.0,0.0,0.0,positive_le_0.001,True,True,True,True,True,True,False,False,False,False,False,False,positive_le_0p001,True,True,True,True,False,False,False,False,False,False,False,False,False,False
d7ed9fbf26d0502e,1,2,14,1,9,-0.000349602394551,-1,9,9,-1,-1,-0.1766619069746269,0.1396987924879957,0.0262687843453565,-0.0143005468846265,-0.0745282634219484,9,9,9,0.067336734362997,0.0634152417182716,0.1396987924879957,9,0.198822035145884,0.0425270795822143,0.0621465146541595,0.0763273984193801,0.0793523788452148,0.0690230727195739,0.0010555982589721,0.0,0.0,0.0010555982589721,0.0,0.0,0.0,mild_harm,False,True,True,True,True,False,False,False,False,False,False,False,mild_harm,True,True,False,False,False,False,False,True,False,True,False,False,False,False
e9922a266cc35210,1,2,1,0,-1,,-1,-1,-1,-1,-1,,,,,,-1,-1,-1,,,,-1,,,,,,,,,,,,,,no_rsm_proposal,False,False,False,False,False,False,False,False,False,False,False,False,no_rsm_proposal,False,False,False,False,False,False,False,False,False,False,False,False,False,False
eef9e53ca3eb51a8,1,2,8,0,2,-1.8450037153049488,-1,-1,-1,-1,-1,-0.3828688621139297,-0.3649356910743028,-0.2890292352218954,-0.3904830625365059,-0.4148615664364662,-1,-1,-1,-0.388237061460072,-0.3569501913958296,-0.3649356910743028,-1,-0.2727603984925253,-0.000935636460781,-0.0010551586747169,0.0343391150236129,0.0016260296106338,-0.0009593814611434,0.4270806312561035,0.0,0.0,0.0,0.0,-0.4270806312561035,0.0,catastrophe,False,False,False,False,False,False,False,False,False,False,False,False,catastrophe,False,False,False,False,False,False,False,False,False,False,False,False,False,False
f19973f839e35f20,1,2,4,1,-1,,-1,-1,-1,-1,-1,,,,,,-1,-1,-1,,,,-1,,,,,,,,,,,,,,no_rsm_proposal,False,False,False,False,False,False,False,False,False,False,False,False,no_rsm_proposal,False,False,False,False,False,False,False,False,False,False,False,False,False,False
02fca515559f520d,1,2,11,1,0,-5.087164717831882e-05,-1,-1,-1,-1,-1,-0.0846660008741357,-0.0881329978198408,-0.0885405032061209,-0.0573679770009803,-0.0553513554162216,-1,-1,-1,-0.0877844156505483,-0.087042540269036,-0.0881329978198408,-1,-0.0881596486166237,-0.0005435124039649,-0.0005435124039649,-0.0005435124039649,-0.0005435124039649,-0.0005435124039649,0.0,0.0,0.0,0.0,0.0,0.0,0.0,mild_harm,False,False,False,False,False,True,False,False,False,False,False,False,mild_harm,False,False,False,False,False,False,False,False,False,False,False,False,False,False
115efd50328f5ecc,1,2,18,1,-1,,-1,-1,-1,-1,-1,,,,,,-1,-1,-1,,,,-1,,,,,,,,,,,,,,no_rsm_proposal,False,False,False,False,False,False,False,False,False,False,False,False,no_rsm_proposal,False,False,False,False,False,False,False,False,False,False,False,False,False,False
117049ed19db55a2,1,2,20,1,25,-0.0005033181324601,-1,25,25,-1,-1,-0.0324441476478032,0.0701180593820185,0.026208889135773,-0.0130641865695388,-0.0394052946857177,25,25,25,0.082895388746623,0.0347940695530916,0.0701180593820185,25,0.0967747949516788,0.0201027989387512,0.0201027989387512,0.0201027989387512,0.0201027989387512,0.0201027989387512,0.0,0.0,0.0,0.0,0.0,0.0,0.0,mild_harm,False,True,True,True,True,True,False,False,False,False,False,False,mild_harm,True,True,False,False,False,False,False,True,False,True,False,False,False,False
2154d495b9b657a5,1,2,3,0,6,-1.220322729590535,6,6,6,6,6,1.0988049174796584,1.225349655507184,1.252228231730706,1.202203561332006,1.2417728299226798,6,6,6,1.3933854796031704,1.2027680770161324,1.225349655507184,6,1.0889295478810983,0.0513431131839752,0.0518484264612197,-0.0546877384185791,0.0473218262195587,0.0516043901443481,0.0,0.0,0.0,0.0,0.0,0.0,0.0,catastrophe,True,True,True,True,True,True,False,False,False,False,False,False,catastrophe,True,True,True,True,False,False,False,False,False,False,False,False,False,False
2c572f2c1c485fc0,1,2,16,1,-1,,-1,-1,-1,-1,-1,,,,,,-1,-1,-1,,,,-1,,,,,,,,,,,,,,no_rsm_proposal,False,False,False,False,False,False,False,False,False,False,False,False,no_rsm_proposal,False,False,False,False,False,False,False,False,False,False,False,False,False,False
3152efff212c51ff,1,2,3,1,1,-0.0102287174349422,1,1,1,1,1,0.1656855823945831,0.0761304381732563,0.0589739667320802,0.1344423439273006,0.126097940695547,1,1,1,0.0218429243092355,0.1193262557719097,0.0761304381732563,1,0.0045338306742865,-0.0250706374645233,-0.0250706374645233,-0.0250706374645233,-0.0250706374645233,-0.0250706374645233,0.0248865187168121,0.0,0.0,0.0248865187168121,0.0,0.0,0.0,mild_harm,True,True,True,True,True,False,False,False,False,False,False,False,mild_harm,True,True,True,True,False,False,False,False,False,False,False,False,False,False
327d5cdfdd695e7e,1,2,17,1,3,0.0001152485769475,3,-1,-1,3,-1,0.0656595067036951,-0.0152864076058453,-0.0389772984353674,0.0057623675200647,-0.0006155550138088,-1,3,-1,-0.1442681702614261,0.0210939177758889,-0.0152864076058453,-1,-0.169529761688886,-0.0365887731313705,-0.0365887731313705,-0.0365887731313705,-0.0365887731313705,-0.0365887731313705,0.0080458521842956,0.0,0.0,0.0080458521842956,0.0,0.0,0.0,positive_le_0.001,True,False,True,False,False,False,True,False,False,True,False,False,positive_le_0p001,False,False,True,False,False,False,True,False,False,False,False,False,False,False
64fe109ec6a858ec,1,2,24,1,14,-0.0001836422961903,-1,14,14,-1,-1,-0.0321693945919977,0.0237657856006633,0.0222752651622251,-0.0667730912672134,-0.0540132177836138,14,14,14,0.0663041509564269,0.031109450786625,0.0237657856006633,14,0.078156092670883,0.0171631723642349,0.0171631723642349,0.0171631723642349,0.0171631872653961,0.0171639025211334,0.0,0.0,0.0,0.0,0.0,0.0,0.0,mild_harm,False,True,True,True,True,True,False,False,False,False,False,False,mild_harm,True,True,False,False,False,False,False,True,False,True,False,False,False,False
6c95d9b03b7a5944,1,2,6,1,10,-0.0025507494289427,-1,10,10,-1,-1,-0.1655593154085246,0.0262612119902447,0.0305093365128857,-0.2080695674002335,-0.1711838041613293,-1,10,10,-0.0648794927423093,0.0046289650336117,0.0262612119902447,-1,-0.1814255448410749,0.0175477154552936,0.0032990872859954,-0.0285995304584503,0.0419308245182037,0.009374875575304,0.0,0.0,0.0,0.0,0.0,0.0,0.0,mild_harm,False,False,True,True,False,True,True,False,False,False,True,False,mild_harm,True,True,False,False,False,False,False,True,False,True,False,False,False,False
73963278f6eb5002,1,2,10,1,18,0.0,-1,-1,-1,-1,-1,-0.0246932967652138,-0.0246932967652138,-0.0246932967652138,-0.0246932967652138,-0.0246932967652138,-1,-1,-1,-0.0246932967652138,-0.0246932967652138,-0.0246932967652138,-1,-0.0246932967652138,0.0,0.0,0.0,0.0,0.0,0.0,0.0,0.0,0.0,0.0,0.0,0.0,mild_harm,False,False,False,False,False,True,False,False,False,False,False,False,mild_harm,False,False,False,False,False,False,False,False,False,False,False,False,False,False
799dcf813dba5d8a,1,2,6,0,4,-0.0031884899966418,-1,-1,-1,-1,-1,-0.0962346626751186,-0.7459634446522223,-0.9045355914169992,-0.5136493408766162,-0.6843173029156449,-1,-1,-1,-0.8864146222342312,-0.7934679010790597,-0.7459634446522223,-1,-1.0611028971268412,-0.1377222537994384,-0.1488365530967712,-0.154181383550167,-0.160538449883461,-0.1515653729438781,0.0365163087844848,0.0,-0.0045086145401,-0.0320076942443847,0.0,0.0,0.0,mild_harm,False,False,False,False,False,False,False,False,False,False,False,False,mild_harm,False,False,False,False,False,False,False,False,False,False,False,False,False,False
7b6dfa3d4bc553a9,1,2,15,1,15,0.0,-1,-1,-1,-1,-1,-0.0201149192399834,-0.0201149192399834,-0.0201149192399834,-0.0201149192399834,-0.0201149192399834,-1,-1,-1,-0.0201149192399834,-0.0201149192399834,-0.0201149192399834,-1,-0.0201149192399834,0.0,0.0,0.0,0.0,0.0,0.0,0.0,0.0,0.0,0.0,0.0,0.0,mild_harm,False,False,False,False,False,True,False,False,False,False,False,False,mild_harm,False,False,False,False,False,False,False,False,False,False,False,False,False,False
842b7f0b68fc5245,1,2,16,1,20,1.2322185659539886,-1,20,20,20,20,-0.0179982913582492,0.4235442811542448,0.5029583290429278,0.9535804263978198,1.1364446086984494,20,20,20,0.5615217955277393,0.3296104926519462,0.4235442811542448,20,0.5894239605318179,0.1010058522224426,0.0899009108543396,0.1015939712524414,0.1015939712524414,0.0880110263824462,0.4810148477554321,0.0,0.1648482084274292,-0.3161666393280029,0.0,0.0,0.0,material_positive_gt_0.2,False,True,True,True,True,False,False,False,False,False,False,False,material_positive_gt_0p2,True,True,True,True,False,False,False,False,False,False,False,False,False,False
86839ab67df151f2,1,2,9,1,1,7.329354990481818e-05,-1,1,1,1,1,-0.0312049786495802,0.1107359864485773,0.1362644094159364,0.0565976203648232,0.0840155482888751,1,1,1,0.0725994962522807,0.0278710659310439,0.1107359864485773,1,0.0850907861938196,0.0180923193693161,0.0180923193693161,0.0180923193693161,0.0180923193693161,0.0180923193693161,0.0,0.0,0.0,0.0,0.0,0.0,0.0,positive_le_0.001,False,True,True,True,True,True,False,False,False,False,False,False,positive_le_0p001,True,True,True,True,False,False,False,False,False,False,False,False,False,False
9a3e4f2df62b54fa,1,2,14,0,22,-0.000212181274418,-1,-1,-1,-1,-1,-0.0537527935339988,-0.0980435370648697,-0.0971399863632857,-0.0745682945188545,-0.0746829303886705,-1,-1,-1,-0.094936104887985,-0.0921217543197608,-0.0980435370648697,-1,-0.1097372930509475,-0.0071779340505599,-0.0029679462313652,0.0008540004491806,-0.0119943916797637,-0.0053666010499,0.0,0.0,0.0,0.0,0.0,0.0,0.0,mild_harm,False,False,False,False,False,True,False,False,False,False,False,False,mild_harm,False,False,False,False,False,False,False,False,False,False,False,False,False,False
a7c4607a69e55039,1,2,17,1,23,-0.0001578706935048,23,-1,-1,23,23,0.0044680114701232,-0.0230924388809705,-0.0280493261161749,0.0223193815273318,0.0523780401388601,-1,-1,-1,-0.0835456482645093,-0.0500829949786753,-0.0230924388809705,-1,-0.094136770611565,-0.0153401046991348,-0.0153401046991348,-0.0153401046991348,-0.0153401046991348,-0.0153401046991348,0.0,0.0,0.0,0.0,0.0,0.0,0.0,mild_harm,True,False,False,False,False,True,False,False,False,False,False,False,mild_harm,False,False,True,True,False,False,True,False,True,False,False,False,False,False
c608632e83a659ca,1,2,27,1,-1,,-1,-1,-1,-1,-1,,,,,,-1,-1,-1,,,,-1,,,,,,,,,,,,,,no_rsm_proposal,False,False,False,False,False,False,False,False,False,False,False,False,no_rsm_proposal,False,False,False,False,False,False,False,False,False,False,False,False,False,False
d022d382b3aa5fa1,1,2,10,1,-1,,-1,-1,-1,-1,-1,,,,,,-1,-1,-1,,,,-1,,,,,,,,,,,,,,no_rsm_proposal,False,False,False,False,False,False,False,False,False,False,False,False,no_rsm_proposal,False,False,False,False,False,False,False,False,False,False,False,False,False,False
d07acbfa3a6e55b0,1,2,17,1,3,-0.0001263671795837,-1,3,-1,-1,-1,-0.0807233144084212,0.0094706346971451,-0.0204438401926592,-0.1403434883345285,-0.1349545481079435,-1,3,3,-0.0007407029052678,0.0021519599011965,0.0094706346971451,3,0.0088840639887578,0.0139403641223907,0.0139403641223907,0.0139403641223907,0.0139403641223907,0.0139403641223907,0.0010845065116882,0.0,0.0,0.0010845065116882,0.0,0.0,0.0,mild_harm,False,False,True,True,True,False,True,False,False,False,False,False,mild_harm,True,False,False,False,False,True,False,True,False,True,False,False,False,False
e88d31e512eb52aa,1,2,23,1,20,0.0001063138395562,20,20,20,20,20,0.0002626552834332,0.0310063556021092,0.0206872535630221,0.0444652293479006,0.0322593859193918,20,20,20,0.2381493480217194,0.0236625202510412,0.0310063556021092,20,0.1869732998564237,0.0414618253707885,0.0179093778133392,0.0205675959587097,0.0415203869342803,0.0414402186870574,0.0532909035682678,0.0,0.0,0.0532909035682678,0.0,0.0,0.0,positive_le_0.001,True,True,True,True,True,False,False,False,False,False,False,False,positive_le_0p001,True,True,True,True,False,False,False,False,False,False,False,False,False,False
fc25adef73d35a71,1,2,6,1,9,-0.0005650871805846,-1,-1,-1,-1,-1,-0.135939498441378,-0.4972101559233064,-0.4319612074578061,-0.2364596775114635,-0.2435351380528494,-1,-1,-1,-0.5635179721133704,-0.4949012333212973,-0.4972101559233064,-1,-0.1534749540104012,-0.0745236277580261,0.0708946883678436,-0.0745236277580261,-0.0745236277580261,-0.0745236277580261,0.004989743232727,0.0,0.0,0.004989743232727,0.0,0.0,0.0,mild_harm,False,False,False,False,False,False,False,False,False,False,False,False,mild_harm,False,False,False,False,False,False,False,False,False,False,False,False,False,False
06f2c0171372558e,1,2,14,0,9,-0.0002192424658685,-1,-1,-1,-1,-1,-0.1318771233286076,-0.4599895177924729,-0.5345288987077781,-0.2258849647721776,-0.3190304495873585,-1,-1,-1,-0.717368137495682,-0.3996573007563748,-0.4599895177924729,-1,-0.529538886297983,-0.1020465493202209,-0.1020405888557434,-0.0488092601299285,-0.0447125732898712,-0.1020042598247528,0.0446977019309997,0.0,0.0,0.0446977019309997,0.0,0.0,0.0,mild_harm,False,False,False,False,False,False,False,False,False,False,False,False,mild_harm,False,False,False,False,False,False,False,False,False,False,False,False,False,False
1139bbb1cfe35d48,1,2,2,1,1,0.0015995440794149,-1,1,1,1,1,-0.0814229777108427,0.4872318287588291,0.3971910548062784,0.2314798900911892,0.1234783358340485,-1,1,1,-0.0684438369332016,0.4195823544337106,0.4872318287588291,1,0.4204526445944261,0.0022621750831604,-0.0065018534660339,-0.0113122761249542,0.1532727777957916,-0.0010163187980651,0.0997328758239746,0.0,-0.0001731514930725,-0.0995597243309021,0.0,0.0,0.0,positive_0.001_to_0.01,False,False,True,True,True,False,True,False,False,False,False,False,positive_0p001_to_0p01,True,True,True,True,False,False,False,False,False,False,False,False,False,False
190db336fe0e515f,1,2,4,0,9,-0.000611153855361,-1,-1,-1,9,9,-0.0146516142084714,-0.3585130737017789,-0.4353259635861989,0.0263904508260077,0.0154863876586894,-1,-1,-1,-0.3154714847307711,-0.3077159408188165,-0.3585130737017789,-1,-0.207096122318151,-0.052430585026741,-0.0331253558397293,-0.0650983303785324,0.0244356095790863,-0.00026835501194,0.1664968132972717,0.0,0.0129658579826354,0.1535309553146362,0.0,0.0,0.0,mild_harm,False,False,False,False,False,False,False,False,False,False,False,False,mild_harm,False,False,True,True,False,False,True,False,True,False,False,False,False,False
1bf5b342d1b052c3,1,2,3,0,11,-0.0001951636242678,-1,-1,-1,-1,-1,-0.0452278713839632,-0.1052499141043055,-0.0836991357665056,-0.1648753634257243,-0.0938966170384393,-1,-1,-1,-0.0386112493529339,-0.0811153349265206,-0.1052499141043055,-1,-0.0782337817577564,0.0011532306671142,0.0011324882507324,-0.0116984546184539,0.0014074742794036,0.0011143386363983,0.0002335906028747,0.0,-0.000163197517395,-7.039308547973633e-05,0.0,0.0,0.0,mild_harm,False,False,False,False,False,False,False,False,False,False,False,False,mild_harm,False,False,False,False,False,False,False,False,False,False,False,False,False,False
1da0d8dce4485189,1,2,12,0,4,-0.009133773411857,-1,-1,-1,-1,-1,-0.03300843955629,-0.0572104396823164,-0.0417364921414549,-0.0509216234396961,-0.0422437852988042,-1,-1,-1,-0.1129114678111493,-0.0519314006345204,-0.0572104396823164,-1,-0.1506445723912408,-0.013926476240158,-0.0208109617233276,-0.0241927504539489,-0.013926476240158,-0.013926476240158,0.0,0.0,0.0,0.0,0.0,0.0,0.0,mild_harm,False,False,False,False,False,True,False,False,False,False,False,False,mild_harm,False,False,False,False,False,False,False,False,False,False,False,False,False,False
21f2c3689d765b09,1,2,1,1,-1,,-1,-1,-1,-1,-1,,,,,,-1,-1,-1,,,,-1,,,,,,,,,,,,,,no_rsm_proposal,False,False,False,False,False,False,False,False,False,False,False,False,no_rsm_proposal,False,False,False,False,False,False,False,False,False,False,False,False,False,False
234440ab79d55e59,1,2,18,0,-1,,-1,-1,-1,-1,-1,,,,,,-1,-1,-1,,,,-1,,,,,,,,,,,,,,no_rsm_proposal,False,False,False,False,False,False,False,False,False,False,False,False,no_rsm_proposal,False,False,False,False,False,False,False,False,False,False,False,False,False,False
2ababb1ca1ba5637,1,2,17,1,3,0.0001287251278991,3,3,3,3,3,0.037354415372685,0.2470898695618227,0.2096202495999385,0.1007795476216533,0.0242388539205571,3,3,3,0.0945873340191348,0.222193086714777,0.2470898695618227,3,0.1014745298254134,0.0099752694368362,0.0099752694368362,0.0099752694368362,0.0099752694368362,0.0099752694368362,0.0014176964759826,0.0,0.0,0.0014176964759826,0.0,0.0,0.0,positive_le_0.001,True,True,True,True,True,False,False,False,False,False,False,False,positive_le_0p001,True,True,True,True,False,False,False,False,False,False,False,False,False,False
3c6c3ba8c08e581a,1,2,16,1,-1,,-1,-1,-1,-1,-1,,,,,,-1,-1,-1,,,,-1,,,,,,,,,,,,,,no_rsm_proposal,False,False,False,False,False,False,False,False,False,False,False,False,no_rsm_proposal,False,False,False,False,False,False,False,False,False,False,False,False,False,False
59b8dea90c1b5499,1,2,17,1,3,0.001022456206428,3,3,3,3,3,0.0387081564764262,0.0257881280728049,0.0440054964395566,0.0263824214600563,0.0091752689326549,-1,3,3,-0.0566416812847069,0.0228866382847068,0.0257881280728049,-1,-0.008363100768844,-0.0166187584400177,-0.0172294080257415,-0.0100002586841583,-0.0010733902454376,-0.0173824727535247,0.0017210245132446,0.0,0.0,0.0017210245132446,0.0,0.0,0.0,positive_0.001_to_0.01,True,False,True,True,False,False,True,False,False,False,True,False,positive_0p001_to_0p01,True,True,True,True,False,False,False,False,False,False,False,False,False,False
68e20734e9415e24,1,2,4,1,9,-8.91803213395187e-05,-1,-1,-1,-1,-1,-0.0809014213684233,-0.3052481484066827,-0.3300712963086063,-0.2774395295102105,-0.3002939411855751,-1,-1,-1,-0.2004846421639338,-0.3620190064893147,-0.3052481484066827,-1,-0.2148745677458439,-0.0208424180746078,-0.0208424180746078,-0.0208424180746078,-0.0208424180746078,-0.0208424180746078,0.0,0.0,0.0,0.0,0.0,0.0,0.0,mild_harm,False,False,False,False,False,True,False,False,False,False,False,False,mild_harm,False,False,False,False,False,False,False,False,False,False,False,False,False,False
742976289d405b0d,1,2,17,0,-1,,-1,-1,-1,-1,-1,,,,,,-1,-1,-1,,,,-1,,,,,,,,,,,,,,no_rsm_proposal,False,False,False,False,False,False,False,False,False,False,False,False,no_rsm_proposal,False,False,False,False,False,False,False,False,False,False,False,False,False,False
091cae980d54535d,2,3,17,0,20,-0.0001110662376973,-1,20,20,-1,-1,-0.0828387147940788,0.071117293020389,0.0848914387093793,-0.0099508808082318,-0.0092250884066743,-1,20,20,-0.0534426447782213,0.0532097805937679,0.071117293020389,-1,-0.0118885415473455,0.0055984482169151,0.0032430961728096,0.0312303304672241,-0.0210372507572174,0.0004387497901916,0.0,0.0,0.0,0.0,0.0,0.0,0.0,mild_harm,False,False,True,True,False,True,True,False,False,False,True,False,mild_harm,True,True,False,False,False,False,False,True,False,True,False,False,False,False
0aea8543e71b5712,2,3,15,1,22,0.0,-1,-1,-1,-1,-1,-0.0435978229130641,-0.0435978229130641,-0.0435978229130641,-0.0435978229130641,-0.0435978229130641,-1,-1,-1,-0.0435978229130641,-0.0435978229130641,-0.0435978229130641,-1,-0.0435978229130641,0.0,0.0,0.0,0.0,0.0,0.0,0.0,0.0,0.0,0.0,0.0,0.0,mild_harm,False,False,False,False,False,True,False,False,False,False,False,False,mild_harm,False,False,False,False,False,False,False,False,False,False,False,False,False,False
122436b1207258bf,2,3,19,1,2,1.2323318207158476,2,2,2,2,2,0.0083052938862351,0.0587109015642085,0.094844851017506,0.0689333635446085,0.0971381812282002,2,2,2,0.0857090773090261,0.0574286480341551,0.0587109015642085,2,0.0940945946112487,0.0147414803504943,0.0147414803504943,0.0147414803504943,0.0147414803504943,0.0147414803504943,0.0365416407585144,0.0,-0.000303030014038,-0.0362386107444763,0.0,0.0,0.0,material_positive_gt_0.2,True,True,True,True,True,False,False,False,False,False,False,False,material_positive_gt_0p2,True,True,True,True,False,False,False,False,False,False,False,False,False,False
1bd7b3ce5adf5826,2,3,17,1,-1,,-1,-1,-1,-1,-1,,,,,,-1,-1,-1,,,,-1,,,,,,,,,,,,,,no_rsm_proposal,False,False,False,False,False,False,False,False,False,False,False,False,no_rsm_proposal,False,False,False,False,False,False,False,False,False,False,False,False,False,False
581836f4f4365cc8,2,3,18,1,1,-0.0003538411187793,1,1,1,1,1,0.1195246539136664,0.2448529172290177,0.2690150123879753,0.2986143556138345,0.3758286261593558,1,1,1,0.3151813725173979,0.2216729306937011,0.2448529172290177,1,0.3363851880396085,0.0372626185417175,0.0372629165649414,0.0372613817453384,0.0372530817985534,0.0373207032680511,0.0565224885940551,0.0,0.0565224885940551,0.0,0.0,0.0,0.0,mild_harm,True,True,True,True,True,False,False,False,False,False,False,False,mild_harm,True,True,True,True,False,False,False,False,False,False,False,False,False,False
70b54ac4d8ae56de,2,3,1,1,-1,,-1,-1,-1,-1,-1,,,,,,-1,-1,-1,,,,-1,,,,,,,,,,,,,,no_rsm_proposal,False,False,False,False,False,False,False,False,False,False,False,False,no_rsm_proposal,False,False,False,False,False,False,False,False,False,False,False,False,False,False
72eb13d3a4255179,2,3,1,0,-1,,-1,-1,-1,-1,-1,,,,,,-1,-1,-1,,,,-1,,,,,,,,,,,,,,no_rsm_proposal,False,False,False,False,False,False,False,False,False,False,False,False,no_rsm_proposal,False,False,False,False,False,False,False,False,False,False,False,False,False,False
7fc2b30cb72a5d56,2,3,9,0,-1,,-1,-1,-1,-1,-1,,,,,,-1,-1,-1,,,,-1,,,,,,,,,,,,,,no_rsm_proposal,False,False,False,False,False,False,False,False,False,False,False,False,no_rsm_proposal,False,False,False,False,False,False,False,False,False,False,False,False,False,False
83aa0b7439d45dd8,2,3,5,1,-1,,-1,-1,-1,-1,-1,,,,,,-1,-1,-1,,,,-1,,,,,,,,,,,,,,no_rsm_proposal,False,False,False,False,False,False,False,False,False,False,False,False,no_rsm_proposal,False,False,False,False,False,False,False,False,False,False,False,False,False,False
8675d815740a5a0b,2,3,22,1,-1,,-1,-1,-1,-1,-1,,,,,,-1,-1,-1,,,,-1,,,,,,,,,,,,,,no_rsm_proposal,False,False,False,False,False,False,False,False,False,False,False,False,no_rsm_proposal,False,False,False,False,False,False,False,False,False,False,False,False,False,False
9070daa02ad0542c,2,3,3,1,-1,,-1,-1,-1,-1,-1,,,,,,-1,-1,-1,,,,-1,,,,,,,,,,,,,,no_rsm_proposal,False,False,False,False,False,False,False,False,False,False,False,False,no_rsm_proposal,False,False,False,False,False,False,False,False,False,False,False,False,False,False
9771a60ee60a5d27,2,3,5,0,-1,,-1,-1,-1,-1,-1,,,,,,-1,-1,-1,,,,-1,,,,,,,,,,,,,,no_rsm_proposal,False,False,False,False,False,False,False,False,False,False,False,False,no_rsm_proposal,False,False,False,False,False,False,False,False,False,False,False,False,False,False
9c2eb9c5b45f522b,2,3,29,1,25,3.822718737644948e-05,25,25,25,25,25,0.0314038892875305,0.0606324718086347,0.0632474964487486,0.0466878257242898,0.0455602740081844,25,25,25,0.0724436347139971,0.0559832371115171,0.0606324718086347,25,0.0778754370900409,0.0078159570693969,0.0078159570693969,0.0081597566604614,0.0078159570693969,0.0078159570693969,0.0002769231796264,0.0,-0.0001053810119628,-0.0001715421676635,0.0,0.0,0.0,positive_le_0.001,True,True,True,True,True,False,False,False,False,False,False,False,positive_le_0p001,True,True,True,True,False,False,False,False,False,False,False,False,False,False
bb1419c18f39553e,2,3,21,1,22,0.0,-1,-1,-1,-1,-1,-0.0163203631149918,-0.0163203631149918,-0.0163203631149918,-0.0163203631149918,-0.0163203631149918,-1,-1,-1,-0.0163203631149918,-0.0163203631149918,-0.0163203631149918,-1,-0.0163203631149918,0.0,0.0,0.0,0.0,0.0,0.0,0.0,0.0,0.0,0.0,0.0,0.0,mild_harm,False,False,False,False,False,True,False,False,False,False,False,False,mild_harm,False,False,False,False,False,False,False,False,False,False,False,False,False,False
c56712e13eb759f5,2,3,1,0,-1,,-1,-1,-1,-1,-1,,,,,,-1,-1,-1,,,,-1,,,,,,,,,,,,,,no_rsm_proposal,False,False,False,False,False,False,False,False,False,False,False,False,no_rsm_proposal,False,False,False,False,False,False,False,False,False,False,False,False,False,False
b003a3bfbdb252e3,2,3,10,1,26,0.9897842141886242,-1,-1,-1,-1,-1,-0.0155039960133826,-0.0461792262757812,-0.0489236783314298,-0.0219025733681969,-0.0355677967929678,-1,-1,-1,-0.0070654096105382,-0.0090273440999633,-0.0461792262757812,26,0.0143015583737696,0.0016071200370788,0.0016071200370788,0.0087130963802337,0.0016071051359176,0.0016071200370788,0.0,0.0,0.0,0.0,0.0,0.0,0.0,material_positive_gt_0.2,False,False,False,False,True,True,False,False,False,False,False,True,material_positive_gt_0p2,False,False,False,False,False,False,False,False,False,False,True,True,True,True
0f9ba65f3e2e5c1d,2,3,2,0,25,-0.000127998102426,-1,-1,-1,-1,-1,-0.0426836959358416,-0.030062490243157,-0.0364090016305864,-0.047109140013739,-0.0468877853442176,-1,-1,-1,-0.0358780819078906,-0.0200822972357884,-0.030062490243157,-1,-0.0351407406715665,0.0012961328029632,0.0012961328029632,0.0012961328029632,0.0012961328029632,0.0012961328029632,0.0,0.0,0.0,0.0,0.0,0.0,0.0,mild_harm,False,False,False,False,False,True,False,False,False,False,False,False,mild_harm,False,False,False,False,False,False,False,False,False,False,False,False,False,False
2709051d421d536a,2,3,26,1,27,-1.0131592304229995e-05,-1,-1,-1,-1,-1,-0.023258277164851,-0.0433190547249523,-0.0381931482593504,-0.0280197101827512,-0.0317547377544116,-1,-1,-1,-0.0502154603891989,-0.0415075937596191,-0.0433190547249523,-1,-0.0531358187309151,-0.0051339641213417,-0.0051339641213417,-0.0051339641213417,-0.0051339641213417,-0.0051339641213417,0.0,0.0,0.0,0.0,0.0,0.0,0.0,mild_harm,False,False,False,False,False,True,False,False,False,False,False,False,mild_harm,False,False,False,False,False,False,False,False,False,False,False,False,False,False
2bf633d593a957ad,2,3,11,1,-1,,-1,-1,-1,-1,-1,,,,,,-1,-1,-1,,,,-1,,,,,,,,,,,,,,no_rsm_proposal,False,False,False,False,False,False,False,False,False,False,False,False,no_rsm_proposal,False,False,False,False,False,False,False,False,False,False,False,False,False,False
2cfe30b626795e99,2,3,7,1,10,-0.1894030885848565,-1,10,10,-1,-1,-0.0462179988098548,0.0347409042218775,0.0658968782067651,-0.1040804734290122,-0.1065738699877488,10,10,10,0.4749458293611887,0.036997634585378,0.0347409042218775,10,0.3344112317550615,0.0992550924420356,0.0562966987490654,0.0013141743838787,0.0117518380284309,0.0616981387138366,0.0,0.0,0.0,0.0,0.0,0.0,0.0,mild_harm,False,True,True,True,True,True,False,False,False,False,False,False,mild_harm,True,True,False,False,False,False,False,True,False,True,False,False,False,False
4a42412827f55dc1,2,3,16,1,24,0.0,-1,-1,-1,-1,-1,-0.0513179274493684,-0.0513179274493684,-0.0513179274493684,-0.0513179274493684,-0.0513179274493684,-1,-1,-1,-0.0513179274493684,-0.0513179274493684,-0.0513179274493684,-1,-0.0513179274493684,0.0,0.0,0.0,0.0,0.0,0.0,0.0,0.0,0.0,0.0,0.0,0.0,mild_harm,False,False,False,False,False,True,False,False,False,False,False,False,mild_harm,False,False,False,False,False,False,False,False,False,False,False,False,False,False
60183447caa4548b,2,3,17,1,3,-6.448373179882786e-05,-1,-1,-1,-1,-1,-0.0292456942196047,-0.0330511546458773,-0.0441959369185249,-0.0454541480933796,-0.0345474616270299,-1,-1,-1,-0.0370383039263299,-0.0322831310434455,-0.0330511546458773,-1,-0.0378825176141086,-0.0014840960502624,-0.0014840960502624,-0.0014840960502624,-0.0014840960502624,-0.0014840960502624,0.0,0.0,0.0,0.0,0.0,0.0,0.0,mild_harm,False,False,False,False,False,True,False,False,False,False,False,False,mild_harm,False,False,False,False,False,False,False,False,False,False,False,False,False,False
618892326e0c530e,2,3,24,0,17,-1.1183486133825582e-05,-1,-1,-1,-1,-1,-0.0232513731824947,-0.0414603997983847,-0.0558710869752778,-0.0182235698001627,-0.0224123025629519,-1,-1,-1,-0.0501116443018647,-0.0384449096466662,-0.0414603997983847,-1,-0.053021513790949,-0.0051155090332031,-0.0051155090332031,-0.0051155090332031,-0.0051155090332031,-0.0051155090332031,0.0,0.0,0.0,0.0,0.0,0.0,0.0,mild_harm,False,False,False,False,False,True,False,False,False,False,False,False,mild_harm,False,False,False,False,False,False,False,False,False,False,False,False,False,False
63d0c4a8acfa5fc2,2,3,1,0,-1,,-1,-1,-1,-1,-1,,,,,,-1,-1,-1,,,,-1,,,,,,,,,,,,,,no_rsm_proposal,False,False,False,False,False,False,False,False,False,False,False,False,no_rsm_proposal,False,False,False,False,False,False,False,False,False,False,False,False,False,False
8aeb517756f55681,2,3,14,1,15,1.1431345063428466e-05,15,15,15,15,15,0.0121517506648763,0.0197713834559477,0.018773269984234,0.0074557471768725,0.000680680878024,15,15,15,0.0041451370714972,0.0208512658251847,0.0197713834559477,15,0.003277751962288,-0.0015248507261276,-0.0015248507261276,-0.0015248507261276,-0.0015248507261276,-0.0015248507261276,0.0,0.0,0.0,0.0,0.0,0.0,0.0,positive_le_0.001,True,True,True,True,True,True,False,False,False,False,False,False,positive_le_0p001,True,True,True,True,False,False,False,False,False,False,False,False,False,False
ab77602df4a154f7,2,3,11,1,10,-0.0001715479505914,-1,-1,-1,-1,-1,-0.007018929752632,-0.007033580188967,-0.0070020095605199,-0.0033808782855591,-0.0037323854413574,-1,-1,-1,-0.0072801939433449,-0.0068722034536157,-0.007033580188967,-1,-0.007308483081222,-4.975497722625733e-05,-4.975497722625733e-05,-4.975497722625733e-05,-4.975497722625733e-05,-4.975497722625733e-05,0.0,0.0,0.0,0.0,0.0,0.0,0.0,mild_harm,False,False,False,False,False,True,False,False,False,False,False,False,mild_harm,False,False,False,False,False,False,False,False,False,False,False,False,False,False
acdcf9be0fc85495,2,3,23,1,13,1.6302977381565595e-05,-1,-1,-1,-1,-1,-0.0429481633970208,-0.0800815959373688,-0.0824387626829236,-0.0412334828645488,-0.0383204604064751,-1,-1,-1,-0.08682064833578,-0.0796186996020102,-0.0800815959373688,-1,-0.0915735242017381,-0.0083554685115814,-0.0083554685115814,-0.0083554685115814,-0.0083554685115814,-0.0083554685115814,0.0,0.0,0.0,0.0,0.0,0.0,0.0,positive_le_0.001,False,False,False,False,False,True,False,False,False,False,False,False,positive_le_0p001,False,False,False,False,False,False,False,False,False,False,False,False,False,False
be58ded948ea5c00,2,3,4,0,2,-0.0012929431468249,2,2,2,2,2,0.2078273450436763,0.268733666313422,0.2761760629296121,0.1882029466554675,0.2036088944516866,2,2,2,0.1846053166581475,0.2766280676629217,0.268733666313422,2,0.1820896182655407,-0.0044226050376892,-0.0044226050376892,-0.0044226050376892,-0.0044226050376892,-0.0044226050376892,0.0027209818363189,0.0,0.0,-0.0027209818363189,0.0,0.0,0.0,mild_harm,True,True,True,True,True,False,False,False,False,False,False,False,mild_harm,True,True,True,True,False,False,False,False,False,False,False,False,False,False
d74df20dba705137,2,3,19,1,23,-8.57298430055383e-05,-1,-1,-1,-1,-1,-0.0710939177998981,-0.078847294481117,-0.0794694887566996,-0.0668003479249306,-0.0659975674653026,-1,-1,-1,-0.080018864335723,-0.0783123272210577,-0.078847294481117,-1,-0.0809857324406896,-0.0016997456550598,-0.0016997456550598,-0.0016997456550598,-0.0016997456550598,-0.0016997456550598,0.0,0.0,0.0,0.0,0.0,0.0,0.0,mild_harm,False,False,False,False,False,True,False,False,False,False,False,False,mild_harm,False,False,False,False,False,False,False,False,False,False,False,False,False,False
ec0f4f7c37615b20,2,3,5,0,2,-0.7737388310596343,-1,-1,-1,-1,-1,-0.2884811745154493,-0.4791516273376632,-0.3418836819899229,-0.512573340724688,-0.3719563521723751,-1,-1,-1,-0.4507578704297284,-0.4466370275326168,-0.4791516273376632,-1,-0.4683379313255245,-0.0309054255485534,-0.0309054255485534,-0.0309054255485534,-0.0309054255485534,-0.0309054255485534,0.0,0.0,0.0,0.0,0.0,0.0,0.0,catastrophe,False,False,False,False,False,True,False,False,False,False,False,False,catastrophe,False,False,False,False,False,False,False,False,False,False,False,False,False,False
ec57eef8dffd515e,2,3,1,0,-1,,-1,-1,-1,-1,-1,,,,,,-1,-1,-1,,,,-1,,,,,,,,,,,,,,no_rsm_proposal,False,False,False,False,False,False,False,False,False,False,False,False,no_rsm_proposal,False,False,False,False,False,False,False,False,False,False,False,False,False,False
f73c53f115a550d5,2,3,17,1,-1,,-1,-1,-1,-1,-1,,,,,,-1,-1,-1,,,,-1,,,,,,,,,,,,,,no_rsm_proposal,False,False,False,False,False,False,False,False,False,False,False,False,no_rsm_proposal,False,False,False,False,False,False,False,False,False,False,False,False,False,False
06f8d2f6dca3537c,2,3,6,0,-1,,-1,-1,-1,-1,-1,,,,,,-1,-1,-1,,,,-1,,,,,,,,,,,,,,no_rsm_proposal,False,False,False,False,False,False,False,False,False,False,False,False,no_rsm_proposal,False,False,False,False,False,False,False,False,False,False,False,False,False,False
79e0120026c25eed,2,3,2,1,-1,,-1,-1,-1,-1,-1,,,,,,-1,-1,-1,,,,-1,,,,,,,,,,,,,,no_rsm_proposal,False,False,False,False,False,False,False,False,False,False,False,False,no_rsm_proposal,False,False,False,False,False,False,False,False,False,False,False,False,False,False
884e1c90e87b5fab,2,3,16,1,7,-2.0925029926001974e-05,-1,7,7,-1,-1,-0.0005398697315348,0.0869370601458162,0.0241932182791032,-0.0513854708008967,-0.0447685524214393,-1,7,7,-0.1236424874699844,0.1427264308832613,0.0869370601458162,-1,-0.1369786295669316,-0.0234447568655014,-0.0234447568655014,-0.0234447568655014,-0.0234447568655014,-0.0234447568655014,0.0018274188041687,0.0,0.0,0.0018274188041687,0.0,0.0,0.0,mild_harm,False,False,True,True,False,False,True,False,False,False,True,False,mild_harm,True,True,False,False,False,False,False,True,False,True,False,False,False,False
8c1a6d183a275d96,2,3,12,0,-1,,-1,-1,-1,-1,-1,,,,,,-1,-1,-1,,,,-1,,,,,,,,,,,,,,no_rsm_proposal,False,False,False,False,False,False,False,False,False,False,False,False,no_rsm_proposal,False,False,False,False,False,False,False,False,False,False,False,False,False,False
bd8986c6178e5d2a,2,3,1,0,-1,,-1,-1,-1,-1,-1,,,,,,-1,-1,-1,,,,-1,,,,,,,,,,,,,,no_rsm_proposal,False,False,False,False,False,False,False,False,False,False,False,False,no_rsm_proposal,False,False,False,False,False,False,False,False,False,False,False,False,False,False
c1dd6c577b0f573a,2,3,5,0,1,-0.2477531754664172,-1,-1,-1,-1,-1,-0.1784255359785993,-0.1510991732375892,-0.1457254136088709,-0.191777508852443,-0.1918018664057512,-1,-1,-1,-0.0405109028488038,-0.1543125770607625,-0.1510991732375892,-1,-0.1179845773087693,0.0262656956911087,0.0113043636083602,0.0063932463526725,0.0063932463526725,0.0111700445413589,0.0,0.0,0.0,0.0,0.0,0.0,0.0,mild_harm,False,False,False,False,False,True,False,False,False,False,False,False,mild_harm,False,False,False,False,False,False,False,False,False,False,False,False,False,False
d1d6c7f48e6d5708,2,3,15,0,-1,,-1,-1,-1,-1,-1,,,,,,-1,-1,-1,,,,-1,,,,,,,,,,,,,,no_rsm_proposal,False,False,False,False,False,False,False,False,False,False,False,False,no_rsm_proposal,False,False,False,False,False,False,False,False,False,False,False,False,False,False
0fd565e4e40058b8,2,3,15,1,-1,,-1,-1,-1,-1,-1,,,,,,-1,-1,-1,,,,-1,,,,,,,,,,,,,,no_rsm_proposal,False,False,False,False,False,False,False,False,False,False,False,False,no_rsm_proposal,False,False,False,False,False,False,False,False,False,False,False,False,False,False
25708e54a75c59eb,2,3,17,0,-1,,-1,-1,-1,-1,-1,,,,,,-1,-1,-1,,,,-1,,,,,,,,,,,,,,no_rsm_proposal,False,False,False,False,False,False,False,False,False,False,False,False,no_rsm_proposal,False,False,False,False,False,False,False,False,False,False,False,False,False,False
321b3f53510c5059,2,3,7,1,-1,,-1,-1,-1,-1,-1,,,,,,-1,-1,-1,,,,-1,,,,,,,,,,,,,,no_rsm_proposal,False,False,False,False,False,False,False,False,False,False,False,False,no_rsm_proposal,False,False,False,False,False,False,False,False,False,False,False,False,False,False
3e07748ebae855b8,2,3,12,1,23,-2.1420662570744223e-05,-1,-1,-1,-1,-1,-0.0399101618158537,-0.0636499335538902,-0.0628013097104926,-0.0350826552346589,-0.0373343877898998,-1,-1,-1,-0.0457169832165356,-0.0600919001320397,-0.0636499335538902,-1,-0.0366610431517016,-0.0011059045791625,-0.0010147541761398,0.0022695064544677,-0.0011967122554779,-0.0010251849889755,0.000775933265686,0.0,0.0,0.000775933265686,0.0,0.0,0.0,mild_harm,False,False,False,False,False,False,False,False,False,False,False,False,mild_harm,False,False,False,False,False,False,False,False,False,False,False,False,False,False
46f297276986585b,2,3,4,0,-1,,-1,-1,-1,-1,-1,,,,,,-1,-1,-1,,,,-1,,,,,,,,,,,,,,no_rsm_proposal,False,False,False,False,False,False,False,False,False,False,False,False,no_rsm_proposal,False,False,False,False,False,False,False,False,False,False,False,False,False,False
4d6fb0d27a0f51ce,2,3,7,1,-1,,-1,-1,-1,-1,-1,,,,,,-1,-1,-1,,,,-1,,,,,,,,,,,,,,no_rsm_proposal,False,False,False,False,False,False,False,False,False,False,False,False,no_rsm_proposal,False,False,False,False,False,False,False,False,False,False,False,False,False,False
5583fb05984f5685,2,3,17,0,2,-0.0004475013362128,-1,-1,-1,-1,-1,-0.069918146166556,-0.1799078325110875,-0.1897483966175087,-0.1068254434732693,-0.1156108325156513,-1,-1,-1,-0.1438359167268778,-0.1580252706696195,-0.1799078325110875,-1,-0.333599791579081,-0.0140775591135025,-0.0134239643812179,-0.0677612125873565,-0.036207765340805,-0.0127577632665634,0.0021678805351257,0.0,0.0,-0.0021678805351257,0.0,0.0,0.0,mild_harm,False,False,False,False,False,False,False,False,False,False,False,False,mild_harm,False,False,False,False,False,False,False,False,False,False,False,False,False,False
97b8db1dfd4f5fb3,2,3,18,1,-1,,-1,-1,-1,-1,-1,,,,,,-1,-1,-1,,,,-1,,,,,,,,,,,,,,no_rsm_proposal,False,False,False,False,False,False,False,False,False,False,False,False,no_rsm_proposal,False,False,False,False,False,False,False,False,False,False,False,False,False,False
edf9d12992c9551c,2,3,16,1,13,0.0,-1,-1,-1,-1,-1,-0.0381130042309453,-0.0381130042309453,-0.0381130042309453,-0.0381130042309453,-0.0381130042309453,-1,-1,-1,-0.0381130042309453,-0.0381130042309453,-0.0381130042309453,-1,-0.0381130042309453,0.0,0.0,0.0,0.0,0.0,0.0,0.0,0.0,0.0,0.0,0.0,0.0,mild_harm,False,False,False,False,False,True,False,False,False,False,False,False,mild_harm,False,False,False,False,False,False,False,False,False,False,False,False,False,False
f94f2bcde8345a9a,2,3,3,0,15,0.0,-1,-1,-1,-1,-1,-0.0521806319378804,-0.0521806319378804,-0.0521806319378804,-0.0521806319378804,-0.0521806319378804,-1,-1,-1,-0.0521806319378804,-0.0521806319378804,-0.0521806319378804,-1,-0.0521806319378804,0.0,0.0,0.0,0.0,0.0,0.0,0.0,0.0,0.0,0.0,0.0,0.0,mild_harm,False,False,False,False,False,True,False,False,False,False,False,False,mild_harm,False,False,False,False,False,False,False,False,False,False,False,False,False,False
0bb64f8f31ba5310,2,3,17,1,-1,,-1,-1,-1,-1,-1,,,,,,-1,-1,-1,,,,-1,,,,,,,,,,,,,,no_rsm_proposal,False,False,False,False,False,False,False,False,False,False,False,False,no_rsm_proposal,False,False,False,False,False,False,False,False,False,False,False,False,False,False
440a7c7dd1395be4,2,3,17,1,22,0.0054980933307104,22,-1,-1,-1,-1,0.0795708657337044,-0.3292373307977023,-0.2880577384674985,-0.2620574050805998,-0.14407517238524,22,-1,-1,0.0139493502294455,-0.3621846694131864,-0.3292373307977023,22,0.0068403420813801,-0.0124975442886352,-0.0124975442886352,-0.0124975442886352,-0.0124975442886352,-0.0124975442886352,0.0,0.0,0.0,0.0,0.0,0.0,0.0,positive_0.001_to_0.01,True,True,False,False,True,True,False,True,False,False,False,True,positive_0p001_to_0p01,False,False,False,False,False,False,False,False,False,False,False,False,False,False
630c3828efa0518a,2,3,17,0,-1,,-1,-1,-1,-1,-1,,,,,,-1,-1,-1,,,,-1,,,,,,,,,,,,,,no_rsm_proposal,False,False,False,False,False,False,False,False,False,False,False,False,no_rsm_proposal,False,False,False,False,False,False,False,False,False,False,False,False,False,False
66a39f4cabc85bc4,2,3,14,1,6,-1.1789312648981811,-1,-1,-1,-1,-1,-0.1420243259542746,-0.3277131728170623,-0.3713476760829176,-0.5042808376979471,-0.4583721117122452,-1,-1,-1,-0.289250709350438,-0.31896968863397,-0.3277131728170623,-1,-0.4917222786575441,-0.0280390977859497,-0.0133541077375411,-0.0625989437103271,-0.1052023768424987,-0.0173608362674713,0.2143023014068603,0.0,-0.1879766583442688,-0.0263256430625915,0.0,0.0,0.0,catastrophe,False,False,False,False,False,False,False,False,False,False,False,False,catastrophe,False,False,False,False,False,False,False,False,False,False,False,False,False,False
684af4044c445d01,2,3,4,1,9,-6.066455971449631e-05,-1,-1,-1,-1,-1,-0.073074162374607,-0.1894266042844493,-0.2042389714084927,-0.1113875787251126,-0.1366694924225215,-1,-1,-1,-0.0464305661769243,-0.2088476362561883,-0.1894266042844493,-1,-0.0435440587872775,0.0050742626190185,0.0050742626190185,0.0050742626190185,0.0050742626190185,0.0050742626190185,0.0038952827453613,0.0,0.0,0.0038952827453613,0.0,0.0,0.0,mild_harm,False,False,False,False,False,False,False,False,False,False,False,False,mild_harm,False,False,False,False,False,False,False,False,False,False,False,False,False,False
69f12cf621135ce3,2,3,17,1,-1,,-1,-1,-1,-1,-1,,,,,,-1,-1,-1,,,,-1,,,,,,,,,,,,,,no_rsm_proposal,False,False,False,False,False,False,False,False,False,False,False,False,no_rsm_proposal,False,False,False,False,False,False,False,False,False,False,False,False,False,False
71589a780d925ed6,2,3,17,1,3,0.9912868022998796,-1,-1,-1,-1,-1,-0.0028363543421509,-0.153172021272335,-0.1494833000468097,-0.1261613393032258,-0.0859212172427471,-1,-1,-1,-0.2326125656805251,-0.1397231727338878,-0.153172021272335,-1,-0.0027198203037241,-0.0437606275081634,-0.0438746511936187,0.045316994190216,-0.0432861745357513,-0.0438657402992248,0.0070807933807373,0.0,0.0,0.0070807933807373,0.0,0.0,0.0,material_positive_gt_0.2,False,False,False,False,False,False,False,False,False,False,False,False,material_positive_gt_0p2,False,False,False,False,False,False,False,False,False,False,True,True,True,True
7c39359aaa345e52,2,3,11,1,9,0.0004377499253883,-1,-1,-1,-1,-1,-0.0793108745568912,-0.1543793772885482,-0.1569103179967686,-0.1555957603950701,-0.1436828754730449,-1,-1,-1,-0.1902704371943588,-0.1435045955824991,-0.1543793772885482,-1,-0.2022910628961433,-0.0211321413516998,-0.0211321115493774,-0.0211321413516998,-0.0211321711540222,-0.0211321115493774,0.1122954189777374,0.0,0.0,-0.1122954189777374,0.0,0.0,0.0,positive_le_0.001,False,False,False,False,False,False,False,False,False,False,False,False,positive_le_0p001,False,False,False,False,False,False,False,False,False,False,False,False,False,False
93ccd00db2005d2d,2,3,17,1,-1,,-1,-1,-1,-1,-1,,,,,,-1,-1,-1,,,,-1,,,,,,,,,,,,,,no_rsm_proposal,False,False,False,False,False,False,False,False,False,False,False,False,no_rsm_proposal,False,False,False,False,False,False,False,False,False,False,False,False,False,False
a1c64a274ecc54b0,2,3,1,1,20,9.327751190868484e-05,-1,20,-1,-1,-1,-0.019394977721152,0.0091903716179913,-0.0137647771856596,-0.0422797705102004,-0.0261078580532249,20,20,20,0.0652187406163927,0.0130605850052732,0.0091903716179913,20,0.015055359315102,0.016114592552185,0.0061995089054107,0.0070950835943222,0.007178708910942,0.0027723312377929,0.0002772808074951,0.0,0.0,0.0002772808074951,0.0,0.0,0.0,positive_le_0.001,False,True,True,True,True,False,False,False,False,False,False,False,positive_le_0p001,True,False,False,False,False,True,False,True,False,True,False,False,False,False
a71d387393a559d4,2,3,17,1,-1,,-1,-1,-1,-1,-1,,,,,,-1,-1,-1,,,,-1,,,,,,,,,,,,,,no_rsm_proposal,False,False,False,False,False,False,False,False,False,False,False,False,no_rsm_proposal,False,False,False,False,False,False,False,False,False,False,False,False,False,False
c65275d1d5af5014,2,3,17,0,3,-0.0002589660743251,3,3,3,3,3,0.0778033064220765,0.0897909398685055,0.1853254039074174,0.0711925667701659,0.1279808904845816,-1,3,3,-0.0002144686604541,0.0764805160604242,0.0897909398685055,-1,-0.0086665309795562,-0.0148583948612213,-0.0148583948612213,-0.0148584246635437,-0.0148584246635437,-0.0148583948612213,0.3321055918931961,0.0,0.0,-0.3321055918931961,0.0,0.0,0.0,mild_harm,True,False,True,True,False,False,True,False,False,False,True,False,mild_harm,True,True,True,True,False,False,False,False,False,False,False,False,False,False
cd7aee35baa65cec,2,3,16,1,-1,,-1,-1,-1,-1,-1,,,,,,-1,-1,-1,,,,-1,,,,,,,,,,,,,,no_rsm_proposal,False,False,False,False,False,False,False,False,False,False,False,False,no_rsm_proposal,False,False,False,False,False,False,False,False,False,False,False,False,False,False
dc6d75a4555c5fd6,2,3,10,1,21,3.0565711064264086e-05,-1,-1,-1,-1,-1,-0.0780733248875272,-0.0776396835506306,-0.1062479681837926,-0.0730382718794507,-0.0856574286799455,-1,-1,-1,-0.033432630839184,-0.0687233087554681,-0.0776396835506306,-1,-0.0285964984410425,0.0085017830133438,0.0085017830133438,0.0085017681121826,0.0085017830133438,0.0085017681121826,0.0,0.0,0.0,0.0,0.0,0.0,0.0,positive_le_0.001,False,False,False,False,False,True,False,False,False,False,False,False,positive_le_0p001,False,False,False,False,False,False,False,False,False,False,False,False,False,False
24e5d608f799503b,2,3,17,1,-1,,-1,-1,-1,-1,-1,,,,,,-1,-1,-1,,,,-1,,,,,,,,,,,,,,no_rsm_proposal,False,False,False,False,False,False,False,False,False,False,False,False,no_rsm_proposal,False,False,False,False,False,False,False,False,False,False,False,False,False,False
2fdb08ec2f205723,2,3,17,1,-1,,-1,-1,-1,-1,-1,,,,,,-1,-1,-1,,,,-1,,,,,,,,,,,,,,no_rsm_proposal,False,False,False,False,False,False,False,False,False,False,False,False,no_rsm_proposal,False,False,False,False,False,False,False,False,False,False,False,False,False,False
77e69dcde5805f89,2,3,17,1,-1,,-1,-1,-1,-1,-1,,,,,,-1,-1,-1,,,,-1,,,,,,,,,,,,,,no_rsm_proposal,False,False,False,False,False,False,False,False,False,False,False,False,no_rsm_proposal,False,False,False,False,False,False,False,False,False,False,False,False,False,False
79a429b2a2b450e7,2,3,17,1,3,4.5840236171379445e-05,-1,-1,-1,-1,-1,-0.0549391677490245,-0.1303104340224199,-0.1074988190033618,-0.0348708109771562,-0.030338989813631,-1,-1,-1,-0.1559495595997923,-0.1186225196752364,-0.1303104340224199,-1,-0.0777071546506644,-0.0192373096942901,3.598630428314209e-05,0.0051421076059341,-0.0008475184440612,-0.0175232887268066,0.1382702887058258,0.0,0.0,0.1382702887058258,0.0,0.0,0.0,positive_le_0.001,False,False,False,False,False,False,False,False,False,False,False,False,positive_le_0p001,False,False,False,False,False,False,False,False,False,False,False,False,False,False
8724d825e1c15a99,2,3,18,1,3,0.0005389120473116,-1,-1,-1,-1,-1,-0.0690280172808222,-0.1913738909444478,-0.202319961946733,-0.222715049191869,-0.2334900140247942,-1,-1,-1,-0.2506042020368136,-0.1941925860625076,-0.1913738909444478,-1,-0.2713551701808435,-0.0345809757709503,-0.0051685273647308,-0.0129618942737579,-0.049204796552658,-0.0228497982025146,0.0122588276863098,0.0,0.0,-0.0122588276863098,0.0,0.0,0.0,positive_le_0.001,False,False,False,False,False,False,False,False,False,False,False,False,positive_le_0p001,False,False,False,False,False,False,False,False,False,False,False,False,False,False
dd63e7a132215419,2,3,9,1,-1,,-1,-1,-1,-1,-1,,,,,,-1,-1,-1,,,,-1,,,,,,,,,,,,,,no_rsm_proposal,False,False,False,False,False,False,False,False,False,False,False,False,no_rsm_proposal,False,False,False,False,False,False,False,False,False,False,False,False,False,False
0e59b30dfd9d5121,2,3,19,1,21,0.000267652710434,-1,21,21,21,21,-0.0178473428725862,0.2412692035472067,0.2385307619953111,0.0425512817693083,0.0976793751407729,-1,21,21,-0.2733921306215557,0.2406715430823295,0.2412692035472067,-1,-0.2267183191201432,-0.04866823554039,-0.0501745641231536,-0.0159228295087814,0.0331612229347229,-0.1130647361278534,0.0339401364326477,0.0,-0.0087228417396545,0.0252172946929931,0.0,0.0,0.0,positive_le_0.001,False,False,True,True,False,False,True,False,False,False,True,False,positive_le_0p001,True,True,True,True,False,False,False,False,False,False,False,False,False,False
38eeabce6a485364,2,3,15,1,-1,,-1,-1,-1,-1,-1,,,,,,-1,-1,-1,,,,-1,,,,,,,,,,,,,,no_rsm_proposal,False,False,False,False,False,False,False,False,False,False,False,False,no_rsm_proposal,False,False,False,False,False,False,False,False,False,False,False,False,False,False
5aa3112549445a00,2,3,4,0,20,-5.174224078752232e-06,-1,-1,-1,-1,-1,-0.0266907932467618,-0.0554316154519432,-0.0462937679819189,-0.0303420577770837,-0.0169859504545614,-1,-1,-1,-0.0596445210518922,-0.05047838481449,-0.0554316154519432,20,0.047199289752021,-0.0062760114669799,0.0268988609313964,0.0009185522794723,-0.0009781569242477,0.0071979165077209,0.0206744670867919,0.0,0.0105291008949279,-0.010145366191864,0.0,0.0,0.0,mild_harm,False,False,False,False,True,False,False,False,False,False,False,True,mild_harm,False,False,False,False,False,False,False,False,False,False,False,False,False,False
683e8d239bf75a5d,2,3,17,1,22,-0.0001595440631732,-1,-1,-1,-1,-1,-0.0496712371730549,-0.3763899451341939,-0.2853046570101269,-0.5459976461118156,-0.3512573052059548,-1,-1,-1,-0.1617003499659186,-0.3753600429609952,-0.3763899451341939,-1,-0.1737932359882663,-0.0213358253240585,-0.0213358253240585,-0.0213358253240585,-0.0213358253240585,-0.0213207006454467,0.0,0.0,0.0,0.0,0.0,0.0,0.0,mild_harm,False,False,False,False,False,True,False,False,False,False,False,False,mild_harm,False,False,False,False,False,False,False,False,False,False,False,False,False,False
713177596893526a,2,3,23,1,1,0.9896099772717104,-1,1,1,-1,-1,-0.0288152828959088,0.0097765864206434,0.0132309737054536,-0.042768575558511,-0.0419795866338346,1,1,1,0.0389894255683899,0.0041318589108879,0.0097765864206434,1,0.2892276218147135,0.0129133313894271,0.0129134505987167,0.0966973751783371,0.0134155340492725,0.012911319732666,0.0,0.0,0.0,0.0,0.0,0.0,0.0,material_positive_gt_0.2,False,True,True,True,True,True,False,False,False,False,False,False,material_positive_gt_0p2,True,True,False,False,False,False,False,True,False,True,False,False,True,True
8be5348ca3425c10,2,3,10,0,-1,,-1,-1,-1,-1,-1,,,,,,-1,-1,-1,,,,-1,,,,,,,,,,,,,,no_rsm_proposal,False,False,False,False,False,False,False,False,False,False,False,False,no_rsm_proposal,False,False,False,False,False,False,False,False,False,False,False,False,False,False
90244d4079fe5582,2,3,13,1,1,0.0010825669911689,1,1,-1,-1,-1,0.0011527811222699,0.0377841332952445,-0.0519512019236911,-0.0107783399222991,-0.0156946179383678,-1,1,1,-0.1704664981921545,0.0280314659661547,0.0377841332952445,-1,-0.1057587561877944,-0.0326846987009048,-0.037338763475418,-0.0167911946773529,-0.0093001127243042,-0.0403962135314941,0.0,0.0,0.0,0.0,0.0,0.0,0.0,positive_0.001_to_0.01,True,False,True,True,False,True,True,False,False,False,True,False,positive_0p001_to_0p01,True,False,False,False,False,True,False,True,False,True,False,False,False,False
a63aaf23916e5f10,2,3,8,1,0,-9.402019237750216e-05,-1,-1,-1,-1,-1,-0.0615337861256909,-0.2334310696337021,-0.2489133603966118,-0.2245647843120756,-0.2593273838432431,-1,-1,-1,-0.1132977106797478,-0.2112031936347826,-0.2334310696337021,-1,-0.2332233205617249,-0.0098583996295928,-0.0099664628505706,-0.0395923852920532,-0.0305628329515457,-0.0134106576442718,0.020125389099121,0.0,0.0,-0.020125389099121,0.0,0.0,0.0,mild_harm,False,False,False,False,False,False,False,False,False,False,False,False,mild_harm,False,False,False,False,False,False,False,False,False,False,False,False,False,False
ac29e7c780d75eee,2,3,3,0,17,-1.1126175523124004e-06,-1,-1,-1,-1,-1,-0.0470390419914695,-0.0509515595769078,-0.0485311182306213,-0.045049013766118,-0.04514899322139,-1,-1,-1,-0.0528356810256574,-0.0506141228372874,-0.0509515595769078,-1,-0.0358513014171552,-0.0011039674282073,0.0037958025932312,0.0002349615097045,0.0001914203166961,0.0014310479164123,0.0049797296524047,0.0,0.0018684267997741,0.0031113028526306,0.0,0.0,0.0,mild_harm,False,False,False,False,False,False,False,False,False,False,False,False,mild_harm,False,False,False,False,False,False,False,False,False,False,False,False,False,False
b4a3828e9a685c84,2,3,1,0,16,0.0,-1,-1,-1,-1,-1,-0.0372104772870941,-0.0372104772870941,-0.0372104772870941,-0.0372104772870941,-0.0372104772870941,-1,-1,-1,-0.0372104772870941,-0.0372104772870941,-0.0372104772870941,-1,-0.0372104772870941,0.0,0.0,0.0,0.0,0.0,0.0,0.0,0.0,0.0,0.0,0.0,0.0,mild_harm,False,False,False,False,False,True,False,False,False,False,False,False,mild_harm,False,False,False,False,False,False,False,False,False,False,False,False,False,False
b9b7f27d456b5e0b,2,3,1,1,-1,,-1,-1,-1,-1,-1,,,,,,-1,-1,-1,,,,-1,,,,,,,,,,,,,,no_rsm_proposal,False,False,False,False,False,False,False,False,False,False,False,False,no_rsm_proposal,False,False,False,False,False,False,False,False,False,False,False,False,False,False
c6eebddd3a955416,2,3,16,0,3,-0.0003261594811454,-1,-1,-1,-1,-1,-0.0339152889895815,-0.0389111732232822,-0.0227855930583157,-0.0039025917414504,-0.0183024698378444,-1,-1,-1,-0.0472846756407248,-0.0398634211846342,-0.0389111732232822,-1,-0.0139525253988818,-0.0025461912155151,-0.0014059990644454,0.0001793354749679,0.0174650996923446,-0.0015539303421974,0.0,0.0,0.0,0.0,0.0,0.0,0.0,mild_harm,False,False,False,False,False,True,False,False,False,False,False,False,mild_harm,False,False,False,False,False,False,False,False,False,False,False,False,False,False
e06039dcbccd55a0,2,3,17,1,-1,,-1,-1,-1,-1,-1,,,,,,-1,-1,-1,,,,-1,,,,,,,,,,,,,,no_rsm_proposal,False,False,False,False,False,False,False,False,False,False,False,False,no_rsm_proposal,False,False,False,False,False,False,False,False,False,False,False,False,False,False
ee1f7084ec1a54cf,2,3,11,0,-1,,-1,-1,-1,-1,-1,,,,,,-1,-1,-1,,,,-1,,,,,,,,,,,,,,no_rsm_proposal,False,False,False,False,False,False,False,False,False,False,False,False,no_rsm_proposal,False,False,False,False,False,False,False,False,False,False,False,False,False,False
fa243f63e0525715,2,3,15,0,-1,,-1,-1,-1,-1,-1,,,,,,-1,-1,-1,,,,-1,,,,,,,,,,,,,,no_rsm_proposal,False,False,False,False,False,False,False,False,False,False,False,False,no_rsm_proposal,False,False,False,False,False,False,False,False,False,False,False,False,False,False
1c3f933be722564d,2,3,2,0,7,-2.020616720138795,-1,-1,-1,7,-1,-0.024374035881164,-0.0260383687789839,-0.1251241779421644,0.0411812834906649,-0.2559519055514924,-1,-1,-1,-0.3369542417656673,-0.025384116863463,-0.0260383687789839,-1,-0.3718690481965422,-0.0595305562019348,-0.060203343629837,-0.0616316795349121,-0.0589491128921508,-0.0600626766681671,0.0246817469596862,0.0,-0.0027768611907958,-0.0219048857688903,0.0,0.0,0.0,catastrophe,False,False,False,False,False,False,False,False,False,False,False,False,catastrophe,False,False,True,False,False,False,True,False,False,False,False,False,False,False
27d3a84b2d335113,2,3,13,1,0,3.223411133512874e-06,-1,-1,-1,-1,-1,-0.0182379945229968,-0.0226589428225203,-0.0219380996359858,-0.0152887064046098,-0.0162674381711635,-1,-1,-1,-0.0220946417684273,-0.0224261440734137,-0.0226589428225203,-1,-0.0225124399017118,-0.0007344931364059,-0.0007344931364059,-0.0007344931364059,-0.0007344931364059,-0.0007344931364059,0.0,0.0,0.0,0.0,0.0,0.0,0.0,positive_le_0.001,False,False,False,False,False,True,False,False,False,False,False,False,positive_le_0p001,False,False,False,False,False,False,False,False,False,False,False,False,False,False
37c65539bccb5da7,2,3,18,1,19,3.19452974479645e-05,19,19,19,19,19,0.130424363838848,0.1275915368317882,0.1273157585175947,0.1188613766951921,0.1203868265838481,19,19,19,0.1272383618633218,0.1277813470320111,0.1275915368317882,19,0.1243207385125004,-0.0006067678332328,-0.0014993399381637,-0.0006067678332328,-0.0006067678332328,-0.0006067678332328,0.0,0.0,0.0,0.0,0.0,0.0,0.0,positive_le_0.001,True,True,True,True,True,True,False,False,False,False,False,False,positive_le_0p001,True,True,True,True,False,False,False,False,False,False,False,False,False,False
3dae82a193c9501b,2,3,17,0,-1,,-1,-1,-1,-1,-1,,,,,,-1,-1,-1,,,,-1,,,,,,,,,,,,,,no_rsm_proposal,False,False,False,False,False,False,False,False,False,False,False,False,no_rsm_proposal,False,False,False,False,False,False,False,False,False,False,False,False,False,False
69a069b9a6985aaf,2,3,15,1,7,0.0001744541430845,-1,7,7,-1,7,-0.0713918631522196,0.0118617165779122,0.0191947056118984,-0.0307364261940416,0.0050533995383347,-1,7,7,-0.07301553839317,0.0057731560592413,0.0118617165779122,-1,-0.0612597306144795,-0.0003092288970947,-0.000264823436737,0.0076494887471199,0.0066452920436859,-0.0005685091018676,0.0102431178092956,0.0,0.0,0.0102431178092956,0.0,0.0,0.0,positive_le_0.001,False,False,True,True,False,False,True,False,False,False,True,False,positive_le_0p001,True,True,False,True,False,False,False,True,False,False,False,False,False,False
7d8759e340975895,2,3,12,1,14,0.0001328599065542,14,14,14,14,14,0.0307019255528643,0.0358370972899855,0.0366559115911026,0.0292573077092718,0.0282325276197125,14,14,14,0.0377484532621375,0.0349851401942664,0.0358370972899855,14,0.0385118439564219,0.0013420060276985,0.0013420060276985,0.0013420060276985,0.0013420060276985,0.0013420060276985,0.0,0.0,0.0,0.0,0.0,0.0,0.0,positive_le_0.001,True,True,True,True,True,True,False,False,False,False,False,False,positive_le_0p001,True,True,True,True,False,False,False,False,False,False,False,False,False,False
a99fbe3c63d15894,2,3,23,1,21,-3.527703285222117e-05,-1,-1,-1,-1,-1,-0.0035628036422879,-0.0081389029676347,-0.0083225015652098,-0.0002375577870887,-1.1582299139088498e-05,-1,-1,-1,-0.0096563449690004,-0.0076826175641677,-0.0081389029676347,-1,-0.0103164789382108,-0.0011605080217123,-0.0011605080217123,-0.0011605080217123,-0.0011605080217123,-0.0011605080217123,0.0,0.0,0.0,0.0,0.0,0.0,0.0,mild_harm,False,False,False,False,False,True,False,False,False,False,False,False,mild_harm,False,False,False,False,False,False,False,False,False,False,False,False,False,False
aaf8a6e715785915,2,3,19,1,21,1.1295703612024257e-05,-1,-1,-1,-1,-1,-0.0212535995717369,-0.0232392172728247,-0.0192274694060486,-0.0180113986052269,-0.0205950491249643,-1,-1,-1,-0.0177290693726895,-0.0235906927614186,-0.0232392172728247,-1,-0.0156390419611628,0.000671237707138,0.000671237707138,0.001266673207283,0.0006633102893829,0.000671237707138,0.0,0.0,0.0,0.0,0.0,0.0,0.0,positive_le_0.001,False,False,False,False,False,True,False,False,False,False,False,False,positive_le_0p001,False,False,False,False,False,False,False,False,False,False,False,False,False,False
adb358cddcdf5ad4,2,3,17,1,-1,,-1,-1,-1,-1,-1,,,,,,-1,-1,-1,,,,-1,,,,,,,,,,,,,,no_rsm_proposal,False,False,False,False,False,False,False,False,False,False,False,False,no_rsm_proposal,False,False,False,False,False,False,False,False,False,False,False,False,False,False
ae3f167434e35c78,2,3,4,1,-1,,-1,-1,-1,-1,-1,,,,,,-1,-1,-1,,,,-1,,,,,,,,,,,,,,no_rsm_proposal,False,False,False,False,False,False,False,False,False,False,False,False,no_rsm_proposal,False,False,False,False,False,False,False,False,False,False,False,False,False,False
ae62df1371af5474,2,3,9,0,-1,,-1,-1,-1,-1,-1,,,,,,-1,-1,-1,,,,-1,,,,,,,,,,,,,,no_rsm_proposal,False,False,False,False,False,False,False,False,False,False,False,False,no_rsm_proposal,False,False,False,False,False,False,False,False,False,False,False,False,False,False
f0a54058d2af5c6c,2,3,16,1,4,0.0006539796369151,-1,-1,-1,-1,-1,-0.0640688738225068,-0.1268042053556094,-0.1330961898461528,-0.0771288530688551,-0.0807365669760739,-1,-1,-1,-0.1433511300713797,-0.1189809530823204,-0.1268042053556094,-1,-0.1519401141440426,-0.0150992274284362,-0.0150992274284362,-0.0150992274284362,-0.0150992274284362,-0.0150992274284362,0.0,0.0,0.0,0.0,0.0,0.0,0.0,positive_le_0.001,False,False,False,False,False,True,False,False,False,False,False,False,positive_le_0p001,False,False,False,False,False,False,False,False,False,False,False,False,False,False
f533a754e0245b89,2,3,7,1,10,-0.0028522905766963,-1,-1,-1,-1,-1,-0.0415775695024275,-0.0144170033848052,-0.0129182322703207,-0.05602744410205,-0.0571939800371684,-1,-1,-1,-0.0072184072996037,-0.0157430947983065,-0.0144170033848052,-1,-0.0034961470375124,0.0065436661243438,0.0065436661243438,0.0065436661243438,0.0065436661243438,0.0065436661243438,0.0,0.0,0.0,0.0,0.0,0.0,0.0,mild_harm,False,False,False,False,False,True,False,False,False,False,False,False,mild_harm,False,False,False,False,False,False,False,False,False,False,False,False,False,False
f9c3f5c430be54aa,2,3,2,1,2,1.5646017807097174,2,2,2,2,2,0.1402687968411519,0.1355132682727966,0.1400566554399314,0.020618190791713,0.0083158322064046,2,2,2,0.4016456629663099,0.07006161510515,0.1355132682727966,2,0.339069413449519,0.049778938293457,0.0195139050483703,0.0405814051628112,0.0505158007144928,0.0490198135375976,0.6021408289670944,0.0,0.1782705783843994,0.423870250582695,0.0,0.0,0.0,material_positive_gt_0.2,True,True,True,True,True,False,False,False,False,False,False,False,material_positive_gt_0p2,True,True,True,True,False,False,False,False,False,False,False,False,False,False
02bb7e4c3012543c,2,3,8,1,-1,,-1,-1,-1,-1,-1,,,,,,-1,-1,-1,,,,-1,,,,,,,,,,,,,,no_rsm_proposal,False,False,False,False,False,False,False,False,False,False,False,False,no_rsm_proposal,False,False,False,False,False,False,False,False,False,False,False,False,False,False
105b657c237a5c20,2,3,11,1,-1,,-1,-1,-1,-1,-1,,,,,,-1,-1,-1,,,,-1,,,,,,,,,,,,,,no_rsm_proposal,False,False,False,False,False,False,False,False,False,False,False,False,no_rsm_proposal,False,False,False,False,False,False,False,False,False,False,False,False,False,False
11aaf0aadcfb5861,2,3,17,0,-1,,-1,-1,-1,-1,-1,,,,,,-1,-1,-1,,,,-1,,,,,,,,,,,,,,no_rsm_proposal,False,False,False,False,False,False,False,False,False,False,False,False,no_rsm_proposal,False,False,False,False,False,False,False,False,False,False,False,False,False,False
22b187e4a9c25c9b,2,3,14,0,-1,,-1,-1,-1,-1,-1,,,,,,-1,-1,-1,,,,-1,,,,,,,,,,,,,,no_rsm_proposal,False,False,False,False,False,False,False,False,False,False,False,False,no_rsm_proposal,False,False,False,False,False,False,False,False,False,False,False,False,False,False
2f2543566c675f13,2,3,11,1,1,4.081237241626568e-05,-1,-1,-1,-1,-1,-0.0302989330726555,-0.0844540438541224,-0.0106164207954181,-0.1153705991752356,-0.0069384276581092,1,-1,-1,0.0071739637869896,-0.0595937102725671,-0.0844540438541224,1,0.0112335418823963,0.0071366727352142,0.0071366727352142,0.0071366727352142,0.0071366727352142,0.0071366727352142,0.0028388500213623,0.0,0.0002932548522949,-0.0025455951690673,0.0,0.0,0.0,positive_le_0.001,False,True,False,False,True,False,False,True,False,False,False,True,positive_le_0p001,False,False,False,False,False,False,False,False,False,False,False,False,False,False
359105de514f5258,2,3,12,1,9,-0.0003807342187269,-1,9,9,-1,-1,-0.1007472449868873,0.0274468469663559,0.1138914837728851,-0.1473153898198287,-0.0958754048849143,9,9,9,0.0187552922779709,0.0575812422891995,0.0274468469663559,9,0.0317014630430531,0.0227591320872306,0.0227591320872306,0.0227591320872306,0.0227591320872306,0.0227591320872306,0.0,0.0,0.0,0.0,0.0,0.0,0.0,mild_harm,False,True,True,True,True,True,False,False,False,False,False,False,mild_harm,True,True,False,False,False,False,False,True,False,True,False,False,False,False
5740c711ed2d5d2f,2,3,17,1,-1,,-1,-1,-1,-1,-1,,,,,,-1,-1,-1,,,,-1,,,,,,,,,,,,,,no_rsm_proposal,False,False,False,False,False,False,False,False,False,False,False,False,no_rsm_proposal,False,False,False,False,False,False,False,False,False,False,False,False,False,False
5f01892cbea95932,2,3,14,0,-1,,-1,-1,-1,-1,-1,,,,,,-1,-1,-1,,,,-1,,,,,,,,,,,,,,no_rsm_proposal,False,False,False,False,False,False,False,False,False,False,False,False,no_rsm_proposal,False,False,False,False,False,False,False,False,False,False,False,False,False,False
75fd8a14d25350e5,2,3,12,1,14,6.06032689663456,14,14,14,14,14,0.1343404675354907,1.1163348645620657,0.9296887507298291,2.317160436247773,1.723665967597298,14,14,14,1.409318085157932,1.0715552318667128,1.1163348645620657,14,1.4667599839298362,0.2428181171417236,0.2428181171417236,0.2148119509220123,0.2428181171417236,0.2428181171417236,0.9227400422096252,0.0,0.6164298057556152,0.30631023645401,0.0,0.0,0.0,material_positive_gt_0.2,True,True,True,True,True,False,False,False,False,False,False,False,material_positive_gt_0p2,True,True,True,True,False,False,False,False,False,False,False,False,False,False
78dae1caad5656a7,2,3,15,1,17,0.0001282766357064,17,17,17,-1,-1,0.0422359832352668,0.1107463810901578,0.1612975448102602,-0.0084829857656755,-0.0392289381544608,17,17,17,0.1181086791162144,0.1152020783340216,0.1107463810901578,17,0.126328244767755,0.0144498720765113,0.0144498720765113,0.0144498720765113,0.0144498720765113,0.0144498720765113,0.0,0.0,0.0,0.0,0.0,0.0,0.0,positive_le_0.001,True,True,True,True,True,True,False,False,False,False,False,False,positive_le_0p001,True,True,False,False,False,False,False,True,False,True,False,False,False,False
a9e5024892425a19,2,3,10,1,9,0.1097359060698885,9,9,9,9,9,0.047245713166664,0.161669301528403,0.1355422777183816,0.1743913095163368,0.11095987127023,9,9,9,0.0378421684042484,0.1258967517256006,0.161669301528403,9,0.0471737779592375,-0.0017908960580825,-0.0172313451766967,0.0132423043251037,0.0279550850391387,0.017847329378128,0.0215622782707214,0.0,-0.0077003240585327,0.0138619542121887,0.0,0.0,0.0,positive_0.01_to_0.2,True,True,True,True,True,False,False,False,False,False,False,False,positive_0p01_to_0p2,True,True,True,True,False,False,False,False,False,False,False,False,False,False
aaddf9a720325142,2,3,11,0,-1,,-1,-1,-1,-1,-1,,,,,,-1,-1,-1,,,,-1,,,,,,,,,,,,,,no_rsm_proposal,False,False,False,False,False,False,False,False,False,False,False,False,no_rsm_proposal,False,False,False,False,False,False,False,False,False,False,False,False,False,False
d32e31e6812d546f,2,3,9,1,-1,,-1,-1,-1,-1,-1,,,,,,-1,-1,-1,,,,-1,,,,,,,,,,,,,,no_rsm_proposal,False,False,False,False,False,False,False,False,False,False,False,False,no_rsm_proposal,False,False,False,False,False,False,False,False,False,False,False,False,False,False
e034837cf84e5081,2,3,8,1,-1,,-1,-1,-1,-1,-1,,,,,,-1,-1,-1,,,,-1,,,,,,,,,,,,,,no_rsm_proposal,False,False,False,False,False,False,False,False,False,False,False,False,no_rsm_proposal,False,False,False,False,False,False,False,False,False,False,False,False,False,False
e865980d1e455826,2,3,16,1,-1,,-1,-1,-1,-1,-1,,,,,,-1,-1,-1,,,,-1,,,,,,,,,,,,,,no_rsm_proposal,False,False,False,False,False,False,False,False,False,False,False,False,no_rsm_proposal,False,False,False,False,False,False,False,False,False,False,False,False,False,False
f125490e18b15e5c,2,3,21,1,19,2.2940688254813324e-05,-1,-1,-1,19,19,-8.408425948855451e-05,-0.0058504889306681,-0.0063630731902889,0.003947867222397,0.0029394513522954,-1,-1,-1,-0.0074046957893273,-0.0052145762464553,-0.0058504889306681,-1,-0.0081977561586192,-0.0013942010700702,-0.0013942010700702,-0.0013942010700702,-0.0013942010700702,-0.0013942010700702,0.0,0.0,0.0,0.0,0.0,0.0,0.0,positive_le_0.001,False,False,False,False,False,True,False,False,False,False,False,False,positive_le_0p001,False,False,True,True,False,False,True,False,True,False,False,False,False,False
f1d77af4b7285825,2,3,7,1,9,-0.0001714905660601,9,9,9,9,9,0.0390081785347389,0.0571213605708751,0.0587419118686045,0.0331166767806165,0.0366945125422718,9,9,9,0.0706975679280365,0.0496296340989201,0.0571213605708751,9,0.1353474478158993,0.0060352087020874,-0.0011338591575622,0.0336257219314575,0.0060352087020874,0.0060352087020874,0.0,0.0,0.0,0.0,0.0,0.0,0.0,mild_harm,True,True,True,True,True,True,False,False,False,False,False,False,mild_harm,True,True,True,True,False,False,False,False,False,False,False,False,False,False
2d8cf993fd4159e2,2,3,12,1,2,-0.0050927070549839,-1,-1,-1,-1,-1,-0.1308849318957184,-0.0981814283407898,-0.0939506275608744,-0.1664690704735831,-0.1593757438728288,-1,-1,-1,-0.1571497023425171,-0.0963614041679317,-0.0981814283407898,-1,-0.1052322319449328,-0.0050020962953567,-0.005004271864891,0.01340302079916,-0.0036795660853385,-0.005005620419979,0.0,0.0,0.0,0.0,0.0,0.0,0.0,mild_harm,False,False,False,False,False,True,False,False,False,False,False,False,mild_harm,False,False,False,False,False,False,False,False,False,False,False,False,False,False
470e191769275e16,2,3,9,1,-1,,-1,-1,-1,-1,-1,,,,,,-1,-1,-1,,,,-1,,,,,,,,,,,,,,no_rsm_proposal,False,False,False,False,False,False,False,False,False,False,False,False,no_rsm_proposal,False,False,False,False,False,False,False,False,False,False,False,False,False,False
549a8da7bb0b5e8a,2,3,2,0,2,-0.9131117959951052,-1,-1,-1,-1,-1,-0.389759254354972,-0.4818132594207668,-0.4620248013595283,-0.3433868792023467,-0.3979717898127628,-1,-1,-1,-0.4613034347521231,-0.4814239756189554,-0.4818132594207668,-1,-0.855111962360676,-0.0136255100369453,-0.1486829966306686,-0.010054737329483,-0.0105010271072387,-0.0201198756694793,0.0205469131469726,0.0,0.0,0.0,0.0,-0.0205469131469726,0.0,catastrophe,False,False,False,False,False,False,False,False,False,False,False,False,catastrophe,False,False,False,False,False,False,False,False,False,False,False,False,False,False
5c921b6094c95071,2,3,2,1,-1,,-1,-1,-1,-1,-1,,,,,,-1,-1,-1,,,,-1,,,,,,,,,,,,,,no_rsm_proposal,False,False,False,False,False,False,False,False,False,False,False,False,no_rsm_proposal,False,False,False,False,False,False,False,False,False,False,False,False,False,False
698c37f393b852d6,2,3,14,0,-1,,-1,-1,-1,-1,-1,,,,,,-1,-1,-1,,,,-1,,,,,,,,,,,,,,no_rsm_proposal,False,False,False,False,False,False,False,False,False,False,False,False,no_rsm_proposal,False,False,False,False,False,False,False,False,False,False,False,False,False,False
71dfd904537f5299,2,3,6,1,-1,,-1,-1,-1,-1,-1,,,,,,-1,-1,-1,,,,-1,,,,,,,,,,,,,,no_rsm_proposal,False,False,False,False,False,False,False,False,False,False,False,False,no_rsm_proposal,False,False,False,False,False,False,False,False,False,False,False,False,False,False
7ef659e1786d5ef0,2,3,1,0,-1,,-1,-1,-1,-1,-1,,,,,,-1,-1,-1,,,,-1,,,,,,,,,,,,,,no_rsm_proposal,False,False,False,False,False,False,False,False,False,False,False,False,no_rsm_proposal,False,False,False,False,False,False,False,False,False,False,False,False,False,False
893f5457b66f5c0a,2,3,4,0,-1,,-1,-1,-1,-1,-1,,,,,,-1,-1,-1,,,,-1,,,,,,,,,,,,,,no_rsm_proposal,False,False,False,False,False,False,False,False,False,False,False,False,no_rsm_proposal,False,False,False,False,False,False,False,False,False,False,False,False,False,False
8f090017c0c45c30,2,3,13,1,2,0.980162891490938,-1,-1,-1,-1,-1,-0.1833000228993321,-0.1874588129827897,-0.179745684235514,-0.1708690697127716,-0.1794734334882161,-1,-1,-1,-0.2135394113306909,-0.1925871686397008,-0.1874588129827897,-1,-0.14897559520051,-0.005759060382843,-0.0057747364044189,0.0172568410634994,-0.0045126974582672,-0.0059511065483093,0.0,0.0,0.0,0.0,0.0,0.0,0.0,material_positive_gt_0.2,False,False,False,False,False,True,False,False,False,False,False,False,material_positive_gt_0p2,False,False,False,False,False,False,False,False,False,False,True,True,True,True
90003a4fe9855d90,2,3,21,1,-1,,-1,-1,-1,-1,-1,,,,,,-1,-1,-1,,,,-1,,,,,,,,,,,,,,no_rsm_proposal,False,False,False,False,False,False,False,False,False,False,False,False,no_rsm_proposal,False,False,False,False,False,False,False,False,False,False,False,False,False,False
9d6b57b25d0e5698,2,3,29,1,28,-4.430631548166253e-05,-1,-1,-1,-1,-1,-0.0366705518042091,-0.0786526608384723,-0.0825351333013705,-0.066175867209289,-0.0643187691662426,-1,-1,-1,-0.1103155201229105,-0.1030418783706501,-0.0786526608384723,-1,-0.1181781815489045,-0.0140255987644195,-0.0139854252338409,-0.0140255987644195,-0.0140255987644195,-0.0140255987644195,0.0,0.0,0.0,0.0,0.0,0.0,0.0,mild_harm,False,False,False,False,False,True,False,False,False,False,False,False,mild_harm,False,False,False,False,False,False,False,False,False,False,False,False,False,False
a5a77a41a5d4527c,2,3,17,1,2,-0.0001227254013267,-1,-1,-1,-1,-1,-0.0563707617030639,-0.1189229891435569,-0.1021587159201513,-0.0916388243703106,-0.0603081914102947,2,-1,-1,0.1375977215403154,-0.1108945376675991,-0.1189229891435569,-1,-0.0123203735518557,0.0369410812854766,0.0319160968065261,0.0063482224941253,-0.016224592924118,0.047527864575386,0.1621976643800735,0.0,0.0,0.1621976643800735,0.0,0.0,0.0,mild_harm,False,True,False,False,False,False,False,True,False,False,False,False,mild_harm,False,False,False,False,False,False,False,False,False,False,False,False,False,False
b86d04e1e9105474,2,3,3,0,-1,,-1,-1,-1,-1,-1,,,,,,-1,-1,-1,,,,-1,,,,,,,,,,,,,,no_rsm_proposal,False,False,False,False,False,False,False,False,False,False,False,False,no_rsm_proposal,False,False,False,False,False,False,False,False,False,False,False,False,False,False
c4a7fbc6d1e35668,2,3,6,1,21,1.9843287469431443,21,21,21,21,21,0.0790879028982613,0.1466607684021272,0.1930511986998316,0.2385525417093234,0.3042778884109344,21,21,21,0.4597521727332863,0.1400393061552206,0.1466607684021272,21,0.4294551816983678,0.0724970996379852,0.0766626596450805,0.0523000955581665,0.0540630221366882,0.0743713676929473,0.2384756207466125,0.0,0.1556525826454162,0.0828230381011962,0.0,0.0,0.0,material_positive_gt_0.2,True,True,True,True,True,False,False,False,False,False,False,False,material_positive_gt_0p2,True,True,True,True,False,False,False,False,False,False,False,False,False,False
db167c9f01af53f1,2,3,17,0,9,-0.00040012851879,-1,-1,-1,-1,-1,-0.1385159653695987,-0.081673912982985,-0.1475061371986831,-0.0840326593272078,-0.1312805795669048,-1,-1,-1,-0.0938048636845631,-0.084425323086082,-0.081673912982985,9,0.1533520518551091,0.008515179157257,0.0930417776107788,0.008515179157257,0.008515179157257,0.008515179157257,0.0071720480918884,0.0,0.0,0.0071720480918884,0.0,0.0,0.0,mild_harm,False,False,False,False,True,False,False,False,False,False,False,True,mild_harm,False,False,False,False,False,False,False,False,False,False,False,False,False,False
e19f348970f556d2,2,3,5,0,-1,,-1,-1,-1,-1,-1,,,,,,-1,-1,-1,,,,-1,,,,,,,,,,,,,,no_rsm_proposal,False,False,False,False,False,False,False,False,False,False,False,False,no_rsm_proposal,False,False,False,False,False,False,False,False,False,False,False,False,False,False
e1c764e511515749,2,3,10,1,20,0.0004805833668912,20,20,20,20,20,0.1623882736690241,0.4796461085230996,0.4232011427446343,0.1661121298136564,0.242386245813144,20,20,20,0.5665294416771423,0.4208156648715704,0.4796461085230996,20,0.6103116202945917,0.0769682601094245,0.0769682601094245,0.0769682601094245,0.0769682601094245,0.0769682601094245,0.0,0.0,0.0,0.0,0.0,0.0,0.0,positive_le_0.001,True,True,True,True,True,True,False,False,False,False,False,False,positive_le_0p001,True,True,True,True,False,False,False,False,False,False,False,False,False,False
e75b5a59035b5493,2,3,9,1,22,1.9060943658999463e-05,-1,-1,-1,-1,-1,-0.0487342505943478,-0.096754230038609,-0.0929829105151922,-0.0631940639470731,-0.0611043228017734,-1,-1,-1,-0.0831306922404972,-0.0923001249218429,-0.096754230038609,-1,-0.0855431391831328,-0.0065507665276527,-0.0028063803911209,0.0007673650979995,-0.0119111388921737,-0.0048756226897239,0.0,0.0,0.0,0.0,0.0,0.0,0.0,positive_le_0.001,False,False,False,False,False,True,False,False,False,False,False,False,positive_le_0p001,False,False,False,False,False,False,False,False,False,False,False,False,False,False
e86d2d8665685c70,2,3,11,1,-1,,-1,-1,-1,-1,-1,,,,,,-1,-1,-1,,,,-1,,,,,,,,,,,,,,no_rsm_proposal,False,False,False,False,False,False,False,False,False,False,False,False,no_rsm_proposal,False,False,False,False,False,False,False,False,False,False,False,False,False,False
e9c39cd0c047561f,2,3,29,1,-1,,-1,-1,-1,-1,-1,,,,,,-1,-1,-1,,,,-1,,,,,,,,,,,,,,no_rsm_proposal,False,False,False,False,False,False,False,False,False,False,False,False,no_rsm_proposal,False,False,False,False,False,False,False,False,False,False,False,False,False,False
0612f5d26b32561d,2,3,15,1,-1,,-1,-1,-1,-1,-1,,,,,,-1,-1,-1,,,,-1,,,,,,,,,,,,,,no_rsm_proposal,False,False,False,False,False,False,False,False,False,False,False,False,no_rsm_proposal,False,False,False,False,False,False,False,False,False,False,False,False,False,False
07003d3990e35817,2,3,2,1,-1,,-1,-1,-1,-1,-1,,,,,,-1,-1,-1,,,,-1,,,,,,,,,,,,,,no_rsm_proposal,False,False,False,False,False,False,False,False,False,False,False,False,no_rsm_proposal,False,False,False,False,False,False,False,False,False,False,False,False,False,False
0938c742dd0159e8,2,3,4,0,-1,,-1,-1,-1,-1,-1,,,,,,-1,-1,-1,,,,-1,,,,,,,,,,,,,,no_rsm_proposal,False,False,False,False,False,False,False,False,False,False,False,False,no_rsm_proposal,False,False,False,False,False,False,False,False,False,False,False,False,False,False
097a309009705384,2,3,9,1,3,0.0004824268192052,3,3,3,3,3,0.104259428104732,0.1005902304348094,0.1040594381269087,0.1163206798372469,0.1127569822393391,3,3,3,0.2433021818319549,0.1007016364990017,0.1005902304348094,3,0.0764281947874111,0.0264805406332016,0.0011118948459625,-0.0173421651124954,0.005134031176567,-0.0041358023881912,0.0,0.0,0.0,0.0,0.0,0.0,0.0,positive_le_0.001,True,True,True,True,True,True,False,False,False,False,False,False,positive_le_0p001,True,True,True,True,False,False,False,False,False,False,False,False,False,False
12db610090455243,2,3,15,1,-1,,-1,-1,-1,-1,-1,,,,,,-1,-1,-1,,,,-1,,,,,,,,,,,,,,no_rsm_proposal,False,False,False,False,False,False,False,False,False,False,False,False,no_rsm_proposal,False,False,False,False,False,False,False,False,False,False,False,False,False,False
1b2ded48330b5b03,2,3,17,1,5,0.0020229374388232,5,5,5,5,5,0.0882377575216847,0.3102034444460325,0.4787064155697215,0.4512564677214639,0.6133965931889664,5,5,5,0.3030555171289743,0.3108941763558118,0.3102034444460325,5,0.3399322104948893,0.0409118235111236,0.033452570438385,0.0215088725090026,0.0514226853847503,0.0307695269584655,0.3327695727348327,0.0,0.0886018276214599,0.2441677451133728,0.0,0.0,0.0,positive_0.001_to_0.01,True,True,True,True,True,False,False,False,False,False,False,False,positive_0p001_to_0p01,True,True,True,True,False,False,False,False,False,False,False,False,False,False
2322ed0c8d8e5d5f,2,3,12,1,25,0.0026175350087694,25,25,25,25,25,0.1320337055155714,0.3519411692725867,0.2641112720124143,0.2385016047830543,0.163334849054189,25,25,25,0.1309930798855954,0.3542433430113502,0.3519411692725867,25,0.020226328201614,-0.0001981854438781,-0.0609214305877685,0.0561675280332565,0.0561675280332565,-0.0649400949478149,0.0,0.0,0.0,0.0,0.0,0.0,0.0,positive_0.001_to_0.01,True,True,True,True,True,True,False,False,False,False,False,False,positive_0p001_to_0p01,True,True,True,True,False,False,False,False,False,False,False,False,False,False
253b0edab17c5d6d,2,3,17,0,-1,,-1,-1,-1,-1,-1,,,,,,-1,-1,-1,,,,-1,,,,,,,,,,,,,,no_rsm_proposal,False,False,False,False,False,False,False,False,False,False,False,False,no_rsm_proposal,False,False,False,False,False,False,False,False,False,False,False,False,False,False
326079b8c9395f39,2,3,1,0,23,-0.0004300676556301,-1,23,23,23,23,-0.0536511819548059,0.1014179475915283,0.1175074422249275,0.1726614940896458,0.2005504354625919,23,23,23,0.183548100328224,0.0097182949701279,0.1014179475915283,23,0.2092448560665823,0.0451743602752685,0.0451743602752685,0.0451743602752685,0.0451743602752685,0.0451743602752685,0.123986005783081,0.0,0.0754140019416809,0.0485720038414001,0.0,0.0,0.0,mild_harm,False,True,True,True,True,False,False,False,False,False,False,False,mild_harm,True,True,True,True,False,False,False,False,False,False,False,False,False,False
460cfd36104e5450,2,3,16,1,6,-0.0017542777046561,-1,6,6,-1,-1,-0.0738945599929244,0.0039424534810413,0.0109051763044827,-0.0883268871971215,-0.0930906284625178,6,-1,6,0.0335876103354131,-0.0031390730522183,0.0039424534810413,6,0.0356443330254619,0.0204698741436004,0.0204698741436004,0.017164796590805,0.0204698741436004,0.0204698741436004,0.0,0.0,0.0,0.0,0.0,0.0,0.0,mild_harm,False,True,False,True,True,True,False,True,True,False,False,False,mild_harm,True,True,False,False,False,False,False,True,False,True,False,False,False,False
5b06ed05f63a5554,2,3,14,1,3,0.0001472774073248,3,3,3,3,3,0.0983902652419488,0.0262272772646656,0.0874897469227852,0.0478328375731351,0.083896777697417,3,3,3,0.0234327998100288,0.0537134178195713,0.0262272772646656,3,0.0160108560750245,-0.0142755806446075,-0.0142755806446075,-0.0140327215194702,-0.0142755806446075,-0.0142755806446075,0.0012819170951843,0.0,0.0,0.0012819170951843,0.0,0.0,0.0,positive_le_0.001,True,True,True,True,True,False,False,False,False,False,False,False,positive_le_0p001,True,True,True,True,False,False,False,False,False,False,False,False,False,False
5da895ba0a415a80,2,3,16,1,6,-0.002026025418937,-1,-1,-1,-1,-1,-0.0888580352782753,-0.0262689949478638,-0.0206692799217078,-0.1006707756164218,-0.1050432334703245,-1,-1,-1,-0.0030069434673787,-0.0316816630064081,-0.0262689949478638,-1,-0.043225153441745,0.0163502544164657,0.0163502544164657,-0.0007474571466445,0.0163502544164657,0.0163502544164657,0.0,0.0,0.0,0.0,0.0,0.0,0.0,mild_harm,False,False,False,False,False,True,False,False,False,False,False,False,mild_harm,False,False,False,False,False,False,False,False,False,False,False,False,False,False
5e16781ce6685597,2,3,12,1,9,0.9893989870341496,-1,-1,-1,-1,-1,-0.0862371295334475,-0.0747714874083002,-0.0750268054796571,-0.0996459775773384,-0.0992932864841476,-1,-1,-1,-0.246860515912463,-0.0746315501573405,-0.0747714874083002,-1,-0.0810602224076346,-0.0305905491113662,-0.0037832260131835,0.0095963925123214,-0.0014016479253768,0.0036244988441467,0.0,0.0,0.0,0.0,0.0,0.0,0.0,material_positive_gt_0.2,False,False,False,False,False,True,False,False,False,False,False,False,material_positive_gt_0p2,False,False,False,False,False,False,False,False,False,False,True,True,True,True
5f9c0089a0a355fe,2,3,1,1,-1,,-1,-1,-1,-1,-1,,,,,,-1,-1,-1,,,,-1,,,,,,,,,,,,,,no_rsm_proposal,False,False,False,False,False,False,False,False,False,False,False,False,no_rsm_proposal,False,False,False,False,False,False,False,False,False,False,False,False,False,False
628e147a02bf5128,2,3,15,1,2,0.0001771564187642,-1,-1,-1,-1,-1,-0.0807706527913229,-0.1463828783285371,-0.2325048088535187,-0.1535169635709167,-0.1381607991624405,-1,-1,-1,-0.4066842209549178,-0.0313546490854797,-0.1463828783285371,-1,-0.4151766650075392,-0.0620698928833007,-0.0620698928833007,-0.060357317328453,-0.0545629262924194,-0.0620698928833007,0.0057074427604675,0.0,0.0,0.0057074427604675,0.0,0.0,0.0,positive_le_0.001,False,False,False,False,False,False,False,False,False,False,False,False,positive_le_0p001,False,False,False,False,False,False,False,False,False,False,False,False,False,False
767b810b38de5665,2,3,10,1,-1,,-1,-1,-1,-1,-1,,,,,,-1,-1,-1,,,,-1,,,,,,,,,,,,,,no_rsm_proposal,False,False,False,False,False,False,False,False,False,False,False,False,no_rsm_proposal,False,False,False,False,False,False,False,False,False,False,False,False,False,False
1fd9a12a263556d8,3,4,4,0,-1,,-1,-1,-1,-1,-1,,,,,,-1,-1,-1,,,,-1,,,,,,,,,,,,,,no_rsm_proposal,False,False,False,False,False,False,False,False,False,False,False,False,no_rsm_proposal,False,False,False,False,False,False,False,False,False,False,False,False,False,False
399cc87ac7c55646,3,4,16,1,22,0.0005082323875802,-1,22,22,-1,-1,-0.0034861667416903,0.046059444140059,0.0758575379070027,-0.047897682555533,-0.0669890301078734,22,22,22,0.0693561805018493,0.0444303745941778,0.046059444140059,22,0.0749911950978411,0.0122223645448684,0.0122223645448684,0.0122223645448684,0.0122223645448684,0.0122223645448684,0.0,0.0,0.0,0.0,0.0,0.0,0.0,positive_le_0.001,False,True,True,True,True,True,False,False,False,False,False,False,positive_le_0p001,True,True,False,False,False,False,False,True,False,True,False,False,False,False
41fdae5fd40d5324,3,4,19,1,22,-4.641914139513759e-05,-1,-1,-1,22,-1,-0.0089616663607526,-0.0551424354320035,-0.047747110220253,0.0049383217682165,-0.0007283651432335,-1,-1,-1,-0.0679297868211833,-0.0471874907843287,-0.0551424354320035,-1,-0.0724915424548809,-0.009894385933876,-0.009894385933876,-0.009894385933876,-0.009894385933876,-0.009894385933876,0.0520236678421497,0.0,0.0029026865959167,-0.0491209812462329,0.0,0.0,0.0,mild_harm,False,False,False,False,False,False,False,False,False,False,False,False,mild_harm,False,False,True,False,False,False,True,False,False,False,False,False,False,False
46eb37ed09fc5718,3,4,22,1,-1,,-1,-1,-1,-1,-1,,,,,,-1,-1,-1,,,,-1,,,,,,,,,,,,,,no_rsm_proposal,False,False,False,False,False,False,False,False,False,False,False,False,no_rsm_proposal,False,False,False,False,False,False,False,False,False,False,False,False,False,False
538f3eb865185615,3,4,26,0,19,-9.282299746971034e-05,-1,-1,-1,-1,-1,-0.0093747523384423,-0.171307775980432,-0.1717354513482963,-0.0293988911587637,-0.0455202498590108,-1,-1,-1,-0.2506204585624039,-0.134373461867974,-0.171307775980432,-1,-0.1033370428531065,-0.0404790937900543,-0.0404790937900543,0.010112315416336,-0.0360817909240722,-0.0404790937900543,0.0069160461425781,0.0,0.0003801584243774,0.0065358877182006,0.0,0.0,0.0,mild_harm,False,False,False,False,False,False,False,False,False,False,False,False,mild_harm,False,False,False,False,False,False,False,False,False,False,False,False,False,False
667054412512521b,3,4,11,0,9,-0.0001064360320568,-1,-1,-1,-1,-1,-0.0259047735466569,-0.0330504795776302,-0.1390464018270482,-0.0156000512484653,-0.0794828591159573,9,-1,-1,0.1139336054068053,-0.0386794079942925,-0.0330504795776302,9,0.1602513935076235,0.0234637558460235,0.0229907929897308,0.0348149836063385,0.0295175313949584,0.0222070217132568,0.0182366371154785,0.0,0.0,0.0182366371154785,0.0,0.0,0.0,mild_harm,False,True,False,False,True,False,False,True,False,False,False,True,mild_harm,False,False,False,False,False,False,False,False,False,False,False,False,False,False
86f569f804fb5848,3,4,8,1,-1,,-1,-1,-1,-1,-1,,,,,,-1,-1,-1,,,,-1,,,,,,,,,,,,,,no_rsm_proposal,False,False,False,False,False,False,False,False,False,False,False,False,no_rsm_proposal,False,False,False,False,False,False,False,False,False,False,False,False,False,False
98dbc922be205d29,3,4,16,1,26,0.0002245069518684,26,26,26,-1,-1,0.1049497958139814,0.2029565316746225,0.2377773372290794,-0.0122792341557275,-0.0324747679744949,26,26,26,0.2386417561214064,0.1963720569470219,0.2029565316746225,26,0.2489839590460279,0.0224324315786361,0.0224324315786361,0.0224324315786361,0.0224324315786361,0.0224324315786361,0.0,0.0,0.0,0.0,0.0,0.0,0.0,positive_le_0.001,True,True,True,True,True,True,False,False,False,False,False,False,positive_le_0p001,True,True,False,False,False,False,False,True,False,True,False,False,False,False
ba95a132236555b4,3,4,9,0,25,-0.0004200205574278,25,-1,-1,-1,-1,0.0365143024535666,-0.1093564508044482,-0.1192390196862104,-0.1853450877425488,-0.2720178698985399,-1,-1,-1,-0.032410476501073,-0.120829585423708,-0.1093564508044482,-1,-0.0377424431155973,-0.0115650296211242,-0.0115650296211242,-0.0115650296211242,-0.0115650296211242,-0.0115650296211242,0.0523904990404844,0.0,0.0019507408142089,0.0504397582262754,0.0,0.0,0.0,mild_harm,True,False,False,False,False,False,False,False,False,False,False,False,mild_harm,False,False,False,False,False,False,False,False,False,False,False,False,False,False
bc346dea1bcd5cc3,3,4,29,1,28,-9.483449810643307e-05,-1,28,28,28,28,-0.1222675934728435,0.3337127263635603,0.4018384848867587,0.2078418150194964,0.3231078603374377,28,28,28,0.4917807452129017,0.4221447698503286,0.3337127263635603,28,0.4956736302377664,0.1030323803424835,0.1032439172267913,0.1020617485046386,0.0920305252075195,0.1013050079345703,0.0,0.0,0.0,0.0,0.0,0.0,0.0,mild_harm,False,True,True,True,True,True,False,False,False,False,False,False,mild_harm,True,True,True,True,False,False,False,False,False,False,False,False,False,False
c0426fcae01a50cf,3,4,17,1,-1,,-1,-1,-1,-1,-1,,,,,,-1,-1,-1,,,,-1,,,,,,,,,,,,,,no_rsm_proposal,False,False,False,False,False,False,False,False,False,False,False,False,no_rsm_proposal,False,False,False,False,False,False,False,False,False,False,False,False,False,False
c075c65bf21d5842,3,4,14,1,9,-0.0004111885782156,9,-1,-1,9,9,0.0300941101201464,-0.5292708428661502,-0.5785916628513239,0.0574892470290266,0.0411794625111721,-1,-1,-1,-0.7314502919253302,-0.4250162271445878,-0.5292708428661502,-1,-0.7903623872005088,-0.1277810335159301,-0.1277810335159301,-0.1277810335159301,-0.1277810335159301,-0.1277810335159301,0.0,0.0,0.0,0.0,0.0,0.0,0.0,mild_harm,True,False,False,False,False,True,False,False,False,False,False,False,mild_harm,False,False,True,True,False,False,True,False,True,False,False,False,False,False
d1f387a440e25adc,3,4,17,1,26,-0.0001685254469512,26,26,26,-1,26,0.0168762600019267,0.0591970888976409,0.0362878681797032,-0.0277423860076958,0.0081880653457598,26,26,26,0.0429245618669476,0.0589951937723962,0.0591970888976409,26,0.0449396315659138,0.0043706968426704,0.0043706968426704,0.0043706968426704,0.0043706968426704,0.0043706968426704,0.0,0.0,0.0,0.0,0.0,0.0,0.0,mild_harm,True,True,True,True,True,True,False,False,False,False,False,False,mild_harm,True,True,False,True,False,False,False,True,False,False,False,False,False,False
f462fca7c1f8594c,3,4,5,1,20,-7.948029409162718e-05,-1,-1,-1,-1,-1,-0.0580716191090315,-0.0867473036037974,-0.0889615084373021,-0.0638632908848211,-0.0645664668013248,-1,-1,-1,-0.0403718186892686,-0.0857730006724972,-0.0867473036037974,-1,-0.0980345322152578,0.002969890832901,0.0022496283054351,-0.0106333643198013,-0.0082860887050628,0.0018034875392913,0.0,0.0,0.0,0.0,0.0,0.0,0.0,mild_harm,False,False,False,False,False,True,False,False,False,False,False,False,mild_harm,False,False,False,False,False,False,False,False,False,False,False,False,False,False
f5b6478d00565e99,3,4,2,1,-1,,-1,-1,-1,-1,-1,,,,,,-1,-1,-1,,,,-1,,,,,,,,,,,,,,no_rsm_proposal,False,False,False,False,False,False,False,False,False,False,False,False,no_rsm_proposal,False,False,False,False,False,False,False,False,False,False,False,False,False,False
258a909f4194587f,3,4,14,1,24,-0.0001065721827559,24,-1,-1,-1,-1,0.0059125470350017,-0.2296342200592002,-0.231395038295859,-0.2456969855984413,-0.2675389149928379,-1,-1,-1,-0.3427656602997874,-0.2530373942859948,-0.2296342200592002,-1,-0.2124520291953659,-0.0585053861141204,-0.0585053861141204,-0.0215243995189666,-0.0297814607620239,-0.0585053861141204,0.1991152614355087,0.0,-0.0001173615455627,0.1989978998899459,0.0,0.0,0.0,mild_harm,True,False,False,False,False,False,False,False,False,False,False,False,mild_harm,False,False,False,False,False,False,False,False,False,False,False,False,False,False
09be490c13cb56b6,3,4,19,1,23,-8.767266422510158e-05,-1,-1,-1,-1,-1,-0.0405975808613713,-0.050540077227693,-0.0512737728837655,-0.0314149078273429,-0.0302406283648977,-1,-1,-1,-0.0533489103412413,-0.0497460249506506,-0.050540077227693,-1,-0.0543353218122122,-0.0021395683288574,-0.0021395683288574,-0.0021395683288574,-0.0021395683288574,-0.0021395683288574,0.0,0.0,0.0,0.0,0.0,0.0,0.0,mild_harm,False,False,False,False,False,True,False,False,False,False,False,False,mild_harm,False,False,False,False,False,False,False,False,False,False,False,False,False,False
2f4a06067a6f5d7f,3,4,3,1,-1,,-1,-1,-1,-1,-1,,,,,,-1,-1,-1,,,,-1,,,,,,,,,,,,,,no_rsm_proposal,False,False,False,False,False,False,False,False,False,False,False,False,no_rsm_proposal,False,False,False,False,False,False,False,False,False,False,False,False,False,False
33cd12f0c4a75e41,3,4,16,1,-1,,-1,-1,-1,-1,-1,,,,,,-1,-1,-1,,,,-1,,,,,,,,,,,,,,no_rsm_proposal,False,False,False,False,False,False,False,False,False,False,False,False,no_rsm_proposal,False,False,False,False,False,False,False,False,False,False,False,False,False,False
3cd8e7898e005bc4,3,4,8,1,-1,,-1,-1,-1,-1,-1,,,,,,-1,-1,-1,,,,-1,,,,,,,,,,,,,,no_rsm_proposal,False,False,False,False,False,False,False,False,False,False,False,False,no_rsm_proposal,False,False,False,False,False,False,False,False,False,False,False,False,False,False
3f68aa4cebd65ce8,3,4,21,1,23,-0.0006958824434317,-1,-1,-1,-1,-1,-0.0184666950482619,-0.07993212354751,-0.0856344889914471,-0.0376291612657802,-0.0664633304363175,-1,-1,-1,-0.0682272348122607,-0.0469543569653428,-0.07993212354751,-1,-0.0720766446915033,-0.0083494186401367,-0.0083494186401367,-0.0083494186401367,-0.0083494186401367,-0.0083494186401367,0.0,0.0,0.0,0.0,0.0,0.0,0.0,mild_harm,False,False,False,False,False,True,False,False,False,False,False,False,mild_harm,False,False,False,False,False,False,False,False,False,False,False,False,False,False
420b77ddd4f052b3,3,4,18,1,-1,,-1,-1,-1,-1,-1,,,,,,-1,-1,-1,,,,-1,,,,,,,,,,,,,,no_rsm_proposal,False,False,False,False,False,False,False,False,False,False,False,False,no_rsm_proposal,False,False,False,False,False,False,False,False,False,False,False,False,False,False
56e384e4189f536f,3,4,19,1,3,-1.771524733840124e-05,3,3,3,3,3,0.0018453444255964,0.1078960223923855,0.1044796757156462,0.0798491600867578,0.0799003899356412,-1,3,3,-0.0109355382941906,0.1610460463438429,0.1078960223923855,-1,-0.0119241614154527,-0.0021445155143737,-0.0021445155143737,-0.0021445155143737,-0.0021445155143737,-0.0021445155143737,0.002519816160202,0.0,-0.0002342462539672,0.0022855699062347,0.0,0.0,0.0,mild_harm,True,False,True,True,False,False,True,False,False,False,True,False,mild_harm,True,True,True,True,False,False,False,False,False,False,False,False,False,False
7f9f132592f45a84,3,4,25,0,14,-0.0006534868726856,14,14,14,14,14,0.0714790512294653,0.2259433355119861,0.3072554465719314,0.0574457047545526,0.1183997516444618,14,14,14,0.3477151890645509,0.1594808450582359,0.2259433355119861,14,0.3690844032691019,0.0463501960039138,0.0463501960039138,0.0463501960039138,0.0463501960039138,0.0463501960039138,0.0,0.0,0.0,0.0,0.0,0.0,0.0,mild_harm,True,True,True,True,True,True,False,False,False,False,False,False,mild_harm,True,True,True,True,False,False,False,False,False,False,False,False,False,False
9d81a9a1677354a1,3,4,10,1,26,-0.000407588063553,26,26,26,26,26,0.0305867288034991,0.0452462696577088,0.0406967499277275,0.034047186009392,0.0559163006382318,-1,26,26,-0.0026674489972528,0.0102325617997201,0.0452462696577088,-1,-0.0052398575468203,-0.0055797696113586,-0.0055797696113586,-0.0055797696113586,-0.0055797696113586,-0.0055797696113586,0.0,0.0,0.0,0.0,0.0,0.0,0.0,mild_harm,True,False,True,True,False,True,True,False,False,False,True,False,mild_harm,True,True,True,True,False,False,False,False,False,False,False,False,False,False
b0f9569dfe425d61,3,4,9,0,-1,,-1,-1,-1,-1,-1,,,,,,-1,-1,-1,,,,-1,,,,,,,,,,,,,,no_rsm_proposal,False,False,False,False,False,False,False,False,False,False,False,False,no_rsm_proposal,False,False,False,False,False,False,False,False,False,False,False,False,False,False
e516f368a8fb5a16,3,4,3,1,11,-0.0004473697791341,-1,-1,-1,-1,-1,-0.084792272332895,-0.4279222896129265,-0.4628103447852733,-0.0268616205494698,-0.0699025924055499,-1,-1,-1,-0.4915603573523308,-0.4746299552627363,-0.4279222896129265,-1,-0.5232892146466613,-0.0682524293661117,-0.0682524442672729,-0.0682523250579834,-0.0683120340108871,-0.0682532340288162,0.0,0.0,0.0,0.0,0.0,0.0,0.0,mild_harm,False,False,False,False,False,True,False,False,False,False,False,False,mild_harm,False,False,False,False,False,False,False,False,False,False,False,False,False,False
f997536112085ece,3,4,17,1,24,-8.260559672490508e-05,-1,24,24,-1,-1,-0.0321382685239621,0.0762389063112506,0.0852536150344393,-0.0665586886595058,-0.047157915026381,24,24,24,0.1277851497008555,0.0701600718379362,0.0762389063112506,24,0.140156648707312,0.0268338695168495,0.0268338695168495,0.0268338695168495,0.0268338695168495,0.0268338695168495,0.0,0.0,0.0,0.0,0.0,0.0,0.0,mild_harm,False,True,True,True,True,True,False,False,False,False,False,False,mild_harm,True,True,False,False,False,False,False,True,False,True,False,False,False,False
925cbce83b0c5797,3,4,16,1,-1,,-1,-1,-1,-1,-1,,,,,,-1,-1,-1,,,,-1,,,,,,,,,,,,,,no_rsm_proposal,False,False,False,False,False,False,False,False,False,False,False,False,no_rsm_proposal,False,False,False,False,False,False,False,False,False,False,False,False,False,False
050392bdc27a5f5c,3,4,1,1,-1,,-1,-1,-1,-1,-1,,,,,,-1,-1,-1,,,,-1,,,,,,,,,,,,,,no_rsm_proposal,False,False,False,False,False,False,False,False,False,False,False,False,no_rsm_proposal,False,False,False,False,False,False,False,False,False,False,False,False,False,False
1ae7a63963375f27,3,4,2,1,-1,,-1,-1,-1,-1,-1,,,,,,-1,-1,-1,,,,-1,,,,,,,,,,,,,,no_rsm_proposal,False,False,False,False,False,False,False,False,False,False,False,False,no_rsm_proposal,False,False,False,False,False,False,False,False,False,False,False,False,False,False
1bd0f4142cdc52f5,3,4,10,1,0,-2.8255283832552547e-06,-1,-1,-1,-1,-1,-0.0343712462864803,-0.0423839953780642,-0.0418680169922092,-0.0290386973523136,-0.0310558207349349,-1,-1,-1,-0.0498587994224714,-0.0419001326838633,-0.0423839953780642,-1,-0.0422798896704125,-0.002598688006401,-0.0011800378561019,-0.0003624185919761,-0.0011955797672271,-0.0011133402585983,0.0,0.0,0.0,0.0,0.0,0.0,0.0,mild_harm,False,False,False,False,False,True,False,False,False,False,False,False,mild_harm,False,False,False,False,False,False,False,False,False,False,False,False,False,False
2e91c253ccb958d1,3,4,16,1,3,-6.759409550577411e-05,-1,-1,-1,-1,-1,-0.0394050494065771,-0.0456741396917903,-0.0517816952519572,-0.0409505929745579,-0.0412152529940456,-1,-1,-1,-0.0420853796802771,-0.0279645888765962,-0.0456741396917903,-1,-0.0622662482554056,-0.0004497468471527,-0.0004497468471527,-0.006777137517929,-0.0004497468471527,-0.0004497468471527,0.0,0.0,0.0,0.0,0.0,0.0,0.0,mild_harm,False,False,False,False,False,True,False,False,False,False,False,False,mild_harm,False,False,False,False,False,False,False,False,False,False,False,False,False,False
63464806708f5d70,3,4,3,1,-1,,-1,-1,-1,-1,-1,,,,,,-1,-1,-1,,,,-1,,,,,,,,,,,,,,no_rsm_proposal,False,False,False,False,False,False,False,False,False,False,False,False,no_rsm_proposal,False,False,False,False,False,False,False,False,False,False,False,False,False,False
67a57ae417045162,3,4,4,0,-1,,-1,-1,-1,-1,-1,,,,,,-1,-1,-1,,,,-1,,,,,,,,,,,,,,no_rsm_proposal,False,False,False,False,False,False,False,False,False,False,False,False,no_rsm_proposal,False,False,False,False,False,False,False,False,False,False,False,False,False,False
6ed7b0d3fc715d28,3,4,11,1,8,0.0009856917359167,-1,8,8,8,8,-0.0696120778152828,0.1138703013595084,0.1979439242148473,0.096978722147649,0.1495004972071985,8,8,8,0.0243939729323156,0.1948655471809671,0.1138703013595084,8,0.1888585843668646,0.0157734602689743,-0.0157301574945449,-0.0228440165519714,0.0706197321414947,-0.0065787881612777,0.0096302032470703,0.0,0.0,-0.0096302032470703,0.0,0.0,0.0,positive_le_0.001,False,True,True,True,True,False,False,False,False,False,False,False,positive_le_0p001,True,True,True,True,False,False,False,False,False,False,False,False,False,False
78a96b59eca751e7,3,4,16,1,5,0.0035972677305342,-1,-1,-1,-1,-1,-0.0045229878053917,-0.0538926444867074,-0.1240995059372986,-0.0102292210809117,-0.0333658008393726,-1,-1,-1,-0.0799851062874457,-0.0597243530409348,-0.0538926444867074,-1,-0.0876053136711687,-0.0126619338989257,-0.0139896720647811,-0.0126923471689224,-0.0127290785312652,-0.0125475078821182,0.0,0.0,0.0,0.0,0.0,0.0,0.0,positive_0.001_to_0.01,False,False,False,False,False,True,False,False,False,False,False,False,positive_0p001_to_0p01,False,False,False,False,False,False,False,False,False,False,False,False,False,False
986b52e5fc685833,3,4,17,1,25,-0.0001533661117778,-1,25,25,-1,-1,-0.0071615107857436,0.2126575374441751,0.2101722035284938,-0.0214657939461151,-0.0031956413743455,-1,25,25,-0.1015405236611428,0.2216300772647086,0.2126575374441751,25,0.1317048844859007,-0.0158360302448272,-0.0204151272773742,0.0208760499954223,0.0686807185411453,-0.0204151272773742,0.0,0.0,0.0,0.0,0.0,0.0,0.0,mild_harm,False,False,True,True,True,True,True,False,False,False,False,False,mild_harm,True,True,False,False,False,False,False,True,False,True,False,False,False,False
9f32f8bd95195212,3,4,4,0,26,-0.0002767197914421,-1,-1,-1,-1,-1,-0.032657428557546,-0.0474457701404666,-0.0613677093615532,-0.0241034420299382,-0.0200482407373025,-1,-1,-1,-0.0190604282078506,-0.0468964482400614,-0.0474457701404666,-1,-0.0665309036257544,0.0022814646363258,0.0022814646363258,-0.0088192969560623,-0.0077296644449234,0.0022814646363258,0.0,0.0,0.0,0.0,0.0,0.0,0.0,mild_harm,False,False,False,False,False,True,False,False,False,False,False,False,mild_harm,False,False,False,False,False,False,False,False,False,False,False,False,False,False
b4c84a922cb957a8,3,4,19,1,22,-0.000144931913248,-1,-1,-1,-1,-1,-0.0541291469750574,-0.1334280449645372,-0.1450501318162895,-0.061168015789113,-0.0738855272605761,-1,-1,-1,-0.1680278372578606,-0.1801628161753802,-0.1334280449645372,-1,-0.1584556777029186,-0.0191112756729125,-0.0191112756729125,-0.0133411288261413,-0.0191112756729125,-0.0191112756729125,0.0,0.0,0.0,0.0,0.0,0.0,0.0,mild_harm,False,False,False,False,False,True,False,False,False,False,False,False,mild_harm,False,False,False,False,False,False,False,False,False,False,False,False,False,False
b8c14f4001735d94,3,4,1,0,7,-0.0021207949011702,-1,7,7,-1,-1,-0.0649634792410778,0.0115304963467954,0.006462457678933,-0.0574754497642125,-0.0700379936110907,7,7,7,0.0816405308747488,0.0043521787745426,0.0115304963467954,7,0.0523249683838944,0.0245989859104156,0.0215151906013488,-0.0058404803276062,0.0152626037597656,0.0226637721061706,0.035611480474472,0.0,0.0,0.035611480474472,0.0,0.0,0.0,mild_harm,False,True,True,True,True,False,False,False,False,False,False,False,mild_harm,True,True,False,False,False,False,False,True,False,True,False,False,False,False
bd29c544e8035592,3,4,2,1,-1,,-1,-1,-1,-1,-1,,,,,,-1,-1,-1,,,,-1,,,,,,,,,,,,,,no_rsm_proposal,False,False,False,False,False,False,False,False,False,False,False,False,no_rsm_proposal,False,False,False,False,False,False,False,False,False,False,False,False,False,False
c34206b68ee6576f,3,4,11,1,1,-4.7573717791848935e-06,-1,-1,-1,-1,-1,-0.0102003368424118,-0.0108931155532998,-0.010946608747873,-0.0085329690712002,-0.0069132944713456,-1,-1,-1,-0.0080792754665342,-0.01941527378701,-0.0108931155532998,-1,-0.0079151782950118,0.0003558993339538,0.0003558993339538,0.0003558993339538,0.0003558993339538,0.0003558993339538,0.0008900947868824,0.0,0.0,-0.0008900947868824,0.0,0.0,0.0,mild_harm,False,False,False,False,False,False,False,False,False,False,False,False,mild_harm,False,False,False,False,False,False,False,False,False,False,False,False,False,False
efc9ce296b1955e3,3,4,12,1,25,0.0001197258479893,-1,25,25,-1,-1,-0.0175644700390071,0.1278671393025,0.0960840232399123,-0.0687911928658403,-0.042037609116092,-1,25,25,-0.1026873996750988,0.1216998418363584,0.1278671393025,25,0.0105440282074764,-0.0142829492688179,-0.0142829492688179,-0.0004764795303344,0.0444557815790176,-0.0142829492688179,0.0,0.0,0.0,0.0,0.0,0.0,0.0,positive_le_0.001,False,False,True,True,True,True,True,False,False,False,False,False,positive_le_0p001,True,True,False,False,False,False,False,True,False,True,False,False,False,False
0831e7eae1365d56,3,4,5,1,9,-0.000454077412188,-1,-1,-1,-1,-1,-0.034164652453523,-0.173424291088568,-0.1841772920668053,-0.002312869234622,-0.0034887131682372,-1,-1,-1,-0.0247517442105976,-0.1392459625821211,-0.173424291088568,-1,-0.2339793253578647,0.0015794187784194,0.0021454095840454,-0.0704249292612075,-0.0254056304693222,0.0030477046966552,0.0113025307655334,0.0,0.0,0.0113025307655334,0.0,0.0,0.0,mild_harm,False,False,False,False,False,False,False,False,False,False,False,False,mild_harm,False,False,False,False,False,False,False,False,False,False,False,False,False,False
174ebef468f65cc9,3,4,15,1,-1,,-1,-1,-1,-1,-1,,,,,,-1,-1,-1,,,,-1,,,,,,,,,,,,,,no_rsm_proposal,False,False,False,False,False,False,False,False,False,False,False,False,no_rsm_proposal,False,False,False,False,False,False,False,False,False,False,False,False,False,False
40e3009527ee5be5,3,4,16,1,5,0.0004074828368609,-1,5,5,-1,-1,-0.0045276851636495,0.022731883501365,0.0248367452166578,-0.0099276552920096,-0.0085483905277159,5,5,5,0.0360208138985348,0.0202447662190568,0.022731883501365,5,0.0418432239000391,0.0068037062883377,0.0068011879920959,0.0068891942501068,0.0074313133955001,0.0067653357982635,0.8600189685821533,0.0,0.0,0.8600189685821533,0.0,0.0,0.0,positive_le_0.001,False,True,True,True,True,False,False,False,False,False,False,False,positive_le_0p001,True,True,False,False,False,False,False,True,False,True,False,False,False,False
4f48d8ce00c3509c,3,4,16,1,6,0.0004191477632149,-1,6,6,-1,-1,-0.0033652878207937,0.0285412222814977,0.0310048983095927,-0.0106253602591085,-0.0093724522053937,6,6,6,0.0440153109065066,0.0255044108509504,0.0285412222814977,6,0.0502985461879362,0.0079500824213027,0.0079170018434524,0.0080016553401947,0.0086194276809692,0.0078743398189544,0.0008637309074401,0.0,0.0,0.0008637309074401,0.0,0.0,0.0,positive_le_0.001,False,True,True,True,True,False,False,False,False,False,False,False,positive_le_0p001,True,True,False,False,False,False,False,True,False,True,False,False,False,False
5979437fa70f5fd8,3,4,2,0,9,-0.0001650322461967,-1,9,9,9,9,-0.0849939993308771,0.2684469307033245,0.1650553284006078,0.1308573077159044,0.0710402608028843,9,9,9,0.0986806964901665,0.2515947794589673,0.2684469307033245,9,0.1128894983495353,0.0308191329240798,0.0308191329240798,0.0308191329240798,0.0308191329240798,0.0308191329240798,0.0,0.0,0.0,0.0,0.0,0.0,0.0,mild_harm,False,True,True,True,True,True,False,False,False,False,False,False,mild_harm,True,True,True,True,False,False,False,False,False,False,False,False,False,False
87237d7e0ff25ebb,3,4,1,0,-1,,-1,-1,-1,-1,-1,,,,,,-1,-1,-1,,,,-1,,,,,,,,,,,,,,no_rsm_proposal,False,False,False,False,False,False,False,False,False,False,False,False,no_rsm_proposal,False,False,False,False,False,False,False,False,False,False,False,False,False,False
9bcb80a60af853a2,3,4,12,1,12,-0.0004041901597287,-1,-1,-1,12,12,-0.0066229170669557,-0.1973627014158017,-0.1921223444936977,0.0170375517976284,0.0326345398065216,-1,-1,-1,-0.059319220471259,-0.1605002332235139,-0.1973627014158017,12,0.0925391853167532,-0.0088420212268829,-0.0078026503324508,0.0560579001903533,-0.0465751141309738,-0.0071216970682144,0.0066226720809936,0.0,0.0,0.0066226720809936,0.0,0.0,0.0,mild_harm,False,False,False,False,True,False,False,False,False,False,False,True,mild_harm,False,False,True,True,False,False,True,False,True,False,False,False,False,False
a2326fd4694d5191,3,4,2,0,9,-0.0003037672139702,-1,9,9,-1,-1,-0.023243581585685,0.1102257496773454,0.1492866909428506,-0.0203308656789346,-0.0278840160200952,9,9,9,0.2164970777621857,0.1132555960523185,0.1102257496773454,9,0.235043151083074,0.0402265638113021,0.0402265638113021,0.0402265638113021,0.0402265638113021,0.0402265638113021,0.0,0.0,0.0,0.0,0.0,0.0,0.0,mild_harm,False,True,True,True,True,True,False,False,False,False,False,False,mild_harm,True,True,False,False,False,False,False,True,False,True,False,False,False,False
bc50e785e5cf5d5e,3,4,14,0,3,-0.0001464746225625,-1,-1,-1,-1,-1,-0.0592563475764987,-0.0355073072188554,-0.0684205051955151,-0.0771147994953219,-0.0545745717346379,-1,-1,-1,-0.0357914103841258,-0.0395549826430154,-0.0355073072188554,-1,-0.0339761831622601,0.003937229514122,0.003937229514122,0.003937229514122,0.003937229514122,0.003937229514122,0.0,0.0,0.0,0.0,0.0,0.0,0.0,mild_harm,False,False,False,False,False,True,False,False,False,False,False,False,mild_harm,False,False,False,False,False,False,False,False,False,False,False,False,False,False
be3f5af9cebd56a0,3,4,7,1,8,7.009943267322072e-05,-1,-1,-1,-1,-1,-0.0505736274782462,-0.2142517578916101,-0.231281741120396,-0.0222943377398504,-0.0052473952423824,-1,-1,-1,-0.1028452084311581,-0.1842803773779863,-0.2142517578916101,-1,-0.0430695348473084,-0.0087707489728927,-0.0078762471675872,0.027075856924057,-0.0461813807487487,-0.0072687864303588,0.0088339447975158,0.0,0.0,0.0088339447975158,0.0,0.0,0.0,positive_le_0.001,False,False,False,False,False,False,False,False,False,False,False,False,positive_le_0p001,False,False,False,False,False,False,False,False,False,False,False,False,False,False
ccb8e05950fc5fca,3,4,19,1,23,-0.000183020631969,23,23,23,-1,23,0.0305900544614732,0.2407605125574083,0.3083066490574938,-0.0208697757099032,0.0561909520145934,23,23,23,0.362597440347526,0.2442324785691073,0.2407605125574083,23,0.3882811839421333,0.0557081848382949,0.0557081848382949,0.0557081848382949,0.0557081848382949,0.0557081848382949,0.0,0.0,0.0,0.0,0.0,0.0,0.0,mild_harm,True,True,True,True,True,True,False,False,False,False,False,False,mild_harm,True,True,False,True,False,False,False,True,False,False,False,False,False,False
faf0ce0d2dc95076,3,4,7,1,-1,,-1,-1,-1,-1,-1,,,,,,-1,-1,-1,,,,-1,,,,,,,,,,,,,,no_rsm_proposal,False,False,False,False,False,False,False,False,False,False,False,False,no_rsm_proposal,False,False,False,False,False,False,False,False,False,False,False,False,False,False
0395a156348a5041,3,4,8,1,24,-0.0003903797159903,24,-1,-1,24,24,0.0001536586991613,-0.0443764813242474,-0.0855814218463308,0.0065473475269914,0.0149787859293408,-1,-1,-1,-0.1176987475765053,-0.0456179313832875,-0.0443764813242474,-1,-0.1646300688872808,-0.0197746753692626,-0.036921888589859,-1.2755393981933594e-05,-0.0155221223831176,-0.0217072665691375,0.0378730297088623,0.0,0.0,0.0378730297088623,0.0,0.0,0.0,mild_harm,True,False,False,False,False,False,False,False,False,False,False,False,mild_harm,False,False,True,True,False,False,True,False,True,False,False,False,False,False
0d99f7ef1331585c,3,4,2,0,-1,,-1,-1,-1,-1,-1,,,,,,-1,-1,-1,,,,-1,,,,,,,,,,,,,,no_rsm_proposal,False,False,False,False,False,False,False,False,False,False,False,False,no_rsm_proposal,False,False,False,False,False,False,False,False,False,False,False,False,False,False
1a775b7a88eb5558,3,4,12,1,21,0.0,-1,-1,-1,-1,-1,-0.0425426761245876,-0.0425426761245876,-0.0425426761245876,-0.0425426761245876,-0.0425426761245876,-1,-1,-1,-0.0425426761245876,-0.0425426761245876,-0.0425426761245876,-1,-0.0425426761245876,0.0,0.0,0.0,0.0,0.0,0.0,0.0,0.0,0.0,0.0,0.0,0.0,mild_harm,False,False,False,False,False,True,False,False,False,False,False,False,mild_harm,False,False,False,False,False,False,False,False,False,False,False,False,False,False
2777ce9cfe665ad6,3,4,19,1,20,-0.0003108637665398,20,-1,-1,20,20,0.0830337012307345,-0.1410244050630932,-0.1521053242019328,0.2357900099854666,0.2247129738511363,-1,-1,-1,-0.1867700500057618,-0.1288908061823559,-0.1410244050630932,-1,-0.2139983821723455,-0.0452709048986434,-0.0451621189713478,-0.0455595627427101,-0.046983890235424,-0.0446771457791328,0.0,0.0,0.0,0.0,0.0,0.0,0.0,mild_harm,True,False,False,False,False,True,False,False,False,False,False,False,mild_harm,False,False,True,True,False,False,True,False,True,False,False,False,False,False
4db8527b43a95f0d,3,4,17,0,11,-0.0003200179014353,11,11,11,11,11,0.0269177701159671,0.174549039789937,0.0701349629633253,0.1519506806187162,0.0748782011771301,11,11,11,0.2430341886329869,0.1583363465746065,0.174549039789937,11,0.2419282049648449,0.036262571811676,0.036262571811676,0.0306372642517089,0.036262571811676,0.036262571811676,0.026443064212799,0.0,0.0,0.026443064212799,0.0,0.0,0.0,mild_harm,True,True,True,True,True,False,False,False,False,False,False,False,mild_harm,True,True,True,True,False,False,False,False,False,False,False,False,False,False
5d00c83bfb0c508d,3,4,12,1,-1,,-1,-1,-1,-1,-1,,,,,,-1,-1,-1,,,,-1,,,,,,,,,,,,,,no_rsm_proposal,False,False,False,False,False,False,False,False,False,False,False,False,no_rsm_proposal,False,False,False,False,False,False,False,False,False,False,False,False,False,False
5f60684cc6045646,3,4,17,1,2,-0.9895701892308892,-1,-1,-1,2,2,-0.0086352586268444,-0.1389181974409042,-0.1004790039547352,0.0258786692465752,0.0162073770906107,-1,-1,-1,-0.1721661229911557,-0.1282018565044835,-0.1389181974409042,-1,-0.1603380313750834,-0.0274391770362854,-0.023716926574707,-0.0204680860042572,-0.0274391770362854,-0.0274391770362854,0.0,0.0,0.0,0.0,0.0,0.0,0.0,catastrophe,False,False,False,False,False,True,False,False,False,False,False,False,catastrophe,False,False,True,True,False,False,True,False,True,False,False,False,False,False
633d93f8f6bc51b5,3,4,5,0,-1,,-1,-1,-1,-1,-1,,,,,,-1,-1,-1,,,,-1,,,,,,,,,,,,,,no_rsm_proposal,False,False,False,False,False,False,False,False,False,False,False,False,no_rsm_proposal,False,False,False,False,False,False,False,False,False,False,False,False,False,False
6f319806306450c0,3,4,17,0,9,-0.0001257457367667,9,-1,-1,-1,-1,0.0101743142583073,-0.3884312331216573,-0.3689300640370098,-0.0419712506785406,-0.0906254384319401,-1,-1,-1,-0.7255132232474426,-0.4016485423477693,-0.3884312331216573,-1,-0.7824251397686451,-0.1234424710273742,-0.1234424710273742,-0.1234424710273742,-0.1234424710273742,-0.1234424710273742,0.0067463517189025,0.0,0.0,0.0067463517189025,0.0,0.0,0.0,mild_harm,True,False,False,False,False,False,False,False,False,False,False,False,mild_harm,False,False,False,False,False,False,False,False,False,False,False,False,False,False
74bb5ba3f6a75df3,3,4,8,1,-1,,-1,-1,-1,-1,-1,,,,,,-1,-1,-1,,,,-1,,,,,,,,,,,,,,no_rsm_proposal,False,False,False,False,False,False,False,False,False,False,False,False,no_rsm_proposal,False,False,False,False,False,False,False,False,False,False,False,False,False,False
8515fe3938815bd1,3,4,17,0,9,-0.0001239293869381,9,-1,-1,-1,-1,0.036850768852061,-0.1031263671668437,-0.1646294491457298,-0.0364902727295946,-0.0291051901770916,-1,-1,-1,-0.0923195097788532,-0.0788386132776819,-0.1031263671668437,-1,-0.1023119805698665,-0.0216737389564514,-0.0216737389564514,-0.0216737389564514,-0.0216737389564514,-0.0216737389564514,0.0013157129287719,0.0,0.0,0.0013157129287719,0.0,0.0,0.0,mild_harm,True,False,False,False,False,False,False,False,False,False,False,False,mild_harm,False,False,False,False,False,False,False,False,False,False,False,False,False,False
9a807a00fda657be,3,4,4,1,9,-7.209880230948321e-05,-1,-1,-1,-1,-1,-0.0004692511794667,-0.1376930127496797,-0.1091745930950129,-0.0317911274553381,-0.0244206296458825,9,-1,-1,0.0090301882713384,-0.1928744868901683,-0.1376930127496797,9,0.009764975465199,0.0015939176082611,0.0015939176082611,0.0015939176082611,0.0015939176082611,0.0015939176082611,0.0025662183761596,0.0,0.0,0.0025662183761596,0.0,0.0,0.0,mild_harm,False,True,False,False,True,False,False,True,False,False,False,True,mild_harm,False,False,False,False,False,False,False,False,False,False,False,False,False,False
bb77e9686029538d,3,4,18,1,22,0.0002012102944777,22,-1,-1,-1,-1,0.0249017576870479,-0.0810698873216108,-0.1216756500914523,-0.0826382478683747,-0.0733721178877454,-1,-1,-1,-0.1771004124833959,-0.072527859711978,-0.0810698873216108,-1,-0.206316437130592,-0.0338943302631378,-0.0333702713251113,-0.0276297330856323,-0.0594706237316131,-0.0310723781585693,0.0150180459022521,0.0,0.0,-0.0150180459022521,0.0,0.0,0.0,positive_le_0.001,True,False,False,False,False,False,False,False,False,False,False,False,positive_le_0p001,False,False,False,False,False,False,False,False,False,False,False,False,False,False
d97f7fc3e5a35f1e,3,4,16,1,-1,,-1,-1,-1,-1,-1,,,,,,-1,-1,-1,,,,-1,,,,,,,,,,,,,,no_rsm_proposal,False,False,False,False,False,False,False,False,False,False,False,False,no_rsm_proposal,False,False,False,False,False,False,False,False,False,False,False,False,False,False
fee89379e3375727,3,4,17,1,2,0.0002513909440491,2,2,2,-1,-1,0.0829539388883652,0.109199577653872,0.0549212345483583,-0.0712930952324655,-0.0565662371550051,2,2,2,0.1054004298873422,0.0797396849630339,0.109199577653872,-1,-0.044064107186155,0.0037663280963897,0.0035901218652725,-0.0289500951766967,-0.0294618755578994,0.0018535107374191,0.0244788527488708,0.0,0.0,-0.0244788527488708,0.0,0.0,0.0,positive_le_0.001,True,True,True,True,False,False,False,False,False,False,True,False,positive_le_0p001,True,True,False,False,False,False,False,True,False,True,False,False,False,False
0f6992119fc759c4,3,4,4,1,9,0.9896811794601964,-1,-1,-1,-1,-1,-0.2059416927640888,-0.2017239076265904,-0.2013981159828346,-0.1996139208828424,-0.1975603501232801,-1,-1,-1,-0.1789933463968589,-0.196053035957031,-0.2017239076265904,-1,-0.1470648824479087,0.0045217275619506,0.0045217275619506,0.0139576196670532,0.0045216381549835,0.004521757364273,0.366481214761734,0.0,0.0,0.366481214761734,0.0,0.0,0.0,material_positive_gt_0.2,False,False,False,False,False,False,False,False,False,False,False,False,material_positive_gt_0p2,False,False,False,False,False,False,False,False,False,False,True,True,True,True
147b934bc401590e,3,4,18,1,1,0.9893352683567442,-1,1,1,1,1,-0.0531384720814023,0.0466256257165999,0.0543404640820645,0.0345426047305055,0.0537100837309725,-1,1,1,-0.0333037315876919,0.0091866024046483,0.0466256257165999,1,0.0281544001170607,0.003328114748001,0.0087628066539764,0.0119335949420928,0.0246038734912872,0.0031700134277343,0.0696915388107299,0.0,0.0,0.0696915388107299,0.0,0.0,0.0,material_positive_gt_0.2,False,False,True,True,True,False,True,False,False,False,False,False,material_positive_gt_0p2,True,True,True,True,False,False,False,False,False,False,False,False,False,False
1f19613acc175257,3,4,17,0,3,-0.0001153716588855,-1,-1,-1,-1,-1,-0.0309410044480481,-0.0767227520863875,-0.0802578477049936,-0.0762843495360432,-0.0835542720401049,-1,-1,-1,-0.0069027603688487,-0.07611032089833,-0.0767227520863875,-1,-0.005043242544969,0.0040334165096282,0.0040334165096282,0.0040334165096282,0.0040334165096282,0.0040334165096282,0.0319557785987854,0.0,0.0,-0.0319557785987854,0.0,0.0,0.0,mild_harm,False,False,False,False,False,False,False,False,False,False,False,False,mild_harm,False,False,False,False,False,False,False,False,False,False,False,False,False,False
28a9f1a2abfe555c,3,4,4,1,0,0.0001118290149955,-1,-1,-1,-1,-1,-0.0245511667172381,-0.0201659181065293,-0.0302335542119726,-0.0020407559739789,-0.004100747886652,0,-1,-1,0.0291621396029367,-0.0749906706535447,-0.0201659181065293,0,0.0908275608083422,0.0090126693248748,0.0090409815311431,0.027287483215332,0.0088953375816345,0.0090446174144744,0.1836072653532028,0.0,0.0,0.1836072653532028,0.0,0.0,0.0,positive_le_0.001,False,True,False,False,True,False,False,True,False,False,False,True,positive_le_0p001,False,False,False,False,False,False,False,False,False,False,False,False,False,False
59d1bd367a965623,3,4,19,1,9,0.0002097983349114,-1,9,9,9,9,-0.0242941007050873,0.0137854476879014,0.0167214030559144,0.0296912316024476,0.0356125444861142,9,9,9,0.2987676717277294,0.0067576921348368,0.0137854476879014,9,0.3173508569707261,0.0542071759700775,0.0543768405914306,0.0521905422210693,0.0541074872016906,0.0542375445365905,0.4294860363006592,0.0,0.0,0.4294860363006592,0.0,0.0,0.0,positive_le_0.001,False,True,True,True,True,False,False,False,False,False,False,False,positive_le_0p001,True,True,True,True,False,False,False,False,False,False,False,False,False,False
86abbd3f53575fd5,3,4,17,1,9,1.9791943842181936,9,9,9,9,9,0.0614798741798485,0.0744728405660468,0.0587837722328576,0.0620605775962791,0.0546106581286037,-1,9,9,-0.0786518654172283,0.0539147787928512,0.0744728405660468,9,0.237128842031444,-0.023512989282608,-0.0105002522468566,0.0752709507942199,-0.0030658543109893,-0.0099183320999145,0.0221478343009948,0.0,0.0,0.0221478343009948,0.0,0.0,0.0,material_positive_gt_0.2,True,False,True,True,True,False,True,False,False,False,False,False,material_positive_gt_0p2,True,True,True,True,False,False,False,False,False,False,False,False,False,False
8ad88f000c1750a0,3,4,17,1,9,-0.0005808805376524,-1,9,9,9,-1,-0.0192201560023275,0.1109962864519767,0.102191243280888,0.0082650784002308,-0.012670716573462,9,9,9,0.0770207217400593,0.0919034574493451,0.1109962864519767,9,0.0177032210312668,0.0161484479904174,-0.0104491710662841,0.0137166678905487,0.0196492075920104,-0.0052253007888793,0.0,0.0,0.0,0.0,0.0,0.0,0.0,mild_harm,False,True,True,True,True,True,False,False,False,False,False,False,mild_harm,True,True,True,False,False,False,False,False,False,True,False,False,False,False
b183aa1eebac52fc,3,4,17,1,7,0.0001314637799514,7,7,7,7,7,0.0168489348672368,0.1524650302755708,0.1628781249474309,0.1400769680732917,0.1640083483987948,7,7,7,0.1762166890102044,0.1391391866624774,0.1524650302755708,7,0.1973805003906916,0.0267406404018402,0.0267354249954223,0.0296242833137512,0.0267040133476257,0.0267321765422821,0.1019989252090454,0.0,0.0,0.1019989252090454,0.0,0.0,0.0,positive_le_0.001,True,True,True,True,True,False,False,False,False,False,False,False,positive_le_0p001,True,True,True,True,False,False,False,False,False,False,False,False,False,False
e06dab45945a571c,3,4,17,1,-1,,-1,-1,-1,-1,-1,,,,,,-1,-1,-1,,,,-1,,,,,,,,,,,,,,no_rsm_proposal,False,False,False,False,False,False,False,False,False,False,False,False,no_rsm_proposal,False,False,False,False,False,False,False,False,False,False,False,False,False,False
15c64c983b935d86,3,4,5,1,-1,,-1,-1,-1,-1,-1,,,,,,-1,-1,-1,,,,-1,,,,,,,,,,,,,,no_rsm_proposal,False,False,False,False,False,False,False,False,False,False,False,False,no_rsm_proposal,False,False,False,False,False,False,False,False,False,False,False,False,False,False
1fad9f3e334d5e4e,3,4,16,0,3,-5.923158902421122e-05,-1,-1,-1,-1,-1,-0.0407809564229918,-0.054967415650917,-0.0600232080560744,-0.0659655342375788,-0.0568750339684905,-1,-1,-1,-0.081139763282135,-0.0519772796698073,-0.054967415650917,-1,-0.2048435225580103,-0.0067718923091888,0.0004478245973587,-0.0397693067789077,-0.0227100849151611,-0.0037446916103363,0.0053483843803405,0.0,0.0,0.0053483843803405,0.0,0.0,0.0,mild_harm,False,False,False,False,False,False,False,False,False,False,False,False,mild_harm,False,False,False,False,False,False,False,False,False,False,False,False,False,False
2d79aaf4c8d6582e,3,4,9,1,21,0.0,-1,-1,-1,-1,-1,-0.0420391120384691,-0.0420391120384691,-0.0420391120384691,-0.0420391120384691,-0.0420391120384691,-1,-1,-1,-0.0420391120384691,-0.0420391120384691,-0.0420391120384691,-1,-0.0420391120384691,0.0,0.0,0.0,0.0,0.0,0.0,0.0,0.0,0.0,0.0,0.0,0.0,mild_harm,False,False,False,False,False,True,False,False,False,False,False,False,mild_harm,False,False,False,False,False,False,False,False,False,False,False,False,False,False
3d5f4f15e1f053cd,3,4,4,1,-1,,-1,-1,-1,-1,-1,,,,,,-1,-1,-1,,,,-1,,,,,,,,,,,,,,no_rsm_proposal,False,False,False,False,False,False,False,False,False,False,False,False,no_rsm_proposal,False,False,False,False,False,False,False,False,False,False,False,False,False,False
4f547ba1d6e953b1,3,4,17,0,3,-4.712445205079519e-05,-1,-1,-1,-1,-1,-0.0611210787090716,-0.1839830593907677,-0.2000770433680005,-0.012522213140426,-0.0048738163896489,-1,-1,-1,-0.1144796094347177,-0.1650750233025038,-0.1839830593907677,-1,-0.2346396002486465,-0.0089531242847442,-0.0060898214578628,-0.0357536673545837,-0.0323297679424285,-0.0088796317577362,0.007334291934967,0.0,0.0,0.007334291934967,0.0,0.0,0.0,mild_harm,False,False,False,False,False,False,False,False,False,False,False,False,mild_harm,False,False,False,False,False,False,False,False,False,False,False,False,False,False
57a59636cde25b02,3,4,10,1,2,1.5957976206366964,-1,2,2,2,2,-0.0314197682106822,0.845052624406821,0.8241418764917329,2.101192666989656,2.1203494371857468,2,2,2,0.6896643736707451,0.6244696980365659,0.845052624406821,2,0.7368452380019987,0.1209921091794967,0.1182388216257095,0.1234002113342285,0.1234002113342285,0.1173847317695617,0.0,0.0,0.0,0.0,0.0,0.0,0.0,material_positive_gt_0.2,False,True,True,True,True,True,False,False,False,False,False,False,material_positive_gt_0p2,True,True,True,True,False,False,False,False,False,False,False,False,False,False
77d52cd328e05b79,3,4,6,0,12,-0.0012133296082392,-1,-1,-1,12,12,-0.0014711833833084,-0.129600195577048,-0.1487762232317172,0.0466003050100993,0.0673408266751402,-1,-1,-1,-0.2120344001146367,-0.1434884005558924,-0.129600195577048,-1,-0.2283233041599565,-0.0353308171033859,-0.0353308171033859,-0.0353308171033859,-0.0353308171033859,-0.0353308171033859,0.0399520397186279,0.0,0.0174391269683837,0.0225129127502441,0.0,0.0,0.0,mild_harm,False,False,False,False,False,False,False,False,False,False,False,False,mild_harm,False,False,True,True,False,False,True,False,True,False,False,False,False,False
7c467941fb3d5524,3,4,11,1,19,0.0,-1,-1,-1,-1,-1,-0.0422588933099736,-0.0422588933099736,-0.0422588933099736,-0.0422588933099736,-0.0422588933099736,-1,-1,-1,-0.0422588933099736,-0.0422588933099736,-0.0422588933099736,-1,-0.0422588933099736,0.0,0.0,0.0,0.0,0.0,0.0,0.0,0.0,0.0,0.0,0.0,0.0,mild_harm,False,False,False,False,False,True,False,False,False,False,False,False,mild_harm,False,False,False,False,False,False,False,False,False,False,False,False,False,False
855d4a2e69115db2,3,4,1,0,-1,,-1,-1,-1,-1,-1,,,,,,-1,-1,-1,,,,-1,,,,,,,,,,,,,,no_rsm_proposal,False,False,False,False,False,False,False,False,False,False,False,False,no_rsm_proposal,False,False,False,False,False,False,False,False,False,False,False,False,False,False
949849ded44f514f,3,4,5,1,-1,,-1,-1,-1,-1,-1,,,,,,-1,-1,-1,,,,-1,,,,,,,,,,,,,,no_rsm_proposal,False,False,False,False,False,False,False,False,False,False,False,False,no_rsm_proposal,False,False,False,False,False,False,False,False,False,False,False,False,False,False
a74ab03d0fb05d72,3,4,12,0,-1,,-1,-1,-1,-1,-1,,,,,,-1,-1,-1,,,,-1,,,,,,,,,,,,,,no_rsm_proposal,False,False,False,False,False,False,False,False,False,False,False,False,no_rsm_proposal,False,False,False,False,False,False,False,False,False,False,False,False,False,False
c0815ea46b825526,3,4,12,0,-1,,-1,-1,-1,-1,-1,,,,,,-1,-1,-1,,,,-1,,,,,,,,,,,,,,no_rsm_proposal,False,False,False,False,False,False,False,False,False,False,False,False,no_rsm_proposal,False,False,False,False,False,False,False,False,False,False,False,False,False,False
cfdc02dc40405e6f,3,4,2,1,9,2.019834518898582,-1,9,9,9,9,-0.0386894841263111,0.2728201094721197,0.3098019950267311,0.770564985380316,0.9733017887570544,9,9,9,0.2288058814547406,0.1901169213007953,0.2728201094721197,9,0.2309780602481563,0.0448835492134094,0.0465756654739379,0.0540847778320312,0.0378463566303253,0.0490321218967437,0.3121173232793808,0.0,0.0,-0.3121173232793808,0.0,0.0,0.0,material_positive_gt_0.2,False,True,True,True,True,False,False,False,False,False,False,False,material_positive_gt_0p2,True,True,True,True,False,False,False,False,False,False,False,False,False,False
de3c0c52e7815332,3,4,1,1,22,3.1496425274491777,22,22,22,22,22,2.5707630267016706,2.9754703468032084,3.2448400271489453,2.932200536658132,3.021304808895039,22,22,22,4.189535058136066,2.910637181587099,2.9754703468032084,22,4.6370182215713065,0.2716169357299804,0.468966543674469,0.1028217226266861,0.0905545055866241,0.4342691451311111,0.0372886061668396,0.0,0.0372886061668396,0.0,0.0,0.0,0.0,material_positive_gt_0.2,True,True,True,True,True,False,False,False,False,False,False,False,material_positive_gt_0p2,True,True,True,True,False,False,False,False,False,False,False,False,False,False
f26eb5a6f93c50b4,3,4,16,1,17,0.0022419899821281,17,17,17,17,-1,0.0181121617283108,0.2699222649559999,0.2178701330424206,0.0114939846490117,-0.0201445205870958,17,17,17,0.3778806055036421,0.2510639760562692,0.2699222649559999,17,0.4057118488877578,0.0603662580251693,0.0603662580251693,0.0603662580251693,0.0603662580251693,0.0603662580251693,0.0,0.0,0.0,0.0,0.0,0.0,0.0,positive_0.001_to_0.01,True,True,True,True,True,True,False,False,False,False,False,False,positive_0p001_to_0p01,True,True,True,False,False,False,False,False,False,True,False,False,False,False
f28c5026aff854cb,3,4,26,1,22,0.92972289563152,-1,22,22,22,22,-0.0778069704475827,0.2390922168585589,0.1703869948437013,0.5266810626394713,0.3279952822922354,22,22,22,0.0745047943402245,0.1465778270564127,0.2390922168585589,-1,-0.0141040177147507,0.0255566835403442,0.0316487997770309,-2.443790435791016e-05,0.0023424923419952,0.0307223796844482,0.5309202522039413,0.0,0.0,0.5309202522039413,0.0,0.0,0.0,material_positive_gt_0.2,False,True,True,True,False,False,False,False,False,False,True,False,material_positive_gt_0p2,True,True,True,True,False,False,False,False,False,False,False,False,False,False
faf93d61f8bd5238,3,4,18,0,24,-9.455366143940049e-05,-1,-1,-1,-1,-1,-0.0373307534653257,-0.1371205863148107,-0.1442998635872802,-0.145772210572167,-0.1676065675668777,-1,-1,-1,-0.046380802321465,-0.1199641704895492,-0.1371205863148107,-1,-0.0764517907838374,-0.0015185475349426,-0.0069292783737182,-0.0165900290012359,-0.0128006935119628,-0.0036319196224212,0.0075637698173522,0.0,0.0040267705917358,-0.0035369992256164,0.0,0.0,0.0,mild_harm,False,False,False,False,False,False,False,False,False,False,False,False,mild_harm,False,False,False,False,False,False,False,False,False,False,False,False,False,False
073ef4e9c6185fdd,3,4,2,1,-1,,-1,-1,-1,-1,-1,,,,,,-1,-1,-1,,,,-1,,,,,,,,,,,,,,no_rsm_proposal,False,False,False,False,False,False,False,False,False,False,False,False,no_rsm_proposal,False,False,False,False,False,False,False,False,False,False,False,False,False,False
09884abf58435aaa,3,4,17,1,9,-0.0006670752685522,-1,-1,-1,9,9,-0.0227328613596693,-0.0651177508898675,-0.0683905176579096,0.021726395123235,0.0241608018670098,-1,-1,-1,-0.0756808695990757,-0.058535956151195,-0.0651177508898675,-1,-0.0685090203078831,-0.0088842511177062,-0.0088842511177062,-0.0053676292300224,-0.0088842511177062,-0.0088842511177062,0.0,0.0,0.0,0.0,0.0,0.0,0.0,mild_harm,False,False,False,False,False,True,False,False,False,False,False,False,mild_harm,False,False,True,True,False,False,True,False,True,False,False,False,False,False
10e0d0cf52855491,3,4,9,1,20,-4.381986407098193e-05,20,-1,-1,-1,-1,0.0134510483701126,-0.0560415225255171,-0.0674424036160815,-0.0173451955011782,-0.0156554182982826,-1,-1,-1,-0.1103183823237443,-0.1103461371129173,-0.0560415225255171,-1,-0.1179777699993241,-0.0207675099372863,-0.0207675099372863,-0.0206515789031982,-0.0196447074413299,-0.0207675099372863,0.0001536011695861,0.0,0.0001536011695861,0.0,0.0,0.0,0.0,mild_harm,True,False,False,False,False,False,False,False,False,False,False,False,mild_harm,False,False,False,False,False,False,False,False,False,False,False,False,False,False
1fc485893db05d58,3,4,4,0,-1,,-1,-1,-1,-1,-1,,,,,,-1,-1,-1,,,,-1,,,,,,,,,,,,,,no_rsm_proposal,False,False,False,False,False,False,False,False,False,False,False,False,no_rsm_proposal,False,False,False,False,False,False,False,False,False,False,False,False,False,False
21870d2397795423,3,4,24,0,20,0.0,20,20,20,20,20,0.0185728327371967,0.0185728327371967,0.0185728327371967,0.0185728327371967,0.0185728327371967,20,20,20,0.0185728327371967,0.0185728327371967,0.0185728327371967,20,0.0185728327371967,0.0,0.0,0.0,0.0,0.0,0.0,0.0,0.0,0.0,0.0,0.0,0.0,mild_harm,True,True,True,True,True,True,False,False,False,False,False,False,mild_harm,True,True,True,True,False,False,False,False,False,False,False,False,False,False
538923756bab555f,3,4,17,1,9,0.0007085304721989,9,-1,-1,-1,-1,0.0562370945515066,-0.0523330246819202,-0.074218279209388,-0.0167925232727325,-0.0169504089297752,-1,-1,-1,-0.10898375502651,-0.0362148211552957,-0.0523330246819202,-1,-0.1229882805966446,-0.0277227461338043,-0.0281088650226593,-0.0277227461338043,-0.0277227461338043,-0.0277227461338043,0.0154417753219604,0.0,0.0,0.0154417753219604,0.0,0.0,0.0,positive_le_0.001,True,False,False,False,False,False,False,False,False,False,False,False,positive_le_0p001,False,False,False,False,False,False,False,False,False,False,False,False,False,False
5a67404157535f5b,3,4,1,0,-1,,-1,-1,-1,-1,-1,,,,,,-1,-1,-1,,,,-1,,,,,,,,,,,,,,no_rsm_proposal,False,False,False,False,False,False,False,False,False,False,False,False,no_rsm_proposal,False,False,False,False,False,False,False,False,False,False,False,False,False,False
7476e5ad4711587f,3,4,9,0,3,-9.649557229707284e-05,-1,3,3,3,3,-0.0101121810633162,0.4048382577160329,0.4040967091099529,0.0363389995719879,0.0535241908604669,3,3,3,0.140227737601328,0.3881225063026655,0.4048382577160329,3,0.0599929197837882,0.0252258330583572,0.0129259824752807,-0.0240647494792938,0.0768120363354682,0.0230091661214828,0.0,0.0,0.0,0.0,0.0,0.0,0.0,mild_harm,False,True,True,True,True,True,False,False,False,False,False,False,mild_harm,True,True,True,True,False,False,False,False,False,False,False,False,False,False
7fb1a51c02db514e,3,4,18,1,-1,,-1,-1,-1,-1,-1,,,,,,-1,-1,-1,,,,-1,,,,,,,,,,,,,,no_rsm_proposal,False,False,False,False,False,False,False,False,False,False,False,False,no_rsm_proposal,False,False,False,False,False,False,False,False,False,False,False,False,False,False
82bcaf16eea459db,3,4,24,1,1,-0.0001157444000244,-1,-1,-1,-1,-1,-0.1905091803828936,-0.2012192390257378,-0.2008979342089812,-0.1772519834475504,-0.1778909941384223,-1,-1,-1,-0.2054238795969009,-0.2001219736836547,-0.2012192390257378,-1,-0.2065776581931014,-0.0025025662034749,-0.0025025662034749,-0.0025025662034749,-0.0025025662034749,-0.0025025662034749,0.0,0.0,0.0,0.0,0.0,0.0,0.0,mild_harm,False,False,False,False,False,True,False,False,False,False,False,False,mild_harm,False,False,False,False,False,False,False,False,False,False,False,False,False,False
899c5ed91b8c5beb,3,4,17,1,-1,,-1,-1,-1,-1,-1,,,,,,-1,-1,-1,,,,-1,,,,,,,,,,,,,,no_rsm_proposal,False,False,False,False,False,False,False,False,False,False,False,False,no_rsm_proposal,False,False,False,False,False,False,False,False,False,False,False,False,False,False
9857fe6079dc5b65,3,4,16,1,9,0.0003742047014063,9,9,9,9,9,0.0604028793942922,0.0411801649498962,0.0420140912956963,0.0760398249567369,0.075052220131688,9,9,9,0.0345285948094899,0.0423038236422504,0.0411801649498962,9,0.0325269876567006,-0.004341498017311,-0.004341498017311,-0.004341498017311,-0.004341498017311,-0.004341498017311,0.0,0.0,0.0,0.0,0.0,0.0,0.0,positive_le_0.001,True,True,True,True,True,True,False,False,False,False,False,False,positive_le_0p001,True,True,True,True,False,False,False,False,False,False,False,False,False,False
9c0c9727fc975d7a,3,4,4,1,-1,,-1,-1,-1,-1,-1,,,,,,-1,-1,-1,,,,-1,,,,,,,,,,,,,,no_rsm_proposal,False,False,False,False,False,False,False,False,False,False,False,False,no_rsm_proposal,False,False,False,False,False,False,False,False,False,False,False,False,False,False
a0cbabab4b2c5345,3,4,17,1,-1,,-1,-1,-1,-1,-1,,,,,,-1,-1,-1,,,,-1,,,,,,,,,,,,,,no_rsm_proposal,False,False,False,False,False,False,False,False,False,False,False,False,no_rsm_proposal,False,False,False,False,False,False,False,False,False,False,False,False,False,False
a370a9747c5e599b,3,4,8,1,1,-1.0564851760864276e-05,-1,-1,-1,-1,-1,-0.0507799486360862,-0.0537035900101968,-0.0538842320700384,-0.0470495836815769,-0.0468464529128175,-1,-1,-1,-0.0548686889158717,-0.0533991492977934,-0.0537035900101968,-1,-0.055184995016357,-0.0006860587745904,-0.0006860587745904,-0.0006860587745904,-0.0006860587745904,-0.0006860587745904,0.0,0.0,0.0,0.0,0.0,0.0,0.0,mild_harm,False,False,False,False,False,True,False,False,False,False,False,False,mild_harm,False,False,False,False,False,False,False,False,False,False,False,False,False,False
b0b57e6ca331564e,3,4,12,1,24,0.0,24,24,24,24,24,0.0023408636038411,0.0023408636038411,0.0023408636038411,0.0023408636038411,0.0023408636038411,24,24,24,0.0023408636038411,0.0023408636038411,0.0023408636038411,24,0.0023408636038411,0.0,0.0,0.0,0.0,0.0,0.0,0.0,0.0,0.0,0.0,0.0,0.0,mild_harm,True,True,True,True,True,True,False,False,False,False,False,False,mild_harm,True,True,True,True,False,False,False,False,False,False,False,False,False,False
b66edb8535dd5ec1,3,4,11,1,11,-0.0002485304828732,-1,-1,-1,-1,-1,-0.061545225076261,-0.1095930309076282,-0.1133048969566035,-0.0292763622510928,-0.0314836190696651,-1,-1,-1,-0.0836009327062128,-0.1051254098630687,-0.1095930309076282,-1,-0.0688621584361686,-0.0037007704377174,-0.0034260675311088,-0.0012405663728713,0.002809964120388,-0.0032633766531944,0.0,0.0,0.0,0.0,0.0,0.0,0.0,mild_harm,False,False,False,False,False,True,False,False,False,False,False,False,mild_harm,False,False,False,False,False,False,False,False,False,False,False,False,False,False
bef88a7c044b5ebe,3,4,29,1,18,0.0008987352035938,18,-1,-1,18,18,0.0422425897223757,-0.1778125671862983,-0.1932449504264494,0.0787903399780381,0.0865024450664734,-1,-1,-1,-0.266195123876921,-0.1817504947503398,-0.1778125671862983,-1,-0.2900554760354735,-0.0517533719539642,-0.0517533719539642,-0.0517533719539642,-0.0517533719539642,-0.0517533719539642,0.0,0.0,0.0,0.0,0.0,0.0,0.0,positive_le_0.001,True,False,False,False,False,True,False,False,False,False,False,False,positive_le_0p001,False,False,True,True,False,False,True,False,True,False,False,False,False,False
ce41992a83845d8a,3,4,20,1,-1,,-1,-1,-1,-1,-1,,,,,,-1,-1,-1,,,,-1,,,,,,,,,,,,,,no_rsm_proposal,False,False,False,False,False,False,False,False,False,False,False,False,no_rsm_proposal,False,False,False,False,False,False,False,False,False,False,False,False,False,False
e2022a0506df54c7,3,4,11,1,15,0.0,-1,-1,-1,-1,-1,-0.1654425325377825,-0.1654425325377825,-0.1654425325377825,-0.1654425325377825,-0.1654425325377825,-1,-1,-1,-0.1654425325377825,-0.1654425325377825,-0.1654425325377825,-1,-0.1654425325377825,0.0,0.0,0.0,0.0,0.0,0.0,0.0,0.0,0.0,0.0,0.0,0.0,mild_harm,False,False,False,False,False,True,False,False,False,False,False,False,mild_harm,False,False,False,False,False,False,False,False,False,False,False,False,False,False
f88a28f7b54555ea,3,4,30,1,18,0.0006765377013073,-1,-1,-1,-1,-1,-0.1282389086141903,-0.7463483905193549,-0.7928732328523895,-0.5784631687607538,-0.7172810810547394,-1,-1,-1,-0.7752081711878571,-0.793434732640542,-0.7463483905193549,-1,-0.8252567555529637,-0.1085562258958816,-0.1085562258958816,-0.1085562258958816,-0.1085562258958816,-0.1085562258958816,0.0,0.0,0.0,0.0,0.0,0.0,0.0,positive_le_0.001,False,False,False,False,False,True,False,False,False,False,False,False,positive_le_0p001,False,False,False,False,False,False,False,False,False,False,False,False,False,False
034da27cd2f75292,3,4,1,0,5,-0.0041440810557571,5,5,5,5,5,0.1480630470221737,0.1807761353853799,0.1833020912109817,0.1264618282751888,0.1260713507225641,5,5,5,0.1921297684114775,0.1708893058791895,0.1807761353853799,5,0.1955387371147534,0.0073940455913543,0.0073940455913543,0.0073940455913543,0.0073940455913543,0.0073940455913543,0.0017663240432739,0.0,0.0,-0.0017663240432739,0.0,0.0,0.0,mild_harm,True,True,True,True,True,False,False,False,False,False,False,False,mild_harm,True,True,True,True,False,False,False,False,False,False,False,False,False,False
1088d47284565808,3,4,5,0,-1,,-1,-1,-1,-1,-1,,,,,,-1,-1,-1,,,,-1,,,,,,,,,,,,,,no_rsm_proposal,False,False,False,False,False,False,False,False,False,False,False,False,no_rsm_proposal,False,False,False,False,False,False,False,False,False,False,False,False,False,False
1a20ae9ff1e05d25,3,4,16,1,25,-0.0001797868408029,25,25,25,25,25,0.0300238519352312,0.3479468601953531,0.2971279468341771,0.3663751162256379,0.4122885785731811,25,25,25,0.2714090834828636,0.3694044287793188,0.3479468601953531,25,0.2801950138118007,0.0405025035142898,0.0417863279581069,0.0434578955173492,0.0315843671560287,0.0416190028190612,0.0,0.0,0.0,0.0,0.0,0.0,0.0,mild_harm,True,True,True,True,True,True,False,False,False,False,False,False,mild_harm,True,True,True,True,False,False,False,False,False,False,False,False,False,False
3f51b8b92c3b52cf,3,4,18,1,9,0.0003213510554285,9,-1,-1,-1,-1,0.0030710783953533,-0.2133708508853584,-0.1893857900625611,-0.1409715297614068,-0.1037815786030404,-1,-1,-1,-0.2277174235217582,-0.1643900682446772,-0.2133708508853584,-1,-0.211422826246125,-0.0387244522571563,-0.0388688147068023,-0.0367112457752227,-0.0304678678512573,-0.0380681753158569,0.0121457576751708,0.0,0.0,0.0121457576751708,0.0,0.0,0.0,positive_le_0.001,True,False,False,False,False,False,False,False,False,False,False,False,positive_le_0p001,False,False,False,False,False,False,False,False,False,False,False,False,False,False
452d348a65ac59f3,3,4,11,1,-1,,-1,-1,-1,-1,-1,,,,,,-1,-1,-1,,,,-1,,,,,,,,,,,,,,no_rsm_proposal,False,False,False,False,False,False,False,False,False,False,False,False,no_rsm_proposal,False,False,False,False,False,False,False,False,False,False,False,False,False,False
4a35d5b02394561e,3,4,17,1,-1,,-1,-1,-1,-1,-1,,,,,,-1,-1,-1,,,,-1,,,,,,,,,,,,,,no_rsm_proposal,False,False,False,False,False,False,False,False,False,False,False,False,no_rsm_proposal,False,False,False,False,False,False,False,False,False,False,False,False,False,False
4a90f1c8ef895e13,3,4,12,1,2,-0.0002851558105612,-1,-1,-1,-1,-1,-0.0169241278279131,-0.0065426552056845,-0.0057410512703769,-0.0258715367728352,-0.0254406860694117,-1,-1,-1,-0.031449535555997,-0.0085623194026946,-0.0065426552056845,-1,-0.0325732158019248,-0.0024372488260269,-0.0024372488260269,-0.0024372488260269,-0.0024372488260269,-0.0024372488260269,0.0,0.0,0.0,0.0,0.0,0.0,0.0,mild_harm,False,False,False,False,False,True,False,False,False,False,False,False,mild_harm,False,False,False,False,False,False,False,False,False,False,False,False,False,False
4cf854e9eadf5084,3,4,2,1,-1,,-1,-1,-1,-1,-1,,,,,,-1,-1,-1,,,,-1,,,,,,,,,,,,,,no_rsm_proposal,False,False,False,False,False,False,False,False,False,False,False,False,no_rsm_proposal,False,False,False,False,False,False,False,False,False,False,False,False,False,False
54059bb6b643525f,3,4,11,1,24,-0.0005095285788178,-1,-1,-1,-1,-1,-0.0578506130257187,-0.2496495903360384,-0.2124105100558107,-0.1373026454680811,-0.1159702940928745,-1,-1,-1,-0.1057518758364837,-0.2160080529416159,-0.2496495903360384,-1,-0.1103532847299263,-0.0080374479293823,-0.0080505013465881,-0.0080302059650421,-0.0082637667655944,-0.0080319344997406,0.0006952881813049,0.0,0.0,0.0006952881813049,0.0,0.0,0.0,mild_harm,False,False,False,False,False,False,False,False,False,False,False,False,mild_harm,False,False,False,False,False,False,False,False,False,False,False,False,False,False
588dbd820a135056,3,4,6,1,3,0.0005023064074397,-1,-1,-1,-1,-1,-0.0098254189205787,-0.0248643028271446,-0.1305002261306867,-0.0320613615655755,-0.0768946006577969,-1,-1,-1,-0.1846540640715118,-0.0107516169433609,-0.0248643028271446,-1,-0.1981785884420577,-0.0293348431587219,-0.0293348431587219,-0.0293348431587219,-0.0293348431587219,-0.0293348431587219,0.0056943297386169,0.0,0.0,0.0056943297386169,0.0,0.0,0.0,positive_le_0.001,False,False,False,False,False,False,False,False,False,False,False,False,positive_le_0p001,False,False,False,False,False,False,False,False,False,False,False,False,False,False
5a0bd184100f54d5,3,4,3,1,-1,,-1,-1,-1,-1,-1,,,,,,-1,-1,-1,,,,-1,,,,,,,,,,,,,,no_rsm_proposal,False,False,False,False,False,False,False,False,False,False,False,False,no_rsm_proposal,False,False,False,False,False,False,False,False,False,False,False,False,False,False
8eb1c196434e51ec,3,4,10,1,-1,,-1,-1,-1,-1,-1,,,,,,-1,-1,-1,,,,-1,,,,,,,,,,,,,,no_rsm_proposal,False,False,False,False,False,False,False,False,False,False,False,False,no_rsm_proposal,False,False,False,False,False,False,False,False,False,False,False,False,False,False
95e1e30a438d52cd,3,4,6,1,-1,,-1,-1,-1,-1,-1,,,,,,-1,-1,-1,,,,-1,,,,,,,,,,,,,,no_rsm_proposal,False,False,False,False,False,False,False,False,False,False,False,False,no_rsm_proposal,False,False,False,False,False,False,False,False,False,False,False,False,False,False
9c5700ab41865a07,3,4,12,1,1,-0.000125082693994,-1,-1,-1,-1,-1,-0.0595153362435604,-0.1859110433438683,-0.1785949207449464,-0.0931126316264078,-0.0898402380315441,-1,-1,-1,-0.3537308489602543,-0.1722966130863348,-0.1859110433438683,-1,-0.2152716069738128,-0.0493670105934143,-0.049112319946289,-0.0125022232532501,-0.0169007182121276,-0.0495330095291137,0.0058790445327758,0.0,0.0,0.0058790445327758,0.0,0.0,0.0,mild_harm,False,False,False,False,False,False,False,False,False,False,False,False,mild_harm,False,False,False,False,False,False,False,False,False,False,False,False,False,False
aa05025b9a815254,3,4,9,1,-1,,-1,-1,-1,-1,-1,,,,,,-1,-1,-1,,,,-1,,,,,,,,,,,,,,no_rsm_proposal,False,False,False,False,False,False,False,False,False,False,False,False,no_rsm_proposal,False,False,False,False,False,False,False,False,False,False,False,False,False,False
ac768eabfa5c5725,3,4,12,0,9,-9.121100050396568e-05,9,-1,-1,9,-1,0.0046680729072732,-0.0480627464257579,-0.014073797496276,0.0107260929316141,-6.142215973619237e-05,9,-1,-1,0.0783505685682571,-0.0168873198415295,-0.0480627464257579,9,0.0855690079053929,0.0123633444309234,0.0123513638973236,0.0125835537910461,0.0128514766693115,0.012444257736206,0.0041415691375732,0.0,0.0,0.0041415691375732,0.0,0.0,0.0,mild_harm,True,True,False,False,True,False,False,True,False,False,False,True,mild_harm,False,False,True,False,False,False,True,False,False,False,False,False,False,False
ad963f2915a657a4,3,4,18,1,9,0.0004896600965409,9,-1,-1,-1,-1,0.014662895596453,-0.1826142404047692,-0.2041057084224337,-0.1478057613955307,-0.150976746955333,-1,-1,-1,-0.2804674285959423,-0.1542753636972155,-0.1826142404047692,-1,-0.2449376002849917,-0.0495204925537109,-0.0495204925537109,-0.0481614768505096,-0.0349900722503662,-0.0495191514492034,0.0337169170379638,0.0,0.0,0.0337169170379638,0.0,0.0,0.0,positive_le_0.001,True,False,False,False,False,False,False,False,False,False,False,False,positive_le_0p001,False,False,False,False,False,False,False,False,False,False,False,False,False,False
ae1909ec83115e90,3,4,2,1,9,-0.0003600291313676,-1,9,9,-1,-1,-0.0234380400715892,0.0865347787149538,0.139025070787409,-0.0675291697899905,-0.0449533689292412,9,9,9,0.0822567667078835,0.1156435895852353,0.0865347787149538,9,0.0904332071665527,0.0177347436547279,0.0177347436547279,0.0177347436547279,0.0177347436547279,0.0177347436547279,0.0,0.0,0.0,0.0,0.0,0.0,0.0,mild_harm,False,True,True,True,True,True,False,False,False,False,False,False,mild_harm,True,True,False,False,False,False,False,True,False,True,False,False,False,False
be7fe135f5665966,3,4,7,1,0,0.0062542543325573,0,-1,-1,0,0,0.1832943516212451,-0.0739166158323545,-0.0790214913559037,0.2208917478560253,0.2050963868420403,-1,-1,-1,-0.1876824958199662,-0.0139806242355021,-0.0739166158323545,-1,-0.2163808733637715,-0.062246948480606,-0.062246948480606,-0.062246948480606,-0.062246948480606,-0.062246948480606,0.333804327994585,0.0,0.0,0.333804327994585,0.0,0.0,0.0,positive_0.001_to_0.01,True,False,False,False,False,False,False,False,False,False,False,False,positive_0p001_to_0p01,False,False,True,True,False,False,True,False,True,False,False,False,False,False
c7bff0705f645b30,3,4,12,1,3,-1.2310663021650163,3,-1,-1,-1,-1,0.0215126043684889,-0.2365153862817568,-0.47987334020473,-0.4555146339081544,-0.774637551526314,-1,-1,-1,-0.358420295387677,-0.2077345324029854,-0.2365153862817568,-1,-0.3109210372794034,-0.0637496709823608,-0.0637563467025756,-0.0404286384582519,-0.0582506358623504,-0.0626038312911987,0.3651823997497558,0.0,-0.1314626932144165,0.2337197065353393,0.0,0.0,0.0,catastrophe,True,False,False,False,False,False,False,False,False,False,False,False,catastrophe,False,False,False,False,False,False,False,False,False,False,False,False,False,False
de432d7c6c6e57a6,3,4,2,0,-1,,-1,-1,-1,-1,-1,,,,,,-1,-1,-1,,,,-1,,,,,,,,,,,,,,no_rsm_proposal,False,False,False,False,False,False,False,False,False,False,False,False,no_rsm_proposal,False,False,False,False,False,False,False,False,False,False,False,False,False,False
e8b724310f7054d0,3,4,17,1,-1,,-1,-1,-1,-1,-1,,,,,,-1,-1,-1,,,,-1,,,,,,,,,,,,,,no_rsm_proposal,False,False,False,False,False,False,False,False,False,False,False,False,no_rsm_proposal,False,False,False,False,False,False,False,False,False,False,False,False,False,False
ed9b2d124d9d5f5d,3,4,16,1,-1,,-1,-1,-1,-1,-1,,,,,,-1,-1,-1,,,,-1,,,,,,,,,,,,,,no_rsm_proposal,False,False,False,False,False,False,False,False,False,False,False,False,no_rsm_proposal,False,False,False,False,False,False,False,False,False,False,False,False,False,False
ee0f338b4ebe5cb4,3,4,6,1,-1,,-1,-1,-1,-1,-1,,,,,,-1,-1,-1,,,,-1,,,,,,,,,,,,,,no_rsm_proposal,False,False,False,False,False,False,False,False,False,False,False,False,no_rsm_proposal,False,False,False,False,False,False,False,False,False,False,False,False,False,False
f2a1763371075e21,3,4,14,0,-1,,-1,-1,-1,-1,-1,,,,,,-1,-1,-1,,,,-1,,,,,,,,,,,,,,no_rsm_proposal,False,False,False,False,False,False,False,False,False,False,False,False,no_rsm_proposal,False,False,False,False,False,False,False,False,False,False,False,False,False,False
fe394302690d5074,3,4,16,1,-1,,-1,-1,-1,-1,-1,,,,,,-1,-1,-1,,,,-1,,,,,,,,,,,,,,no_rsm_proposal,False,False,False,False,False,False,False,False,False,False,False,False,no_rsm_proposal,False,False,False,False,False,False,False,False,False,False,False,False,False,False
3acad4250aca5326,3,4,12,1,23,0.0010598421217871,23,-1,-1,23,23,0.0561049040433097,-0.3607794502026184,-0.3860325410861477,0.1875568683811748,0.1780358686387253,-1,-1,-1,-0.5061387799314325,-0.4232791252020923,-0.3607794502026184,-1,-0.5496332300120855,-0.0943399742245674,-0.0943399742245674,-0.0943399742245674,-0.0943399742245674,-0.0943399742245674,0.0,0.0,0.0,0.0,0.0,0.0,0.0,positive_0.001_to_0.01,True,False,False,False,False,True,False,False,False,False,False,False,positive_0p001_to_0p01,False,False,True,True,False,False,True,False,True,False,False,False,False,False
418e74ddfb5f5ca0,3,4,12,0,5,-0.0027785253122454,-1,-1,-1,-1,-1,-0.0420301991399607,-0.0130253158454119,-0.0108868717000972,-0.0648747938701616,-0.0671930919997613,5,-1,-1,0.0001018414573885,-0.0159854828894317,-0.0130253158454119,5,0.0011109837789022,0.0070694088935852,0.0069189667701721,0.004831276834011,0.0067250803112983,0.0071898400783538,0.0,0.0,0.0,0.0,0.0,0.0,0.0,mild_harm,False,True,False,False,True,True,False,True,False,False,False,True,mild_harm,False,False,False,False,False,False,False,False,False,False,False,False,False,False
43f8bc12d54d5cef,3,4,2,1,-1,,-1,-1,-1,-1,-1,,,,,,-1,-1,-1,,,,-1,,,,,,,,,,,,,,no_rsm_proposal,False,False,False,False,False,False,False,False,False,False,False,False,no_rsm_proposal,False,False,False,False,False,False,False,False,False,False,False,False,False,False
479da12f5f165e29,3,4,17,1,-1,,-1,-1,-1,-1,-1,,,,,,-1,-1,-1,,,,-1,,,,,,,,,,,,,,no_rsm_proposal,False,False,False,False,False,False,False,False,False,False,False,False,no_rsm_proposal,False,False,False,False,False,False,False,False,False,False,False,False,False,False
4d6b64ad777d51e8,3,4,8,1,9,-0.0003549737431109,-1,-1,-1,-1,-1,-0.0454770594324902,-0.3405390469181701,-0.2368533189445641,-0.1199553295476811,-0.06811221176113,-1,-1,-1,-0.1859486910886154,-0.3727142836622981,-0.3405390469181701,9,0.1280163683422099,-0.0235700011253356,0.0790939629077911,-0.0235700011253356,-0.0235700011253356,-0.0238470137119293,0.4821007251739502,0.0,0.0,0.4821007251739502,0.0,0.0,0.0,mild_harm,False,False,False,False,True,False,False,False,False,False,False,True,mild_harm,False,False,False,False,False,False,False,False,False,False,False,False,False,False
5c0a063437415679,3,4,6,1,-1,,-1,-1,-1,-1,-1,,,,,,-1,-1,-1,,,,-1,,,,,,,,,,,,,,no_rsm_proposal,False,False,False,False,False,False,False,False,False,False,False,False,no_rsm_proposal,False,False,False,False,False,False,False,False,False,False,False,False,False,False
7defa49de9415496,3,4,5,1,9,-0.000493478185098,-1,-1,-1,-1,-1,-0.0431106911107699,-0.406671364595593,-0.3327543262838616,-0.0880515868212271,-0.0702946513752345,-1,-1,-1,-0.4476929986891554,-0.4105317219635977,-0.406671364595593,-1,-0.4789910021619626,-0.0678856670856475,-0.0678856670856475,-0.0678856670856475,-0.0678856670856475,-0.0678856670856475,0.0499669313430786,0.0,0.0,0.0499669313430786,0.0,0.0,0.0,mild_harm,False,False,False,False,False,False,False,False,False,False,False,False,mild_harm,False,False,False,False,False,False,False,False,False,False,False,False,False,False
a849c65f124e5af0,3,4,21,1,-1,,-1,-1,-1,-1,-1,,,,,,-1,-1,-1,,,,-1,,,,,,,,,,,,,,no_rsm_proposal,False,False,False,False,False,False,False,False,False,False,False,False,no_rsm_proposal,False,False,False,False,False,False,False,False,False,False,False,False,False,False
baef81dee84a5ff1,3,4,7,0,9,-0.0007031749175715,-1,-1,-1,-1,-1,-0.0540505265454823,-0.0664412404671913,-0.1481023613955878,-0.0460929113939888,-0.0595255057598839,-1,-1,-1,-0.0212591144708387,-0.0473730023131004,-0.0664412404671913,-1,-0.0187224193457219,0.0055021345615386,0.0055021345615386,0.0055021345615386,0.0055021345615386,0.0055021345615386,0.0,0.0,0.0,0.0,0.0,0.0,0.0,mild_harm,False,False,False,False,False,True,False,False,False,False,False,False,mild_harm,False,False,False,False,False,False,False,False,False,False,False,False,False,False
bce79a86a0b75d48,3,4,3,0,20,-0.9901073702458292,-1,-1,-1,20,20,-0.0229524090843649,-0.191611196979281,-0.3513668557020917,0.117781396893533,0.2008663509092115,-1,-1,-1,-0.3118135594558319,-0.1599277752037472,-0.191611196979281,-1,-0.4877180858094127,-0.0484685748815536,-0.0483860597014427,-0.096893161535263,-0.0486918166279792,-0.0483879446983337,0.0,0.0,0.0,0.0,0.0,0.0,0.0,catastrophe,False,False,False,False,False,True,False,False,False,False,False,False,catastrophe,False,False,True,True,False,False,True,False,True,False,False,False,False,False
d1faaed55b75587c,3,4,2,0,-1,,-1,-1,-1,-1,-1,,,,,,-1,-1,-1,,,,-1,,,,,,,,,,,,,,no_rsm_proposal,False,False,False,False,False,False,False,False,False,False,False,False,no_rsm_proposal,False,False,False,False,False,False,False,False,False,False,False,False,False,False
faf6056c372e54f2,3,4,8,1,2,1.246183863767609,-1,-1,-1,2,2,-0.0480407413526995,-0.2847043854057771,-0.3018540173382909,0.0566281262302568,0.039464784494993,-1,-1,-1,-0.3650660274430909,-0.3096433389557222,-0.2847043854057771,-1,-0.3895906662545683,-0.0531942918896675,-0.0531942918896675,-0.0531942918896675,-0.0531942918896675,-0.0531942918896675,0.0,0.0,0.0,0.0,0.0,0.0,0.0,material_positive_gt_0.2,False,False,False,False,False,True,False,False,False,False,False,False,material_positive_gt_0p2,False,False,True,True,False,False,True,False,True,False,True,True,False,False
fb0869a379e05f37,3,4,14,1,21,-0.0005006849899888,-1,-1,-1,-1,-1,-0.0559855639116911,-0.1214507112349368,-0.1351198361731059,-0.011942003030818,-0.0423279677541777,-1,-1,-1,-0.1012262502270854,-0.1635847698045707,-0.1214507112349368,-1,-0.1047260132924167,-0.0075910240411758,-0.0075910240411758,-0.0075910240411758,-0.0075910240411758,-0.0075910240411758,0.0,0.0,0.0,0.0,0.0,0.0,0.0,mild_harm,False,False,False,False,False,True,False,False,False,False,False,False,mild_harm,False,False,False,False,False,False,False,False,False,False,False,False,False,False
054033a129155c88,3,4,9,1,1,3.994131535741196,1,1,1,1,1,0.5914612254363342,1.8746281780899308,1.9752852307214583,3.209360800125008,3.722403089179166,1,1,1,2.3890448897533028,1.7341278931441084,1.8746281780899308,1,2.4946958332698603,0.3016200959682464,0.2932704240083694,0.2946260869503021,0.3016200512647629,0.2973833978176117,3.127432763576508,0.0,0.6521137356758118,0.5735441446304321,0.0,1.901774883270264,0.0,material_positive_gt_0.2,True,True,True,True,True,False,False,False,False,False,False,False,material_positive_gt_0p2,True,True,True,True,False,False,False,False,False,False,False,False,False,False
188773ba51c15df2,3,4,15,1,3,0.0007397349080302,3,3,3,3,3,0.0370388412002769,0.3501502772410954,0.2557911566341095,0.1530256416017138,0.0209811451394647,3,3,3,0.2012618354013659,0.3056923742932634,0.3501502772410954,3,0.2139659309526156,0.027555301785469,0.027555301785469,0.027555301785469,0.027555301785469,0.027555301785469,0.002375841140747,0.0,0.0,0.002375841140747,0.0,0.0,0.0,positive_le_0.001,True,True,True,True,True,False,False,False,False,False,False,False,positive_le_0p001,True,True,True,True,False,False,False,False,False,False,False,False,False,False
2796d5f962875a20,3,4,14,1,9,1.657555662096244e-05,-1,9,-1,9,-1,-0.0614373361866973,0.0683954145977867,-0.0484654944410746,0.0299780116123793,-0.0338120055968911,9,9,9,0.1038046389219739,0.0601997597095314,0.0683954145977867,9,0.115997597445954,0.027726262807846,0.027726262807846,0.0275405943393707,0.027726262807846,0.027726262807846,0.1442234516143798,0.0,0.0,0.1442234516143798,0.0,0.0,0.0,positive_le_0.001,False,True,True,True,True,False,False,False,False,False,False,False,positive_le_0p001,True,False,True,False,False,True,False,False,False,True,False,False,False,False
2840205769d65c01,3,4,1,0,-1,,-1,-1,-1,-1,-1,,,,,,-1,-1,-1,,,,-1,,,,,,,,,,,,,,no_rsm_proposal,False,False,False,False,False,False,False,False,False,False,False,False,no_rsm_proposal,False,False,False,False,False,False,False,False,False,False,False,False,False,False
2e5568e60278518f,3,4,16,1,-1,,-1,-1,-1,-1,-1,,,,,,-1,-1,-1,,,,-1,,,,,,,,,,,,,,no_rsm_proposal,False,False,False,False,False,False,False,False,False,False,False,False,no_rsm_proposal,False,False,False,False,False,False,False,False,False,False,False,False,False,False
3d35dcf889f65305,3,4,14,1,-1,,-1,-1,-1,-1,-1,,,,,,-1,-1,-1,,,,-1,,,,,,,,,,,,,,no_rsm_proposal,False,False,False,False,False,False,False,False,False,False,False,False,no_rsm_proposal,False,False,False,False,False,False,False,False,False,False,False,False,False,False
3effd9932b505526,3,4,4,1,9,-0.0005002665493637,-1,-1,-1,-1,-1,-0.0569675288549468,-0.0787500722398279,-0.1424893995168427,-0.0876710550768606,-0.067476922943174,-1,-1,-1,-0.0345697055979425,-0.1074836042127775,-0.0787500722398279,-1,-0.032781707258117,0.0037581771612167,0.0037520825862884,0.0038261413574218,0.0037733018398284,0.0036466568708419,0.0012502670288085,0.0,0.0,0.0012502670288085,0.0,0.0,0.0,mild_harm,False,False,False,False,False,False,False,False,False,False,False,False,mild_harm,False,False,False,False,False,False,False,False,False,False,False,False,False,False
4f1e4809df7255cd,3,4,3,1,9,-0.0004685123638249,-1,-1,-1,-1,-1,-0.0658306723554254,-0.3186446196270762,-0.3584652448682844,-0.1994614381903411,-0.1564142459816112,-1,-1,-1,-0.2523260614603005,-0.4383920311129601,-0.3186446196270762,-1,-0.2667531706614059,-0.03129243850708,-0.03129243850708,-0.03129243850708,-0.03129243850708,-0.03129243850708,0.0010356903076171,0.0,1.1026859283447266e-05,0.0010246634483337,0.0,0.0,0.0,mild_harm,False,False,False,False,False,False,False,False,False,False,False,False,mild_harm,False,False,False,False,False,False,False,False,False,False,False,False,False,False
5db6ae467e8f530f,3,4,1,0,-1,,-1,-1,-1,-1,-1,,,,,,-1,-1,-1,,,,-1,,,,,,,,,,,,,,no_rsm_proposal,False,False,False,False,False,False,False,False,False,False,False,False,no_rsm_proposal,False,False,False,False,False,False,False,False,False,False,False,False,False,False
5e6ab34948a9514f,3,4,15,1,2,0.0020171442691236,2,2,2,2,2,0.0556923240074448,0.0317497093181153,0.0271477683792006,0.0624717944750283,0.069467792674581,-1,2,2,-0.0157178572071605,0.0359508059777854,0.0317497093181153,2,0.0103190539838732,-0.0119820535182952,-0.0119820535182952,-0.002099335193634,-0.0119820535182952,-0.0119820535182952,0.0,0.0,0.0,0.0,0.0,0.0,0.0,positive_0.001_to_0.01,True,False,True,True,True,True,True,False,False,False,False,False,positive_0p001_to_0p01,True,True,True,True,False,False,False,False,False,False,False,False,False,False
6004adf688695a08,3,4,17,0,9,-0.0001960927274078,9,9,9,9,9,0.0139856326279033,0.1519232078671533,0.0395557620280709,0.1773467984985129,0.060988192061271,9,9,9,0.1797200350124585,0.131401935889868,0.1519232078671533,9,0.1925410557129418,0.0278089046478271,0.0278089046478271,0.0278089046478271,0.0278089046478271,0.0278089046478271,0.013677179813385,0.0,0.0,0.013677179813385,0.0,0.0,0.0,mild_harm,True,True,True,True,True,False,False,False,False,False,False,False,mild_harm,True,True,True,True,False,False,False,False,False,False,False,False,False,False
637d23f7438f50f6,3,4,17,1,9,0.0003521821435541,-1,-1,-1,-1,-1,-0.0081332994240096,-0.2117113999995195,-0.268715735935037,-0.1937709613154709,-0.1615199100983515,-1,-1,-1,-0.1185118619641388,-0.2076980379095957,-0.2117113999995195,-1,-0.1270505238523461,-0.0185206234455108,-0.0185206234455108,-0.0185206234455108,-0.0185206234455108,-0.0185206234455108,0.0286886096000671,0.0,0.0,0.0286886096000671,0.0,0.0,0.0,positive_le_0.001,False,False,False,False,False,False,False,False,False,False,False,False,positive_le_0p001,False,False,False,False,False,False,False,False,False,False,False,False,False,False
6a35a43b5e295b97,3,4,16,1,3,9.041018076239028e-05,-1,-1,-1,-1,-1,-0.0249972125507927,-0.0389029824523124,-0.0399767210875222,-0.0165853617616399,-0.016425923226107,-1,-1,-1,-0.0411922804705005,-0.0368143478056557,-0.0389029824523124,-1,-0.0397068916100108,-0.0027174055576324,-0.0027174055576324,-0.0018605291843414,-0.0027174055576324,-0.0027174055576324,0.0,0.0,0.0,0.0,0.0,0.0,0.0,positive_le_0.001,False,False,False,False,False,True,False,False,False,False,False,False,positive_le_0p001,False,False,False,False,False,False,False,False,False,False,False,False,False,False
2a89f35c7f5e55de,4,0,15,1,3,-6.618811858352279e-05,3,3,3,3,-1,0.0179461685046401,0.0495849065467384,0.0128281905771554,0.0114398336396989,-0.0282210142394175,3,3,3,0.0228621457616637,0.0456604558413455,0.0495849065467384,3,0.0235390052505705,0.000871866941452,0.000871866941452,0.000871866941452,0.000871866941452,0.000871866941452,0.0,0.0,0.0,0.0,0.0,0.0,0.0,mild_harm,True,True,True,True,True,True,False,False,False,False,False,False,mild_harm,True,True,True,False,False,False,False,False,False,True,False,False,False,False
35695122c3535595,4,0,12,0,-1,,-1,-1,-1,-1,-1,,,,,,-1,-1,-1,,,,-1,,,,,,,,,,,,,,no_rsm_proposal,False,False,False,False,False,False,False,False,False,False,False,False,no_rsm_proposal,False,False,False,False,False,False,False,False,False,False,False,False,False,False
5d0c2052e0a35e3f,4,0,17,1,24,0.0017037782690954,24,-1,-1,-1,-1,0.1133914376610515,-0.1484045247416978,-0.162279332644492,-0.4673529035073267,-0.5369396517036038,-1,-1,-1,-0.3265140960416086,-0.2199279590405723,-0.1484045247416978,-1,-0.3870819001018093,-0.0780187547206878,-0.0780187547206878,-0.0780187547206878,-0.0780187547206878,-0.0780187547206878,0.0283151268959045,0.0,-0.0283151268959045,0.0,0.0,0.0,0.0,positive_0.001_to_0.01,True,False,False,False,False,False,False,False,False,False,False,False,positive_0p001_to_0p01,False,False,False,False,False,False,False,False,False,False,False,False,False,False
62f95fe3004d54c9,4,0,3,1,26,0.000285601210594,-1,-1,26,-1,-1,-0.0628486827627655,-0.0590849627542647,0.020241242725404,-0.0643563986227707,-0.0992208773573503,26,-1,-1,0.0673514154959598,-0.0486570927665811,-0.0590849627542647,-1,-0.282282027119629,0.023091435432434,-0.1066861301660537,-0.0027336329221725,-0.0127387791872024,0.0199441388249397,0.0,0.0,0.0,0.0,0.0,0.0,0.0,positive_le_0.001,False,True,False,False,False,True,False,True,False,False,False,False,positive_le_0p001,False,True,False,False,True,False,False,False,False,False,False,False,False,False
6a35bb3d0b895433,4,0,24,1,22,0.003396335945744,22,-1,-1,-1,-1,0.0476949160769011,-0.0078996964395079,-0.0222052755100241,-0.071332308636276,-0.0777458543005654,-1,22,-1,-0.0339286618658298,0.0026294473672998,-0.0078996964395079,-1,-0.0451669164379969,-0.0144762247800827,-0.0144762247800827,-0.0144762247800827,-0.0144762247800827,-0.0144762247800827,0.0,0.0,0.0,0.0,0.0,0.0,0.0,positive_0.001_to_0.01,True,False,True,False,False,True,True,False,False,True,False,False,positive_0p001_to_0p01,False,False,False,False,False,False,False,False,False,False,False,False,False,False
761122460ac451ca,4,0,28,1,17,0.0023181671525582,-1,17,17,17,17,-0.0494728091313467,0.2453464632896277,0.339842438728976,0.1719623316516247,0.3062181064897598,17,17,17,0.264786009525726,0.3185822942592139,0.2453464632896277,17,0.3148066021853767,0.0557348728179931,0.055392175912857,0.0584881156682968,0.0547742247581481,0.0547577440738678,0.0,0.0,0.0,0.0,0.0,0.0,0.0,positive_0.001_to_0.01,False,True,True,True,True,True,False,False,False,False,False,False,positive_0p001_to_0p01,True,True,True,True,False,False,False,False,False,False,False,False,False,False
8a15e547b0d15f42,4,0,5,1,26,-0.0002700675501488,-1,-1,26,-1,-1,-0.0734562686635046,-0.0092459791439948,0.0387157560146465,-0.1153595763646113,-0.1190452166885264,26,-1,-1,0.0727933493499885,-0.0109036311817057,-0.0092459791439948,-1,-0.2120223081667999,0.025937870144844,-0.0782680660486221,-0.0052914172410964,-0.0090689957141876,0.0218124091625213,0.0,0.0,0.0,0.0,0.0,0.0,0.0,mild_harm,False,True,False,False,False,True,False,True,False,False,False,False,mild_harm,False,True,False,False,True,False,False,False,False,False,False,False,False,False
9c925a1f1799553e,4,0,2,1,9,-0.9899525742542464,-1,-1,-1,-1,-1,-0.0159835972256736,-0.1189570396752955,-0.1016884086019794,-0.0315450312469765,-0.0231313401317606,9,-1,-1,0.0310469799842978,-0.1049785996561013,-0.1189570396752955,-1,-0.0180485094212961,0.0083410143852233,0.0058831572532653,-0.0165613293647766,-0.0222205072641372,0.0083217620849609,0.0,0.0,0.0,0.0,0.0,0.0,0.0,catastrophe,False,True,False,False,False,True,False,True,False,False,False,False,catastrophe,False,False,False,False,False,False,False,False,False,False,False,False,False,False
b7cc1a0b6eca5a11,4,0,4,1,9,-0.9898243386149406,9,-1,-1,9,9,0.0096872947893556,-0.2272474986943271,-0.1919601790318037,0.0025878702475756,0.0094081645116453,9,-1,-1,0.0286544230242669,-0.186808280342208,-0.2272474986943271,-1,-0.2147786352860746,0.0033638924360275,-0.0010077953338623,-0.0760764330625534,-0.053808256983757,0.0006043016910552,0.0,0.0,0.0,0.0,0.0,0.0,0.0,catastrophe,True,True,False,False,False,True,False,True,False,False,False,False,catastrophe,False,False,True,True,False,False,True,False,True,False,False,False,False,False
0dd2b9715fc65e18,4,0,14,1,10,-9.228003919126147e-05,10,-1,10,10,10,0.0278272461693223,-0.0197616386534136,0.0016658501881971,0.0325360561807417,0.017352836041496,-1,-1,-1,-0.1458193552004589,-0.0037407333460061,-0.0197616386534136,-1,-0.0851266512467572,-0.0307967960834503,-0.0216988921165466,0.0015462785959243,-0.0082471221685409,-0.0266994833946228,0.0298687815666198,0.0,-0.0211215615272521,-0.0087472200393676,0.0,0.0,0.0,mild_harm,True,False,False,False,False,False,False,False,False,False,False,False,mild_harm,False,True,True,True,True,False,True,False,True,False,False,False,False,False
6281e79a633155a3,4,0,12,1,24,0.0014172612654294,-1,-1,-1,-1,-1,-0.0362720032066571,-0.3419843307624393,-0.3901302260412961,-0.37512772444188,-0.4675514086389846,-1,-1,-1,-0.4149026889353196,-0.3500651010623709,-0.3419843307624393,-1,-0.3669020835746111,-0.0671514570713043,-0.0671514570713043,-0.0405145287513732,-0.0553426146507263,-0.0671514570713043,0.3344152867794037,0.0,-5.27501106262207e-05,0.3343625366687774,0.0,0.0,0.0,positive_0.001_to_0.01,False,False,False,False,False,False,False,False,False,False,False,False,positive_0p001_to_0p01,False,False,False,False,False,False,False,False,False,False,False,False,False,False
16549991ac4b53ff,4,0,16,1,-1,,-1,-1,-1,-1,-1,,,,,,-1,-1,-1,,,,-1,,,,,,,,,,,,,,no_rsm_proposal,False,False,False,False,False,False,False,False,False,False,False,False,no_rsm_proposal,False,False,False,False,False,False,False,False,False,False,False,False,False,False
254e4f21f68554f1,4,0,18,1,21,-0.0001187025191262,21,-1,-1,21,-1,0.0207865648770207,-0.0674443855052174,-0.0812687223396916,0.0091001667149393,-0.0079894425042978,-1,-1,-1,-0.0288752324911536,-0.0364425220311326,-0.0674443855052174,-1,-0.0357128435448568,-0.0088076889514923,-0.0088076889514923,-0.0088076889514923,-0.0088076889514923,-0.0088076889514923,0.0,0.0,0.0,0.0,0.0,0.0,0.0,mild_harm,True,False,False,False,False,True,False,False,False,False,False,False,mild_harm,False,False,True,False,False,False,True,False,False,False,False,False,False,False
2bdb803d07605094,4,0,6,1,23,-0.0001160842318087,23,23,23,-1,-1,0.0034606076524032,0.0306964111378427,0.0403265868506113,-0.0026741139653414,-0.0105744990158742,23,23,23,0.0367865765103968,0.0416155373960363,0.0306964111378427,23,0.0413749937588732,0.0059104710817337,0.0059104710817337,0.0059104710817337,0.0059104710817337,0.0059104710817337,0.0,0.0,0.0,0.0,0.0,0.0,0.0,mild_harm,True,True,True,True,True,True,False,False,False,False,False,False,mild_harm,True,True,False,False,False,False,False,True,False,True,False,False,False,False
3d78c0894c67503b,4,0,17,1,19,-6.056209513917443e-06,19,19,19,19,19,0.015321807527253,0.0152051979887024,0.0143922592879235,0.0139346796092812,0.0148305323276116,19,19,19,0.014644025701211,0.015165956392234,0.0152051979887024,19,0.0145507014935933,-0.0001202076673507,-0.0001202076673507,-0.0001202076673507,-0.0001202076673507,-0.0001202076673507,0.0,0.0,0.0,0.0,0.0,0.0,0.0,mild_harm,True,True,True,True,True,True,False,False,False,False,False,False,mild_harm,True,True,True,True,False,False,False,False,False,False,False,False,False,False
4d104d17dc625c04,4,0,8,1,26,-0.0004376932598653,26,26,26,26,26,0.0607379595810661,0.0741636090907787,0.0750200695973089,0.0739939154940571,0.0722667584410245,26,26,26,0.0911583239455696,0.0710056676338324,0.0741636090907787,26,0.0953467315985296,0.005395159125328,0.005395159125328,0.005395159125328,0.005395159125328,0.005395159125328,0.0,0.0,0.0,0.0,0.0,0.0,0.0,mild_harm,True,True,True,True,True,True,False,False,False,False,False,False,mild_harm,True,True,True,True,False,False,False,False,False,False,False,False,False,False
70f797bbed2158f6,4,0,17,0,-1,,-1,-1,-1,-1,-1,,,,,,-1,-1,-1,,,,-1,,,,,,,,,,,,,,no_rsm_proposal,False,False,False,False,False,False,False,False,False,False,False,False,no_rsm_proposal,False,False,False,False,False,False,False,False,False,False,False,False,False,False
83af8eb803795f59,4,0,16,1,-1,,-1,-1,-1,-1,-1,,,,,,-1,-1,-1,,,,-1,,,,,,,,,,,,,,no_rsm_proposal,False,False,False,False,False,False,False,False,False,False,False,False,no_rsm_proposal,False,False,False,False,False,False,False,False,False,False,False,False,False,False
953f6386bfae55d0,4,0,18,1,17,7.98645019531221e-06,17,17,17,17,17,0.1533203758681027,0.0969371560825636,0.0948469149193198,0.1819014001799214,0.15919553949661,17,17,17,0.0806227015149038,0.1073086655372359,0.0969371560825636,17,0.0706134945987592,-0.0128931701183319,-0.0128931701183319,-0.0128931701183319,-0.0128931701183319,-0.0128931701183319,0.0,0.0,0.0,0.0,0.0,0.0,0.0,positive_le_0.001,True,True,True,True,True,True,False,False,False,False,False,False,positive_le_0p001,True,True,True,True,False,False,False,False,False,False,False,False,False,False
b39ff897a8695a97,4,0,18,1,11,-0.0001397995856908,-1,-1,-1,11,11,-0.020867664271842,-0.2495737402344627,-0.2387851993760204,0.1278359859917089,0.0884098637819864,-1,-1,-1,-0.2672768302202224,-0.2264730392432155,-0.2495737402344627,-1,-0.2881968993541028,-0.0437015146017074,-0.0437313765287399,-0.0392592698335647,-0.0445944219827652,-0.0436099916696548,0.0,0.0,0.0,0.0,0.0,0.0,0.0,mild_harm,False,False,False,False,False,True,False,False,False,False,False,False,mild_harm,False,False,True,True,False,False,True,False,True,False,False,False,False,False
d5ef40ff0f715517,4,0,26,1,27,-7.741929963334115e-06,27,-1,-1,27,27,0.0120722614790278,-0.0093096099561722,-0.0041270355785161,0.0133185759784184,0.0059733846486443,-1,-1,-1,-0.0175425245544818,-0.0065051483724938,-0.0093096099561722,-1,-0.0216200156021858,-0.0052522867918014,-0.0052522867918014,-0.0052522867918014,-0.0052522867918014,-0.0052522867918014,0.0,0.0,0.0,0.0,0.0,0.0,0.0,mild_harm,True,False,False,False,False,True,False,False,False,False,False,False,mild_harm,False,False,True,True,False,False,True,False,True,False,False,False,False,False
da9bf29b3087547f,4,0,17,0,12,-0.0006733096577692,12,12,12,12,12,0.029311244189303,0.1780012028702917,0.2841376945046976,0.0297476585866018,0.1243137358023323,12,12,12,0.2796151362666027,0.1095451058875794,0.1780012028702917,12,0.3140778252297903,0.044392243027687,0.044392243027687,0.044392243027687,0.044392243027687,0.044392243027687,0.0,0.0,0.0,0.0,0.0,0.0,0.0,mild_harm,True,True,True,True,True,True,False,False,False,False,False,False,mild_harm,True,True,True,True,False,False,False,False,False,False,False,False,False,False
eb02028413fb5a92,4,0,16,1,9,-0.000601498145051,-1,-1,-1,-1,-1,-0.0529030408494042,-0.0806440739020989,-0.0495811280966773,-0.0164152884440179,-0.0496847115387587,-1,-1,-1,-0.0151205698113905,-0.0821643537948185,-0.0806440739020989,-1,-0.0099185393736082,0.0067008510231971,0.0067008510231971,0.0067008510231971,0.0067008510231971,0.0067008510231971,0.0,0.0,0.0,0.0,0.0,0.0,0.0,mild_harm,False,False,False,False,False,True,False,False,False,False,False,False,mild_harm,False,False,False,False,False,False,False,False,False,False,False,False,False,False
ec65e8cddb3d5fbd,4,0,19,1,23,-7.281030565500259e-05,-1,-1,-1,-1,-1,-0.0340382781369138,-0.0636134315457719,-0.0687857715210334,-0.0100250669547258,-0.0099839619922285,-1,-1,-1,-0.0741673310120265,-0.0584139659126982,-0.0636134315457719,-1,-0.0796924964798345,-0.0071170330047607,-0.0071170330047607,-0.0071170330047607,-0.0071170330047607,-0.0071170330047607,0.0,0.0,0.0,0.0,0.0,0.0,0.0,mild_harm,False,False,False,False,False,True,False,False,False,False,False,False,mild_harm,False,False,False,False,False,False,False,False,False,False,False,False,False,False
f2c4bbcda8c650a3,4,0,11,1,26,-0.0006146780819484,-1,-1,-1,26,-1,-0.0337369104688288,-0.2179454996727933,-0.1748333946023975,0.0139404167823829,-0.0228413098329281,-1,-1,-1,-0.3195028353210523,-0.2307597931433977,-0.2179454996727933,-1,-0.3588481950703284,-0.0506815761327743,-0.0506815761327743,-0.0506815761327743,-0.0506815761327743,-0.0506815761327743,0.0,0.0,0.0,0.0,0.0,0.0,0.0,mild_harm,False,False,False,False,False,True,False,False,False,False,False,False,mild_harm,False,False,True,False,False,False,True,False,False,False,False,False,False,False
f53a6e7af3825751,4,0,16,1,3,-2.8481406136426912e-05,3,3,3,3,3,0.0468896213525877,0.0080622251876517,0.0205980556020187,0.0808999898840886,0.0584993524894116,-1,3,3,-0.0010480991083525,0.0143138662050212,0.0080622251876517,-1,-0.007648327318367,-0.0085019171237945,-0.0085019171237945,-0.0085019171237945,-0.0085019171237945,-0.0085019171237945,0.0,0.0,0.0,0.0,0.0,0.0,0.0,mild_harm,True,False,True,True,False,True,True,False,False,False,True,False,mild_harm,True,True,True,True,False,False,False,False,False,False,False,False,False,False
f53af77bf6fa5703,4,0,1,1,-1,,-1,-1,-1,-1,-1,,,,,,-1,-1,-1,,,,-1,,,,,,,,,,,,,,no_rsm_proposal,False,False,False,False,False,False,False,False,False,False,False,False,no_rsm_proposal,False,False,False,False,False,False,False,False,False,False,False,False,False,False
0be5fd7a2dbb5d87,4,0,14,1,-1,,-1,-1,-1,-1,-1,,,,,,-1,-1,-1,,,,-1,,,,,,,,,,,,,,no_rsm_proposal,False,False,False,False,False,False,False,False,False,False,False,False,no_rsm_proposal,False,False,False,False,False,False,False,False,False,False,False,False,False,False
25c67c9a53ef53ce,4,0,4,1,22,0.0020756234128028,22,22,22,22,22,0.0322814103331214,0.4134274499530476,0.4868063841604409,0.5120662877604182,0.7104824203779101,22,22,22,0.425414290095339,0.4490022679084323,0.4134274499530476,22,0.477806842805545,0.0697234570980072,0.0696686059236526,0.0697234570980072,0.0697234570980072,0.0691879540681839,0.0,0.0,0.0,0.0,0.0,0.0,0.0,positive_0.001_to_0.01,True,True,True,True,True,True,False,False,False,False,False,False,positive_0p001_to_0p01,True,True,True,True,False,False,False,False,False,False,False,False,False,False
90efa9d50cc8521e,4,0,1,1,-1,,-1,-1,-1,-1,-1,,,,,,-1,-1,-1,,,,-1,,,,,,,,,,,,,,no_rsm_proposal,False,False,False,False,False,False,False,False,False,False,False,False,no_rsm_proposal,False,False,False,False,False,False,False,False,False,False,False,False,False,False
ac7fee08538b5bb0,4,0,13,1,24,0.0,-1,-1,-1,-1,-1,-0.0371971370074272,-0.0371971370074272,-0.0371971370074272,-0.0371971370074272,-0.0371971370074272,-1,-1,-1,-0.0371971370074272,-0.0371971370074272,-0.0371971370074272,-1,-0.0371971370074272,0.0,0.0,0.0,0.0,0.0,0.0,0.0,0.0,0.0,0.0,0.0,0.0,mild_harm,False,False,False,False,False,True,False,False,False,False,False,False,mild_harm,False,False,False,False,False,False,False,False,False,False,False,False,False,False
c4292750158e5a5f,4,0,3,1,6,0.9762204023627216,-1,-1,-1,-1,-1,-0.1365609636461427,-0.4082436044688082,-0.5136558931198741,-0.2216259989081248,-0.2844979479051048,-1,-1,-1,-0.4855292949085317,-0.3786493928209886,-0.4082436044688082,-1,-0.2176439388407831,-0.0618907213211059,-0.0618907213211059,0.0376482605934143,-0.0618907213211059,-0.0618907213211059,0.0,0.0,0.0,0.0,0.0,0.0,0.0,material_positive_gt_0.2,False,False,False,False,False,True,False,False,False,False,False,False,material_positive_gt_0p2,False,False,False,False,False,False,False,False,False,False,True,True,True,True
cae918485e635e35,4,0,14,0,-1,,-1,-1,-1,-1,-1,,,,,,-1,-1,-1,,,,-1,,,,,,,,,,,,,,no_rsm_proposal,False,False,False,False,False,False,False,False,False,False,False,False,no_rsm_proposal,False,False,False,False,False,False,False,False,False,False,False,False,False,False
4b308d5a04d05498,4,0,17,1,-1,,-1,-1,-1,-1,-1,,,,,,-1,-1,-1,,,,-1,,,,,,,,,,,,,,no_rsm_proposal,False,False,False,False,False,False,False,False,False,False,False,False,no_rsm_proposal,False,False,False,False,False,False,False,False,False,False,False,False,False,False
8fba4b45daa85b15,4,0,19,1,-1,,-1,-1,-1,-1,-1,,,,,,-1,-1,-1,,,,-1,,,,,,,,,,,,,,no_rsm_proposal,False,False,False,False,False,False,False,False,False,False,False,False,no_rsm_proposal,False,False,False,False,False,False,False,False,False,False,False,False,False,False
c9a1d813d64c52d1,4,0,4,0,15,0.0,15,15,15,15,15,0.0090669096029058,0.0090669096029058,0.0090669096029058,0.0090669096029058,0.0090669096029058,15,15,15,0.0090669096029058,0.0090669096029058,0.0090669096029058,15,0.0090669096029058,0.0,0.0,0.0,0.0,0.0,0.0,0.0,0.0,0.0,0.0,0.0,0.0,mild_harm,True,True,True,True,True,True,False,False,False,False,False,False,mild_harm,True,True,True,True,False,False,False,False,False,False,False,False,False,False
e747e181d08758c8,4,0,13,1,-1,,-1,-1,-1,-1,-1,,,,,,-1,-1,-1,,,,-1,,,,,,,,,,,,,,no_rsm_proposal,False,False,False,False,False,False,False,False,False,False,False,False,no_rsm_proposal,False,False,False,False,False,False,False,False,False,False,False,False,False,False
f6db13314100532b,4,0,13,1,-1,,-1,-1,-1,-1,-1,,,,,,-1,-1,-1,,,,-1,,,,,,,,,,,,,,no_rsm_proposal,False,False,False,False,False,False,False,False,False,False,False,False,no_rsm_proposal,False,False,False,False,False,False,False,False,False,False,False,False,False,False
0fb7d56584065e6f,4,0,27,1,21,0.0021822822965567,21,21,21,-1,-1,0.0002146886502956,0.0099580871575938,0.0098147845396244,-0.1208252473353243,-0.1148761786235202,21,21,21,0.0475911279482509,0.0273970620922692,0.0099580871575938,21,0.0435578302200849,0.0084023773670196,0.0085455477237701,0.0077872723340988,0.0055976212024688,0.0091762170195579,0.0,0.0,0.0,0.0,0.0,0.0,0.0,positive_0.001_to_0.01,True,True,True,True,True,True,False,False,False,False,False,False,positive_0p001_to_0p01,True,True,False,False,False,False,False,True,False,True,False,False,False,False
2abb6fcc99585318,4,0,20,1,-1,,-1,-1,-1,-1,-1,,,,,,-1,-1,-1,,,,-1,,,,,,,,,,,,,,no_rsm_proposal,False,False,False,False,False,False,False,False,False,False,False,False,no_rsm_proposal,False,False,False,False,False,False,False,False,False,False,False,False,False,False
32b190836fd35675,4,0,7,1,17,4.21013753162695e-05,-1,-1,-1,-1,-1,-0.0201726529195873,-0.0243273322060106,-0.0219325886036153,-0.0174888625545027,-0.0180388880733937,-1,-1,-1,-0.0129252165705836,-0.0145086420885501,-0.0243273322060106,-1,-0.0119273528876748,0.0012853592634201,0.0012853592634201,0.0012853592634201,0.0012853592634201,0.0012853592634201,0.0,0.0,0.0,0.0,0.0,0.0,0.0,positive_le_0.001,False,False,False,False,False,True,False,False,False,False,False,False,positive_le_0p001,False,False,False,False,False,False,False,False,False,False,False,False,False,False
48428a15cb2d56c8,4,0,5,0,-1,,-1,-1,-1,-1,-1,,,,,,-1,-1,-1,,,,-1,,,,,,,,,,,,,,no_rsm_proposal,False,False,False,False,False,False,False,False,False,False,False,False,no_rsm_proposal,False,False,False,False,False,False,False,False,False,False,False,False,False,False
4d08ab0578415b3b,4,0,6,1,-1,,-1,-1,-1,-1,-1,,,,,,-1,-1,-1,,,,-1,,,,,,,,,,,,,,no_rsm_proposal,False,False,False,False,False,False,False,False,False,False,False,False,no_rsm_proposal,False,False,False,False,False,False,False,False,False,False,False,False,False,False
58c0557c53635354,4,0,6,1,-1,,-1,-1,-1,-1,-1,,,,,,-1,-1,-1,,,,-1,,,,,,,,,,,,,,no_rsm_proposal,False,False,False,False,False,False,False,False,False,False,False,False,no_rsm_proposal,False,False,False,False,False,False,False,False,False,False,False,False,False,False
58e646ea48eb59d3,4,0,18,1,22,0.0003097406474874,-1,-1,-1,-1,-1,-0.0300329858478032,-0.1205282696373149,-0.1339661346309575,-0.0493388611249101,-0.0588654602661723,-1,-1,-1,-0.116349959694798,-0.0967747760001247,-0.1205282696373149,-1,-0.1407766246503641,-0.0153086110949516,-0.0151636824011802,-0.0160774886608123,-0.018575832247734,-0.0145448297262191,0.0,0.0,0.0,0.0,0.0,0.0,0.0,positive_le_0.001,False,False,False,False,False,True,False,False,False,False,False,False,positive_le_0p001,False,False,False,False,False,False,False,False,False,False,False,False,False,False
9d7dd692cec75a40,4,0,17,1,6,-0.0009404101041611,-1,6,6,6,6,-0.021541159800018,0.0243416950120463,0.0374705284476962,0.0260263398498992,0.0188210622365926,6,6,6,0.0733765021476937,0.01260163513251,0.0243416950120463,6,0.0174959517396465,0.0168339610099792,0.0168339610099792,-0.0049470365047454,0.0168339610099792,0.0168339610099792,0.0001775622367858,0.0,0.0,0.0001775622367858,0.0,0.0,0.0,mild_harm,False,True,True,True,True,False,False,False,False,False,False,False,mild_harm,True,True,True,True,False,False,False,False,False,False,False,False,False,False
ad4b812be67052a1,4,0,27,1,23,0.0001918116681274,-1,-1,-1,-1,-1,-0.0957330207310284,-0.2601193224341924,-0.2392760125574766,-0.0751009871250907,-0.0821767033825714,-1,-1,-1,-0.2976825205683887,-0.2335160195759722,-0.2601193224341924,-1,-0.2470246049492193,-0.0358164310455322,-0.0337201058864593,0.0011009722948074,-0.0215581953525543,-0.0343360900878906,0.7504000067710876,0.0,0.0,-0.7504000067710876,0.0,0.0,0.0,positive_le_0.001,False,False,False,False,False,False,False,False,False,False,False,False,positive_le_0p001,False,False,False,False,False,False,False,False,False,False,False,False,False,False
de3f8268d1675268,4,0,10,0,21,0.0,21,21,21,21,21,0.0156455401028937,0.0156455401028937,0.0156455401028937,0.0156455401028937,0.0156455401028937,21,21,21,0.0156455401028937,0.0156455401028937,0.0156455401028937,21,0.0156455401028937,0.0,0.0,0.0,0.0,0.0,0.0,0.0,0.0,0.0,0.0,0.0,0.0,mild_harm,True,True,True,True,True,True,False,False,False,False,False,False,mild_harm,True,True,True,True,False,False,False,False,False,False,False,False,False,False
f110d20f7a7957b7,4,0,17,1,6,-9.978644736091669e-06,-1,6,6,6,6,-0.00392783940593,0.0769380861870406,0.0655774321201377,0.0650958823797221,0.0478937103077453,6,6,6,0.1331975736031304,0.0690414207725206,0.0769380861870406,6,0.1039344804578909,0.0243196785449981,0.0243496298789978,0.0091176033020019,0.024269700050354,0.0243412852287292,3.49879264831543e-05,0.0,0.0,-3.49879264831543e-05,0.0,0.0,0.0,mild_harm,False,True,True,True,True,False,False,False,False,False,False,False,mild_harm,True,True,True,True,False,False,False,False,False,False,False,False,False,False
4fc4718214135eee,4,0,12,1,9,0.989265655384527,-1,-1,-1,-1,-1,-0.067279524546795,-0.0409357813046822,-0.0332501613565541,-0.0628103226262751,-0.074277449532671,-1,-1,-1,-0.1334735796412641,-0.0076410826560799,-0.0409357813046822,9,0.0082922488769555,-0.0117397308349609,0.0141895711421966,0.0600156486034393,-0.0415816903114318,-0.0014560371637344,0.0,0.0,0.0,0.0,0.0,0.0,0.0,material_positive_gt_0.2,False,False,False,False,True,True,False,False,False,False,False,True,material_positive_gt_0p2,False,False,False,False,False,False,False,False,False,False,True,True,True,True
5d64681dd478516a,4,0,27,1,-1,,-1,-1,-1,-1,-1,,,,,,-1,-1,-1,,,,-1,,,,,,,,,,,,,,no_rsm_proposal,False,False,False,False,False,False,False,False,False,False,False,False,no_rsm_proposal,False,False,False,False,False,False,False,False,False,False,False,False,False,False
629734efb5f5564c,4,0,20,1,10,0.0004178750086341,-1,-1,-1,-1,-1,-0.0190214035696931,-0.0940993246209156,-0.10621072720212,-0.0567256443598972,-0.0913254239769807,10,-1,-1,0.1134724563295936,-0.0831736662836672,-0.0940993246209156,10,0.1074427748996776,0.0234982371330261,0.0158284604549407,0.0234982371330261,0.0234982371330261,0.0234982371330261,0.0732828378677368,0.0,0.0,0.0732828378677368,0.0,0.0,0.0,positive_le_0.001,False,True,False,False,True,False,False,True,False,False,False,True,positive_le_0p001,False,False,False,False,False,False,False,False,False,False,False,False,False,False
69244009b6eb50bf,4,0,13,1,17,-4.581917114554468e-05,-1,-1,-1,17,-1,-0.0476588496896652,-0.2103760450842181,-0.2366261082005919,0.0007660993784415,-0.0516501901700657,-1,-1,-1,-0.012436168421969,-0.1919921848241683,-0.2103760450842181,-1,-0.2286763067781225,0.0062468647956848,-0.0509795248508453,-0.0361378788948059,-0.0365965366363525,-0.0546874105930328,0.1282920241355896,0.0,0.0,-0.1282920241355896,0.0,0.0,0.0,mild_harm,False,False,False,False,False,False,False,False,False,False,False,False,mild_harm,False,False,True,False,False,False,True,False,False,False,False,False,False,False
908340fb165954b2,4,0,14,1,-1,,-1,-1,-1,-1,-1,,,,,,-1,-1,-1,,,,-1,,,,,,,,,,,,,,no_rsm_proposal,False,False,False,False,False,False,False,False,False,False,False,False,no_rsm_proposal,False,False,False,False,False,False,False,False,False,False,False,False,False,False
9229af9b7f1c5848,4,0,17,1,-1,,-1,-1,-1,-1,-1,,,,,,-1,-1,-1,,,,-1,,,,,,,,,,,,,,no_rsm_proposal,False,False,False,False,False,False,False,False,False,False,False,False,no_rsm_proposal,False,False,False,False,False,False,False,False,False,False,False,False,False,False
beeb2d538d7f53d8,4,0,18,1,3,0.0002613140884786,-1,-1,-1,-1,-1,-0.0336487741032376,-0.1897536190412139,-0.2149360934333425,-0.2222855734431824,-0.2727264168738121,-1,-1,-1,-0.4005120235670644,-0.1681375398162173,-0.1897536190412139,-1,-0.4332343345517013,-0.0650644600391388,-0.0650644600391388,-0.0650644600391388,-0.0650644600391388,-0.0594519674777984,0.0320392847061157,0.0,0.0,0.0320392847061157,0.0,0.0,0.0,positive_le_0.001,False,False,False,False,False,False,False,False,False,False,False,False,positive_le_0p001,False,False,False,False,False,False,False,False,False,False,False,False,False,False
fbd37ced14a15418,4,0,17,1,7,0.0001307986882864,-1,7,7,7,7,-0.0013284855296864,0.0980265107308188,0.1140532825982698,0.0978902725602821,0.1316433545270168,7,7,7,0.1313045912480295,0.087736557187926,0.0980265107308188,7,0.1524046376154113,0.0235229432582855,0.0235254168510437,0.0244835019111633,0.0235219299793243,0.0235270857810974,0.2677954435348511,0.0,0.0,0.2677954435348511,0.0,0.0,0.0,positive_le_0.001,False,True,True,True,True,False,False,False,False,False,False,False,positive_le_0p001,True,True,True,True,False,False,False,False,False,False,False,False,False,False
ff54f555627f5338,4,0,14,1,9,-0.0005246792767196,-1,9,9,9,9,-0.0089218557559596,0.0690063912045429,0.1190087718277695,0.0323032410050887,0.0561187501257672,9,9,9,0.095613325122876,0.0643941528093333,0.0690063912045429,9,0.0236378221401251,0.0185396671295166,-0.0545560270547866,0.0057703107595443,0.0218234658241271,0.0277206599712371,0.0,0.0,0.0,0.0,0.0,0.0,0.0,mild_harm,False,True,True,True,True,True,False,False,False,False,False,False,mild_harm,True,True,True,True,False,False,False,False,False,False,False,False,False,False
052f0d46a5c059a1,4,0,12,1,0,0.0031051245564599,0,0,0,0,0,0.1238795508529339,0.0417836723928149,0.1107286660429251,0.1981434354539138,0.2593909063695786,0,0,0,0.1000039668870974,0.0420490532071706,0.0417836723928149,0,0.2986101980060441,-0.0042344033718109,0.009850338101387,0.058215782046318,0.0414118319749832,0.0137481540441513,0.0,0.0,0.0,0.0,0.0,0.0,0.0,positive_0.001_to_0.01,True,True,True,True,True,True,False,False,False,False,False,False,positive_0p001_to_0p01,True,True,True,True,False,False,False,False,False,False,False,False,False,False
0af516a5b2725ac6,4,0,12,0,23,-0.0001615021092407,-1,-1,-1,-1,-1,-0.1102702506341533,-0.2071348679709234,-0.2238817078808518,-0.1607726009705327,-0.2562940927416026,-1,-1,-1,-0.1691278824367084,-0.1985947150870465,-0.2071348679709234,-1,-0.2126686077580288,-0.0104386061429977,-0.0120375901460647,-0.0178387314081192,-0.0176547020673751,-0.013220876455307,0.0,0.0,0.0,0.0,0.0,0.0,0.0,mild_harm,False,False,False,False,False,True,False,False,False,False,False,False,mild_harm,False,False,False,False,False,False,False,False,False,False,False,False,False,False
103c7d249ab154af,4,0,17,1,9,0.9936651484772564,9,9,9,9,9,0.0763366112536916,0.0496724985146201,0.0271378629249446,0.0949092612681921,0.1163169416749183,9,9,9,0.0255304370119695,0.0471350606268453,0.0496724985146201,9,0.2158927623304338,-0.0090106427669525,-0.0090106427669525,0.050145573914051,-0.0020930990576744,-0.0090106427669525,0.0,0.0,0.0,0.0,0.0,0.0,0.0,material_positive_gt_0.2,True,True,True,True,True,True,False,False,False,False,False,False,material_positive_gt_0p2,True,True,True,True,False,False,False,False,False,False,False,False,False,False
30c657863dc05485,4,0,9,1,2,2.020336450465309,-1,2,2,2,2,-0.0281779407682552,0.8382906754839302,0.825669676735657,2.033124107040777,1.911314467279268,2,2,2,0.6540311852701332,0.5897045902260871,0.8382906754839302,2,0.7393808984544996,0.1209921091794967,0.1182388216257095,0.1234002113342285,0.1234002113342285,0.1173847317695617,0.0,0.0,0.0,0.0,0.0,0.0,0.0,material_positive_gt_0.2,False,True,True,True,True,True,False,False,False,False,False,False,material_positive_gt_0p2,True,True,True,True,False,False,False,False,False,False,False,False,False,False
431f7c6b100d5249,4,0,8,1,21,-9.228673037142698e-05,21,21,21,21,21,0.0331027502355856,0.0202779399551626,0.0256925750549339,0.042310246523399,0.0244489131867298,-1,21,21,-0.333287623972721,0.0187885437409039,0.0202779399551626,-1,-0.226252785927602,-0.0649805665016174,-0.0447154641151428,0.0095795691013336,-0.0135347992181777,-0.0607652068138122,0.0,0.0,0.0,0.0,0.0,0.0,0.0,mild_harm,True,False,True,True,False,True,True,False,False,False,True,False,mild_harm,True,True,True,True,False,False,False,False,False,False,False,False,False,False
4ace61964e9f5b4b,4,0,5,1,-1,,-1,-1,-1,-1,-1,,,,,,-1,-1,-1,,,,-1,,,,,,,,,,,,,,no_rsm_proposal,False,False,False,False,False,False,False,False,False,False,False,False,no_rsm_proposal,False,False,False,False,False,False,False,False,False,False,False,False,False,False
5098ce6b12fa5143,4,0,9,1,-1,,-1,-1,-1,-1,-1,,,,,,-1,-1,-1,,,,-1,,,,,,,,,,,,,,no_rsm_proposal,False,False,False,False,False,False,False,False,False,False,False,False,no_rsm_proposal,False,False,False,False,False,False,False,False,False,False,False,False,False,False
52092728a1c1574f,4,0,17,1,-1,,-1,-1,-1,-1,-1,,,,,,-1,-1,-1,,,,-1,,,,,,,,,,,,,,no_rsm_proposal,False,False,False,False,False,False,False,False,False,False,False,False,no_rsm_proposal,False,False,False,False,False,False,False,False,False,False,False,False,False,False
58f2e39eebc65d24,4,0,9,1,0,0.0098007870477623,-1,-1,-1,-1,-1,-0.047777999265593,-0.0460238094509961,-0.0472377058138446,-0.0482515982265297,-0.0469477763123858,-1,-1,-1,-0.0429108412659896,-0.0460418916762097,-0.0460238094509961,-1,-0.0453606944170979,0.0008632540702819,0.0001971721649169,0.0002457499504089,0.000173196196556,-0.0017184615135192,0.0291493535041809,0.0,0.0130339264869689,0.0161154270172119,0.0,0.0,0.0,positive_0.001_to_0.01,False,False,False,False,False,False,False,False,False,False,False,False,positive_0p001_to_0p01,False,False,False,False,False,False,False,False,False,False,False,False,False,False
5a917f5bb8815bd0,4,0,2,1,7,0.2376334074385464,-1,-1,-1,-1,-1,-0.074370859853893,-0.2213709260149181,-0.251996230648054,-0.0201327579224072,-0.0948037937215001,7,-1,-1,0.615150341517668,-0.1860787625913728,-0.2213709260149181,7,0.3416812464842225,0.1222889721393585,0.0896705985069274,0.0020211637020111,-0.0330278947949409,0.1146087050437927,0.0,0.0,0.0,0.0,0.0,0.0,0.0,material_positive_gt_0.2,False,True,False,False,True,True,False,True,False,False,False,True,material_positive_gt_0p2,False,False,False,False,False,False,False,False,False,False,True,True,True,True
6429eb85b6ba5938,4,0,17,1,6,-4.805480735781131e-05,6,6,6,6,6,0.0599828962407115,0.2004500969902906,0.2277806691429523,0.2282000599355162,0.1903119112097444,6,6,6,0.0879562667274998,0.1756913029567174,0.2004500969902906,6,0.2856924796732296,0.0049611777067184,0.0059700161218643,0.0461948215961456,0.0478492677211761,0.0007971078157424,0.0737078189849853,0.0,0.0561939477920532,0.0175138711929321,0.0,0.0,0.0,mild_harm,True,True,True,True,True,False,False,False,False,False,False,False,mild_harm,True,True,True,True,False,False,False,False,False,False,False,False,False,False
6b416b289a3b5858,4,0,16,1,6,-0.0001057195663918,6,6,6,6,6,0.1623909938184209,0.2653371659196398,0.2923395559024262,0.4037138374296976,0.4920119252807702,6,6,6,0.236152629477986,0.2476733509556773,0.2653371659196398,6,0.1691089145468867,0.0130818784236907,0.0131293833255767,0.0167126655578613,-0.006587415933609,0.0128716528415679,0.0212446451187133,0.0,0.0,-0.0212446451187133,0.0,0.0,0.0,mild_harm,True,True,True,True,True,False,False,False,False,False,False,False,mild_harm,True,True,True,True,False,False,False,False,False,False,False,False,False,False
6e9b901524355c0b,4,0,21,1,21,-0.0001405817615636,-1,-1,-1,-1,-1,-0.0144995712150539,-0.0364124440056389,-0.0635654427656424,-0.0470921457851249,-0.0197360196442852,-1,-1,-1,-0.1025070616733022,-0.0460072687814189,-0.0364124440056389,-1,-0.0675640667367738,-0.0156084299087524,0.0086563378572463,-0.0177565962076187,-0.0156084299087524,-0.0156084299087524,0.0,0.0,0.0,0.0,0.0,0.0,0.0,mild_harm,False,False,False,False,False,True,False,False,False,False,False,False,mild_harm,False,False,False,False,False,False,False,False,False,False,False,False,False,False
8834fc612e1d524c,4,0,8,1,-1,,-1,-1,-1,-1,-1,,,,,,-1,-1,-1,,,,-1,,,,,,,,,,,,,,no_rsm_proposal,False,False,False,False,False,False,False,False,False,False,False,False,no_rsm_proposal,False,False,False,False,False,False,False,False,False,False,False,False,False,False
9ddade724a6a54e2,4,0,16,1,3,0.9292438401492256,3,3,3,3,3,0.0054236637686803,0.1918463631861589,0.252491990535762,0.1707602545813248,0.2778864001293281,3,3,3,0.0067533152400244,0.166711677413832,0.1918463631861589,3,0.2865748918278046,0.0002358257770538,0.085505411028862,0.000845730304718,0.0078375488519668,-0.0005493015050888,0.0,0.0,0.0,0.0,0.0,0.0,0.0,material_positive_gt_0.2,True,True,True,True,True,True,False,False,False,False,False,False,material_positive_gt_0p2,True,True,True,True,False,False,False,False,False,False,False,False,False,False
a5fc167ac3e45fec,4,0,17,0,0,-0.0001269786208872,0,-1,-1,-1,-1,0.0002676043668692,-0.1123422897129968,-0.1305082597556248,-0.013989619731434,-0.0336869524542782,-1,-1,-1,-0.0283273615442904,-0.0938232448119489,-0.1123422897129968,-1,-0.2204876502571827,-0.0050714164972305,0.0073268190026283,-0.0513830780982971,-0.0421046465635299,-0.0006235167384147,0.0045968294143676,0.0,0.0,-0.0045968294143676,0.0,0.0,0.0,mild_harm,True,False,False,False,False,False,False,False,False,False,False,False,mild_harm,False,False,False,False,False,False,False,False,False,False,False,False,False,False
bcb7ec6d46f45180,4,0,17,0,4,-0.0002300234297289,-1,-1,-1,-1,4,-0.0209094323826611,-0.0587966712808911,-0.0491882405481744,-0.0144907755561678,0.0056835204636929,-1,-1,-1,-0.0517993733253445,-0.0552918338643531,-0.0587966712808911,-1,-0.0371416763175199,-0.0054784417152404,-0.0056948512792587,-0.0023002177476882,0.0008928179740905,-0.0060002207756042,0.003279685974121,0.0,0.0,0.003279685974121,0.0,0.0,0.0,mild_harm,False,False,False,False,False,False,False,False,False,False,False,False,mild_harm,False,False,False,True,False,False,False,False,True,False,False,False,False,False
c25f5ca801be5075,4,0,4,0,8,-1.538959369074e-05,-1,-1,-1,-1,-1,-0.0331559313859462,-0.0310805901686712,-0.0297523864341995,-0.0301638787705762,-0.0315424997914884,8,-1,-1,0.0012800318046571,-0.0312092201460342,-0.0310805901686712,-1,-0.0284492049899028,0.0061073303222656,0.0027540922164916,0.001823678612709,0.0013058334589004,-0.0011516511440277,0.052918117493391,0.0,0.0,0.052918117493391,0.0,0.0,0.0,mild_harm,False,True,False,False,False,False,False,True,False,False,False,False,mild_harm,False,False,False,False,False,False,False,False,False,False,False,False,False,False
d0da55bb38fb5e83,4,0,3,1,5,0.0001831561706144,5,-1,-1,-1,-1,0.0118771010283916,-0.3102103387673742,-0.3151461194723221,-0.5436204817500342,-0.4809906738453984,-1,-1,-1,-0.0833509594469105,-0.3633858058382212,-0.3102103387673742,5,0.0415658269283765,-0.0168890357017517,-0.0325688123703002,-0.0428073108196258,0.0272729098796844,-0.0352174639701843,0.0507596731185913,0.0,0.0,0.0507596731185913,0.0,0.0,0.0,positive_le_0.001,True,False,False,False,True,False,False,False,False,False,False,True,positive_le_0p001,False,False,False,False,False,False,False,False,False,False,False,False,False,False
e056339b5ad457ea,4,0,17,0,4,-1.9974818360246616e-05,-1,-1,-1,4,4,-0.0203649952164086,-0.0443109033585428,-0.0468696755769034,0.0076227290922867,0.0036239260141339,-1,-1,-1,-0.0440217689985431,-0.0414343073846427,-0.0443109033585428,-1,-0.0256190100229493,-0.0041956156492233,-0.0044049024581909,-0.0004122406244277,0.0028908550739288,-0.0047125369310379,0.0026239156723022,0.0,0.0,0.0026239156723022,0.0,0.0,0.0,mild_harm,False,False,False,False,False,False,False,False,False,False,False,False,mild_harm,False,False,True,True,False,False,True,False,True,False,False,False,False,False
03a7c978d0165fa2,4,0,20,1,-1,,-1,-1,-1,-1,-1,,,,,,-1,-1,-1,,,,-1,,,,,,,,,,,,,,no_rsm_proposal,False,False,False,False,False,False,False,False,False,False,False,False,no_rsm_proposal,False,False,False,False,False,False,False,False,False,False,False,False,False,False
102e8bfe5f555974,4,0,19,1,22,-2.479011844847001e-05,22,22,22,22,22,0.0421991023531082,0.0376659060822134,0.0370743978808647,0.046740363455929,0.0467123287759134,22,22,22,0.0361568551822857,0.0382971617323298,0.0376659060822134,22,0.0353249362896251,-0.0010716132819652,-0.0010716132819652,-0.0010716132819652,-0.0010716132819652,-0.0010716132819652,0.0,0.0,0.0,0.0,0.0,0.0,0.0,mild_harm,True,True,True,True,True,True,False,False,False,False,False,False,mild_harm,True,True,True,True,False,False,False,False,False,False,False,False,False,False
11579a9c240a5c77,4,0,17,1,-1,,-1,-1,-1,-1,-1,,,,,,-1,-1,-1,,,,-1,,,,,,,,,,,,,,no_rsm_proposal,False,False,False,False,False,False,False,False,False,False,False,False,no_rsm_proposal,False,False,False,False,False,False,False,False,False,False,False,False,False,False
1c8a733cea4d5aed,4,0,28,1,11,0.0014269439846277,-1,-1,-1,-1,-1,-0.012279365479871,-0.0644445970856179,-0.071692372078113,-0.0791973158946122,-0.0889726495856088,-1,-1,-1,-0.0804342746476876,-0.0589036082096781,-0.0644445970856179,-1,-0.0898181061861958,-0.0120875090360641,-0.0120875090360641,-0.0120875090360641,-0.0120875090360641,-0.0120875090360641,0.1437530517578125,0.0,0.0,-0.1437530517578125,0.0,0.0,0.0,positive_0.001_to_0.01,False,False,False,False,False,False,False,False,False,False,False,False,positive_0p001_to_0p01,False,False,False,False,False,False,False,False,False,False,False,False,False,False
1ed95e82b4f754ff,4,0,4,1,-1,,-1,-1,-1,-1,-1,,,,,,-1,-1,-1,,,,-1,,,,,,,,,,,,,,no_rsm_proposal,False,False,False,False,False,False,False,False,False,False,False,False,no_rsm_proposal,False,False,False,False,False,False,False,False,False,False,False,False,False,False
2067e26ac57b5302,4,0,1,0,5,-0.0001615822235704,-1,-1,-1,-1,-1,-0.012634730774427,-0.0528721129534446,-0.0691821794468615,-0.0112984333744248,-0.0320703093149334,-1,-1,-1,-0.0275143360878443,-0.0526512206033876,-0.0528721129534446,-1,-0.0292141295875345,-0.0026389509439468,-0.005263864994049,0.0014492273330688,-0.0097080767154693,-0.004894271492958,0.0,0.0,0.0,0.0,0.0,0.0,0.0,mild_harm,False,False,False,False,False,True,False,False,False,False,False,False,mild_harm,False,False,False,False,False,False,False,False,False,False,False,False,False,False
25f5f0c57aea54b9,4,0,21,1,-1,,-1,-1,-1,-1,-1,,,,,,-1,-1,-1,,,,-1,,,,,,,,,,,,,,no_rsm_proposal,False,False,False,False,False,False,False,False,False,False,False,False,no_rsm_proposal,False,False,False,False,False,False,False,False,False,False,False,False,False,False
2b3f24482a765ccc,4,0,5,1,-1,,-1,-1,-1,-1,-1,,,,,,-1,-1,-1,,,,-1,,,,,,,,,,,,,,no_rsm_proposal,False,False,False,False,False,False,False,False,False,False,False,False,no_rsm_proposal,False,False,False,False,False,False,False,False,False,False,False,False,False,False
330fd7f2e3aa5f55,4,0,26,1,19,5.4576332867145496e-05,19,19,19,19,19,0.030978302893818,0.0044384773377157,0.0038571758148568,0.0575723784939878,0.0540586098399695,-1,19,19,-0.0025625342889416,0.0076393818037141,0.0044384773377157,-1,-0.0071805487737135,-0.0059485808014869,-0.0059485808014869,-0.0059485808014869,-0.0059485808014869,-0.0059485808014869,0.0,0.0,0.0,0.0,0.0,0.0,0.0,positive_le_0.001,True,False,True,True,False,True,True,False,False,False,True,False,positive_le_0p001,True,True,True,True,False,False,False,False,False,False,False,False,False,False
3a46193d097552cd,4,0,16,1,9,0.0008605283550969,9,9,9,-1,-1,0.0021645464275171,0.1587122972028027,0.1537179457309392,-0.1058177700928115,-0.079691988147436,9,9,9,0.1518928762922395,0.1380452255968416,0.1587122972028027,-1,-0.0432034219850543,0.0265548303723335,0.0101674254983663,-0.0421319305896759,0.0379696860909462,0.0217113643884658,0.0,0.0,0.0,0.0,0.0,0.0,0.0,positive_le_0.001,True,True,True,True,False,True,False,False,False,False,True,False,positive_le_0p001,True,True,False,False,False,False,False,True,False,True,False,False,False,False
4b7fb448a9f35a56,4,0,18,1,-1,,-1,-1,-1,-1,-1,,,,,,-1,-1,-1,,,,-1,,,,,,,,,,,,,,no_rsm_proposal,False,False,False,False,False,False,False,False,False,False,False,False,no_rsm_proposal,False,False,False,False,False,False,False,False,False,False,False,False,False,False
642e382b50db5133,4,0,17,1,9,0.9895227806188628,-1,9,-1,-1,-1,-0.0839651662037493,0.0091402958760665,-0.013083206417522,-0.1761534051491783,-0.17811930040284,-1,-1,9,-0.0287179471952664,-0.0029392823022711,0.0091402958760665,9,0.2950876253041823,0.0097982846200466,-0.0008294936269521,0.1080789566040039,0.0194167383015155,0.0065271630883216,0.0,0.0,0.0,0.0,0.0,0.0,0.0,material_positive_gt_0.2,False,False,False,True,True,True,False,False,True,False,False,False,material_positive_gt_0p2,True,False,False,False,False,True,False,True,False,True,False,True,True,True
669d54218ee75215,4,0,2,1,1,3.765455192187791e-05,-1,-1,-1,-1,-1,-0.0312510430163435,-0.2042501354824453,-0.2648840008899377,-0.1201925658175405,-0.1991199244298241,1,-1,-1,0.0073203468481434,-0.2124796455209882,-0.2042501354824453,1,0.012630979235831,0.0068407654762268,0.0068407654762268,0.0068407654762268,0.0068407654762268,0.0068407654762268,0.0,0.0,0.0,0.0,0.0,0.0,0.0,positive_le_0.001,False,True,False,False,True,True,False,True,False,False,False,True,positive_le_0p001,False,False,False,False,False,False,False,False,False,False,False,False,False,False
6715d16e80075f55,4,0,12,1,3,-0.0001784819283985,-1,-1,-1,-1,-1,-0.0083955555828969,-0.0097698236225925,-0.0062998558291979,-0.0227828121315896,-0.0267157962849264,-1,-1,-1,-0.0183777888166436,-0.0049007988078311,-0.0097698236225925,-1,-0.0197522354828668,-0.0017703920602798,-0.0017703920602798,-0.0017703920602798,-0.0017703920602798,-0.0017703920602798,0.0,0.0,0.0,0.0,0.0,0.0,0.0,mild_harm,False,False,False,False,False,True,False,False,False,False,False,False,mild_harm,False,False,False,False,False,False,False,False,False,False,False,False,False,False
8c7421c1a39954dc,4,0,1,1,-1,,-1,-1,-1,-1,-1,,,,,,-1,-1,-1,,,,-1,,,,,,,,,,,,,,no_rsm_proposal,False,False,False,False,False,False,False,False,False,False,False,False,no_rsm_proposal,False,False,False,False,False,False,False,False,False,False,False,False,False,False
8e92f84a71e85b42,4,0,9,1,-1,,-1,-1,-1,-1,-1,,,,,,-1,-1,-1,,,,-1,,,,,,,,,,,,,,no_rsm_proposal,False,False,False,False,False,False,False,False,False,False,False,False,no_rsm_proposal,False,False,False,False,False,False,False,False,False,False,False,False,False,False
9389f1437d2b5fad,4,0,12,1,0,5.547304395592256e-05,-1,-1,-1,-1,-1,-0.0137484308522748,-0.0180238830015384,-0.0187113643886308,-0.0095646221386273,-0.0094994007655324,-1,-1,-1,-0.0193427561507415,-0.0174351334301797,-0.0180238830015384,-1,-0.0201130069004247,-0.0009921733289957,-0.0009921733289957,-0.0009921733289957,-0.0009921733289957,-0.0009921733289957,0.0,0.0,0.0,0.0,0.0,0.0,0.0,positive_le_0.001,False,False,False,False,False,True,False,False,False,False,False,False,positive_le_0p001,False,False,False,False,False,False,False,False,False,False,False,False,False,False
9f109cfcd3695a7c,4,0,18,1,-1,,-1,-1,-1,-1,-1,,,,,,-1,-1,-1,,,,-1,,,,,,,,,,,,,,no_rsm_proposal,False,False,False,False,False,False,False,False,False,False,False,False,no_rsm_proposal,False,False,False,False,False,False,False,False,False,False,False,False,False,False
ac264ca2d43c52a7,4,0,25,1,-1,,-1,-1,-1,-1,-1,,,,,,-1,-1,-1,,,,-1,,,,,,,,,,,,,,no_rsm_proposal,False,False,False,False,False,False,False,False,False,False,False,False,no_rsm_proposal,False,False,False,False,False,False,False,False,False,False,False,False,False,False
d7018055ca4b5f66,4,0,17,0,-1,,-1,-1,-1,-1,-1,,,,,,-1,-1,-1,,,,-1,,,,,,,,,,,,,,no_rsm_proposal,False,False,False,False,False,False,False,False,False,False,False,False,no_rsm_proposal,False,False,False,False,False,False,False,False,False,False,False,False,False,False
ddcdcbbd930d5cd4,4,0,1,0,-1,,-1,-1,-1,-1,-1,,,,,,-1,-1,-1,,,,-1,,,,,,,,,,,,,,no_rsm_proposal,False,False,False,False,False,False,False,False,False,False,False,False,no_rsm_proposal,False,False,False,False,False,False,False,False,False,False,False,False,False,False
e7e3b8bf23835b2a,4,0,3,1,16,6.682571023874928e-06,-1,-1,-1,-1,-1,-0.0479361461951404,-0.0611913984712904,-0.0764124025472604,-0.0510079493101047,-0.0552851481250025,-1,-1,-1,-0.0508724170854621,-0.0585486223551346,-0.0611913984712904,-1,-0.0397750371990074,-0.0005207508802413,0.0047035217285156,-0.005489245057106,-0.005489245057106,0.0052866786718368,0.0,0.0,0.0,0.0,0.0,0.0,0.0,positive_le_0.001,False,False,False,False,False,True,False,False,False,False,False,False,positive_le_0p001,False,False,False,False,False,False,False,False,False,False,False,False,False,False
eae558be27b1587b,4,0,6,1,7,-0.2252352770328521,-1,-1,-1,-1,-1,-0.4199325076556741,-0.3891643894665833,-0.3841101823656072,-0.4523247648248505,-0.4526350666160098,-1,-1,-1,-0.3802637616705398,-0.3933914444583118,-0.3891643894665833,-1,-0.374802014360283,0.0070353895425796,0.0070353895425796,0.0070353895425796,0.0070353895425796,0.0070353895425796,1.702136516571045,0.0,0.0,0.0,0.0,-1.702136516571045,0.0,mild_harm,False,False,False,False,False,False,False,False,False,False,False,False,mild_harm,False,False,False,False,False,False,False,False,False,False,False,False,False,False
ffb77fcdc4bd5e37,4,0,13,1,-1,,-1,-1,-1,-1,-1,,,,,,-1,-1,-1,,,,-1,,,,,,,,,,,,,,no_rsm_proposal,False,False,False,False,False,False,False,False,False,False,False,False,no_rsm_proposal,False,False,False,False,False,False,False,False,False,False,False,False,False,False
07f8bf05fc975975,4,0,1,0,1,-7.274440014737316e-05,-1,-1,1,1,1,-0.0603312906392629,-0.0054457603417995,0.0117116207739531,0.0087759290255342,0.0302555017721377,-1,-1,-1,-0.1307010242648083,-0.1350973746813067,-0.0054457603417995,-1,-0.1403898188940319,-0.0124803185462951,-0.0124803185462951,-0.0124803185462951,-0.0124803185462951,-0.0124803185462951,0.0001322031021118,0.0,0.0001322031021118,0.0,0.0,0.0,0.0,mild_harm,False,False,False,False,False,False,False,False,False,False,False,False,mild_harm,False,True,True,True,True,False,True,False,True,False,False,False,False,False
0fdd878a393d502e,4,0,2,0,-1,,-1,-1,-1,-1,-1,,,,,,-1,-1,-1,,,,-1,,,,,,,,,,,,,,no_rsm_proposal,False,False,False,False,False,False,False,False,False,False,False,False,no_rsm_proposal,False,False,False,False,False,False,False,False,False,False,False,False,False,False
2b32a9f406845f75,4,0,12,0,2,-3.806486467696913,-1,-1,-1,-1,-1,-0.0820499907389589,-0.571456540805917,-0.6503059552964143,-0.7084753181181678,-0.9252037781486592,-1,-1,-1,-0.8615058047621297,-0.4964047802225739,-0.571456540805917,-1,-0.9688240323770018,-0.1382391452789306,-0.1382391452789306,-0.1382391452789306,-0.1382391452789306,-0.1382391452789306,0.6901544332504272,0.0,-0.0995358824729919,-0.5403737425804138,0.0,-0.0502448081970214,0.0,catastrophe,False,False,False,False,False,False,False,False,False,False,False,False,catastrophe,False,False,False,False,False,False,False,False,False,False,False,False,False,False
2c9450a5449e52fa,4,0,9,1,6,-0.0005310452297329,6,-1,-1,-1,-1,0.0445475683162481,-0.3849855300968297,-0.3414580144022942,-0.3838201520846276,-0.4642056471129016,-1,-1,-1,-0.2401084715432408,-0.3977220411107912,-0.3849855300968297,-1,-0.2688248000251196,-0.0504847168922424,-0.0534629523754119,-0.0570945143699646,-0.0416378527879715,-0.053002119064331,0.0,0.0,0.0,0.0,0.0,0.0,0.0,mild_harm,True,False,False,False,False,True,False,False,False,False,False,False,mild_harm,False,False,False,False,False,False,False,False,False,False,False,False,False,False
447b5889e4005e16,4,0,5,0,-1,,-1,-1,-1,-1,-1,,,,,,-1,-1,-1,,,,-1,,,,,,,,,,,,,,no_rsm_proposal,False,False,False,False,False,False,False,False,False,False,False,False,no_rsm_proposal,False,False,False,False,False,False,False,False,False,False,False,False,False,False
5465043a8ae85d79,4,0,2,1,9,0.9894966626687548,9,9,-1,9,9,0.028189001739512,0.0159765491044926,-0.0683433528699119,0.0179914769051925,0.0251344639704061,9,-1,9,0.1934041583690649,-0.0337055017371977,0.0159765491044926,9,0.1943680264379056,0.0293014645576477,-0.0205343291163444,0.0393458008766174,0.0152792483568191,0.0197378545999526,0.0,0.0,0.0,0.0,0.0,0.0,0.0,material_positive_gt_0.2,True,True,False,True,True,True,False,True,True,False,False,False,material_positive_gt_0p2,True,False,True,True,False,True,False,False,False,False,False,True,False,False
613662b53d9a5ae7,4,0,12,1,-1,,-1,-1,-1,-1,-1,,,,,,-1,-1,-1,,,,-1,,,,,,,,,,,,,,no_rsm_proposal,False,False,False,False,False,False,False,False,False,False,False,False,no_rsm_proposal,False,False,False,False,False,False,False,False,False,False,False,False,False,False
66da55b392b45a5d,4,0,21,1,17,0.0001668158262966,17,17,17,17,17,0.1709558406149676,0.174337544824554,0.0564146265237668,0.1756938548893735,0.1084379626852492,17,17,17,0.1505507732480373,0.1834256514405276,0.174337544824554,17,0.1477412188786807,-0.0036189258098602,-0.0036189258098602,-0.0036189258098602,-0.0036189258098602,-0.0036189258098602,0.0025615692138671,0.0,0.0,0.0025615692138671,0.0,0.0,0.0,positive_le_0.001,True,True,True,True,True,False,False,False,False,False,False,False,positive_le_0p001,True,True,True,True,False,False,False,False,False,False,False,False,False,False
78823d4302645d60,4,0,12,1,-1,,-1,-1,-1,-1,-1,,,,,,-1,-1,-1,,,,-1,,,,,,,,,,,,,,no_rsm_proposal,False,False,False,False,False,False,False,False,False,False,False,False,no_rsm_proposal,False,False,False,False,False,False,False,False,False,False,False,False,False,False
7a1756cf8f7a566e,4,0,13,1,2,-0.002361465603113,2,2,2,2,2,0.1810421685798842,0.1760777243601818,0.1764734073952793,0.1816145079037416,0.1808093849367819,2,2,2,0.1770494991749169,0.1783608057697321,0.1760777243601818,2,0.176499840735642,-0.0007081031799316,-0.0007081031799316,-0.0007081031799316,-0.0007081031799316,-0.0007081031799316,0.1915779113769531,0.0,0.0,0.0,0.0,-0.1915779113769531,0.0,mild_harm,True,True,True,True,True,False,False,False,False,False,False,False,mild_harm,True,True,True,True,False,False,False,False,False,False,False,False,False,False
7c8389cb32f25aed,4,0,10,1,1,1.7302572846444375,1,1,1,1,1,0.4338021861344568,1.0949715576337238,1.2151041932354631,1.0396747960405308,1.3442891956842162,1,1,1,0.8618861711347814,1.0479766212218309,1.0949715576337238,1,0.9208263334999092,0.0759221613407135,0.0759221613407135,0.0759221613407135,0.0759221613407135,0.0759221613407135,1.726266384124756,0.0,0.0,0.0,0.0,1.726266384124756,0.0,material_positive_gt_0.2,True,True,True,True,True,False,False,False,False,False,False,False,material_positive_gt_0p2,True,True,True,True,False,False,False,False,False,False,False,False,False,False
80bebabe4c6f5627,4,0,14,1,9,-0.0004784055048858,-1,9,9,-1,-1,-0.0257777830087383,0.047101354952681,0.0611068189222306,-0.0863165457165967,-0.0757193532479547,9,9,9,0.0661506824012334,0.0357754941122607,0.047101354952681,9,0.0788077384077704,0.0163038298487663,0.0163038298487663,0.0163038298487663,0.0163038298487663,0.0163038298487663,0.0,0.0,0.0,0.0,0.0,0.0,0.0,mild_harm,False,True,True,True,True,True,False,False,False,False,False,False,mild_harm,True,True,False,False,False,False,False,True,False,True,False,False,False,False
b16054ccc4bd54f9,4,0,11,1,1,1.8926528397743596,1,1,1,1,1,0.3862179025281186,0.6597478306742719,0.5884608141055133,0.4268040799587795,0.3548182427480392,1,1,1,0.4609729686355113,0.6631065642793894,0.6597478306742719,1,0.4142187995009033,0.0132580697536468,0.0133150145411491,-0.0093093812465667,0.0125228911638259,0.0134061947464942,1.0499725341796875,0.0,0.0,0.0,0.0,1.0499725341796875,0.0,material_positive_gt_0.2,True,True,True,True,True,False,False,False,False,False,False,False,material_positive_gt_0p2,True,True,True,True,False,False,False,False,False,False,False,False,False,False
b3734dd3dc905040,4,0,16,1,-1,,-1,-1,-1,-1,-1,,,,,,-1,-1,-1,,,,-1,,,,,,,,,,,,,,no_rsm_proposal,False,False,False,False,False,False,False,False,False,False,False,False,no_rsm_proposal,False,False,False,False,False,False,False,False,False,False,False,False,False,False
b3c270be7e145adc,4,0,10,1,14,-1.2199467135749755,14,14,14,14,14,1.7256074779917452,1.9670632491641007,1.9593848146667123,1.7966247911255864,1.856275362160864,14,14,14,1.931587906713316,1.981312039451107,1.9670632491641007,14,1.9488638973784904,0.0365313291549682,0.0365313291549682,0.0331029444932937,0.0365313291549682,0.0365313291549682,0.0,0.0,0.0,0.0,0.0,0.0,0.0,catastrophe,True,True,True,True,True,True,False,False,False,False,False,False,catastrophe,True,True,True,True,False,False,False,False,False,False,False,False,False,False
b76a132378175658,4,0,17,1,-1,,-1,-1,-1,-1,-1,,,,,,-1,-1,-1,,,,-1,,,,,,,,,,,,,,no_rsm_proposal,False,False,False,False,False,False,False,False,False,False,False,False,no_rsm_proposal,False,False,False,False,False,False,False,False,False,False,False,False,False,False
c49669e6594c55d7,4,0,24,1,24,-4.205154404068878e-05,24,-1,-1,24,24,0.0120296490034544,-0.0660764065924548,-0.0719330352177948,0.0534563711619218,0.0178845399576911,-1,-1,-1,-0.1597139874520505,-0.0776366982176137,-0.0660764065924548,-1,-0.1833602273251874,-0.030459314584732,-0.030459314584732,-0.030459314584732,-0.030459314584732,-0.030459314584732,0.0,0.0,0.0,0.0,0.0,0.0,0.0,mild_harm,True,False,False,False,False,True,False,False,False,False,False,False,mild_harm,False,False,True,True,False,False,True,False,True,False,False,False,False,False
d72a6e0e28a159a2,4,0,7,0,5,-0.0113237933923491,-1,5,5,-1,-1,-0.07067209859078,0.3268217778645941,0.3909454185048964,-0.0750296398540346,-0.0025804995696096,5,5,5,0.4575595782971219,0.217901961438352,0.3268217778645941,5,0.5302883898502526,0.0936836898326873,0.0936836898326873,0.0936836898326873,0.0936836898326873,0.0936836898326873,0.0031747221946716,0.0,0.0,-0.0031747221946716,0.0,0.0,0.0,mild_harm,False,True,True,True,True,False,False,False,False,False,False,False,mild_harm,True,True,False,False,False,False,False,True,False,True,False,False,False,False
da13a4ab1eaf5a07,4,0,17,1,10,4.382104147193644e-05,-1,-1,-1,-1,-1,-0.048945045925155,-0.064807164226328,-0.1841169257730209,-0.086367784080776,-0.1562295260012007,-1,-1,-1,-0.0617653109307835,-0.0605062869493878,-0.064807164226328,-1,-0.0208718845532942,-0.0022737085819244,-0.0022737085819244,0.0112123787403106,-0.0022737085819244,-0.0022737085819244,0.0111104249954223,0.0,0.0,0.0111104249954223,0.0,0.0,0.0,positive_le_0.001,False,False,False,False,False,False,False,False,False,False,False,False,positive_le_0p001,False,False,False,False,False,False,False,False,False,False,False,False,False,False
dd2f426104cb5f43,4,0,6,1,-1,,-1,-1,-1,-1,-1,,,,,,-1,-1,-1,,,,-1,,,,,,,,,,,,,,no_rsm_proposal,False,False,False,False,False,False,False,False,False,False,False,False,no_rsm_proposal,False,False,False,False,False,False,False,False,False,False,False,False,False,False
ea01c4873e9b5cf8,4,0,17,1,9,-0.0001069160800426,9,-1,-1,-1,-1,0.0153024586833701,-0.069791348795998,-0.2049944639107309,-0.0474391061147375,-0.1303359964479111,-1,-1,-1,-0.0698262457364397,-0.049483439320651,-0.069791348795998,-1,-0.0832915536920888,-0.0150978565216064,-0.0150178968906402,-0.0151146650314331,-0.0155670940876007,-0.0149185955524444,0.0033577680587768,0.0,0.0,0.0033577680587768,0.0,0.0,0.0,mild_harm,True,False,False,False,False,False,False,False,False,False,False,False,mild_harm,False,False,False,False,False,False,False,False,False,False,False,False,False,False
ea47b3db126a588e,4,0,1,0,-1,,-1,-1,-1,-1,-1,,,,,,-1,-1,-1,,,,-1,,,,,,,,,,,,,,no_rsm_proposal,False,False,False,False,False,False,False,False,False,False,False,False,no_rsm_proposal,False,False,False,False,False,False,False,False,False,False,False,False,False,False
023f35fd45755497,4,0,11,1,-1,,-1,-1,-1,-1,-1,,,,,,-1,-1,-1,,,,-1,,,,,,,,,,,,,,no_rsm_proposal,False,False,False,False,False,False,False,False,False,False,False,False,no_rsm_proposal,False,False,False,False,False,False,False,False,False,False,False,False,False,False
07704203d30b5747,4,0,1,0,-1,,-1,-1,-1,-1,-1,,,,,,-1,-1,-1,,,,-1,,,,,,,,,,,,,,no_rsm_proposal,False,False,False,False,False,False,False,False,False,False,False,False,no_rsm_proposal,False,False,False,False,False,False,False,False,False,False,False,False,False,False
2daba893c5535189,4,0,4,1,-1,,-1,-1,-1,-1,-1,,,,,,-1,-1,-1,,,,-1,,,,,,,,,,,,,,no_rsm_proposal,False,False,False,False,False,False,False,False,False,False,False,False,no_rsm_proposal,False,False,False,False,False,False,False,False,False,False,False,False,False,False
2f19f98982615f60,4,0,11,0,-1,,-1,-1,-1,-1,-1,,,,,,-1,-1,-1,,,,-1,,,,,,,,,,,,,,no_rsm_proposal,False,False,False,False,False,False,False,False,False,False,False,False,no_rsm_proposal,False,False,False,False,False,False,False,False,False,False,False,False,False,False
36ba502aa1eb5ecd,4,0,14,0,-1,,-1,-1,-1,-1,-1,,,,,,-1,-1,-1,,,,-1,,,,,,,,,,,,,,no_rsm_proposal,False,False,False,False,False,False,False,False,False,False,False,False,no_rsm_proposal,False,False,False,False,False,False,False,False,False,False,False,False,False,False
43557bbc55b85aa6,4,0,6,1,-1,,-1,-1,-1,-1,-1,,,,,,-1,-1,-1,,,,-1,,,,,,,,,,,,,,no_rsm_proposal,False,False,False,False,False,False,False,False,False,False,False,False,no_rsm_proposal,False,False,False,False,False,False,False,False,False,False,False,False,False,False
47cdc9127a1e55a7,4,0,11,1,9,-0.0004928609021008,-1,-1,-1,-1,-1,-0.0681710505376461,-0.3866580760054792,-0.4163579263595253,-0.0294362633344435,-0.1012591298872901,-1,-1,-1,-1.0495471874261644,-0.3502806759379991,-0.3866580760054792,-1,-0.8776953276580768,-0.1740504205226898,-0.0987282395362854,-0.0928462445735931,-0.0928462445735931,-0.1649150848388672,0.1743877828121185,0.0,0.0,0.1743877828121185,0.0,0.0,0.0,mild_harm,False,False,False,False,False,False,False,False,False,False,False,False,mild_harm,False,False,False,False,False,False,False,False,False,False,False,False,False,False
49677b3a648b58be,4,0,28,1,-1,,-1,-1,-1,-1,-1,,,,,,-1,-1,-1,,,,-1,,,,,,,,,,,,,,no_rsm_proposal,False,False,False,False,False,False,False,False,False,False,False,False,no_rsm_proposal,False,False,False,False,False,False,False,False,False,False,False,False,False,False
4a1db4bffda6552f,4,0,16,1,-1,,-1,-1,-1,-1,-1,,,,,,-1,-1,-1,,,,-1,,,,,,,,,,,,,,no_rsm_proposal,False,False,False,False,False,False,False,False,False,False,False,False,no_rsm_proposal,False,False,False,False,False,False,False,False,False,False,False,False,False,False
671ff8b7146358da,4,0,10,1,20,2.019998709635657,20,20,20,20,20,0.0540552180405061,0.5749207002687257,0.675745895764678,1.334367358029553,1.7554796013602103,20,20,20,0.4375563104575204,0.4702470657347016,0.5749207002687257,20,0.5204897199145447,0.0680152177810669,0.0691379010677337,0.0843664407730102,0.0843664407730102,0.0579560995101928,0.312556505203247,0.0,0.0,-0.312556505203247,0.0,0.0,0.0,material_positive_gt_0.2,True,True,True,True,True,False,False,False,False,False,False,False,material_positive_gt_0p2,True,True,True,True,False,False,False,False,False,False,False,False,False,False
696a489252f453fb,4,0,3,1,-1,,-1,-1,-1,-1,-1,,,,,,-1,-1,-1,,,,-1,,,,,,,,,,,,,,no_rsm_proposal,False,False,False,False,False,False,False,False,False,False,False,False,no_rsm_proposal,False,False,False,False,False,False,False,False,False,False,False,False,False,False
69f3980cf2db525c,4,0,16,1,2,-0.0001963694116682,-1,2,2,2,2,-0.0301178464427198,0.0336286198408396,0.0368380048282879,0.0107871883388801,0.0027152802288163,2,2,2,0.1164316474308382,0.0267149604172005,0.0336286198408396,2,0.0567225169031176,0.0259910523891448,0.037681445479393,-0.0183639824390411,0.009396880865097,0.0397636592388153,0.0,0.0,0.0,0.0,0.0,0.0,0.0,mild_harm,False,True,True,True,True,True,False,False,False,False,False,False,mild_harm,True,True,True,True,False,False,False,False,False,False,False,False,False,False
6c6d30fe3b6e59f0,4,0,23,1,9,1.0326532647209063e-05,9,9,9,9,9,0.0650093504932775,0.0679497997578951,0.0669657725522681,0.0628491401332419,0.0646216559538402,9,9,9,0.0689674338714727,0.0676522553105587,0.0679497997578951,9,0.0695123917898769,0.0007019788026809,0.0007019788026809,0.0007019788026809,0.0007019788026809,0.0007019788026809,0.0,0.0,0.0,0.0,0.0,0.0,0.0,positive_le_0.001,True,True,True,True,True,True,False,False,False,False,False,False,positive_le_0p001,True,True,True,True,False,False,False,False,False,False,False,False,False,False
7449973a63d255af,4,0,9,0,-1,,-1,-1,-1,-1,-1,,,,,,-1,-1,-1,,,,-1,,,,,,,,,,,,,,no_rsm_proposal,False,False,False,False,False,False,False,False,False,False,False,False,no_rsm_proposal,False,False,False,False,False,False,False,False,False,False,False,False,False,False
84130118c5ec5189,4,0,1,0,-1,,-1,-1,-1,-1,-1,,,,,,-1,-1,-1,,,,-1,,,,,,,,,,,,,,no_rsm_proposal,False,False,False,False,False,False,False,False,False,False,False,False,no_rsm_proposal,False,False,False,False,False,False,False,False,False,False,False,False,False,False
986bd829651151e2,4,0,27,1,-1,,-1,-1,-1,-1,-1,,,,,,-1,-1,-1,,,,-1,,,,,,,,,,,,,,no_rsm_proposal,False,False,False,False,False,False,False,False,False,False,False,False,no_rsm_proposal,False,False,False,False,False,False,False,False,False,False,False,False,False,False
c1dbec763983596c,4,0,17,0,6,-0.0004926864345327,-1,-1,-1,-1,-1,-0.0069905024972782,-0.103238445627631,-0.091142695827082,-0.0629667272726562,-0.0307464141954527,-1,-1,-1,-0.1247137148638686,-0.0908766473144879,-0.103238445627631,-1,-0.1409223580951185,-0.0208786278963089,-0.0208786278963089,-0.0208786278963089,-0.0208786278963089,-0.0208786278963089,0.0012076497077941,0.0,0.0,-0.0012076497077941,0.0,0.0,0.0,mild_harm,False,False,False,False,False,False,False,False,False,False,False,False,mild_harm,False,False,False,False,False,False,False,False,False,False,False,False,False,False
c70954fab4a650c7,4,0,5,0,13,-1.233023564266786,13,13,13,13,13,1.72126977691608,1.663260218519726,1.6551228255653905,1.7344501787386295,1.7181409877767322,13,13,13,1.7012727838407664,1.6538843469529805,1.663260218519726,13,1.7474643281758706,-0.0035465359687805,-0.0030082762241363,0.012658804655075,-0.0059574842453002,-0.0031442940235137,0.0,0.0,0.0,0.0,0.0,0.0,0.0,catastrophe,True,True,True,True,True,True,False,False,False,False,False,False,catastrophe,True,True,True,True,False,False,False,False,False,False,False,False,False,False
d8d6c32be32650ad,4,0,7,1,-1,,-1,-1,-1,-1,-1,,,,,,-1,-1,-1,,,,-1,,,,,,,,,,,,,,no_rsm_proposal,False,False,False,False,False,False,False,False,False,False,False,False,no_rsm_proposal,False,False,False,False,False,False,False,False,False,False,False,False,False,False
deeae175505b5728,4,0,9,1,23,0.0006355421473274,23,23,23,23,23,0.3954759134189749,0.5247773981215179,0.6128680895438954,0.2879641008411867,0.3226786165676581,23,23,23,0.5301987397056014,0.5190109552713926,0.5247773981215179,23,0.5487478744764698,0.0238935556262731,0.0238935556262731,0.0238935556262731,0.0238935556262731,0.0238935556262731,0.0,0.0,0.0,0.0,0.0,0.0,0.0,positive_le_0.001,True,True,True,True,True,True,False,False,False,False,False,False,positive_le_0p001,True,True,True,True,False,False,False,False,False,False,False,False,False,False
e380b20d49215557,4,0,13,1,-1,,-1,-1,-1,-1,-1,,,,,,-1,-1,-1,,,,-1,,,,,,,,,,,,,,no_rsm_proposal,False,False,False,False,False,False,False,False,False,False,False,False,no_rsm_proposal,False,False,False,False,False,False,False,False,False,False,False,False,False,False
e4499494731e5026,4,0,9,1,26,0.0005548425547778,26,26,26,26,26,0.5096191889083524,0.5909062049952771,0.5984776407527008,0.6174632681052054,0.6406801493160873,26,26,26,0.4432850749616843,0.5537421397580075,0.5909062049952771,26,0.4218668118166825,-0.0117645859718322,-0.0117645859718322,-0.0156333744525909,-0.0117645859718322,-0.0117645859718322,0.0,0.0,0.0,0.0,0.0,0.0,0.0,positive_le_0.001,True,True,True,True,True,True,False,False,False,False,False,False,positive_le_0p001,True,True,True,True,False,False,False,False,False,False,False,False,False,False
ed710413165b5ca4,4,0,10,0,1,-0.0001985852306709,-1,-1,-1,1,1,-0.0428472129664899,-0.1417502347320564,-0.1700999466717006,0.0472833461810182,0.034422026608186,-1,-1,-1,-0.1517882059138392,-0.1328434466643699,-0.1417502347320564,-1,-0.140003061827671,-0.0193210579454898,-0.0213101133704185,-0.011628970503807,-0.016236875206232,-0.0197902433574199,0.0,0.0,0.0,0.0,0.0,0.0,0.0,mild_harm,False,False,False,False,False,True,False,False,False,False,False,False,mild_harm,False,False,True,True,False,False,True,False,True,False,False,False,False,False
f9922d29f7ca5693,4,0,9,1,21,-8.826512694358815e-05,-1,-1,-1,-1,21,-0.014525060194193,-0.0320879229206187,-0.0371240223474938,-0.0026401835191472,4.3525490321163e-05,-1,-1,-1,-0.0431488893997807,-0.0290696302982298,-0.0320879229206187,-1,-0.061404400389102,-0.0050765350461006,-0.0050552710890769,-0.009567804634571,-0.0050765350461006,-0.0050765350461006,0.0,0.0,0.0,0.0,0.0,0.0,0.0,mild_harm,False,False,False,False,False,True,False,False,False,False,False,False,mild_harm,False,False,False,True,False,False,False,False,True,False,False,False,False,False
fbe3cf848a4c5391,4,0,1,0,2,-0.0046172204494472,2,2,2,2,2,0.0080663901537712,0.0024394173414686,0.0041814943384881,0.0063253348772279,0.0081141706062838,2,2,2,0.0010472949588462,0.0034814538277357,0.0024394173414686,-1,-0.0096329043974725,-0.0012448579072952,-0.0039881765842437,-0.0017619132995605,-0.0008299201726913,-0.0033626854419708,0.0,0.0,0.0,0.0,0.0,0.0,0.0,mild_harm,True,True,True,True,False,True,False,False,False,False,True,False,mild_harm,True,True,True,True,False,False,False,False,False,False,False,False,False,False
fdf3abf3cf375c35,4,0,5,1,-1,,-1,-1,-1,-1,-1,,,,,,-1,-1,-1,,,,-1,,,,,,,,,,,,,,no_rsm_proposal,False,False,False,False,False,False,False,False,False,False,False,False,no_rsm_proposal,False,False,False,False,False,False,False,False,False,False,False,False,False,False
00f4aedf9b3c5f65,4,0,16,1,21,3.5336512327194085e-05,-1,-1,-1,-1,-1,-0.0527872103972765,-0.019509632749499,-0.0310640033257645,-0.0358450207522006,-0.0484224043442025,-1,-1,-1,-0.1293213242257584,-0.0165134114396168,-0.019509632749499,-1,-0.1384539319918212,-0.0135735869407653,-0.0136074721813201,-0.0133776366710662,-0.0132385492324829,-0.0135392248630523,0.0016103386878967,0.0,0.0,-0.0016103386878967,0.0,0.0,0.0,positive_le_0.001,False,False,False,False,False,False,False,False,False,False,False,False,positive_le_0p001,False,False,False,False,False,False,False,False,False,False,False,False,False,False
3584e6b997845f86,4,0,27,1,-1,,-1,-1,-1,-1,-1,,,,,,-1,-1,-1,,,,-1,,,,,,,,,,,,,,no_rsm_proposal,False,False,False,False,False,False,False,False,False,False,False,False,no_rsm_proposal,False,False,False,False,False,False,False,False,False,False,False,False,False,False
3d56147a52d550b3,4,0,17,1,3,0.0001904807411134,-1,-1,-1,-1,-1,-0.0317651267750745,-0.0519582776789167,-0.050695122942699,-0.0731775443123277,-0.084281424321131,-1,-1,-1,-0.1968616938307833,-0.0571750247481008,-0.0519582776789167,-1,-0.1969576669832096,-0.0292804539203643,-0.0292804539203643,-0.0223348140716552,-0.0288261771202087,-0.0292804539203643,0.0027835965156555,0.0,0.0,0.0027835965156555,0.0,0.0,0.0,positive_le_0.001,False,False,False,False,False,False,False,False,False,False,False,False,positive_le_0p001,False,False,False,False,False,False,False,False,False,False,False,False,False,False
4132da23bf54566f,4,0,17,1,1,0.0012187561772414,1,-1,-1,1,1,0.0103143134169613,-0.0244746053115644,-0.0652556124061637,0.110994369972525,0.0753702536484399,-1,-1,-1,-0.052356350954545,-0.0046775684203603,-0.0244746053115644,-1,-0.0609850352922029,-0.0111148506402969,-0.0111148506402969,-0.0111148506402969,-0.0111148506402969,-0.0111148506402969,0.0,0.0,0.0,0.0,0.0,0.0,0.0,positive_0.001_to_0.01,True,False,False,False,False,True,False,False,False,False,False,False,positive_0p001_to_0p01,False,False,True,True,False,False,True,False,True,False,False,False,False,False
44ae005ad8b25d52,4,0,10,0,-1,,-1,-1,-1,-1,-1,,,,,,-1,-1,-1,,,,-1,,,,,,,,,,,,,,no_rsm_proposal,False,False,False,False,False,False,False,False,False,False,False,False,no_rsm_proposal,False,False,False,False,False,False,False,False,False,False,False,False,False,False
48ee2a6b3a4b54cc,4,0,8,0,-1,,-1,-1,-1,-1,-1,,,,,,-1,-1,-1,,,,-1,,,,,,,,,,,,,,no_rsm_proposal,False,False,False,False,False,False,False,False,False,False,False,False,no_rsm_proposal,False,False,False,False,False,False,False,False,False,False,False,False,False,False
49f109b9cca4567a,4,0,8,1,-1,,-1,-1,-1,-1,-1,,,,,,-1,-1,-1,,,,-1,,,,,,,,,,,,,,no_rsm_proposal,False,False,False,False,False,False,False,False,False,False,False,False,no_rsm_proposal,False,False,False,False,False,False,False,False,False,False,False,False,False,False
4ac48ad526735073,4,0,15,1,1,0.0003725693814456,-1,1,-1,-1,-1,-0.018222531399934,0.0874998850762537,-0.0095458893835054,-0.071855287499039,-0.0610702405287662,-1,1,1,-0.1617656068130735,0.1866339475174511,0.0874998850762537,-1,-0.1809744678442963,-0.0254578590393066,-0.0257312059402465,-0.0267239958047866,-0.024836927652359,-0.0261474549770355,0.0059747099876403,0.0,0.0,-0.0059747099876403,0.0,0.0,0.0,positive_le_0.001,False,False,True,True,False,False,True,False,False,False,True,False,positive_le_0p001,True,False,False,False,False,True,False,True,False,True,False,False,False,False
5214a5118acc5d75,4,0,15,1,6,-0.001846320647036,-1,6,6,-1,-1,-0.0154202701597975,0.1690150622807602,0.1838481315455123,-0.0219549975085275,-0.0156800387928721,6,6,6,0.2000750071191566,0.1631557470018342,0.1690150622807602,6,0.2355199658811463,0.0382188260555267,0.0382188260555267,0.0401462912559509,0.0382188260555267,0.0382188260555267,0.0,0.0,0.0,0.0,0.0,0.0,0.0,mild_harm,False,True,True,True,True,True,False,False,False,False,False,False,mild_harm,True,True,False,False,False,False,False,True,False,True,False,False,False,False
55a7c26fd2d35b8e,4,0,16,1,-1,,-1,-1,-1,-1,-1,,,,,,-1,-1,-1,,,,-1,,,,,,,,,,,,,,no_rsm_proposal,False,False,False,False,False,False,False,False,False,False,False,False,no_rsm_proposal,False,False,False,False,False,False,False,False,False,False,False,False,False,False
5693aed0af7e548c,4,0,5,0,17,-2.020414070067741,17,-1,-1,-1,-1,0.0766007165382089,-0.1170812394340193,-0.0959282684389966,-0.407713139598487,-0.2748471879573426,17,-1,-1,0.0038633603201859,-0.0143624438495293,-0.1170812394340193,-1,-0.031456925374413,-0.0129002332687377,-0.0129425525665283,-0.0211198925971984,-0.012318730354309,-0.0129936337471008,0.0017711520195007,0.0,0.001563012599945,-0.0002081394195556,0.0,0.0,0.0,catastrophe,True,True,False,False,False,False,False,True,False,False,False,False,catastrophe,False,False,False,False,False,False,False,False,False,False,False,False,False,False
7418da8c04e85efb,4,0,7,1,1,4.00804797271723,1,1,1,1,1,0.4637658061264395,1.7325388417340295,1.9410300513163028,3.0581562138950646,3.778827865114428,1,1,1,2.228396668800832,1.5221499718628164,1.7325388417340295,1,2.402125118303305,0.3129633218050003,0.306530088186264,0.2932669669389725,0.3129633069038391,0.3087439388036728,3.460271537303925,0.0,0.7746774554252625,0.7057528495788574,0.0,1.979841232299805,0.0,material_positive_gt_0.2,True,True,True,True,True,False,False,False,False,False,False,False,material_positive_gt_0p2,True,True,True,True,False,False,False,False,False,False,False,False,False,False
