scenario_token,outer_test_fold,calibration_fold,candidate_count,positive_opportunity,rsm_selected_action,rsm_selected_score,rsm_selected_teacher_improvement,affine_selected_action,affine_value,affine_selected_teacher_improvement,orthogonal_selected_action,orthogonal_value,orthogonal_selected_teacher_improvement,rsm_proposal,avr_accept,opvr_accept,rsm_proposal_positive,rsm_proposal_catastrophe,rsm_proposal_noop
30e193cab0fc5a5d,0,1,9,0,-1,nan,nan,-1,nan,nan,-1,nan,nan,0,0,0,0,0,0
366e33370f605634,0,1,4,1,28,0.176893868184111,1.2326923098775557,-1,-0.03176689322923366,nan,28,0.5106827336472199,1.2326923098775557,1,0,1,1,0,0
3fabf2e29e5f5fc4,0,1,18,1,22,0.13640865119684362,0.00020328318849216487,-1,-0.05445449142501923,nan,-1,-0.1342800924311408,nan,1,0,0,1,0,0
46f5fac22c0b5cb0,0,1,5,0,5,0.0060178534605634685,-0.0008687456113751976,-1,-0.12752447221329172,nan,-1,-0.1272706540696938,nan,1,0,0,0,0,1
518c0014d1a45ca8,0,1,13,1,12,0.27116499328882765,-0.00013040864672486663,12,0.0210619061943459,-0.00013040864672486663,12,0.06956508584190169,-0.00013040864672486663,1,1,1,0,0,0
586dc46118d75100,0,1,14,1,9,0.2774287955593529,-0.00040474789324213,9,0.024572091878572812,-0.00040474789324213,9,0.14182720508069313,-0.00040474789324213,1,1,1,0,0,0
6596827fb10b569a,0,1,23,1,1,0.08223802716861205,0.0005793339748345616,-1,-0.08481128443304502,nan,-1,-0.09836430280164928,nan,1,0,0,1,0,0
8f79455cf8a85fb9,0,1,4,0,-1,nan,nan,-1,nan,nan,-1,nan,nan,0,0,0,0,0,0
b2f2a9a83437555c,0,1,1,0,7,0.1282250643340419,-0.0007529566446319302,-1,-0.0590405093436572,nan,7,0.24843277802022654,-0.0007529566446319302,1,0,1,0,0,1
d1d8fef2f07e554f,0,1,27,1,19,0.258708201510911,-6.528710596098719e-05,19,0.014081217743180614,-6.528710596098719e-05,-1,-0.2704240564299296,nan,1,1,0,0,0,0
d3578202f06d5c62,0,1,25,1,26,0.07564103257477955,8.269424438478445e-05,-1,-0.08850818848302731,nan,-1,-0.18253247577469175,nan,1,0,0,1,0,0
e7ee1c000ef85255,0,1,16,1,9,0.13871987374976466,0.0005864605173468984,-1,-0.05315930042633441,nan,-1,-0.20042732123146068,nan,1,0,0,1,0,0
e8a90962974f55d3,0,1,12,1,-1,nan,nan,-1,nan,nan,-1,nan,nan,0,0,0,0,0,0
f390221c855a53d1,0,1,17,1,23,0.12311679187632682,0.00017691048837065182,-1,-0.06190314518013269,nan,-1,-0.12290954950263737,nan,1,0,0,1,0,0
f473bc020969511e,0,1,24,1,2,0.37269358046960516,0.002340053756078042,2,0.07795773046688712,0.002340053756078042,2,0.031840377323000886,0.002340053756078042,1,1,1,1,0,0
5eae283cb1b95a45,0,1,6,1,25,0.16880198592320703,0.00021139208469539883,-1,-0.036301520607931716,nan,25,0.06413461774259979,0.00021139208469539883,1,0,1,1,0,0
ea5915d23f345a29,0,1,6,1,26,0.253337737852979,-6.736000906726325e-06,26,0.011071652013681115,-6.736000906726325e-06,26,0.005527906331307794,-6.736000906726325e-06,1,1,1,0,0,0
190d01845dda5596,0,1,4,0,-1,nan,nan,-1,nan,nan,-1,nan,nan,0,0,0,0,0,0
247baf6242815059,0,1,20,1,12,0.10640461116837571,-0.0004707026612013579,-1,-0.07126852022546343,nan,12,0.10817913570330978,-0.0004707026612013579,1,0,1,0,0,0
273d4e72b01d53cf,0,1,14,1,8,0.10595580456406163,-1.5629368781690487,-1,-0.07152002792787972,nan,-1,-0.24483057404256814,nan,1,0,0,0,1,0
275e9cfb52fd59de,0,1,12,1,8,0.9052465347908492,0.12727462194093242,8,0.37639623085627194,0.12727462194093242,8,0.0020424972763516958,0.12727462194093242,1,1,1,1,0,0
4082f94c512b5d1f,0,1,14,1,23,0.05384107891472038,-0.00014774904392167443,-1,-0.10072471160260738,nan,23,0.15716251230250272,-0.00014774904392167443,1,0,1,0,0,0
421dd5398e885a27,0,1,18,1,22,0.16646628537675648,-0.00011464735288172975,-1,-0.03761042888228314,nan,22,0.07185059451773054,-0.00011464735288172975,1,0,1,0,0,0
53620555ea3a5d3c,0,1,9,1,21,0.16280502917010292,0.0,-1,-0.039662168156263215,nan,-1,-0.01867221896192581,nan,1,0,0,0,0,0
60bd62401d0857f9,0,1,15,1,22,0.23395181210833113,-5.674398746347009e-05,22,0.00020793121193195155,-5.674398746347009e-05,22,0.01198265266399523,-5.674398746347009e-05,1,1,1,0,0,0
6db53a1807af5a90,0,1,13,0,-1,nan,nan,-1,nan,nan,-1,nan,nan,0,0,0,0,0,0
8e6c888a92425ff1,0,1,6,1,1,0.15108919089822714,0.00030813117888772723,-1,-0.046227632071714625,nan,-1,-0.065715855761348,nan,1,0,0,1,0,0
9a82cf7a1636581e,0,1,5,0,2,0.07561048599679054,-0.004264268382638825,-1,-0.08852530654584735,nan,-1,-0.04230579356546624,nan,1,0,0,0,0,1
c70bcca6e16953d7,0,1,14,1,10,0.03939773249697635,0.0003409750871363748,-1,-0.10881864969935447,nan,-1,-0.21339818233464725,nan,1,0,0,1,0,0
d04f957744a353ba,0,1,10,1,21,0.16395353998292636,0.00016387412324547768,-1,-0.03901855170107543,nan,-1,-0.07185865195563146,nan,1,0,0,1,0,0
d0c144dfeca55025,0,1,25,1,22,0.09843921314284915,-0.00010299410598381756,-1,-0.07573226683029169,nan,-1,-0.050213880206261885,nan,1,0,0,0,0,0
f6cbfc9328fd5914,0,1,5,1,15,0.5971377137121932,0.0028377727983173173,15,0.20373446309526014,0.0028377727983173173,-1,-0.3239839370116766,nan,1,1,0,1,0,0
d0ce91bcf7ba557a,0,1,2,1,-1,nan,nan,-1,nan,nan,-1,nan,nan,0,0,0,0,0,0
00bf712a8e9e59bf,0,1,1,0,-1,nan,nan,-1,nan,nan,-1,nan,nan,0,0,0,0,0,0
07db46e8eac253cf,0,1,12,1,16,0.2530217512025169,0.7593208522055517,16,0.010894575572095782,0.7593208522055517,16,0.015694752421708452,0.7593208522055517,1,1,1,1,0,0
13adf1483845581c,0,1,18,1,21,0.12755961907937763,0.0006412762776015768,-1,-0.059413419647283916,nan,-1,-0.12958731428210551,nan,1,0,0,1,0,0
2ffe7083e279569c,0,1,15,1,3,0.07590999482084893,0.00016050723339500195,-1,-0.08835746414899256,nan,-1,-0.27339209823011335,nan,1,0,0,1,0,0
36857cb219845df9,0,1,14,1,7,0.011150599744162158,0.00013242636164667587,-1,-0.1246481214366657,nan,-1,-0.35479084493301877,nan,1,0,0,1,0,0
6f8bc109eabc5ad5,0,1,4,1,19,0.03328431236449239,-4.585174424573402e-06,-1,-0.11224456241241816,nan,-1,-0.05032787711506701,nan,1,0,0,0,0,0
8fbfbaa44855539e,0,1,16,0,-1,nan,nan,-1,nan,nan,-1,nan,nan,0,0,0,0,0,0
b66888a9942d59ff,0,1,5,1,22,0.08919148929848243,0.003121770005300641,-1,-0.08091461877057059,nan,22,0.01013578586675351,0.003121770005300641,1,0,1,1,0,0
e4f303186cdb50b1,0,1,4,1,19,0.036005997279664505,-4.3645644211215764e-06,-1,-0.11071935152395053,nan,-1,-0.04677244547688619,nan,1,0,0,0,0,0
ee17abab9d83514f,0,1,4,0,17,0.2661902593227762,-5.260109603405505e-05,17,0.01827410428165766,-5.260109603405505e-05,17,0.0184058064989586,-5.260109603405505e-05,1,1,1,0,0,1
5b4aedf8449c54ca,0,1,4,1,1,0.3036981106646082,0.001329014174267673,1,0.03929321011227159,0.001329014174267673,1,0.7149784839651503,0.001329014174267673,1,1,1,1,0,0
73458ba61f445d19,0,1,16,1,9,0.06920677740633124,-2.754281880346099e-06,-1,-0.09211389463490052,nan,9,0.10729045905397527,-2.754281880346099e-06,1,0,1,0,0,0
7647b4788f795d71,0,1,1,1,1,0.2369589393802825,0.0035336643615271335,1,0.001893101759272188,0.0035336643615271335,1,0.07311357705439903,0.0035336643615271335,1,1,1,1,0,0
8f2f7b6da7495074,0,1,22,1,6,0.2750697190322527,-0.0030044126219674894,6,0.023250083887932885,-0.0030044126219674894,6,0.04735044634489635,-0.0030044126219674894,1,1,1,0,0,0
c23e9cc0ed7e5b21,0,1,17,1,3,0.04949923377303243,0.0016556329336947506,-1,-0.10315784757996722,nan,-1,-0.24052892977542767,nan,1,0,0,1,0,0
cdfa6ac2b00156d1,0,1,10,0,-1,nan,nan,-1,nan,nan,-1,nan,nan,0,0,0,0,0,0
16599b5179df53bb,0,1,7,0,-1,nan,nan,-1,nan,nan,-1,nan,nan,0,0,0,0,0,0
181f26554b4b5e75,0,1,15,0,9,0.21310532791191433,-0.00012368360642556198,-1,-0.011474275095418289,nan,9,0.04003733580402548,-0.00012368360642556198,1,0,1,0,0,1
21411e892e975adf,0,1,3,0,-1,nan,nan,-1,nan,nan,-1,nan,nan,0,0,0,0,0,0
24f940b7a94f5ed7,0,1,17,0,3,0.07882921816138548,-0.0003130765174522987,-1,-0.08672155427565087,nan,-1,-0.12789893048967227,nan,1,0,0,0,0,1
257140a662885e1d,0,1,7,1,3,0.0516886667898204,0.0005220740450080363,-1,-0.10193090648250208,nan,-1,-0.3267048693482961,nan,1,0,0,1,0,0
3e1e8ae126d0578f,0,1,15,1,-1,nan,nan,-1,nan,nan,-1,nan,nan,0,0,0,0,0,0
40d5b1af93cf50e4,0,1,12,1,4,0.1144445606696138,8.93150708446977e-05,-1,-0.06676299555812959,nan,-1,-0.10180859298700061,nan,1,0,0,1,0,0
4b30de14589f513c,0,1,14,1,23,0.12392617119856396,0.0002240603599697351,-1,-0.061449575353480446,nan,-1,-0.08800797160643906,nan,1,0,0,1,0,0
648d283b25fa50d1,0,1,4,0,23,0.2530075331405964,-0.0001290052613243456,23,0.01088660788166504,-0.0001290052613243456,23,0.07690074729908973,-0.0001290052613243456,1,1,1,0,0,1
651762602ed854bf,0,1,1,1,-1,nan,nan,-1,nan,nan,-1,nan,nan,0,0,0,0,0,0
864541f05d165c97,0,1,2,1,21,0.19350852298519833,7.027299320325284e-05,-1,-0.022456170937506823,nan,21,0.04971255633419683,7.027299320325284e-05,1,0,1,1,0,0
a054dd394e1b559c,0,1,17,1,21,0.4527756639738645,0.00048019668860943554,21,0.1228351022195787,0.00048019668860943554,21,0.0780680586856779,0.00048019668860943554,1,1,1,1,0,0
b7c6fe6429785952,0,1,15,1,22,0.13934314023152178,6.060907109617375e-05,-1,-0.052810026776363525,nan,-1,-0.06579219826835361,nan,1,0,0,1,0,0
c031140da54d502a,0,1,17,1,3,0.12992093997200302,0.9911725879896434,-1,-0.05809015393179949,nan,-1,-0.15156306721488497,nan,1,0,0,1,0,0
cdabe76a1ba75152,0,1,16,1,3,0.5871673676194019,0.9906680473752321,3,0.19814715931231855,0.9906680473752321,3,0.230343190772247,0.9906680473752321,1,1,1,1,0,0
cdccf3dfd4e153cc,0,1,24,1,21,0.44738798341416125,0.0025033863656862554,21,0.11981588827330704,0.0025033863656862554,21,0.004598368491459115,0.0025033863656862554,1,1,1,1,0,0
d3e0b427c9095c6f,0,1,17,1,9,0.23847806820249842,0.0002687987604178266,9,0.0027444096412803545,0.0002687987604178266,9,0.07390798203765023,0.0002687987604178266,1,1,1,1,0,0
d86f407ee78151b0,0,1,5,1,-1,nan,nan,-1,nan,nan,-1,nan,nan,0,0,0,0,0,0
de2c82b474d85dd5,0,1,17,1,9,0.20253287136409825,0.0006124333238229085,-1,-0.017398996856813086,nan,9,0.02327992995715364,0.0006124333238229085,1,0,1,1,0,0
046577552dd15fc3,0,1,15,1,-1,nan,nan,-1,nan,nan,-1,nan,nan,0,0,0,0,0,0
1f8c9456286d59fb,0,1,17,0,9,0.16055811589874172,-0.0006121215932071156,-1,-0.04092132073774631,nan,-1,-0.03738082438894607,nan,1,0,0,0,0,1
369040b3134c5769,0,1,17,1,-1,nan,nan,-1,nan,nan,-1,nan,nan,0,0,0,0,0,0
39dca464ed145043,0,1,17,1,3,0.05575504420932092,1.3998703285889036e-05,-1,-0.09965214045699064,nan,-1,-0.3682019805961382,nan,1,0,0,1,0,0
3e940b9ccdf456b7,0,1,17,1,3,0.055815201657522844,-0.00983716126978429,-1,-0.09961842869465234,nan,-1,-0.37134305464154993,nan,1,0,0,0,0,0
4f74e2eb505a5fd0,0,1,9,0,7,0.01797888368921327,-0.24303894127057868,-1,-0.12082160464756773,nan,-1,-0.21112447654429412,nan,1,0,0,0,0,1
524cadd627f25d7f,0,1,8,0,7,0.04393666708463837,-0.2439054437735635,-1,-0.10627506634165092,nan,-1,-0.24324018175459045,nan,1,0,0,0,0,1
70c45003ec3e527b,0,1,1,0,9,0.04956968022950637,-0.0006647571086881854,-1,-0.10311836993805905,nan,9,0.17082637324192396,-0.0006647571086881854,1,0,1,0,0,1
b1bfa52c4bc452b7,0,1,17,1,-1,nan,nan,-1,nan,nan,-1,nan,nan,0,0,0,0,0,0
bed9898a4bf45a6b,0,1,17,1,-1,nan,nan,-1,nan,nan,-1,nan,nan,0,0,0,0,0,0
db219c4afef9558d,0,1,18,1,3,0.10900517151749305,0.00014902080035517073,-1,-0.06981118659419695,nan,-1,-0.23105820585847275,nan,1,0,0,1,0,0
fa1f7200f4ff5651,0,1,16,0,-1,nan,nan,-1,nan,nan,-1,nan,nan,0,0,0,0,0,0
04e294754b4d56a6,0,1,7,1,22,0.30059366053546305,4.5298025821094434e-05,22,0.03755350059877061,4.5298025821094434e-05,22,0.6526726354854572,4.5298025821094434e-05,1,1,1,1,0,0
3a223e65af13545c,0,1,7,1,1,0.7360791112853134,1.6616739350611343,1,0.28159613299544195,1.6616739350611343,1,1.1827382239462971,1.6616739350611343,1,1,1,1,0,0
3e1f06aa9ff354c9,0,1,17,1,3,0.08729425078609329,0.0003580765151420806,-1,-0.08197781635857394,nan,-1,-0.3577311710450245,nan,1,0,0,1,0,0
3e3a2d672dfb5b51,0,1,6,1,6,0.16676121227090313,-1.987346634269027e-05,-1,-0.03744515416302859,nan,6,0.04677541473036142,-1.987346634269027e-05,1,0,1,0,0,0
6110193eb32f5ad4,0,1,17,1,-1,nan,nan,-1,nan,nan,-1,nan,nan,0,0,0,0,0,0
6e075e93bd485b81,0,1,10,1,-1,nan,nan,-1,nan,nan,-1,nan,nan,0,0,0,0,0,0
6fc9e653b0ee5565,0,1,12,1,10,0.3179424258286459,-0.00017160955206474426,10,0.04727561265484556,-0.00017160955206474426,10,0.1299763663212492,-0.00017160955206474426,1,1,1,0,0,0
99426aa893625f69,0,1,7,0,2,0.061747153481208614,-0.990559431026876,-1,-0.0962942093991286,nan,-1,-0.2841320929595829,nan,1,0,0,0,1,1
9fb5b34a36925a6c,0,1,7,0,4,0.11357108246791396,-0.0037563836089917757,-1,-0.06725248589429786,nan,-1,-0.1316648457794639,nan,1,0,0,0,0,1
a1c1a996e52f5c4e,0,1,5,0,9,0.12914750725107293,-0.0004672088905239846,-1,-0.058523579564900424,nan,-1,-0.03531559273460022,nan,1,0,0,0,0,1
a657d16d34c3519a,0,1,3,1,20,0.19355923808448247,1.784201655457297,-1,-0.02242775059347409,nan,-1,-0.1514169739278477,nan,1,0,0,1,0,0
a68adc1c27615ce9,0,1,13,0,-1,nan,nan,-1,nan,nan,-1,nan,nan,0,0,0,0,0,0
a75ce500226f5481,0,1,17,1,4,0.2603494602161748,-0.0008296889021993104,4,0.015000966254151184,-0.0008296889021993104,4,0.021164657650718805,-0.0008296889021993104,1,1,1,0,0,0
b95dc2615771588d,0,1,14,1,23,0.23298509368838602,1.9696841584348586,-1,-0.00033381021153818034,nan,23,0.01658995516065219,1.9696841584348586,1,0,1,1,0,0
c3fd16e5694a5353,0,1,10,1,9,0.026467195074440092,0.004479305555485258,-1,-0.11606482149560131,nan,9,0.27187515832268083,0.004479305555485258,1,0,1,1,0,0
c8c5d04b848e504c,0,1,16,1,3,0.16597348019154956,0.00029568436057303416,-1,-0.03788659304448314,nan,3,0.10695526500525468,0.00029568436057303416,1,0,1,1,0,0
c944de45a71e5a38,0,1,14,0,-1,nan,nan,-1,nan,nan,-1,nan,nan,0,0,0,0,0,0
f7cbec94d1ff5621,0,1,3,0,-1,nan,nan,-1,nan,nan,-1,nan,nan,0,0,0,0,0,0
03dac455f9ec5792,0,1,18,1,23,0.24602580167745342,-0.0001943112442734929,23,0.006974100306456096,-0.0001943112442734929,23,0.019718062976436735,-0.0001943112442734929,1,1,1,0,0,0
0966d80519ed5508,0,1,11,1,-1,nan,nan,-1,nan,nan,-1,nan,nan,0,0,0,0,0,0
222f2b699516591c,0,1,14,1,-1,nan,nan,-1,nan,nan,-1,nan,nan,0,0,0,0,0,0
343925e5442554f5,0,1,4,1,9,0.5838481226295662,-0.00011903538778423872,9,0.19628708044287713,-0.00011903538778423872,9,0.062254457272047675,-0.00011903538778423872,1,1,1,0,0,0
650894e30d725ba8,0,1,14,0,-1,nan,nan,-1,nan,nan,-1,nan,nan,0,0,0,0,0,0
70a67a5dedae584b,0,1,23,1,22,0.18217580170894976,0.00020503079220652578,-1,-0.028806939092243883,nan,-1,-0.08792680426468533,nan,1,0,0,1,0,0
80c337fb67145ff6,0,1,29,1,20,0.16774801155484742,0.00020890609137680372,-1,-0.03689215958080718,nan,-1,-0.40711386395176224,nan,1,0,0,1,0,0
84ed4f2cc4f057ce,0,1,14,1,25,0.17280577662320404,1.8950668792427905e-05,-1,-0.03405782768935051,nan,-1,-0.037156667857987144,nan,1,0,0,1,0,0
8bdafd4a1d7c50eb,0,1,21,1,3,0.07516675351998307,0.0008188129012006717,-1,-0.08877397074699007,nan,-1,-0.23630855079398488,nan,1,0,0,1,0,0
9cb860301c105ca7,0,1,9,1,20,0.5255746113163778,-3.7070147320572566e-05,20,0.16363106156697538,-3.7070147320572566e-05,-1,-0.018090256274434197,nan,1,1,0,0,0,0
a1ceb182eb7250a1,0,1,16,1,9,0.2760796406411903,0.0007709787252359046,9,0.02381603603980164,0.0007709787252359046,9,0.06764669518163186,0.0007709787252359046,1,1,1,1,0,0
b704090abc8d5afe,0,1,30,1,18,0.1553406690888888,0.0007353571400976477,-1,-0.04384513702523352,nan,-1,-0.5797245449206323,nan,1,0,0,1,0,0
fd35b4e54a465e54,0,1,1,0,7,0.11224110174863418,-2.0207331793509424,-1,-0.06799779666234071,nan,-1,-0.08708555878621507,nan,1,0,0,0,1,1
fe98c3c19baf5ea3,0,1,2,1,4,0.6410420944109575,2.1286245316340877,4,0.22833813382874382,2.1286245316340877,4,2.7297552455413356,2.1286245316340877,1,1,1,1,0,0
05ba4ac2db9c50d2,0,1,11,1,25,0.17278546070643075,-0.9894486065524201,-1,-0.03406921256983359,nan,25,0.025715144730461187,-0.9894486065524201,1,0,1,0,1,0
0d399eab6caf5d71,0,1,1,0,-1,nan,nan,-1,nan,nan,-1,nan,nan,0,0,0,0,0,0
154c14f381535c43,0,1,1,1,24,0.23059672119426736,7.987478524418279e-05,-1,-0.0016722354324150274,nan,24,0.028270172318192326,7.987478524418279e-05,1,0,1,1,0,0
20cd0f5250875606,0,1,5,0,9,0.1943934711475888,-0.00035151679222472035,-1,-0.02196025292529195,nan,9,0.22988601791613786,-0.00035151679222472035,1,0,1,0,0,1
30a3163cf0805a69,0,1,4,0,1,0.25878185346001875,-1.2324926170708386,1,0.014122491718029715,-1.2324926170708386,1,0.4250382569014416,-1.2324926170708386,1,1,1,0,1,1
3da38924ebd45f50,0,1,10,1,1,0.2897989109508466,1.7286877593049779,1,0.03150420756232907,1.7286877593049779,1,0.1546879532539996,1.7286877593049779,1,1,1,1,0,0
48fd1a7abb7c59a6,0,1,19,1,23,0.26614736238515674,-0.0003539639446881182,23,0.01825006517412748,-0.0003539639446881182,23,0.08956937908803161,-0.0003539639446881182,1,1,1,0,0,0
501128405d13533f,0,1,10,1,-1,nan,nan,-1,nan,nan,-1,nan,nan,0,0,0,0,0,0
594c56337e94571b,0,1,14,0,-1,nan,nan,-1,nan,nan,-1,nan,nan,0,0,0,0,0,0
5c92fa52c5165a1e,0,1,19,1,10,0.19132595113326795,-7.041046395883654e-05,-1,-0.02367926709197726,nan,10,8.36010162705153e-05,-7.041046395883654e-05,1,0,1,0,0,0
83d128720881565a,0,1,17,0,3,0.0524354888181263,-0.000577886478602796,-1,-0.10151239327292005,nan,-1,-0.16446069110615197,nan,1,0,0,0,0,1
95a810911ba359ec,0,1,11,0,18,0.3655633981867626,-1.2317849212438547,18,0.07396203221617212,-1.2317849212438547,-1,-0.15979618590341685,nan,1,1,0,0,1,1
9d1adc78bda259ce,0,1,10,1,-1,nan,nan,-1,nan,nan,-1,nan,nan,0,0,0,0,0,0
a3b5d1855e7e5d96,0,1,12,1,5,0.8865874639511729,0.11936206060417026,5,0.3659398338447304,0.11936206060417026,5,0.14634052412577325,0.11936206060417026,1,1,1,1,0,0
bbc08519add25675,0,1,3,1,9,0.34343464965122006,2.284032596921548,9,0.0615612550261212,2.284032596921548,9,0.23382220542410628,2.284032596921548,1,1,1,1,0,0
bf75c93832c7569d,0,1,9,1,-1,nan,nan,-1,nan,nan,-1,nan,nan,0,0,0,0,0,0
d5b4a2295da55f8c,0,1,5,0,7,2.0232822920408102,-1.2230283835736102,7,1.002934703824947,-1.2230283835736102,-1,-0.605877651553911,nan,1,1,0,0,1,1
dec7d1a6632a516c,0,1,9,1,1,0.20952999250446588,0.009756261034843616,-1,-0.013477865027142419,nan,-1,-0.0030727212213717704,nan,1,0,0,1,0,0
e14c53a47ffc5fe0,0,1,21,1,24,0.27056629841080915,-0.0002950868985615671,24,0.020726402278468888,-0.0002950868985615671,24,0.03649282918116903,-0.0002950868985615671,1,1,1,0,0,0
0624fd97bb1d5859,0,1,23,1,22,0.30708760412615504,0.0001875565206632679,22,0.04119265567451229,0.0001875565206632679,-1,-0.04364711155584716,nan,1,1,0,1,0,0
1289017760ab5cda,0,1,22,1,23,0.1695696067585175,-0.00010211831200868104,-1,-0.03587135190996686,nan,-1,-0.01708365158738949,nan,1,0,0,0,0,0
15210c5280b851a8,0,1,18,1,24,0.07832543143710995,1.220051444119215,-1,-0.08700387240624972,nan,-1,-0.13928920857543925,nan,1,0,0,1,0,0
327472f9f4b755a7,0,1,12,1,-1,nan,nan,-1,nan,nan,-1,nan,nan,0,0,0,0,0,0
35c70713d92251fc,0,1,12,1,17,0.14131276787839925,0.0,-1,-0.05170626288492334,nan,-1,-0.03514354131971359,nan,1,0,0,0,0,0
3a4fd1d48a995545,0,1,12,1,19,0.36294256841124006,0.014261765146213357,19,0.07249333975726036,0.014261765146213357,-1,-0.2535911753734731,nan,1,1,0,1,0,0
3c9d60b02bfb51c0,0,1,17,0,9,0.20198590336690458,-0.0004975407660006148,-1,-0.01770551343421432,nan,9,0.030642849817671885,-0.0004975407660006148,1,0,1,0,0,1
4750b9c4cfbd5d3f,0,1,2,0,-1,nan,nan,-1,nan,nan,-1,nan,nan,0,0,0,0,0,0
506ddb4d458f5a70,0,1,1,0,9,0.21299426294952226,-0.9297249210089445,-1,-0.01153651502959411,nan,9,0.16852897931304855,-0.9297249210089445,1,0,1,0,1,1
54dbabed00525444,0,1,17,0,6,0.11298286428431839,-0.00011966039536054351,-1,-0.06758211875275749,nan,-1,-0.20968325116120326,nan,1,0,0,0,0,1
77f9220d917b52d0,0,1,12,1,1,0.175110712316437,0.9964797705322503,-1,-0.03276615979754596,nan,1,0.10178021646730073,0.9964797705322503,1,0,1,1,0,0
7ca96f8e844f56ca,0,1,15,1,20,0.31633982678237677,3.252210966228601,20,0.04637752871368407,3.252210966228601,20,0.024538383214929137,3.252210966228601,1,1,1,1,0,0
7d363b1db0fc5975,0,1,11,1,5,0.05155354158396327,-0.9769596037015144,-1,-0.10200662958848354,nan,-1,-0.19187099789235101,nan,1,0,0,0,1,0
8813e8c6790a59d3,0,1,13,1,22,0.2954325623573707,0.00010857298851463248,22,0.03466126164274906,0.00010857298851463248,22,0.017665870419256373,0.00010857298851463248,1,1,1,1,0,0
9626975e16725ec8,0,1,20,1,22,0.03871277541690952,0.0008604435924439713,-1,-0.10920249427696414,nan,-1,-0.15304372968934615,nan,1,0,0,1,0,0
9907ad0101c45e09,0,1,1,0,-1,nan,nan,-1,nan,nan,-1,nan,nan,0,0,0,0,0,0
9e720f0176b35d63,0,1,24,1,19,0.23632595812184637,-9.262234168127192e-05,19,0.0015383840246141695,-9.262234168127192e-05,-1,-0.024299085071752408,nan,1,1,0,0,0,0
a67f3948c2445760,0,1,3,1,3,0.03047255169131903,0.0006509598884731531,-1,-0.11382025104947624,nan,-1,-0.16787412698095372,nan,1,0,0,1,0,0
a8e99095a8235549,0,1,4,0,16,0.5009691622233208,-1.2318749638779087,16,0.14984236080181212,-1.2318749638779087,-1,-1.482691199844925,nan,1,1,0,0,1,1
aed1237adf57578c,0,1,1,1,0,0.3113336971456892,1.0332035451421078,0,0.04357213291331325,1.0332035451421078,0,0.6989574338988631,1.0332035451421078,1,1,1,1,0,0
ba5ddc3d1d5d56ad,0,1,1,0,25,0.20066170117177076,-3.6526486277832504e-05,-1,-0.018447585962629368,nan,25,0.0940422664156092,-3.6526486277832504e-05,1,0,1,0,0,1
c81dc86e054f566d,0,1,15,1,3,0.04468170228153158,0.0005305072082206763,-1,-0.10585755445838382,nan,-1,-0.3507557791917062,nan,1,0,0,1,0,0
cffbf96734fa5f35,0,1,2,0,1,0.09058897890820655,-0.00012115731714312794,-1,-0.08013147654959207,nan,-1,-0.23163572066619706,nan,1,0,0,0,0,1
f4ba7c7ca86f5233,0,1,13,1,22,0.3020711472082559,6.64908149863308e-05,22,0.03838147254671632,6.64908149863308e-05,22,0.015861086749699774,6.64908149863308e-05,1,1,1,1,0,0
045cd7a008c65925,0,1,17,1,9,0.21875562309183655,0.00042712006894873866,-1,-0.00830789397487309,nan,9,0.12834694603368735,0.00042712006894873866,1,0,1,1,0,0
0c77a4182a655cf9,0,1,3,1,-1,nan,nan,-1,nan,nan,-1,nan,nan,0,0,0,0,0,0
1470dbcb0c415442,0,1,9,1,9,0.02581933960292854,0.0005928187692534337,-1,-0.11642787462265305,nan,9,0.3968671008660468,0.0005928187692534337,1,0,1,1,0,0
208da297c61b5a6b,0,1,14,0,9,0.22824337165212338,-0.0002173149178734679,-1,-0.0029910340655850106,nan,9,0.059966216921222656,-0.0002173149178734679,1,0,1,0,0,1
249837af09305794,0,1,2,0,-1,nan,nan,-1,nan,nan,-1,nan,nan,0,0,0,0,0,0
2648d4ed541751cc,0,1,13,1,-1,nan,nan,-1,nan,nan,-1,nan,nan,0,0,0,0,0,0
2e3481cf5ec35baa,0,1,14,0,-1,nan,nan,-1,nan,nan,-1,nan,nan,0,0,0,0,0,0
31d6d7b013a75d29,0,1,17,1,9,0.15739992756858356,0.0001595312765800827,-1,-0.04269114471778776,nan,-1,-0.05566623932426748,nan,1,0,0,1,0,0
45389fbdea6657a0,0,1,10,0,6,0.05115423176304603,-0.00032883506886438596,-1,-0.10223039968153874,nan,-1,-0.3314675269180053,nan,1,0,0,0,0,1
46bf28b955d051b1,0,1,29,1,5,0.006143127166755208,-0.0003345792815641069,-1,-0.12745426981048702,nan,-1,-0.1553288841695708,nan,1,0,0,0,0,0
4efebde6623256df,0,1,6,1,-1,nan,nan,-1,nan,nan,-1,nan,nan,0,0,0,0,0,0
5991dfcee3185e01,0,1,15,0,2,0.22897578262307533,-3.552210174457291e-05,-1,-0.002580596699561534,nan,2,0.015093358174118627,-3.552210174457291e-05,1,0,1,0,0,1
6c82dcb2637f5ad4,0,1,3,0,9,0.254706379729819,-0.0003719746213523001,9,0.011838628191317474,-0.0003719746213523001,9,0.3231545857348066,-0.0003719746213523001,1,1,1,0,0,1
1a9e0797610e5da4,1,2,17,1,9,0.06786090017748506,-0.00031520080855118593,9,0.10448767226547344,-0.00031520080855118593,9,0.21606383902570428,-0.00031520080855118593,1,1,1,0,0,0
31e5a1e6febd5acb,1,2,12,1,4,0.1001262372180711,0.0022942917462438484,4,0.10087586270610434,0.0022942917462438484,4,0.025702519978982916,0.0022942917462438484,1,1,1,1,0,0
3f0c33142293536e,1,2,11,1,19,0.17598338018996731,0.0,19,0.09238434892499348,0.0,-1,-0.029671585497509284,nan,1,1,0,0,0,0
48fc14e048fb5fe2,1,2,18,1,23,0.13772132931757214,0.00012721833586692988,23,0.09666743578468287,0.00012721833586692988,23,0.02336643305275604,0.00012721833586692988,1,1,1,1,0,0
65f00228b6bc54b5,1,2,17,1,-1,nan,nan,-1,nan,nan,-1,nan,nan,0,0,0,0,0,0
d22547ad7061548d,1,2,11,1,26,0.5517393249386024,0.004349149602115965,26,0.050321905519374044,0.004349149602115965,26,0.23098472968923262,0.004349149602115965,1,1,1,1,0,0
ebc361211e395b18,1,2,19,0,-1,nan,nan,-1,nan,nan,-1,nan,nan,0,0,0,0,0,0
f757646a2d865977,1,2,1,0,5,0.015789067884598766,-0.00023967403620472894,5,0.1103166379264469,-0.00023967403620472894,5,0.19849864367138098,-0.00023967403620472894,1,1,1,0,0,1
9ca3798eb199579e,1,2,10,0,23,0.19144822233997894,-7.272584703751916e-05,23,0.09065320120317406,-7.272584703751916e-05,23,0.041372616690520045,-7.272584703751916e-05,1,1,1,0,0,1
f7050dbcd3c954f3,1,2,6,1,2,0.09751079730282396,1.2324836412908278,2,0.10116863729810573,1.2324836412908278,-1,-0.006087406002114604,nan,1,1,0,1,0,0
180f81d1ca5c5ee3,1,2,17,1,23,0.1443417416229646,7.068096973794624e-05,23,0.09592634114118037,7.068096973794624e-05,23,0.013706620040449577,7.068096973794624e-05,1,1,1,1,0,0
1bd8ca835d485cd8,1,2,14,1,23,0.08697005830005633,0.0001267136363314325,23,0.10234857668151033,0.0001267136363314325,-1,-0.03478805829210109,nan,1,1,0,1,0,0
291db523bb115ccf,1,2,16,1,24,0.16975324722920332,-8.852075822662897e-05,24,0.09308175536322541,-8.852075822662897e-05,24,0.15391839600173976,-8.852075822662897e-05,1,1,1,0,0,0
2d4f708394ef542e,1,2,2,0,-1,nan,nan,-1,nan,nan,-1,nan,nan,0,0,0,0,0,0
39346eef49ad52a6,1,2,16,0,2,0.0003899191943174477,-1.8276321345854374,2,0.11204043186592264,-1.8276321345854374,2,0.1127065465082528,-1.8276321345854374,1,1,1,0,1,1
621fb14952d45fbc,1,2,2,0,2,0.07685935170120509,-1.793281329542026,2,0.10348037786802117,-1.793281329542026,2,0.11118385765115248,-1.793281329542026,1,1,1,0,1,1
79a3cfc7d4535d5f,1,2,14,1,25,0.4144419323145974,0.003068311465525664,25,0.06569109365251082,0.003068311465525664,25,0.08830611529789037,0.003068311465525664,1,1,1,1,0,0
7a90e31caaa35114,1,2,11,1,23,0.0008446797225420679,-0.00024712731484388684,23,0.11198952558154074,-0.00024712731484388684,-1,-0.04823061174204285,nan,1,1,0,0,0,0
9e4525cb8f5e5fcd,1,2,15,0,-1,nan,nan,-1,nan,nan,-1,nan,nan,0,0,0,0,0,0
c5e0107671965987,1,2,13,0,-1,nan,nan,-1,nan,nan,-1,nan,nan,0,0,0,0,0,0
ca00c31168b252d5,1,2,16,1,-1,nan,nan,-1,nan,nan,-1,nan,nan,0,0,0,0,0,0
e2c31e25cb35514d,1,2,14,1,9,0.17867567936437612,-0.000541065095644444,9,0.0920829706414634,-0.000541065095644444,9,0.1327025150938183,-0.000541065095644444,1,1,1,0,0,0
114a8e53ec3c5e0d,1,2,3,1,-1,nan,nan,-1,nan,nan,-1,nan,nan,0,0,0,0,0,0
1907423ff64a51eb,1,2,9,1,22,0.18445328157966936,4.7492956556399735e-05,22,0.09143622088381545,4.7492956556399735e-05,22,0.08354010614685857,4.7492956556399735e-05,1,1,1,1,0,0
b8091003cbb95da3,1,2,2,1,21,0.009718983743908291,0.005799536113289651,21,0.11099612836220285,0.005799536113289651,21,0.06414137214479397,0.005799536113289651,1,1,1,1,0,0
c9281513f02f50f2,1,2,12,1,23,0.09986203979457538,0.0,23,0.10090543719275985,0.0,-1,-0.00995281300134157,nan,1,1,0,0,0,0
eeb054ac63575b33,1,2,2,1,-1,nan,nan,-1,nan,nan,-1,nan,nan,0,0,0,0,0,0
6988613e2a3557be,1,2,17,1,-1,nan,nan,-1,nan,nan,-1,nan,nan,0,0,0,0,0,0
b66ea7e3342b533b,1,2,2,0,2,0.14981023747830066,-5.520669647962606e-05,2,0.09531419301513326,-5.520669647962606e-05,-1,-0.0805940424796567,nan,1,1,0,0,0,1
ebdc46dacb5f53f2,1,2,20,1,21,0.05952333806681799,7.133007049464624e-07,21,0.10542098613401482,7.133007049464624e-07,21,0.030301088015755123,7.133007049464624e-07,1,1,1,1,0,0
06a937676ff65c69,1,2,17,1,9,0.14572447368042454,-0.0008672325992258312,9,0.09577155692625343,-0.0008672325992258312,9,0.183523692372239,-0.0008672325992258312,1,1,1,0,0,0
26f611f146275818,1,2,17,1,-1,nan,nan,-1,nan,nan,-1,nan,nan,0,0,0,0,0,0
441987f47a6f5784,1,2,9,0,-1,nan,nan,-1,nan,nan,-1,nan,nan,0,0,0,0,0,0
5f4392860e5752ce,1,2,6,1,24,0.222149187005187,-0.00046456240278203165,24,0.0872165088320338,-0.00046456240278203165,24,0.018532695057122156,-0.00046456240278203165,1,1,1,0,0,0
5fde760ec9f05c3d,1,2,16,1,22,0.5094434869671292,-0.0001297025804172236,22,0.05505653797384782,-0.0001297025804172236,-1,-0.09595245054166074,nan,1,1,0,0,0,0
606e5b5125985e1f,1,2,12,1,-1,nan,nan,-1,nan,nan,-1,nan,nan,0,0,0,0,0,0
73cd1e45d87156ee,1,2,18,1,23,0.38353388295327406,0.000388450409076313,23,0.06915096726251704,0.000388450409076313,-1,-0.18032335830550864,nan,1,1,0,1,0,0
7a9a7b86210b5dc4,1,2,17,0,3,0.12230143293127271,-0.0001631911307573286,3,0.09839355223908286,-0.0001631911307573286,3,0.052581669979378236,-0.0001631911307573286,1,1,1,0,0,1
81195788481d5844,1,2,17,1,-1,nan,nan,-1,nan,nan,-1,nan,nan,0,0,0,0,0,0
948d834b78515695,1,2,10,1,22,0.07863452263363428,2.8722488693892767e-05,22,0.10328166370814126,2.8722488693892767e-05,-1,-0.0473158896026494,nan,1,1,0,1,0,0
a08635adfbc45990,1,2,16,1,-1,nan,nan,-1,nan,nan,-1,nan,nan,0,0,0,0,0,0
a5836bf6d71f58f2,1,2,17,1,9,0.04837777624110583,0.0008614462114870658,9,0.10666862990404609,0.0008614462114870658,9,0.4702867572682097,0.0008614462114870658,1,1,1,1,0,0
a6e92119ed185a7d,1,2,19,0,-1,nan,nan,-1,nan,nan,-1,nan,nan,0,0,0,0,0,0
aeb0da156a7b5426,1,2,3,1,21,0.4016152735521289,8.050889065489182e-05,21,0.06712692085849273,8.050889065489182e-05,-1,-0.24003196739278335,nan,1,1,0,1,0,0
b024a29a38815f5d,1,2,10,1,-1,nan,nan,-1,nan,nan,-1,nan,nan,0,0,0,0,0,0
c0eff628bb5d57f2,1,2,5,0,9,0.19193092761501895,-0.0002712661859579357,9,0.09059916675981602,-0.0002712661859579357,-1,-0.14130255341583856,nan,1,1,0,0,0,1
c2ef8af22b6b57fa,1,2,16,1,8,0.031402135036371535,0.0006266896873712569,8,0.10856889777053559,0.0006266896873712569,8,0.4207121138826878,0.0006266896873712569,1,1,1,1,0,0
e2becee9277c5811,1,2,18,1,22,0.4637404023987865,0.0001367530750111534,22,0.06017258054079681,0.0001367530750111534,-1,-0.09466732945283386,nan,1,1,0,1,0,0
e7c6e7ca0bf75a88,1,2,17,1,-1,nan,nan,-1,nan,nan,-1,nan,nan,0,0,0,0,0,0
f845609710815b95,1,2,16,1,22,0.5103017594189099,-0.0001336572684111914,22,0.05496046221793722,-0.0001336572684111914,-1,-0.09962880231538326,nan,1,1,0,0,0,0
0e7c79855e005220,1,2,17,1,3,0.15675871998502955,0.9896743082495081,3,0.09453637391132709,0.9896743082495081,3,0.34792555241716816,0.9896743082495081,1,1,1,1,0,0
14dd0d86a4d353af,1,2,1,0,-1,nan,nan,-1,nan,nan,-1,nan,nan,0,0,0,0,0,0
2d691673d2a75468,1,2,5,1,9,0.20460449009582585,-0.0005493406044321247,9,0.08918047728318478,-0.0005493406044321247,-1,-0.34684069688817243,nan,1,1,0,0,0,0
4a475083531f544e,1,2,17,1,5,0.01529574176163158,0.0005351796336472425,5,0.11037186127665018,0.0005351796336472425,5,0.3245197586718436,0.0005351796336472425,1,1,1,1,0,0
4aa6a5b42a9d5a1a,1,2,4,0,-1,nan,nan,-1,nan,nan,-1,nan,nan,0,0,0,0,0,0
4f8180de60ff5016,1,2,16,1,-1,nan,nan,-1,nan,nan,-1,nan,nan,0,0,0,0,0,0
65f6f0aad1645746,1,2,15,0,-1,nan,nan,-1,nan,nan,-1,nan,nan,0,0,0,0,0,0
86935537a5e256bd,1,2,3,1,23,0.12316134757034279,-4.216529144323439e-05,23,0.09829729265531569,-4.216529144323439e-05,23,0.1511554514669012,-4.216529144323439e-05,1,1,1,0,0,0
91dfe4ebf3c25298,1,2,3,0,-1,nan,nan,-1,nan,nan,-1,nan,nan,0,0,0,0,0,0
ae93b0cb5f2752c9,1,2,7,1,23,0.2090003092380338,-1.621068492024813e-06,23,0.08868840551033724,-1.621068492024813e-06,23,0.14899731819135362,-1.621068492024813e-06,1,1,1,0,0,0
c4b429aa06c65c18,1,2,5,1,27,0.18296486591512098,2.0200232751698115,27,0.09160283541255161,2.0200232751698115,-1,-1.4320155681122828,nan,1,1,0,1,0,0
d124fe4c82a0504a,1,2,14,0,-1,nan,nan,-1,nan,nan,-1,nan,nan,0,0,0,0,0,0
d8a9f79a9b2f5af3,1,2,1,1,22,1.20704336188775,3.149701463542634,-1,-0.023033391589994165,nan,-1,-7.379530527560292,nan,1,0,0,1,0,0
d9b829983ef95e41,1,2,17,0,-1,nan,nan,-1,nan,nan,-1,nan,nan,0,0,0,0,0,0
dba43762ec9a571c,1,2,3,0,-1,nan,nan,-1,nan,nan,-1,nan,nan,0,0,0,0,0,0
fefa06851c7f58a7,1,2,7,1,20,0.24757519521001253,-1.2323258076974541,20,0.0843702996207285,-1.2323258076974541,20,0.21801549809115348,-1.2323258076974541,1,1,1,0,1,0
185ce8f5060f5856,1,2,1,0,-1,nan,nan,-1,nan,nan,-1,nan,nan,0,0,0,0,0,0
6b5577a2a92d5e63,1,2,14,1,4,0.1546974795209342,-4.862848371267603e-05,4,0.0947671109404495,-4.862848371267603e-05,4,0.19999479500504974,-4.862848371267603e-05,1,1,1,0,0,0
6d5d40bcf2f153a8,1,2,28,1,11,0.30563153831039624,0.00146313439374062,11,0.07787142267646431,0.00146313439374062,-1,-0.22472400040772755,nan,1,1,0,1,0,0
8ce184b9fe795518,1,2,12,1,12,0.26971139664847066,0.0,12,0.08189235420633617,0.0,-1,-0.047960724237952085,nan,1,1,0,0,0,0
ae75c379fc4f5ac0,1,2,15,1,-1,nan,nan,-1,nan,nan,-1,nan,nan,0,0,0,0,0,0
bc30bddda7655472,1,2,17,1,-1,nan,nan,-1,nan,nan,-1,nan,nan,0,0,0,0,0,0
ec003315c7f8544e,1,2,13,1,7,0.3000589655082053,1.625132601845264,7,0.07849522126539323,1.625132601845264,7,1.5692214024131412,1.625132601845264,1,1,1,1,0,0
f80967dcb45f5879,1,2,25,1,25,0.2387807976232137,-8.79884749651616e-05,25,0.08535475204510384,-8.79884749651616e-05,25,0.45738021237954724,-8.79884749651616e-05,1,1,1,0,0,0
f8295ad66d0b502a,1,2,18,1,23,0.03237623852359866,0.0001384854522026302,23,0.10845985578896397,0.0001384854522026302,23,0.040461524449553324,0.0001384854522026302,1,1,1,1,0,0
00d83b17d1755be3,1,2,7,0,-1,nan,nan,-1,nan,nan,-1,nan,nan,0,0,0,0,0,0
07f7850e943e5787,1,2,17,1,9,0.001052628738836183,-0.0003208969734609102,9,0.11196624758993112,-0.0003208969734609102,9,0.3864763255970517,-0.0003208969734609102,1,1,1,0,0,0
0bd45dc9e3a759c2,1,2,17,1,17,0.11012860993399622,0.00010564825385808935,17,0.09975618850755784,0.00010564825385808935,-1,-0.020931629831776433,nan,1,1,0,1,0,0
183eebcd18325090,1,2,12,1,22,0.14989102958438305,-2.6754828193224865e-05,22,0.09530514907734011,-2.6754828193224865e-05,22,0.11142643863079227,-2.6754828193224865e-05,1,1,1,0,0,0
19b32f02944d51ad,1,2,19,1,20,0.14365727622481056,4.461837168800997e-05,20,0.09600296078612629,4.461837168800997e-05,20,0.030759936457675413,4.461837168800997e-05,1,1,1,1,0,0
1de30d88d7e15d70,1,2,11,1,4,0.14369187994286953,0.00040731540024285806,4,0.09599908721618595,0.00040731540024285806,4,0.012872353347656795,0.00040731540024285806,1,1,1,1,0,0
351a31864bda5923,1,2,12,1,9,0.16660888688144304,-0.0003158109522206354,9,0.09343373776303286,-0.0003158109522206354,9,0.12825630175169309,-0.0003158109522206354,1,1,1,0,0,0
42e1302d4d595015,1,2,24,0,23,0.19730507922193172,-3.214230805159701e-05,23,0.08999757961002335,-3.214230805159701e-05,23,0.14564761836256385,-3.214230805159701e-05,1,1,1,0,0,1
436d539f02525dbf,1,2,9,1,-1,nan,nan,-1,nan,nan,-1,nan,nan,0,0,0,0,0,0
53791dfcfb555d8b,1,2,13,0,-1,nan,nan,-1,nan,nan,-1,nan,nan,0,0,0,0,0,0
5787abf0e35d54cf,1,2,12,1,9,0.12481990858383094,-0.00035294373019167935,9,0.0981116319099846,-0.00035294373019167935,9,0.1692491634379617,-0.00035294373019167935,1,1,1,0,0,0
6a860de43c125dbf,1,2,17,1,9,0.20493255844968764,0.00013104936927543775,9,0.08914375302968902,0.00013104936927543775,9,0.10680997378301618,0.00013104936927543775,1,1,1,1,0,0
7b1eb807d4d95132,1,2,17,0,6,0.06199501757426064,-0.001243818229436866,6,0.10514430420562061,-0.001243818229436866,6,0.27858923494821897,-0.001243818229436866,1,1,1,0,0,1
89ec4c93349d5b58,1,2,25,1,22,0.5054108353610806,-5.431908551845055e-05,22,0.05550795646056656,-5.431908551845055e-05,-1,-0.1360206233449554,nan,1,1,0,0,0,0
a3fff53e9f375592,1,2,6,1,-1,nan,nan,-1,nan,nan,-1,nan,nan,0,0,0,0,0,0
a6bf958e054951f3,1,2,16,0,7,0.026673988394288597,-0.0005569157022051741,7,0.1090981705693442,-0.0005569157022051741,7,0.294649883585826,-0.0005569157022051741,1,1,1,0,0,1
ad9cdad9769f572f,1,2,15,1,10,0.14777357101322836,-8.041050173335229e-05,10,0.09554217920968444,-8.041050173335229e-05,10,0.2115589239594693,-8.041050173335229e-05,1,1,1,0,0,0
c2c39f197ef95b97,1,2,25,1,20,0.14488807999195039,5.7840400188968744e-05,20,0.09586518355459539,5.7840400188968744e-05,20,0.03160080416207206,5.7840400188968744e-05,1,1,1,1,0,0
cf7a886f70be5245,1,2,14,1,20,0.18299121913001884,0.0004713724773375283,20,0.09159988541102618,0.0004713724773375283,20,0.8939771421723061,0.0004713724773375283,1,1,1,1,0,0
d7ed9fbf26d0502e,1,2,14,1,9,0.15238266173824386,-0.0003496023945510629,9,0.09502623363255719,-0.0003496023945510629,9,0.1463573379032796,-0.0003496023945510629,1,1,1,0,0,0
e9922a266cc35210,1,2,1,0,-1,nan,nan,-1,nan,nan,-1,nan,nan,0,0,0,0,0,0
eef9e53ca3eb51a8,1,2,8,0,2,0.036816345687771805,-1.8450037153049488,2,0.10796282637687349,-1.8450037153049488,2,0.120809055450993,-1.8450037153049488,1,1,1,0,1,1
f19973f839e35f20,1,2,4,1,-1,nan,nan,-1,nan,nan,-1,nan,nan,0,0,0,0,0,0
02fca515559f520d,1,2,11,1,0,0.10765660958810334,-5.0871647178318824e-05,0,0.1000329063508839,-5.0871647178318824e-05,0,0.10414057858953044,-5.0871647178318824e-05,1,1,1,0,0,0
115efd50328f5ecc,1,2,18,1,-1,nan,nan,-1,nan,nan,-1,nan,nan,0,0,0,0,0,0
117049ed19db55a2,1,2,20,1,25,0.21235654564661618,-0.0005033181324601175,25,0.08831270552218053,-0.0005033181324601175,25,0.21910751425822128,-0.0005033181324601175,1,1,1,0,0,0
2154d495b9b657a5,1,2,3,0,6,1.4060280125472817,-1.220322729590535,-1,-0.04530790440589259,nan,6,0.5756515749534424,-1.220322729590535,1,0,1,0,1,1
2c572f2c1c485fc0,1,2,16,1,-1,nan,nan,-1,nan,nan,-1,nan,nan,0,0,0,0,0,0
3152efff212c51ff,1,2,3,1,1,0.2935946569372989,-0.010228717434942247,1,0.0792188415226911,-0.010228717434942247,-1,-0.16390954042328665,nan,1,1,0,0,0,0
327d5cdfdd695e7e,1,2,17,1,3,0.17656618063732918,0.00011524857694755752,3,0.09231910974201707,0.00011524857694755752,3,0.19249147764191749,0.00011524857694755752,1,1,1,1,0,0
64fe109ec6a858ec,1,2,24,1,14,0.10309033211811741,-0.0001836422961903738,14,0.10054405937544648,-0.0001836422961903738,-1,-0.02590194474561229,nan,1,1,0,0,0,0
6c95d9b03b7a5944,1,2,6,1,10,0.09650103502282224,-0.0025507494289427335,10,0.10128167095558815,-0.0025507494289427335,10,0.15678434063797772,-0.0025507494289427335,1,1,1,0,0,0
73963278f6eb5002,1,2,10,1,18,0.14135807563686728,0.0,18,0.09626033527603149,0.0,-1,-0.03778612807015573,nan,1,1,0,0,0,0
799dcf813dba5d8a,1,2,6,0,4,0.01802105477670172,-0.003188489996641869,4,0.11006678739542211,-0.003188489996641869,4,0.09636927403230022,-0.003188489996641869,1,1,1,0,0,1
7b6dfa3d4bc553a9,1,2,15,1,15,0.14077452276832444,0.0,15,0.09632565868568158,0.0,-1,-0.018366765997761825,nan,1,1,0,0,0,0
842b7f0b68fc5245,1,2,16,1,20,0.23731642567618266,1.2322185659539886,20,0.0855186750994363,1.2322185659539886,20,0.2857771553903728,1.2322185659539886,1,1,1,1,0,0
86839ab67df151f2,1,2,9,1,1,0.15334258293094483,7.329354990481818e-05,1,0.09491877922922407,7.329354990481818e-05,1,0.01170800591472912,7.329354990481818e-05,1,1,1,1,0,0
9a3e4f2df62b54fa,1,2,14,0,22,0.10872066532528558,-0.00021218127441802181,22,0.09991379503714116,-0.00021218127441802181,22,0.005338585711101809,-0.00021218127441802181,1,1,1,0,0,1
a7c4607a69e55039,1,2,17,1,23,0.13113354419409942,-0.0001578706935048105,23,0.09740487811339923,-0.0001578706935048105,23,0.15575042388878818,-0.0001578706935048105,1,1,1,0,0,0
c608632e83a659ca,1,2,27,1,-1,nan,nan,-1,nan,nan,-1,nan,nan,0,0,0,0,0,0
d022d382b3aa5fa1,1,2,10,1,-1,nan,nan,-1,nan,nan,-1,nan,nan,0,0,0,0,0,0
d07acbfa3a6e55b0,1,2,17,1,3,0.003602206753075091,-0.00012636717958378063,3,0.11168084563573483,-0.00012636717958378063,3,0.282532478925299,-0.00012636717958378063,1,1,1,0,0,0
e88d31e512eb52aa,1,2,23,1,20,0.31435071730252256,0.00010631383955628237,20,0.07689539028622464,0.00010631383955628237,-1,-0.058905011942746915,nan,1,1,0,1,0,0
fc25adef73d35a71,1,2,6,1,9,0.14497060063043335,-0.000565087180584678,9,0.0958559461233997,-0.000565087180584678,9,0.14093574385250351,-0.000565087180584678,1,1,1,0,0,0
06f2c0171372558e,1,2,14,0,9,0.17881654255546772,-0.00021924246586857432,9,0.0920672022947851,-0.00021924246586857432,9,0.14512823316513423,-0.00021924246586857432,1,1,1,0,0,1
1139bbb1cfe35d48,1,2,2,1,1,0.20455984023549117,0.0015995440794149829,1,0.0891854754269258,0.0015995440794149829,1,0.11832531635277006,0.0015995440794149829,1,1,1,1,0,0
190db336fe0e515f,1,2,4,0,9,0.12991490260159916,-0.0006111538553610352,9,0.09754129390064797,-0.0006111538553610352,-1,-0.029405545184682108,nan,1,1,0,0,0,1
1bf5b342d1b052c3,1,2,3,0,11,0.06799804241900242,-0.00019516362426785783,11,0.10447232044508852,-0.00019516362426785783,-1,-0.06588097526779053,nan,1,1,0,0,0,1
1da0d8dce4485189,1,2,12,0,4,0.03547125767234741,-0.00913377341185706,4,0.10811339668538109,-0.00913377341185706,4,0.03745212758897318,-0.00913377341185706,1,1,1,0,0,1
21f2c3689d765b09,1,2,1,1,-1,nan,nan,-1,nan,nan,-1,nan,nan,0,0,0,0,0,0
234440ab79d55e59,1,2,18,0,-1,nan,nan,-1,nan,nan,-1,nan,nan,0,0,0,0,0,0
2ababb1ca1ba5637,1,2,17,1,3,0.06624346359922079,0.00012872512789918744,3,0.10466872950618038,0.00012872512789918744,3,0.2753785300683121,0.00012872512789918744,1,1,1,1,0,0
3c6c3ba8c08e581a,1,2,16,1,-1,nan,nan,-1,nan,nan,-1,nan,nan,0,0,0,0,0,0
59b8dea90c1b5499,1,2,17,1,3,0.1315731938029784,0.0010224562064280462,3,0.09735566335831626,0.0010224562064280462,3,0.1483553278101227,0.0010224562064280462,1,1,1,1,0,0
68e20734e9415e24,1,2,4,1,9,0.10988652715162356,-8.91803213395187e-05,9,0.09978328746227919,-8.91803213395187e-05,9,0.023554736194377326,-8.91803213395187e-05,1,1,1,0,0,0
742976289d405b0d,1,2,17,0,-1,nan,nan,-1,nan,nan,-1,nan,nan,0,0,0,0,0,0
091cae980d54535d,2,3,17,0,20,0.014357090014868635,-0.00011106623769737822,-1,-0.08600873195714674,nan,20,0.19575905829851054,-0.00011106623769737822,1,0,1,0,0,1
0aea8543e71b5712,2,3,15,1,22,0.10138480301401133,0.0,22,0.028511632241349207,0.0,22,0.006248522233934732,0.0,1,1,1,0,0,0
122436b1207258bf,2,3,19,1,2,0.03997856150200179,1.2323318207158476,-1,-0.05229326196614774,nan,-1,-0.10392940341079937,nan,1,0,0,1,0,0
1bd7b3ce5adf5826,2,3,17,1,-1,nan,nan,-1,nan,nan,-1,nan,nan,0,0,0,0,0,0
581836f4f4365cc8,2,3,18,1,1,0.6314680991488937,-0.00035384111877938274,1,0.7260518758819456,-0.00035384111877938274,1,0.13297827875607493,-0.00035384111877938274,1,1,1,0,0,0
70b54ac4d8ae56de,2,3,1,1,-1,nan,nan,-1,nan,nan,-1,nan,nan,0,0,0,0,0,0
72eb13d3a4255179,2,3,1,0,-1,nan,nan,-1,nan,nan,-1,nan,nan,0,0,0,0,0,0
7fc2b30cb72a5d56,2,3,9,0,-1,nan,nan,-1,nan,nan,-1,nan,nan,0,0,0,0,0,0
83aa0b7439d45dd8,2,3,5,1,-1,nan,nan,-1,nan,nan,-1,nan,nan,0,0,0,0,0,0
8675d815740a5a0b,2,3,22,1,-1,nan,nan,-1,nan,nan,-1,nan,nan,0,0,0,0,0,0
9070daa02ad0542c,2,3,3,1,-1,nan,nan,-1,nan,nan,-1,nan,nan,0,0,0,0,0,0
9771a60ee60a5d27,2,3,5,0,-1,nan,nan,-1,nan,nan,-1,nan,nan,0,0,0,0,0,0
9c2eb9c5b45f522b,2,3,29,1,25,0.07365121237382107,3.822718737644948e-05,-1,-0.00798318982386896,nan,-1,-0.04356831747668119,nan,1,0,0,1,0,0
bb1419c18f39553e,2,3,21,1,22,0.13918451650061928,0.0,22,0.07825253437361349,0.0,-1,-0.007283811810049057,nan,1,1,0,0,0,0
c56712e13eb759f5,2,3,1,0,-1,nan,nan,-1,nan,nan,-1,nan,nan,0,0,0,0,0,0
b003a3bfbdb252e3,2,3,10,1,26,0.14879125211646407,0.9897842141886242,26,0.090894103634385,0.9897842141886242,26,0.02212325929816572,0.9897842141886242,1,1,1,1,0,0
0f9ba65f3e2e5c1d,2,3,2,0,25,0.1375998380641172,-0.00012799810242603016,25,0.07616724515444824,-0.00012799810242603016,25,0.028512399795947004,-0.00012799810242603016,1,1,1,0,0,1
2709051d421d536a,2,3,26,1,27,0.15636486940256908,-1.0131592304229997e-05,27,0.10086027854597109,-1.0131592304229997e-05,27,0.031202488611351817,-1.0131592304229997e-05,1,1,1,0,0,0
2bf633d593a957ad,2,3,11,1,-1,nan,nan,-1,nan,nan,-1,nan,nan,0,0,0,0,0,0
2cfe30b626795e99,2,3,7,1,10,0.29911934997498263,-0.18940308858485655,10,0.2887118782574441,-0.18940308858485655,-1,-0.0010816463874542825,nan,1,1,0,0,0,0
4a42412827f55dc1,2,3,16,1,24,0.05199140907750935,0.0,-1,-0.036485473481326844,nan,-1,-0.0021473420227105036,nan,1,0,0,0,0,0
60183447caa4548b,2,3,17,1,3,0.081899214436054,-6.448373179882786e-05,3,0.0028704126382130407,-6.448373179882786e-05,3,0.022080966821454318,-6.448373179882786e-05,1,1,1,0,0,0
618892326e0c530e,2,3,24,0,17,0.07531431451466508,-1.1183486133825582e-05,-1,-0.005794702314486394,nan,17,0.01012410669776917,-1.1183486133825582e-05,1,0,1,0,0,1
63d0c4a8acfa5fc2,2,3,1,0,-1,nan,nan,-1,nan,nan,-1,nan,nan,0,0,0,0,0,0
8aeb517756f55681,2,3,14,1,15,0.051197086547272674,1.1431345063428466e-05,-1,-0.037530727944749,nan,-1,-0.04915857277193107,nan,1,0,0,1,0,0
ab77602df4a154f7,2,3,11,1,10,0.03934488094082231,-0.00017154795059148853,-1,-0.05312712656112446,nan,-1,-0.03949732149410199,nan,1,0,0,0,0,0
acdcf9be0fc85495,2,3,23,1,13,0.1510483237136072,1.6302977381565595e-05,13,0.0938641996235725,1.6302977381565595e-05,13,0.05556464451254523,1.6302977381565595e-05,1,1,1,1,0,0
be58ded948ea5c00,2,3,4,0,2,0.050106416302914535,-0.001292943146824932,-1,-0.03896594839694663,nan,-1,-0.8279395768761989,nan,1,0,0,0,0,1
d74df20dba705137,2,3,19,1,23,0.08586437091508937,-8.57298430055383e-05,23,0.0080881892341306,-8.57298430055383e-05,23,0.09864394898884554,-8.57298430055383e-05,1,1,1,0,0,0
ec0f4f7c37615b20,2,3,5,0,2,0.09544511678562911,-0.7737388310596343,2,0.02069555841086923,-0.7737388310596343,-1,-0.23131573651656717,nan,1,1,0,0,1,1
ec57eef8dffd515e,2,3,1,0,-1,nan,nan,-1,nan,nan,-1,nan,nan,0,0,0,0,0,0
f73c53f115a550d5,2,3,17,1,-1,nan,nan,-1,nan,nan,-1,nan,nan,0,0,0,0,0,0
06f8d2f6dca3537c,2,3,6,0,-1,nan,nan,-1,nan,nan,-1,nan,nan,0,0,0,0,0,0
79e0120026c25eed,2,3,2,1,-1,nan,nan,-1,nan,nan,-1,nan,nan,0,0,0,0,0,0
884e1c90e87b5fab,2,3,16,1,7,0.1830596053222681,-2.0925029926001978e-05,7,0.13598806456209583,-2.0925029926001978e-05,7,0.015863574621201942,-2.0925029926001978e-05,1,1,1,0,0,0
8c1a6d183a275d96,2,3,12,0,-1,nan,nan,-1,nan,nan,-1,nan,nan,0,0,0,0,0,0
bd8986c6178e5d2a,2,3,1,0,-1,nan,nan,-1,nan,nan,-1,nan,nan,0,0,0,0,0,0
c1dd6c577b0f573a,2,3,5,0,1,0.07761188714301769,-0.24775317546641729,-1,-0.00277131074065487,nan,-1,-0.08991203798686624,nan,1,0,0,0,0,1
d1d6c7f48e6d5708,2,3,15,0,-1,nan,nan,-1,nan,nan,-1,nan,nan,0,0,0,0,0,0
0fd565e4e40058b8,2,3,15,1,-1,nan,nan,-1,nan,nan,-1,nan,nan,0,0,0,0,0,0
25708e54a75c59eb,2,3,17,0,-1,nan,nan,-1,nan,nan,-1,nan,nan,0,0,0,0,0,0
321b3f53510c5059,2,3,7,1,-1,nan,nan,-1,nan,nan,-1,nan,nan,0,0,0,0,0,0
3e07748ebae855b8,2,3,12,1,23,0.18165448297102776,-2.1420662570744223e-05,23,0.13413905442656493,-2.1420662570744223e-05,23,0.03425680167480277,-2.1420662570744223e-05,1,1,1,0,0,0
46f297276986585b,2,3,4,0,-1,nan,nan,-1,nan,nan,-1,nan,nan,0,0,0,0,0,0
4d6fb0d27a0f51ce,2,3,7,1,-1,nan,nan,-1,nan,nan,-1,nan,nan,0,0,0,0,0,0
5583fb05984f5685,2,3,17,0,2,0.11665104118359453,-0.00044750133621285215,2,0.04860057971419467,-0.00044750133621285215,2,0.30613469204836824,-0.00044750133621285215,1,1,1,0,0,1
97b8db1dfd4f5fb3,2,3,18,1,-1,nan,nan,-1,nan,nan,-1,nan,nan,0,0,0,0,0,0
edf9d12992c9551c,2,3,16,1,13,0.14594814839953402,0.0,13,0.08715284396092748,0.0,13,0.03787258032734522,0.0,1,1,1,0,0,0
f94f2bcde8345a9a,2,3,3,0,15,0.16216892695357737,0.0,15,0.10849787767002307,0.0,15,0.12480732637912027,0.0,1,1,1,0,0,1
0bb64f8f31ba5310,2,3,17,1,-1,nan,nan,-1,nan,nan,-1,nan,nan,0,0,0,0,0,0
440a7c7dd1395be4,2,3,17,1,22,0.3464565185401473,0.005498093330710496,22,0.3510031829164744,0.005498093330710496,22,0.006890188888020621,0.005498093330710496,1,1,1,1,0,0
630c3828efa0518a,2,3,17,0,-1,nan,nan,-1,nan,nan,-1,nan,nan,0,0,0,0,0,0
66a39f4cabc85bc4,2,3,14,1,6,0.36642617974260855,-1.1789312648981811,6,0.37728139700500235,-1.1789312648981811,6,0.03673915728690719,-1.1789312648981811,1,1,1,0,1,0
684af4044c445d01,2,3,4,1,9,0.0782435659244218,-6.066455971449631e-05,-1,-0.0019400803014087559,nan,9,0.2329148053086802,-6.066455971449631e-05,1,0,1,0,0,0
69f12cf621135ce3,2,3,17,1,-1,nan,nan,-1,nan,nan,-1,nan,nan,0,0,0,0,0,0
71589a780d925ed6,2,3,17,1,3,0.1988127549864715,0.9912868022998795,3,0.15671774220898238,0.9912868022998795,3,0.2962524990140304,0.9912868022998795,1,1,1,1,0,0
7c39359aaa345e52,2,3,11,1,9,0.13756595973536678,0.00043774992538837994,9,0.07612266442937536,0.00043774992538837994,9,0.0894912146751996,0.00043774992538837994,1,1,1,1,0,0
93ccd00db2005d2d,2,3,17,1,-1,nan,nan,-1,nan,nan,-1,nan,nan,0,0,0,0,0,0
a1c64a274ecc54b0,2,3,1,1,20,0.0672836229915809,9.327751190868483e-05,-1,-0.01636234434821919,nan,-1,-0.021221173338927268,nan,1,0,0,1,0,0
a71d387393a559d4,2,3,17,1,-1,nan,nan,-1,nan,nan,-1,nan,nan,0,0,0,0,0,0
c65275d1d5af5014,2,3,17,0,3,0.11002943163233775,-0.00025896607432512875,3,0.039887158307870506,-0.00025896607432512875,-1,-0.2060763128780185,nan,1,1,0,0,0,1
cd7aee35baa65cec,2,3,16,1,-1,nan,nan,-1,nan,nan,-1,nan,nan,0,0,0,0,0,0
dc6d75a4555c5fd6,2,3,10,1,21,0.03464606315319941,3.0565711064264086e-05,-1,-0.05931033310300206,nan,21,0.08103270122901902,3.0565711064264086e-05,1,0,1,1,0,0
24e5d608f799503b,2,3,17,1,-1,nan,nan,-1,nan,nan,-1,nan,nan,0,0,0,0,0,0
2fdb08ec2f205723,2,3,17,1,-1,nan,nan,-1,nan,nan,-1,nan,nan,0,0,0,0,0,0
77e69dcde5805f89,2,3,17,1,-1,nan,nan,-1,nan,nan,-1,nan,nan,0,0,0,0,0,0
79a429b2a2b450e7,2,3,17,1,3,0.18118661136551698,4.5840236171379445e-05,3,0.1335233789731406,4.5840236171379445e-05,3,0.3063113083496754,4.5840236171379445e-05,1,1,1,1,0,0
8724d825e1c15a99,2,3,18,1,3,0.14983667841070464,0.0005389120473116016,3,0.09226978726242993,0.0005389120473116016,3,0.26918103165896934,0.0005389120473116016,1,1,1,1,0,0
dd63e7a132215419,2,3,9,1,-1,nan,nan,-1,nan,nan,-1,nan,nan,0,0,0,0,0,0
0e59b30dfd9d5121,2,3,19,1,21,0.024220297686227764,0.00026765271043404943,-1,-0.07302966936014875,nan,-1,-0.0923939589704334,nan,1,0,0,1,0,0
38eeabce6a485364,2,3,15,1,-1,nan,nan,-1,nan,nan,-1,nan,nan,0,0,0,0,0,0
5aa3112549445a00,2,3,4,0,20,0.07546847556464495,-5.174224078752232e-06,-1,-0.0055918407318880925,nan,-1,-0.01925373314674754,nan,1,0,0,0,0,1
683e8d239bf75a5d,2,3,17,1,22,0.038227974001343853,-0.00015954406317320036,-1,-0.054596872060309984,nan,-1,-0.10708961916008403,nan,1,0,0,0,0,0
713177596893526a,2,3,23,1,1,0.3351266791047001,0.9896099772717105,1,0.33609416952587007,0.9896099772717105,1,0.21376399810327085,0.9896099772717105,1,1,1,1,0,0
8be5348ca3425c10,2,3,10,0,-1,nan,nan,-1,nan,nan,-1,nan,nan,0,0,0,0,0,0
90244d4079fe5582,2,3,13,1,1,0.5285816054655041,0.0010825669911689317,1,0.5906628334530806,0.0010825669911689317,1,0.02408376626092279,0.0010825669911689317,1,1,1,1,0,0
a63aaf23916e5f10,2,3,8,1,0,0.12602008642287704,-9.402019237750216e-05,0,0.06092937057884013,-9.402019237750216e-05,0,0.09600516202040121,-9.402019237750216e-05,1,1,1,0,0,0
ac29e7c780d75eee,2,3,3,0,17,0.0513032791634178,-1.1126175523124004e-06,-1,-0.03739098835310593,nan,17,0.044214932110565236,-1.1126175523124004e-06,1,0,1,0,0,1
b4a3828e9a685c84,2,3,1,0,16,0.07324407308761303,0.0,-1,-0.00851894720194138,nan,16,0.010481788480616268,0.0,1,0,1,0,0,1
b9b7f27d456b5e0b,2,3,1,1,-1,nan,nan,-1,nan,nan,-1,nan,nan,0,0,0,0,0,0
c6eebddd3a955416,2,3,16,0,3,0.2206431298405776,-0.00032615948114544935,3,0.18544448214878234,-0.00032615948114544935,3,0.036959700993273115,-0.00032615948114544935,1,1,1,0,0,1
e06039dcbccd55a0,2,3,17,1,-1,nan,nan,-1,nan,nan,-1,nan,nan,0,0,0,0,0,0
ee1f7084ec1a54cf,2,3,11,0,-1,nan,nan,-1,nan,nan,-1,nan,nan,0,0,0,0,0,0
fa243f63e0525715,2,3,15,0,-1,nan,nan,-1,nan,nan,-1,nan,nan,0,0,0,0,0,0
1c3f933be722564d,2,3,2,0,7,0.016377257554655477,-2.020616720138795,-1,-0.08335037964125115,nan,-1,-0.09253363843331704,nan,1,0,0,0,1,1
27d3a84b2d335113,2,3,13,1,0,0.07100317567068079,3.223411133512874e-06,-1,-0.011467759476498987,nan,-1,-0.03889698138385008,nan,1,0,0,1,0,0
37c65539bccb5da7,2,3,18,1,19,0.3096755280489327,3.19452974479645e-05,19,0.30260282535822397,3.19452974479645e-05,-1,-0.1748135719538516,nan,1,1,0,1,0,0
3dae82a193c9501b,2,3,17,0,-1,nan,nan,-1,nan,nan,-1,nan,nan,0,0,0,0,0,0
69a069b9a6985aaf,2,3,15,1,7,0.1634119045513961,0.00017445414308459029,7,0.11013352041286033,0.00017445414308459029,7,0.08831880972739323,0.00017445414308459029,1,1,1,1,0,0
7d8759e340975895,2,3,12,1,14,0.1369317555161482,0.00013285990655420576,14,0.07528811074919477,0.00013285990655420576,-1,-0.002806725369906532,nan,1,1,0,1,0,0
a99fbe3c63d15894,2,3,23,1,21,0.15047234827208503,-3.527703285222117e-05,21,0.09310626959117971,-3.527703285222117e-05,21,0.049621178253531434,-3.527703285222117e-05,1,1,1,0,0,0
aaf8a6e715785915,2,3,19,1,21,0.08518570979334321,1.1295703612024255e-05,21,0.007195134411116966,1.1295703612024255e-05,-1,-0.02233457828154805,nan,1,1,0,1,0,0
adb358cddcdf5ad4,2,3,17,1,-1,nan,nan,-1,nan,nan,-1,nan,nan,0,0,0,0,0,0
ae3f167434e35c78,2,3,4,1,-1,nan,nan,-1,nan,nan,-1,nan,nan,0,0,0,0,0,0
ae62df1371af5474,2,3,9,0,-1,nan,nan,-1,nan,nan,-1,nan,nan,0,0,0,0,0,0
f0a54058d2af5c6c,2,3,16,1,4,0.09894690883520069,0.0006539796369151585,4,0.025303590577223922,0.0006539796369151585,4,0.06624257181271792,0.0006539796369151585,1,1,1,1,0,0
f533a754e0245b89,2,3,7,1,10,0.0597686301894117,-0.002852290576696337,-1,-0.026251374899464067,nan,-1,-0.06948532646969588,nan,1,0,0,0,0,0
f9c3f5c430be54aa,2,3,2,1,2,0.15487356808964944,1.5646017807097174,2,0.09889786492392251,1.5646017807097174,2,0.046713344931360944,1.5646017807097174,1,1,1,1,0,0
02bb7e4c3012543c,2,3,8,1,-1,nan,nan,-1,nan,nan,-1,nan,nan,0,0,0,0,0,0
105b657c237a5c20,2,3,11,1,-1,nan,nan,-1,nan,nan,-1,nan,nan,0,0,0,0,0,0
11aaf0aadcfb5861,2,3,17,0,-1,nan,nan,-1,nan,nan,-1,nan,nan,0,0,0,0,0,0
22b187e4a9c25c9b,2,3,14,0,-1,nan,nan,-1,nan,nan,-1,nan,nan,0,0,0,0,0,0
2f2543566c675f13,2,3,11,1,1,0.09209062171698039,4.0812372416265674e-05,1,0.016281355351580568,4.0812372416265674e-05,-1,-0.060367286673644785,nan,1,1,0,1,0,0
359105de514f5258,2,3,12,1,9,0.019980658406620253,-0.00038073421872697466,-1,-0.07860863975519618,nan,9,0.26870400063935385,-0.00038073421872697466,1,0,1,0,0,0
5740c711ed2d5d2f,2,3,17,1,-1,nan,nan,-1,nan,nan,-1,nan,nan,0,0,0,0,0,0
5f01892cbea95932,2,3,14,0,-1,nan,nan,-1,nan,nan,-1,nan,nan,0,0,0,0,0,0
75fd8a14d25350e5,2,3,12,1,14,0.04514352528794111,6.06032689663456,-1,-0.04549665070918364,nan,-1,-0.6191054468310574,nan,1,0,0,1,0,0
78dae1caad5656a7,2,3,15,1,17,0.008300177152345361,0.00012827663570642465,-1,-0.0939790651192,nan,-1,-0.19452888968960833,nan,1,0,0,1,0,0
a9e5024892425a19,2,3,10,1,9,0.1413417836220567,0.10973590606988859,9,0.08109129696895928,0.10973590606988859,9,0.2826266768416311,0.10973590606988859,1,1,1,1,0,0
aaddf9a720325142,2,3,11,0,-1,nan,nan,-1,nan,nan,-1,nan,nan,0,0,0,0,0,0
d32e31e6812d546f,2,3,9,1,-1,nan,nan,-1,nan,nan,-1,nan,nan,0,0,0,0,0,0
e034837cf84e5081,2,3,8,1,-1,nan,nan,-1,nan,nan,-1,nan,nan,0,0,0,0,0,0
e865980d1e455826,2,3,16,1,-1,nan,nan,-1,nan,nan,-1,nan,nan,0,0,0,0,0,0
f125490e18b15e5c,2,3,21,1,19,0.08343242938592604,2.2940688254813324e-05,19,0.004887980702487638,2.2940688254813324e-05,-1,-0.04412344932804701,nan,1,1,0,1,0,0
f1d77af4b7285825,2,3,7,1,9,0.19419994230835638,-0.00017149056606013957,9,0.150647710380358,-0.00017149056606013957,9,0.33152941914141854,-0.00017149056606013957,1,1,1,0,0,0
2d8cf993fd4159e2,2,3,12,1,2,0.23486250303059508,-0.0050927070549839915,2,0.20415585281769985,-0.0050927070549839915,-1,-0.05224636694919185,nan,1,1,0,0,0,0
470e191769275e16,2,3,9,1,-1,nan,nan,-1,nan,nan,-1,nan,nan,0,0,0,0,0,0
549a8da7bb0b5e8a,2,3,2,0,2,0.07383833468040028,-0.9131117959951052,-1,-0.007736954297728846,nan,-1,-0.2108825996617128,nan,1,0,0,0,1,1
5c921b6094c95071,2,3,2,1,-1,nan,nan,-1,nan,nan,-1,nan,nan,0,0,0,0,0,0
698c37f393b852d6,2,3,14,0,-1,nan,nan,-1,nan,nan,-1,nan,nan,0,0,0,0,0,0
71dfd904537f5299,2,3,6,1,-1,nan,nan,-1,nan,nan,-1,nan,nan,0,0,0,0,0,0
7ef659e1786d5ef0,2,3,1,0,-1,nan,nan,-1,nan,nan,-1,nan,nan,0,0,0,0,0,0
893f5457b66f5c0a,2,3,4,0,-1,nan,nan,-1,nan,nan,-1,nan,nan,0,0,0,0,0,0
8f090017c0c45c30,2,3,13,1,2,0.13952551996676194,0.9801628914909379,2,0.078701263172634,0.9801628914909379,-1,-0.051563871044417994,nan,1,1,0,1,0,0
90003a4fe9855d90,2,3,21,1,-1,nan,nan,-1,nan,nan,-1,nan,nan,0,0,0,0,0,0
9d6b57b25d0e5698,2,3,29,1,28,0.07801878472731029,-4.430631548166253e-05,-1,-0.002235871419790078,nan,28,0.028360065861874797,-4.430631548166253e-05,1,0,1,0,0,0
a5a77a41a5d4527c,2,3,17,1,2,0.056753932791988516,-0.00012272540132673981,-1,-0.030218435873530583,nan,2,0.09290440119944825,-0.00012272540132673981,1,0,1,0,0,0
b86d04e1e9105474,2,3,3,0,-1,nan,nan,-1,nan,nan,-1,nan,nan,0,0,0,0,0,0
c4a7fbc6d1e35668,2,3,6,1,21,0.30506643197648003,1.9843287469431445,21,0.29653768423647187,1.9843287469431445,21,0.18888628768696492,1.9843287469431445,1,1,1,1,0,0
db167c9f01af53f1,2,3,17,0,9,0.006955990407605481,-0.00040012851879001055,-1,-0.09574788967236177,nan,9,0.314963138425287,-0.00040012851879001055,1,0,1,0,0,1
e19f348970f556d2,2,3,5,0,-1,nan,nan,-1,nan,nan,-1,nan,nan,0,0,0,0,0,0
e1c764e511515749,2,3,10,1,20,0.4556764919016465,0.000480583366891274,20,0.4947264946761679,0.000480583366891274,-1,-0.231905327815506,nan,1,1,0,1,0,0
e75b5a59035b5493,2,3,9,1,22,0.032796565868009976,1.9060943658999463e-05,-1,-0.06174409926075587,nan,-1,-0.03138114014001424,nan,1,0,0,1,0,0
e86d2d8665685c70,2,3,11,1,-1,nan,nan,-1,nan,nan,-1,nan,nan,0,0,0,0,0,0
e9c39cd0c047561f,2,3,29,1,-1,nan,nan,-1,nan,nan,-1,nan,nan,0,0,0,0,0,0
0612f5d26b32561d,2,3,15,1,-1,nan,nan,-1,nan,nan,-1,nan,nan,0,0,0,0,0,0
07003d3990e35817,2,3,2,1,-1,nan,nan,-1,nan,nan,-1,nan,nan,0,0,0,0,0,0
0938c742dd0159e8,2,3,4,0,-1,nan,nan,-1,nan,nan,-1,nan,nan,0,0,0,0,0,0
097a309009705384,2,3,9,1,3,0.09458799868532625,0.00048242681920529495,3,0.01956767082626988,0.00048242681920529495,-1,-0.2549554117210771,nan,1,1,0,1,0,0
12db610090455243,2,3,15,1,-1,nan,nan,-1,nan,nan,-1,nan,nan,0,0,0,0,0,0
1b2ded48330b5b03,2,3,17,1,5,0.10228610514745605,0.0020229374388232024,5,0.029697661898086113,0.0020229374388232024,-1,-0.1667867314250609,nan,1,1,0,1,0,0
2322ed0c8d8e5d5f,2,3,12,1,25,0.3004723276941828,0.0026175350087694893,25,0.29049227091416924,0.0026175350087694893,-1,-0.2705695484368051,nan,1,1,0,1,0,0
253b0edab17c5d6d,2,3,17,0,-1,nan,nan,-1,nan,nan,-1,nan,nan,0,0,0,0,0,0
326079b8c9395f39,2,3,1,0,23,0.09813942501087172,-0.0004300676556301397,23,0.02424101707667177,-0.0004300676556301397,23,0.14311977231911166,-0.0004300676556301397,1,1,1,0,0,1
460cfd36104e5450,2,3,16,1,6,0.177870682733008,-0.001754277704656193,6,0.1291599257515801,-0.001754277704656193,6,0.09598707259724683,-0.001754277704656193,1,1,1,0,0,0
5b06ed05f63a5554,2,3,14,1,3,0.09420511719853825,0.0001472774073248695,3,0.01906383445276602,0.0001472774073248695,-1,-0.2821748154612661,nan,1,1,0,1,0,0
5da895ba0a415a80,2,3,16,1,6,0.07692950700324633,-0.0020260254189370386,-1,-0.003669259444985473,nan,6,0.03675546533593427,-0.0020260254189370386,1,0,1,0,0,0
5e16781ce6685597,2,3,12,1,9,0.11196107574940097,0.9893989870341495,9,0.042429022044886563,0.9893989870341495,9,0.2687514673044311,0.9893989870341495,1,1,1,1,0,0
5f9c0089a0a355fe,2,3,1,1,-1,nan,nan,-1,nan,nan,-1,nan,nan,0,0,0,0,0,0
628e147a02bf5128,2,3,15,1,2,0.03648228866405261,0.00017715641876420163,-1,-0.05689403136408873,nan,2,0.23607626478748078,0.00017715641876420163,1,0,1,1,0,0
767b810b38de5665,2,3,10,1,-1,nan,nan,-1,nan,nan,-1,nan,nan,0,0,0,0,0,0
1fd9a12a263556d8,3,4,4,0,-1,nan,nan,-1,nan,nan,-1,nan,nan,0,0,0,0,0,0
399cc87ac7c55646,3,4,16,1,22,0.29285965430672944,0.0005082323875802105,22,0.13107366709469992,0.0005082323875802105,22,0.3323341662915511,0.0005082323875802105,1,1,1,1,0,0
41fdae5fd40d5324,3,4,19,1,22,0.12209733885249789,-4.6419141395137586e-05,22,0.23641505127542448,-4.6419141395137586e-05,22,0.1897950827017335,-4.6419141395137586e-05,1,1,1,0,0,0
46eb37ed09fc5718,3,4,22,1,-1,nan,nan,-1,nan,nan,-1,nan,nan,0,0,0,0,0,0
538f3eb865185615,3,4,26,0,19,0.3564730712372099,-9.282299746971034e-05,19,0.09183125360260593,-9.282299746971034e-05,19,0.09374292302035284,-9.282299746971034e-05,1,1,1,0,0,1
667054412512521b,3,4,11,0,9,0.03526535537068537,-0.00010643603205681695,9,0.28998074173119465,-0.00010643603205681695,9,0.3408274858390434,-0.00010643603205681695,1,1,1,0,0,1
86f569f804fb5848,3,4,8,1,-1,nan,nan,-1,nan,nan,-1,nan,nan,0,0,0,0,0,0
98dbc922be205d29,3,4,16,1,26,0.5185924505967953,0.00022450695186848613,-1,-0.008178398871543119,nan,26,0.32757923776037434,0.00022450695186848613,1,0,1,1,0,0
ba95a132236555b4,3,4,9,0,25,0.27616187168305456,-0.00042002055742784705,25,0.14137434455768624,-0.00042002055742784705,25,0.2866283496650701,-0.00042002055742784705,1,1,1,0,0,1
bc346dea1bcd5cc3,3,4,29,1,28,0.05467521119614814,-9.483449810643307e-05,28,0.2780070162990716,-9.483449810643307e-05,28,0.03187563099440918,-9.483449810643307e-05,1,1,1,0,0,0
c0426fcae01a50cf,3,4,17,1,-1,nan,nan,-1,nan,nan,-1,nan,nan,0,0,0,0,0,0
c075c65bf21d5842,3,4,14,1,9,0.2148766836622629,-0.0004111885782156488,9,0.1791804993800392,-0.0004111885782156488,9,0.2764601634003702,-0.0004111885782156488,1,1,1,0,0,0
d1f387a440e25adc,3,4,17,1,26,0.08978640518381825,-0.00016852544695122873,26,0.25634730897394786,-0.00016852544695122873,26,0.23529384533088818,-0.00016852544695122873,1,1,1,0,0,0
f462fca7c1f8594c,3,4,5,1,20,0.03449004770824464,-7.948029409162718e-05,20,0.29045902045510497,-7.948029409162718e-05,20,0.20513900798712537,-7.948029409162718e-05,1,1,1,0,0,0
f5b6478d00565e99,3,4,2,1,-1,nan,nan,-1,nan,nan,-1,nan,nan,0,0,0,0,0,0
258a909f4194587f,3,4,14,1,24,0.20655529858503316,-0.00010657218275592073,24,0.18431386981955605,-0.00010657218275592073,24,0.32279474160791183,-0.00010657218275592073,1,1,1,0,0,0
09be490c13cb56b6,3,4,19,1,23,0.10406844849159126,-8.767266422510158e-05,23,0.2475368743826396,-8.767266422510158e-05,23,0.2022659564622032,-8.767266422510158e-05,1,1,1,0,0,0
2f4a06067a6f5d7f,3,4,3,1,-1,nan,nan,-1,nan,nan,-1,nan,nan,0,0,0,0,0,0
33cd12f0c4a75e41,3,4,16,1,-1,nan,nan,-1,nan,nan,-1,nan,nan,0,0,0,0,0,0
3cd8e7898e005bc4,3,4,8,1,-1,nan,nan,-1,nan,nan,-1,nan,nan,0,0,0,0,0,0
3f68aa4cebd65ce8,3,4,21,1,23,0.17273814252914083,-0.0006958824434317649,23,0.2051752994535321,-0.0006958824434317649,23,0.3148561715974885,-0.0006958824434317649,1,1,1,0,0,0
420b77ddd4f052b3,3,4,18,1,-1,nan,nan,-1,nan,nan,-1,nan,nan,0,0,0,0,0,0
56e384e4189f536f,3,4,19,1,3,0.11767366958601863,-1.771524733840124e-05,3,0.23914396393070853,-1.771524733840124e-05,3,0.03112235682846326,-1.771524733840124e-05,1,1,1,0,0,0
7f9f132592f45a84,3,4,25,0,14,0.5086064863817905,-0.000653486872685613,-1,-0.002018167968198842,nan,14,0.2278066028216648,-0.000653486872685613,1,0,1,0,0,1
9d81a9a1677354a1,3,4,10,1,26,0.10859996984185061,-0.00040758806355301047,26,0.24474142896945783,-0.00040758806355301047,26,0.27130498182747914,-0.00040758806355301047,1,1,1,0,0,0
b0f9569dfe425d61,3,4,9,0,-1,nan,nan,-1,nan,nan,-1,nan,nan,0,0,0,0,0,0
e516f368a8fb5a16,3,4,3,1,11,0.015199900475462873,-0.00044736977913416905,11,0.302358898980094,-0.00044736977913416905,11,0.284202252652481,-0.00044736977913416905,1,1,1,0,0,0
f997536112085ece,3,4,17,1,24,0.10850915703935127,-8.260559672490508e-05,24,0.2447974503831472,-8.260559672490508e-05,24,0.21247866324785408,-8.260559672490508e-05,1,1,1,0,0,0
925cbce83b0c5797,3,4,16,1,-1,nan,nan,-1,nan,nan,-1,nan,nan,0,0,0,0,0,0
050392bdc27a5f5c,3,4,1,1,-1,nan,nan,-1,nan,nan,-1,nan,nan,0,0,0,0,0,0
1ae7a63963375f27,3,4,2,1,-1,nan,nan,-1,nan,nan,-1,nan,nan,0,0,0,0,0,0
1bd0f4142cdc52f5,3,4,10,1,0,0.2889227713411633,-2.8255283832552547e-06,0,0.13350228666364344,-2.8255283832552547e-06,0,0.13535683269444929,-2.8255283832552547e-06,1,1,1,0,0,0
2e91c253ccb958d1,3,4,16,1,3,0.06391257438806897,-6.759409550577411e-05,3,0.27230858908913,-6.759409550577411e-05,3,0.20773452876606008,-6.759409550577411e-05,1,1,1,0,0,0
63464806708f5d70,3,4,3,1,-1,nan,nan,-1,nan,nan,-1,nan,nan,0,0,0,0,0,0
67a57ae417045162,3,4,4,0,-1,nan,nan,-1,nan,nan,-1,nan,nan,0,0,0,0,0,0
6ed7b0d3fc715d28,3,4,11,1,8,0.5592998637577578,0.0009856917359167827,-1,-0.03329035192386495,nan,-1,-0.08980678817599441,nan,1,0,0,1,0,0
78a96b59eca751e7,3,4,16,1,5,0.030903347527003227,0.0035972677305342593,5,0.29267161613658305,0.0035972677305342593,5,0.19342207929357993,0.0035972677305342593,1,1,1,1,0,0
986b52e5fc685833,3,4,17,1,25,0.15544609976517518,-0.00015336611177785286,25,0.21584256942596725,-0.00015336611177785286,25,0.28608032822792445,-0.00015336611177785286,1,1,1,0,0,0
9f32f8bd95195212,3,4,4,0,26,0.028804795098654815,-0.0002767197914421558,26,0.29396618992465806,-0.0002767197914421558,26,0.21049033736782957,-0.0002767197914421558,1,1,1,0,0,1
b4c84a922cb957a8,3,4,19,1,22,0.08824351729877368,-0.00014493191324800115,22,0.25729909944958024,-0.00014493191324800115,22,0.1628173455090653,-0.00014493191324800115,1,1,1,0,0,0
b8c14f4001735d94,3,4,1,0,7,0.11875247066047213,-0.002120794901170231,7,0.2384784634768391,-0.002120794901170231,7,0.18166016904936266,-0.002120794901170231,1,1,1,0,0,1
bd29c544e8035592,3,4,2,1,-1,nan,nan,-1,nan,nan,-1,nan,nan,0,0,0,0,0,0
c34206b68ee6576f,3,4,11,1,1,0.035650264126464284,-4.7573717791848935e-06,1,0.2897432957759253,-4.7573717791848935e-06,1,0.209881272953782,-4.7573717791848935e-06,1,1,1,0,0,0
efc9ce296b1955e3,3,4,12,1,25,0.21878492151438508,0.00011972584798932075,25,0.17676955066483277,0.00011972584798932075,25,0.2212075985505045,0.00011972584798932075,1,1,1,1,0,0
0831e7eae1365d56,3,4,5,1,9,0.04540302051902842,-0.00045407741218805257,9,0.2837269281995236,-0.00045407741218805257,9,0.2954039241646786,-0.00045407741218805257,1,1,1,0,0,0
174ebef468f65cc9,3,4,15,1,-1,nan,nan,-1,nan,nan,-1,nan,nan,0,0,0,0,0,0
40e3009527ee5be5,3,4,16,1,5,0.03729389807048645,0.00040748283686098397,5,0.28872935617052026,0.00040748283686098397,5,0.19834804170853856,0.00040748283686098397,1,1,1,1,0,0
4f48d8ce00c3509c,3,4,16,1,6,0.03788096763493113,0.0004191477632149443,6,0.2883671994478003,0.0004191477632149443,6,0.19958198191779025,0.0004191477632149443,1,1,1,1,0,0
5979437fa70f5fd8,3,4,2,0,9,0.11337853503427593,-0.00016503224619679457,9,0.24179358494175823,-0.00016503224619679457,9,0.3762017628554998,-0.00016503224619679457,1,1,1,0,0,1
87237d7e0ff25ebb,3,4,1,0,-1,nan,nan,-1,nan,nan,-1,nan,nan,0,0,0,0,0,0
9bcb80a60af853a2,3,4,12,1,12,0.26971166588710005,-0.0004041901597287012,12,0.14535340518935408,-0.0004041901597287012,12,0.02600134235808836,-0.0004041901597287012,1,1,1,0,0,0
a2326fd4694d5191,3,4,2,0,9,0.09147349523010843,-0.00030376721397029627,9,0.25530656177957434,-0.00030376721397029627,9,0.3471216653100616,-0.00030376721397029627,1,1,1,0,0,1
bc50e785e5cf5d5e,3,4,14,0,3,0.004660517993985132,-0.0001464746225625646,3,0.30886052749254245,-0.0001464746225625646,3,0.34638501662405524,-0.0001464746225625646,1,1,1,0,0,1
be3f5af9cebd56a0,3,4,7,1,8,0.25652068172116727,7.009943267322072e-05,8,0.15349077746056702,7.009943267322072e-05,8,0.08811797992568558,7.009943267322072e-05,1,1,1,1,0,0
ccb8e05950fc5fca,3,4,19,1,23,0.10539613598030625,-0.00018302063196906637,23,0.246717838651901,-0.00018302063196906637,23,0.21477149967754036,-0.00018302063196906637,1,1,1,0,0,0
faf0ce0d2dc95076,3,4,7,1,-1,nan,nan,-1,nan,nan,-1,nan,nan,0,0,0,0,0,0
0395a156348a5041,3,4,8,1,24,0.05786675438113413,-0.00039037971599031884,24,0.2760381885990918,-0.00039037971599031884,24,0.29488837549723557,-0.00039037971599031884,1,1,1,0,0,0
0d99f7ef1331585c,3,4,2,0,-1,nan,nan,-1,nan,nan,-1,nan,nan,0,0,0,0,0,0
1a775b7a88eb5558,3,4,12,1,21,0.04386835823069582,0.0,21,0.2846736443954998,0.0,21,0.22482677139170765,0.0,1,1,1,0,0,0
2777ce9cfe665ad6,3,4,19,1,20,0.7017357375583403,-0.0003108637665398817,-1,-0.12115746747118197,nan,20,0.17647134654547805,-0.0003108637665398817,1,0,1,0,0,0
4db8527b43a95f0d,3,4,17,0,11,0.09475520421992926,-0.00032001790143532105,11,0.25328211179161014,-0.00032001790143532105,11,0.17765845321997825,-0.00032001790143532105,1,1,1,0,0,1
5d00c83bfb0c508d,3,4,12,1,-1,nan,nan,-1,nan,nan,-1,nan,nan,0,0,0,0,0,0
5f60684cc6045646,3,4,17,1,2,0.02994697291235015,-0.9895701892308891,2,0.2932615930611456,-0.9895701892308891,2,0.21028744782054484,-0.9895701892308891,1,1,1,0,1,0
633d93f8f6bc51b5,3,4,5,0,-1,nan,nan,-1,nan,nan,-1,nan,nan,0,0,0,0,0,0
6f319806306450c0,3,4,17,0,9,0.14362139951022665,-0.00012574573676671363,9,0.22313709626032788,-0.00012574573676671363,9,0.29684403086999034,-0.00012574573676671363,1,1,1,0,0,1
74bb5ba3f6a75df3,3,4,8,1,-1,nan,nan,-1,nan,nan,-1,nan,nan,0,0,0,0,0,0
8515fe3938815bd1,3,4,17,0,9,0.1763813119286015,-0.00012392938693811528,9,0.20292786853574915,-0.00012392938693811528,9,0.28343760436381216,-0.00012392938693811528,1,1,1,0,0,1
9a807a00fda657be,3,4,4,1,9,0.1868845466003021,-7.209880230948321e-05,9,0.19644853920744387,-7.209880230948321e-05,9,0.2914917669259758,-7.209880230948321e-05,1,1,1,0,0,0
bb77e9686029538d,3,4,18,1,22,0.5400424241763673,0.0002012102944777272,-1,-0.02141065038735085,nan,22,0.19730843921937516,0.0002012102944777272,1,0,1,1,0,0
d97f7fc3e5a35f1e,3,4,16,1,-1,nan,nan,-1,nan,nan,-1,nan,nan,0,0,0,0,0,0
fee89379e3375727,3,4,17,1,2,0.5196400216842525,0.00025139094404913465,-1,-0.008824633891763578,nan,2,0.29919318235618286,0.00025139094404913465,1,0,1,1,0,0
0f6992119fc759c4,3,4,4,1,9,0.06603288310467723,0.9896811794601963,9,0.27100059408740007,0.9896811794601963,9,0.45233707035635984,0.9896811794601963,1,1,1,1,0,0
147b934bc401590e,3,4,18,1,1,0.15635457863581806,0.9893352683567442,1,0.2152821388562722,0.9893352683567442,1,0.056805615122946296,0.9893352683567442,1,1,1,1,0,0
1f19613acc175257,3,4,17,0,3,0.2000326452355238,-0.00011537165888553247,3,0.18833762254591516,-0.00011537165888553247,3,0.08080536612682421,-0.00011537165888553247,1,1,1,0,0,1
28a9f1a2abfe555c,3,4,4,1,0,0.15659674923229813,0.00011182901499556808,0,0.21513274649313152,0.00011182901499556808,0,0.30397958695740634,0.00011182901499556808,1,1,1,1,0,0
59d1bd367a965623,3,4,19,1,9,0.39568768546755895,0.0002097983349114152,9,0.06764019170379199,0.0002097983349114152,9,0.1578432174412268,0.0002097983349114152,1,1,1,1,0,0
86abbd3f53575fd5,3,4,17,1,9,0.047458457586582035,1.9791943842181936,9,0.2824589518007701,1.9791943842181936,9,0.29867559965721396,1.9791943842181936,1,1,1,1,0,0
8ad88f000c1750a0,3,4,17,1,9,0.08710112497930171,-0.0005808805376524007,9,0.2580038286393344,-0.0005808805376524007,9,0.3047676190903748,-0.0005808805376524007,1,1,1,0,0,0
b183aa1eebac52fc,3,4,17,1,7,0.13760348041788276,0.0001314637799514351,7,0.22684948400459587,0.0001314637799514351,7,0.20213543184591976,0.0001314637799514351,1,1,1,1,0,0
e06dab45945a571c,3,4,17,1,-1,nan,nan,-1,nan,nan,-1,nan,nan,0,0,0,0,0,0
15c64c983b935d86,3,4,5,1,-1,nan,nan,-1,nan,nan,-1,nan,nan,0,0,0,0,0,0
1fad9f3e334d5e4e,3,4,16,0,3,0.08419447030834963,-5.923158902421122e-05,3,0.25979691176519265,-5.923158902421122e-05,3,0.28323590432534973,-5.923158902421122e-05,1,1,1,0,0,1
2d79aaf4c8d6582e,3,4,9,1,21,0.03935586576939036,0.0,21,0.2874573510974999,0.0,21,0.2002716733387363,0.0,1,1,1,0,0,0
3d5f4f15e1f053cd,3,4,4,1,-1,nan,nan,-1,nan,nan,-1,nan,nan,0,0,0,0,0,0
4f547ba1d6e953b1,3,4,17,0,3,0.09651882414371785,-4.7124452050795185e-05,3,0.25219415416204527,-4.7124452050795185e-05,3,0.2694923611574089,-4.7124452050795185e-05,1,1,1,0,0,1
57a59636cde25b02,3,4,10,1,2,0.3003703531729843,1.5957976206366964,2,0.12644040001448198,1.5957976206366964,2,0.20229637497839054,1.5957976206366964,1,1,1,1,0,0
77d52cd328e05b79,3,4,6,0,12,0.20257150404129542,-0.0012133296082392775,12,0.18677142862234372,-0.0012133296082392775,12,0.32463978199528065,-0.0012133296082392775,1,1,1,0,0,1
7c467941fb3d5524,3,4,11,1,19,0.020514226077126285,0.0,19,0.2990805502801648,0.0,19,0.2029348763161884,0.0,1,1,1,0,0,0
855d4a2e69115db2,3,4,1,0,-1,nan,nan,-1,nan,nan,-1,nan,nan,0,0,0,0,0,0
949849ded44f514f,3,4,5,1,-1,nan,nan,-1,nan,nan,-1,nan,nan,0,0,0,0,0,0
a74ab03d0fb05d72,3,4,12,0,-1,nan,nan,-1,nan,nan,-1,nan,nan,0,0,0,0,0,0
c0815ea46b825526,3,4,12,0,-1,nan,nan,-1,nan,nan,-1,nan,nan,0,0,0,0,0,0
cfdc02dc40405e6f,3,4,2,1,9,0.33493565574404344,2.019834518898582,9,0.1051174470680115,2.019834518898582,9,0.11979717419786422,2.019834518898582,1,1,1,1,0,0
de3c0c52e7815332,3,4,1,1,22,0.802083150890449,3.1496425274491777,-1,-0.18306067715325522,nan,-1,-0.4794471391052201,nan,1,0,0,1,0,0
f26eb5a6f93c50b4,3,4,16,1,17,0.21738216093326218,0.0022419899821281434,17,0.17763489815614886,0.0022419899821281434,17,0.46765283632324356,0.0022419899821281434,1,1,1,1,0,0
f28c5026aff854cb,3,4,26,1,22,0.16526659891262485,0.92972289563152,22,0.2097844120931496,0.92972289563152,22,0.07327644994663521,0.92972289563152,1,1,1,1,0,0
faf93d61f8bd5238,3,4,18,0,24,0.06876738160295429,-9.455366143940047e-05,24,0.2693137122008294,-9.455366143940047e-05,24,0.17054885196489683,-9.455366143940047e-05,1,1,1,0,0,1
073ef4e9c6185fdd,3,4,2,1,-1,nan,nan,-1,nan,nan,-1,nan,nan,0,0,0,0,0,0
09884abf58435aaa,3,4,17,1,9,0.06621855061983012,-0.000667075268552253,9,0.27088605785034114,-0.000667075268552253,9,0.3143254830148443,-0.000667075268552253,1,1,1,0,0,0
10e0d0cf52855491,3,4,9,1,20,0.4207007276874806,-4.381986407098193e-05,20,0.052209922542773984,-4.381986407098193e-05,20,0.07146468854758266,-4.381986407098193e-05,1,1,1,0,0,0
1fc485893db05d58,3,4,4,0,-1,nan,nan,-1,nan,nan,-1,nan,nan,0,0,0,0,0,0
21870d2397795423,3,4,24,0,20,0.10690965505378146,0.0,20,0.24578416547137694,0.0,20,0.18378687871487326,0.0,1,1,1,0,0,1
538923756bab555f,3,4,17,1,9,0.03289517155359161,0.0007085304721989871,9,0.2914428819193928,0.0007085304721989871,9,0.17266268003421104,0.0007085304721989871,1,1,1,1,0,0
5a67404157535f5b,3,4,1,0,-1,nan,nan,-1,nan,nan,-1,nan,nan,0,0,0,0,0,0
7476e5ad4711587f,3,4,9,0,3,0.06998995578033093,-9.649557229707284e-05,3,0.2685595197095535,-9.649557229707284e-05,3,0.32781099893669924,-9.649557229707284e-05,1,1,1,0,0,1
7fb1a51c02db514e,3,4,18,1,-1,nan,nan,-1,nan,nan,-1,nan,nan,0,0,0,0,0,0
82bcaf16eea459db,3,4,24,1,1,0.06160663968103891,-0.00011574440002441407,1,0.2737310947117715,-0.00011574440002441407,-1,-0.05223987305639022,nan,1,1,0,0,0,0
899c5ed91b8c5beb,3,4,17,1,-1,nan,nan,-1,nan,nan,-1,nan,nan,0,0,0,0,0,0
9857fe6079dc5b65,3,4,16,1,9,0.1521741271094596,0.0003742047014063665,9,0.21786101317708248,0.0003742047014063665,9,0.21028447462310962,0.0003742047014063665,1,1,1,1,0,0
9c0c9727fc975d7a,3,4,4,1,-1,nan,nan,-1,nan,nan,-1,nan,nan,0,0,0,0,0,0
a0cbabab4b2c5345,3,4,17,1,-1,nan,nan,-1,nan,nan,-1,nan,nan,0,0,0,0,0,0
a370a9747c5e599b,3,4,8,1,1,0.11250661999352034,-1.0564851760864276e-05,1,0.24233145968910438,-1.0564851760864276e-05,1,0.20346951071585162,-1.0564851760864276e-05,1,1,1,0,0,0
b0b57e6ca331564e,3,4,12,1,24,0.022096248823083944,0.0,24,0.2981046179415731,0.0,24,0.18690551646351927,0.0,1,1,1,0,0,0
b66edb8535dd5ec1,3,4,11,1,11,0.0966042071103635,-0.00024853048287321045,11,0.2521414823540531,-0.00024853048287321045,-1,-0.006869494688485689,nan,1,1,0,0,0,0
bef88a7c044b5ebe,3,4,29,1,18,0.5154772621046892,0.0008987352035938478,-1,-0.006256673537300611,nan,-1,-0.0017765709512376302,nan,1,0,0,1,0,0
ce41992a83845d8a,3,4,20,1,-1,nan,nan,-1,nan,nan,-1,nan,nan,0,0,0,0,0,0
e2022a0506df54c7,3,4,11,1,15,0.30325679803918204,0.0,15,0.12465978409370457,0.0,15,0.1554485947711653,0.0,1,1,1,0,0,0
f88a28f7b54555ea,3,4,30,1,18,0.18184184761159417,0.0006765377013073781,18,0.19955932445338187,0.0006765377013073781,18,0.02440376390644322,0.0006765377013073781,1,1,1,1,0,0
034da27cd2f75292,3,4,1,0,5,0.30464061493402605,-0.004144081055757143,5,0.12380612275298206,-0.004144081055757143,-1,-0.15037476437016342,nan,1,1,0,0,0,1
1088d47284565808,3,4,5,0,-1,nan,nan,-1,nan,nan,-1,nan,nan,0,0,0,0,0,0
1a20ae9ff1e05d25,3,4,16,1,25,0.07274087088546008,-0.00017978684080298987,25,0.26686251059974414,-0.00017978684080298987,25,0.25572712061358827,-0.00017978684080298987,1,1,1,0,0,0
3f51b8b92c3b52cf,3,4,18,1,9,0.37391096922030465,0.0003213510554285204,9,0.08107400715830007,0.0003213510554285204,9,0.3143654678700578,0.0003213510554285204,1,1,1,1,0,0
452d348a65ac59f3,3,4,11,1,-1,nan,nan,-1,nan,nan,-1,nan,nan,0,0,0,0,0,0
4a35d5b02394561e,3,4,17,1,-1,nan,nan,-1,nan,nan,-1,nan,nan,0,0,0,0,0,0
4a90f1c8ef895e13,3,4,12,1,2,0.15303088566513948,-0.00028515581056126355,2,0.21733248829778506,-0.00028515581056126355,2,0.21094894876635908,-0.00028515581056126355,1,1,1,0,0,0
4cf854e9eadf5084,3,4,2,1,-1,nan,nan,-1,nan,nan,-1,nan,nan,0,0,0,0,0,0
54059bb6b643525f,3,4,11,1,24,0.011126935583375477,-0.0005095285788178439,24,0.30487146598476766,-0.0005095285788178439,24,0.24515562517552017,-0.0005095285788178439,1,1,1,0,0,0
588dbd820a135056,3,4,6,1,3,0.16634610202953168,0.0005023064074397565,3,0.20911847855705362,0.0005023064074397565,3,0.302309621192208,0.0005023064074397565,1,1,1,1,0,0
5a0bd184100f54d5,3,4,3,1,-1,nan,nan,-1,nan,nan,-1,nan,nan,0,0,0,0,0,0
8eb1c196434e51ec,3,4,10,1,-1,nan,nan,-1,nan,nan,-1,nan,nan,0,0,0,0,0,0
95e1e30a438d52cd,3,4,6,1,-1,nan,nan,-1,nan,nan,-1,nan,nan,0,0,0,0,0,0
9c5700ab41865a07,3,4,12,1,1,0.16348093053266446,-0.00012508269399404527,1,0.21088597117152363,-0.00012508269399404527,1,0.060472179914886515,-0.00012508269399404527,1,1,1,0,0,0
aa05025b9a815254,3,4,9,1,-1,nan,nan,-1,nan,nan,-1,nan,nan,0,0,0,0,0,0
ac768eabfa5c5725,3,4,12,0,9,0.24002907424053202,-9.121100050396569e-05,9,0.1636642677576164,-9.121100050396569e-05,9,0.28935034806769455,-9.121100050396569e-05,1,1,1,0,0,1
ad963f2915a657a4,3,4,18,1,9,0.3407998694433851,0.0004896600965409448,9,0.10149987848107238,0.0004896600965409448,9,0.3276902929159874,0.0004896600965409448,1,1,1,1,0,0
ae1909ec83115e90,3,4,2,1,9,0.16507343533014832,-0.00036002913136767845,9,0.20990357257125192,-0.00036002913136767845,9,0.3150740186220861,-0.00036002913136767845,1,1,1,0,0,0
be7fe135f5665966,3,4,7,1,0,0.16933579442372773,0.006254254332557302,0,0.20727417037792492,0.006254254332557302,0,0.2364353871640888,0.006254254332557302,1,1,1,1,0,0
c7bff0705f645b30,3,4,12,1,3,0.3619219615565519,-1.2310663021650163,3,0.08846989341630487,-1.2310663021650163,3,0.5896666233537763,-1.2310663021650163,1,1,1,0,1,0
de432d7c6c6e57a6,3,4,2,0,-1,nan,nan,-1,nan,nan,-1,nan,nan,0,0,0,0,0,0
e8b724310f7054d0,3,4,17,1,-1,nan,nan,-1,nan,nan,-1,nan,nan,0,0,0,0,0,0
ed9b2d124d9d5f5d,3,4,16,1,-1,nan,nan,-1,nan,nan,-1,nan,nan,0,0,0,0,0,0
ee0f338b4ebe5cb4,3,4,6,1,-1,nan,nan,-1,nan,nan,-1,nan,nan,0,0,0,0,0,0
f2a1763371075e21,3,4,14,0,-1,nan,nan,-1,nan,nan,-1,nan,nan,0,0,0,0,0,0
fe394302690d5074,3,4,16,1,-1,nan,nan,-1,nan,nan,-1,nan,nan,0,0,0,0,0,0
3acad4250aca5326,3,4,12,1,23,0.10649439236184419,0.0010598421217871135,23,0.2460403364342204,0.0010598421217871135,23,0.49427511014268266,0.0010598421217871135,1,1,1,1,0,0
418e74ddfb5f5ca0,3,4,12,0,5,0.019082495756215463,-0.002778525312245428,5,0.2999637688836199,-0.002778525312245428,5,0.18512424798396768,-0.002778525312245428,1,1,1,0,0,1
43f8bc12d54d5cef,3,4,2,1,-1,nan,nan,-1,nan,nan,-1,nan,nan,0,0,0,0,0,0
479da12f5f165e29,3,4,17,1,-1,nan,nan,-1,nan,nan,-1,nan,nan,0,0,0,0,0,0
4d6b64ad777d51e8,3,4,8,1,9,0.13382230526485772,-0.00035497374311091456,9,0.22918204914573898,-0.00035497374311091456,9,0.31969390869473524,-0.00035497374311091456,1,1,1,0,0,0
5c0a063437415679,3,4,6,1,-1,nan,nan,-1,nan,nan,-1,nan,nan,0,0,0,0,0,0
7defa49de9415496,3,4,5,1,9,0.0461323753535338,-0.000493478185098047,9,0.28327699726703814,-0.000493478185098047,9,0.3075779918505371,-0.000493478185098047,1,1,1,0,0,0
a849c65f124e5af0,3,4,21,1,-1,nan,nan,-1,nan,nan,-1,nan,nan,0,0,0,0,0,0
baef81dee84a5ff1,3,4,7,0,9,0.08003827024714633,-0.000703174917571589,9,0.26236082562531193,-0.000703174917571589,9,0.3382053772558012,-0.000703174917571589,1,1,1,0,0,1
bce79a86a0b75d48,3,4,3,0,20,0.21108312002131954,-0.9901073702458292,20,0.18152070684239205,-0.9901073702458292,20,0.18308321933923605,-0.9901073702458292,1,1,1,0,1,1
d1faaed55b75587c,3,4,2,0,-1,nan,nan,-1,nan,nan,-1,nan,nan,0,0,0,0,0,0
faf6056c372e54f2,3,4,8,1,2,0.1794230692875083,1.246183863767609,2,0.2010514420556044,1.246183863767609,2,0.2298589751288742,1.246183863767609,1,1,1,1,0,0
fb0869a379e05f37,3,4,14,1,21,0.09443270004513454,-0.000500684989988804,21,0.2534810610509158,-0.000500684989988804,21,0.24538044403856463,-0.000500684989988804,1,1,1,0,0,0
054033a129155c88,3,4,9,1,1,0.1640087550507574,3.994131535741196,1,0.21056036206278947,3.994131535741196,1,0.27727063493944654,3.994131535741196,1,1,1,1,0,0
188773ba51c15df2,3,4,15,1,3,0.6043913756965275,0.000739734908030254,-1,-0.06110680703456403,nan,3,0.004354711454725976,0.000739734908030254,1,0,1,1,0,0
2796d5f962875a20,3,4,14,1,9,0.11715548640348253,1.657555662096244e-05,9,0.2394636254061478,1.657555662096244e-05,9,0.43576200683338295,1.657555662096244e-05,1,1,1,1,0,0
2840205769d65c01,3,4,1,0,-1,nan,nan,-1,nan,nan,-1,nan,nan,0,0,0,0,0,0
2e5568e60278518f,3,4,16,1,-1,nan,nan,-1,nan,nan,-1,nan,nan,0,0,0,0,0,0
3d35dcf889f65305,3,4,14,1,-1,nan,nan,-1,nan,nan,-1,nan,nan,0,0,0,0,0,0
3effd9932b505526,3,4,4,1,9,0.01686723587553845,-0.0005002665493637323,9,0.301330338208531,-0.0005002665493637323,9,0.2998880697648658,-0.0005002665493637323,1,1,1,0,0,0
4f1e4809df7255cd,3,4,3,1,9,0.11596109120638542,-0.0004685123638249935,9,0.24020043459608137,-0.0004685123638249935,9,0.33045403555381214,-0.0004685123638249935,1,1,1,0,0,0
5db6ae467e8f530f,3,4,1,0,-1,nan,nan,-1,nan,nan,-1,nan,nan,0,0,0,0,0,0
5e6ab34948a9514f,3,4,15,1,2,0.4339535235807816,0.002017144269123694,2,0.044034419300437555,0.002017144269123694,2,0.14825803652565203,0.002017144269123694,1,1,1,1,0,0
6004adf688695a08,3,4,17,0,9,0.28519853410428436,-0.00019609272740783723,9,0.13579972743391325,-0.00019609272740783723,9,0.24802170819942754,-0.00019609272740783723,1,1,1,0,0,1
637d23f7438f50f6,3,4,17,1,9,0.14363493550694809,0.00035218214355414723,9,0.22312874605362618,0.00035218214355414723,9,0.29524304979370775,0.00035218214355414723,1,1,1,1,0,0
6a35a43b5e295b97,3,4,16,1,3,0.09001976382502828,9.041018076239027e-05,3,0.25620335260857413,9.041018076239027e-05,3,0.253235070909245,9.041018076239027e-05,1,1,1,1,0,0
2a89f35c7f5e55de,4,0,15,1,3,0.128003345304495,-6.618811858352279e-05,3,0.10430605741150206,-6.618811858352279e-05,3,0.07085115573352885,-6.618811858352279e-05,1,1,1,0,0,0
35695122c3535595,4,0,12,0,-1,nan,nan,-1,nan,nan,-1,nan,nan,0,0,0,0,0,0
5d0c2052e0a35e3f,4,0,17,1,24,0.39333654800360646,0.0017037782690954018,24,0.15834788288052168,0.0017037782690954018,24,0.3735568057863963,0.0017037782690954018,1,1,1,1,0,0
62f95fe3004d54c9,4,0,3,1,26,0.0740367640274621,0.0002856012105940664,26,0.09331439659836085,0.0002856012105940664,-1,-0.3908338703681524,nan,1,1,0,1,0,0
6a35bb3d0b895433,4,0,24,1,22,0.36301402611942263,0.0033963359457440667,22,0.15217193347510988,0.0033963359457440667,22,0.17229893764612694,0.0033963359457440667,1,1,1,1,0,0
761122460ac451ca,4,0,28,1,17,0.10830056617782648,0.0023181671525582814,17,0.10029308753066313,0.0023181671525582814,-1,-0.04021738483842574,nan,1,1,0,1,0,0
8a15e547b0d15f42,4,0,5,1,26,0.07001753430146193,-0.0002700675501488149,26,0.09249577869015013,-0.0002700675501488149,-1,-0.29319341458154735,nan,1,1,0,0,0,0
9c925a1f1799553e,4,0,2,1,9,0.07159935277549648,-0.9899525742542464,9,0.09281795607702767,-0.9899525742542464,9,0.07084261116549467,-0.9899525742542464,1,1,1,0,1,0
b7cc1a0b6eca5a11,4,0,4,1,9,0.15523603162344252,-0.9898243386149406,9,0.10985268356356354,-0.9898243386149406,9,0.08526366862880592,-0.9898243386149406,1,1,1,0,1,0
0dd2b9715fc65e18,4,0,14,1,10,0.14221009536783705,-9.228003919126149e-05,10,0.10719962180372686,-9.228003919126149e-05,10,0.09937094426557745,-9.228003919126149e-05,1,1,1,0,0,0
6281e79a633155a3,4,0,12,1,24,0.1664265637507269,0.0014172612654294314,24,0.11213191879675806,0.0014172612654294314,-1,-0.13097713975474085,nan,1,1,0,1,0,0
16549991ac4b53ff,4,0,16,1,-1,nan,nan,-1,nan,nan,-1,nan,nan,0,0,0,0,0,0
254e4f21f68554f1,4,0,18,1,21,0.1547909017455164,-0.0001187025191262364,21,0.1097620215923921,-0.0001187025191262364,21,0.08941500724153115,-0.0001187025191262364,1,1,1,0,0,0
2bdb803d07605094,4,0,6,1,23,0.13880946050030396,-0.00011608423180878161,23,0.10650699640243666,-0.00011608423180878161,-1,-0.03455807110111708,nan,1,1,0,0,0,0
3d78c0894c67503b,4,0,17,1,19,0.15285940004600523,-6.056209513917443e-06,19,0.10936862236200454,-6.056209513917443e-06,19,0.12789143830769095,-6.056209513917443e-06,1,1,1,0,0,0
4d104d17dc625c04,4,0,8,1,26,0.19510925533372464,-0.0004376932598653127,26,0.11797387523772357,-0.0004376932598653127,-1,-0.18015039823439538,nan,1,1,0,0,0,0
70f797bbed2158f6,4,0,17,0,-1,nan,nan,-1,nan,nan,-1,nan,nan,0,0,0,0,0,0
83af8eb803795f59,4,0,16,1,-1,nan,nan,-1,nan,nan,-1,nan,nan,0,0,0,0,0,0
953f6386bfae55d0,4,0,18,1,17,0.3166235623280228,7.98645019531221e-06,17,0.14272334082956495,7.98645019531221e-06,-1,-0.010144033893604965,nan,1,1,0,1,0,0
b39ff897a8695a97,4,0,18,1,11,0.30744381463147363,-0.0001397995856908807,11,0.1408536527625607,-0.0001397995856908807,11,0.5781395482768713,-0.0001397995856908807,1,1,1,0,0,0
d5ef40ff0f715517,4,0,26,1,27,0.11630168439015903,-7.741929963334115e-06,27,0.10192271785807529,-7.741929963334115e-06,27,0.18211231097932062,-7.741929963334115e-06,1,1,1,0,0,0
da9bf29b3087547f,4,0,17,0,12,0.26505893482203596,-0.0006733096577692943,12,0.13222089872391707,-0.0006733096577692943,-1,-0.007135362248719246,nan,1,1,0,0,0,1
eb02028413fb5a92,4,0,16,1,9,0.17074660360760854,-0.0006014981450510604,9,0.11301180430520516,-0.0006014981450510604,9,0.12092430877699795,-0.0006014981450510604,1,1,1,0,0,0
ec65e8cddb3d5fbd,4,0,19,1,23,0.1314913061089589,-7.281030565500259e-05,23,0.10501646895110636,-7.281030565500259e-05,23,0.03220364076579005,-7.281030565500259e-05,1,1,1,0,0,0
f2c4bbcda8c650a3,4,0,11,1,26,0.150082631756629,-0.0006146780819484832,26,0.1088030631868396,-0.0006146780819484832,-1,-0.1945415523560974,nan,1,1,0,0,0,0
f53a6e7af3825751,4,0,16,1,3,0.14060777623027698,-2.8481406136426912e-05,3,0.10687326893760671,-2.8481406136426912e-05,3,0.10738351617499653,-2.8481406136426912e-05,1,1,1,0,0,0
f53af77bf6fa5703,4,0,1,1,-1,nan,nan,-1,nan,nan,-1,nan,nan,0,0,0,0,0,0
0be5fd7a2dbb5d87,4,0,14,1,-1,nan,nan,-1,nan,nan,-1,nan,nan,0,0,0,0,0,0
25c67c9a53ef53ce,4,0,4,1,22,0.10478030504117138,0.0020756234128028158,22,0.09957609721050248,0.0020756234128028158,22,0.05795659919639973,0.0020756234128028158,1,1,1,1,0,0
90efa9d50cc8521e,4,0,1,1,-1,nan,nan,-1,nan,nan,-1,nan,nan,0,0,0,0,0,0
ac7fee08538b5bb0,4,0,13,1,24,0.051811720665278053,0.0,24,0.08878770373745051,0.0,24,0.023836149477959312,0.0,1,1,1,0,0,0
c4292750158e5a5f,4,0,3,1,6,0.1879055889416699,0.9762204023627215,6,0.11650666616650178,0.9762204023627215,6,0.15476989173141942,0.9762204023627215,1,1,1,1,0,0
cae918485e635e35,4,0,14,0,-1,nan,nan,-1,nan,nan,-1,nan,nan,0,0,0,0,0,0
4b308d5a04d05498,4,0,17,1,-1,nan,nan,-1,nan,nan,-1,nan,nan,0,0,0,0,0,0
8fba4b45daa85b15,4,0,19,1,-1,nan,nan,-1,nan,nan,-1,nan,nan,0,0,0,0,0,0
c9a1d813d64c52d1,4,0,4,0,15,0.18078676261300108,0.0,15,0.11505673692249967,0.0,15,0.15254063435854004,0.0,1,1,1,0,0,1
e747e181d08758c8,4,0,13,1,-1,nan,nan,-1,nan,nan,-1,nan,nan,0,0,0,0,0,0
f6db13314100532b,4,0,13,1,-1,nan,nan,-1,nan,nan,-1,nan,nan,0,0,0,0,0,0
0fb7d56584065e6f,4,0,27,1,21,0.45379553284282875,0.0021822822965567035,21,0.1706618860790603,0.0021822822965567035,21,0.27130738269517374,0.0021822822965567035,1,1,1,1,0,0
2abb6fcc99585318,4,0,20,1,-1,nan,nan,-1,nan,nan,-1,nan,nan,0,0,0,0,0,0
32b190836fd35675,4,0,7,1,17,0.07947725479346503,4.21013753162695e-05,17,0.09442249030639013,4.21013753162695e-05,17,0.2396191711181323,4.21013753162695e-05,1,1,1,1,0,0
48428a15cb2d56c8,4,0,5,0,-1,nan,nan,-1,nan,nan,-1,nan,nan,0,0,0,0,0,0
4d08ab0578415b3b,4,0,6,1,-1,nan,nan,-1,nan,nan,-1,nan,nan,0,0,0,0,0,0
58c0557c53635354,4,0,6,1,-1,nan,nan,-1,nan,nan,-1,nan,nan,0,0,0,0,0,0
58e646ea48eb59d3,4,0,18,1,22,0.4074574322979462,0.00030974064748745533,22,0.16122395853460522,0.00030974064748745533,22,0.4558524225407845,0.00030974064748745533,1,1,1,1,0,0
9d7dd692cec75a40,4,0,17,1,6,0.07138450995098611,-0.0009404101041611268,6,0.0927741978955888,-0.0009404101041611268,6,0.2493886950622133,-0.0009404101041611268,1,1,1,0,0,0
ad4b812be67052a1,4,0,27,1,23,0.032577232648712644,0.00019181166812742845,23,0.08487011319920214,0.00019181166812742845,23,0.016372269545958246,0.00019181166812742845,1,1,1,1,0,0
de3f8268d1675268,4,0,10,0,21,0.09764228179680617,0.0,21,0.09812225802851651,0.0,21,0.09650657921531386,0.0,1,1,1,0,0,1
f110d20f7a7957b7,4,0,17,1,6,0.1105924586426506,-9.978644736091669e-06,6,0.10075988946618358,-9.978644736091669e-06,6,0.23257853754366142,-9.978644736091669e-06,1,1,1,0,0,0
4fc4718214135eee,4,0,12,1,9,0.05416451632736816,0.989265655384527,9,0.08926691015127852,0.989265655384527,9,0.27934967510932346,0.989265655384527,1,1,1,1,0,0
5d64681dd478516a,4,0,27,1,-1,nan,nan,-1,nan,nan,-1,nan,nan,0,0,0,0,0,0
629734efb5f5564c,4,0,20,1,10,0.17070492475381915,0.0004178750086341054,10,0.11300331535124342,0.0004178750086341054,-1,-0.08798789335920756,nan,1,1,0,1,0,0
69244009b6eb50bf,4,0,13,1,17,0.10972137107521789,-4.581917114554468e-05,17,0.1005824704254885,-4.581917114554468e-05,-1,-0.058493585612509155,nan,1,1,0,0,0,0
908340fb165954b2,4,0,14,1,-1,nan,nan,-1,nan,nan,-1,nan,nan,0,0,0,0,0,0
9229af9b7f1c5848,4,0,17,1,-1,nan,nan,-1,nan,nan,-1,nan,nan,0,0,0,0,0,0
beeb2d538d7f53d8,4,0,18,1,3,0.0430880762643705,0.0002613140884786258,3,0.08701091265600319,0.0002613140884786258,-1,-0.08808452750804449,nan,1,1,0,1,0,0
fbd37ced14a15418,4,0,17,1,7,0.09847330136565129,0.0001307986882864709,7,0.09829151620670161,0.0001307986882864709,7,0.23009532984007808,0.0001307986882864709,1,1,1,1,0,0
ff54f555627f5338,4,0,14,1,9,0.11779417641250572,-0.0005246792767196751,9,0.10222670165115161,-0.0005246792767196751,9,0.23687363431487973,-0.0005246792767196751,1,1,1,0,0,0
052f0d46a5c059a1,4,0,12,1,0,0.41832517069554576,0.0031051245564599483,0,0.16343744865100068,0.0031051245564599483,-1,-0.18004996488660974,nan,1,1,0,1,0,0
0af516a5b2725ac6,4,0,12,0,23,0.07094069994466952,-0.00016150210924070763,23,0.09268380474969232,-0.00016150210924070763,23,0.7792768497418364,-0.00016150210924070763,1,1,1,0,0,1
103c7d249ab154af,4,0,17,1,9,0.1677078769076614,0.9936651484772563,9,0.11239289066644424,0.9936651484772563,9,0.1768103662152843,0.9936651484772563,1,1,1,1,0,0
30c657863dc05485,4,0,9,1,2,0.16377853919151206,2.020336450465309,2,0.11159258154227564,2.020336450465309,2,0.2591457825183855,2.020336450465309,1,1,1,1,0,0
431f7c6b100d5249,4,0,8,1,21,0.2740727649917468,-9.228673037142698e-05,21,0.13405679348523458,-9.228673037142698e-05,21,0.19620495280110642,-9.228673037142698e-05,1,1,1,0,0,0
4ace61964e9f5b4b,4,0,5,1,-1,nan,nan,-1,nan,nan,-1,nan,nan,0,0,0,0,0,0
5098ce6b12fa5143,4,0,9,1,-1,nan,nan,-1,nan,nan,-1,nan,nan,0,0,0,0,0,0
52092728a1c1574f,4,0,17,1,-1,nan,nan,-1,nan,nan,-1,nan,nan,0,0,0,0,0,0
58f2e39eebc65d24,4,0,9,1,0,0.07691635078076954,0.009800787047762327,0,0.09390089735726366,0.009800787047762327,-1,-0.047213264908333843,nan,1,1,0,1,0,0
5a917f5bb8815bd0,4,0,2,1,7,0.16673785008956507,0.23763340743854644,7,0.11219532014202226,0.23763340743854644,7,0.0735971303818185,0.23763340743854644,1,1,1,1,0,0
6429eb85b6ba5938,4,0,17,1,6,0.42758568957603904,-4.805480735781131e-05,6,0.16532358781489453,-4.805480735781131e-05,6,0.054486600596559895,-4.805480735781131e-05,1,1,1,0,0,0
6b416b289a3b5858,4,0,16,1,6,0.3068556440334356,-0.00010571956639182645,6,0.14073385692667648,-0.00010571956639182645,6,0.184000803517761,-0.00010571956639182645,1,1,1,0,0,0
6e9b901524355c0b,4,0,21,1,21,0.13540235048749819,-0.00014058176156361846,21,0.10581305217384873,-0.00014058176156361846,21,0.10832418158505648,-0.00014058176156361846,1,1,1,0,0,0
8834fc612e1d524c,4,0,8,1,-1,nan,nan,-1,nan,nan,-1,nan,nan,0,0,0,0,0,0
9ddade724a6a54e2,4,0,16,1,3,0.01003073203040868,0.9292438401492255,3,0.08027794742817629,0.9292438401492255,-1,-0.06935536781064314,nan,1,1,0,1,0,0
a5fc167ac3e45fec,4,0,17,0,0,0.007856870952265428,-0.00012697862088728584,0,0.07983518557333169,-0.00012697862088728584,-1,-0.00905948961864421,nan,1,1,0,0,0,1
bcb7ec6d46f45180,4,0,17,0,4,0.01619573223376771,-0.00023002342972899825,4,0.08153360582907461,-0.00023002342972899825,4,0.2938188710330393,-0.00023002342972899825,1,1,1,0,0,1
c25f5ca801be5075,4,0,4,0,8,0.08342042059112069,-1.538959369074e-05,8,0.09522561586951073,-1.538959369074e-05,-1,-0.02345680548238653,nan,1,1,0,0,0,1
d0da55bb38fb5e83,4,0,3,1,5,0.03138795822962675,0.00018315617061448464,5,0.08462788734907402,0.00018315617061448464,5,0.12895227532033138,0.00018315617061448464,1,1,1,1,0,0
e056339b5ad457ea,4,0,17,0,4,0.014223174556874073,-1.9974818360246616e-05,4,0.08113184450927799,-1.9974818360246616e-05,4,0.300487625193962,-1.9974818360246616e-05,1,1,1,0,0,1
03a7c978d0165fa2,4,0,20,1,-1,nan,nan,-1,nan,nan,-1,nan,nan,0,0,0,0,0,0
102e8bfe5f555974,4,0,19,1,22,0.18133557100197903,-2.479011844847001e-05,22,0.11516851564778312,-2.479011844847001e-05,22,0.17849573648139155,-2.479011844847001e-05,1,1,1,0,0,0
11579a9c240a5c77,4,0,17,1,-1,nan,nan,-1,nan,nan,-1,nan,nan,0,0,0,0,0,0
1c8a733cea4d5aed,4,0,28,1,11,0.3064990305889103,0.0014269439846277235,11,0.14066122356857091,0.0014269439846277235,-1,-0.1283885052436483,nan,1,1,0,1,0,0
1ed95e82b4f754ff,4,0,4,1,-1,nan,nan,-1,nan,nan,-1,nan,nan,0,0,0,0,0,0
2067e26ac57b5302,4,0,1,0,5,0.10167828932286703,-0.00016158222357044033,5,0.09894429316055528,-0.00016158222357044033,5,0.015279093043405648,-0.00016158222357044033,1,1,1,0,0,1
25f5f0c57aea54b9,4,0,21,1,-1,nan,nan,-1,nan,nan,-1,nan,nan,0,0,0,0,0,0
2b3f24482a765ccc,4,0,5,1,-1,nan,nan,-1,nan,nan,-1,nan,nan,0,0,0,0,0,0
330fd7f2e3aa5f55,4,0,26,1,19,0.10023071414477905,5.4576332867145496e-05,19,0.09864945782019183,5.4576332867145496e-05,19,0.0925468440364648,5.4576332867145496e-05,1,1,1,1,0,0
3a46193d097552cd,4,0,16,1,9,0.2475115152844104,0.0008605283550969234,9,0.1286469224011747,0.0008605283550969234,9,0.16195027454205999,0.0008605283550969234,1,1,1,1,0,0
4b7fb448a9f35a56,4,0,18,1,-1,nan,nan,-1,nan,nan,-1,nan,nan,0,0,0,0,0,0
642e382b50db5133,4,0,17,1,9,0.05015908545687934,0.9895227806188629,9,0.08845110272940584,0.9895227806188629,9,0.26797796489099884,0.9895227806188629,1,1,1,1,0,0
669d54218ee75215,4,0,2,1,1,0.03311370641463155,3.765455192187791e-05,1,0.08497937966616359,3.765455192187791e-05,1,0.02222860615656909,3.765455192187791e-05,1,1,1,1,0,0
6715d16e80075f55,4,0,12,1,3,0.16444108994370268,-0.00017848192839853283,3,0.11172752677999945,-0.00017848192839853283,3,0.08386481610910498,-0.00017848192839853283,1,1,1,0,0,0
8c7421c1a39954dc,4,0,1,1,-1,nan,nan,-1,nan,nan,-1,nan,nan,0,0,0,0,0,0
8e92f84a71e85b42,4,0,9,1,-1,nan,nan,-1,nan,nan,-1,nan,nan,0,0,0,0,0,0
9389f1437d2b5fad,4,0,12,1,0,0.1132243585578667,5.547304395592256e-05,0,0.10129594252860913,5.547304395592256e-05,0,0.10980490029344872,5.547304395592256e-05,1,1,1,1,0,0
9f109cfcd3695a7c,4,0,18,1,-1,nan,nan,-1,nan,nan,-1,nan,nan,0,0,0,0,0,0
ac264ca2d43c52a7,4,0,25,1,-1,nan,nan,-1,nan,nan,-1,nan,nan,0,0,0,0,0,0
d7018055ca4b5f66,4,0,17,0,-1,nan,nan,-1,nan,nan,-1,nan,nan,0,0,0,0,0,0
ddcdcbbd930d5cd4,4,0,1,0,-1,nan,nan,-1,nan,nan,-1,nan,nan,0,0,0,0,0,0
e7e3b8bf23835b2a,4,0,3,1,16,0.0603552881913882,6.682571023874928e-06,16,0.09052781760345774,6.682571023874928e-06,-1,-0.011993021296721168,nan,1,1,0,1,0,0
eae558be27b1587b,4,0,6,1,7,0.05629586342371983,-0.22523527703285218,7,0.0897010129571967,-0.22523527703285218,7,0.5887142331107741,-0.22523527703285218,1,1,1,0,0,0
ffb77fcdc4bd5e37,4,0,13,1,-1,nan,nan,-1,nan,nan,-1,nan,nan,0,0,0,0,0,0
07f8bf05fc975975,4,0,1,0,1,0.08483501942525248,-7.274440014737316e-05,1,0.09551373474240399,-7.274440014737316e-05,-1,-0.25191664494189664,nan,1,1,0,0,0,1
0fdd878a393d502e,4,0,2,0,-1,nan,nan,-1,nan,nan,-1,nan,nan,0,0,0,0,0,0
2b32a9f406845f75,4,0,12,0,2,0.00342195813893651,-3.806486467696913,2,0.07893190327850322,-3.806486467696913,2,0.1758596969101367,-3.806486467696913,1,1,1,0,1,1
2c9450a5449e52fa,4,0,9,1,6,0.035240752024309166,-0.0005310452297329904,6,0.0854126063653988,-0.0005310452297329904,6,0.14280926293551127,-0.0005310452297329904,1,1,1,0,0,0
447b5889e4005e16,4,0,5,0,-1,nan,nan,-1,nan,nan,-1,nan,nan,0,0,0,0,0,0
5465043a8ae85d79,4,0,2,1,9,0.2690886366362399,0.9894966626687549,9,0.1330416495380636,0.9894966626687549,9,0.07486720652642143,0.9894966626687549,1,1,1,1,0,0
613662b53d9a5ae7,4,0,12,1,-1,nan,nan,-1,nan,nan,-1,nan,nan,0,0,0,0,0,0
66da55b392b45a5d,4,0,21,1,17,0.1806756273563497,0.00016681582629662906,17,0.11503410141332739,0.00016681582629662906,17,0.08485200958310359,0.00016681582629662906,1,1,1,1,0,0
78823d4302645d60,4,0,12,1,-1,nan,nan,-1,nan,nan,-1,nan,nan,0,0,0,0,0,0
7a1756cf8f7a566e,4,0,13,1,2,0.37353327696376715,-0.002361465603113011,2,0.1543144452769199,-0.002361465603113011,2,0.30956230624589615,-0.002361465603113011,1,1,1,0,0,0
7c8389cb32f25aed,4,0,10,1,1,0.26032383979638624,1.7302572846444377,1,0.1312564767203672,1.7302572846444377,1,0.09597183285657945,1.7302572846444377,1,1,1,1,0,0
80bebabe4c6f5627,4,0,14,1,9,0.11189677267135051,-0.0004784055048858704,9,0.10102554604583044,-0.0004784055048858704,9,0.22547270612197268,-0.0004784055048858704,1,1,1,0,0,0
b16054ccc4bd54f9,4,0,11,1,1,0.24586236696694208,1.8926528397743594,1,0.12831103158676269,1.8926528397743594,1,0.10844488149701041,1.8926528397743594,1,1,1,1,0,0
b3734dd3dc905040,4,0,16,1,-1,nan,nan,-1,nan,nan,-1,nan,nan,0,0,0,0,0,0
b3c270be7e145adc,4,0,10,1,14,2.8749961713801673,-1.2199467135749757,14,0.6638007055041345,-1.2199467135749757,-1,-0.11790413584226644,nan,1,1,0,0,1,0
b76a132378175658,4,0,17,1,-1,nan,nan,-1,nan,nan,-1,nan,nan,0,0,0,0,0,0
c49669e6594c55d7,4,0,24,1,24,0.1745995715304889,-4.205154404068878e-05,24,0.1137965587871467,-4.205154404068878e-05,24,0.13901872414878808,-4.205154404068878e-05,1,1,1,0,0,0
d72a6e0e28a159a2,4,0,7,0,5,0.05116201479233169,-0.011323793392349124,5,0.08865537468464146,-0.011323793392349124,-1,-0.5486311956295218,nan,1,1,0,0,0,1
da13a4ab1eaf5a07,4,0,17,1,10,0.18023353499991498,4.382104147193644e-05,10,0.11494405811032347,4.382104147193644e-05,-1,-0.06959270044553796,nan,1,1,0,1,0,0
dd2f426104cb5f43,4,0,6,1,-1,nan,nan,-1,nan,nan,-1,nan,nan,0,0,0,0,0,0
ea01c4873e9b5cf8,4,0,17,1,9,0.1771561115427936,-0.00010691608004265163,9,0.11431726289708884,-0.00010691608004265163,-1,-0.11147695520512942,nan,1,1,0,0,0,0
ea47b3db126a588e,4,0,1,0,-1,nan,nan,-1,nan,nan,-1,nan,nan,0,0,0,0,0,0
023f35fd45755497,4,0,11,1,-1,nan,nan,-1,nan,nan,-1,nan,nan,0,0,0,0,0,0
07704203d30b5747,4,0,1,0,-1,nan,nan,-1,nan,nan,-1,nan,nan,0,0,0,0,0,0
2daba893c5535189,4,0,4,1,-1,nan,nan,-1,nan,nan,-1,nan,nan,0,0,0,0,0,0
2f19f98982615f60,4,0,11,0,-1,nan,nan,-1,nan,nan,-1,nan,nan,0,0,0,0,0,0
36ba502aa1eb5ecd,4,0,14,0,-1,nan,nan,-1,nan,nan,-1,nan,nan,0,0,0,0,0,0
43557bbc55b85aa6,4,0,6,1,-1,nan,nan,-1,nan,nan,-1,nan,nan,0,0,0,0,0,0
47cdc9127a1e55a7,4,0,11,1,9,0.06679106405705613,-0.0004928609021008779,9,0.091838626324538,-0.0004928609021008779,9,0.22577611573418643,-0.0004928609021008779,1,1,1,0,0,0
49677b3a648b58be,4,0,28,1,-1,nan,nan,-1,nan,nan,-1,nan,nan,0,0,0,0,0,0
4a1db4bffda6552f,4,0,16,1,-1,nan,nan,-1,nan,nan,-1,nan,nan,0,0,0,0,0,0
671ff8b7146358da,4,0,10,1,20,0.32897686925000413,2.0199987096356575,20,0.1452394045933601,2.0199987096356575,20,0.34319920007944527,2.0199987096356575,1,1,1,1,0,0
696a489252f453fb,4,0,3,1,-1,nan,nan,-1,nan,nan,-1,nan,nan,0,0,0,0,0,0
69f3980cf2db525c,4,0,16,1,2,0.1138571835349765,-0.00019636941166822908,2,0.10142483335952479,-0.00019636941166822908,2,0.013611791020973402,-0.00019636941166822908,1,1,1,0,0,0
6c6d30fe3b6e59f0,4,0,23,1,9,0.08726149597941253,1.0326532647209063e-05,9,0.09600794813564181,1.0326532647209063e-05,9,0.08849722592134253,1.0326532647209063e-05,1,1,1,1,0,0
7449973a63d255af,4,0,9,0,-1,nan,nan,-1,nan,nan,-1,nan,nan,0,0,0,0,0,0
84130118c5ec5189,4,0,1,0,-1,nan,nan,-1,nan,nan,-1,nan,nan,0,0,0,0,0,0
986bd829651151e2,4,0,27,1,-1,nan,nan,-1,nan,nan,-1,nan,nan,0,0,0,0,0,0
c1dbec763983596c,4,0,17,0,6,0.04431739068851925,-0.0004926864345327076,6,0.08726129366705114,-0.0004926864345327076,6,0.2979392382101395,-0.0004926864345327076,1,1,1,0,0,1
c70954fab4a650c7,4,0,5,0,13,3.5161198104001445,-1.233023564266786,13,0.794381769055652,-1.233023564266786,-1,-1.7366833596399598,nan,1,1,0,0,1,1
d8d6c32be32650ad,4,0,7,1,-1,nan,nan,-1,nan,nan,-1,nan,nan,0,0,0,0,0,0
deeae175505b5728,4,0,9,1,23,0.8651766032890486,0.000635542147327417,23,0.25445005802346626,0.000635542147327417,23,1.9344668911975584,0.000635542147327417,1,1,1,1,0,0
e380b20d49215557,4,0,13,1,-1,nan,nan,-1,nan,nan,-1,nan,nan,0,0,0,0,0,0
e4499494731e5026,4,0,9,1,26,0.2215318270182058,0.0005548425547778901,26,0.12335550103083873,0.0005548425547778901,-1,-1.9419145912649491,nan,1,1,0,1,0,0
ed710413165b5ca4,4,0,10,0,1,0.12047555079931031,-0.00019858523067095568,1,0.10277283144250349,-0.00019858523067095568,1,0.19877712336068165,-0.00019858523067095568,1,1,1,0,0,1
f9922d29f7ca5693,4,0,9,1,21,0.11779663515162576,-8.826512694358815e-05,21,0.10222720243563334,-8.826512694358815e-05,21,0.07667736158611613,-8.826512694358815e-05,1,1,1,0,0,0
fbe3cf848a4c5391,4,0,1,0,2,0.1078436452474513,-0.004617220449447235,2,0.10020002401308867,-0.004617220449447235,2,0.06607236999662267,-0.004617220449447235,1,1,1,0,0,1
fdf3abf3cf375c35,4,0,5,1,-1,nan,nan,-1,nan,nan,-1,nan,nan,0,0,0,0,0,0
00f4aedf9b3c5f65,4,0,16,1,21,0.04909560432574111,3.5336512327194085e-05,21,0.08823449786769264,3.5336512327194085e-05,-1,-0.02637434719306686,nan,1,1,0,1,0,0
3584e6b997845f86,4,0,27,1,-1,nan,nan,-1,nan,nan,-1,nan,nan,0,0,0,0,0,0
3d56147a52d550b3,4,0,17,1,3,0.16678064051749308,0.00019048074111349678,3,0.11220403549620449,0.00019048074111349678,-1,-0.08959507391639883,nan,1,1,0,1,0,0
4132da23bf54566f,4,0,17,1,1,0.0398373439906395,0.0012187561772414313,1,0.08634881871375844,0.0012187561772414313,1,0.12949717479353992,0.0012187561772414313,1,1,1,1,0,0
44ae005ad8b25d52,4,0,10,0,-1,nan,nan,-1,nan,nan,-1,nan,nan,0,0,0,0,0,0
48ee2a6b3a4b54cc,4,0,8,0,-1,nan,nan,-1,nan,nan,-1,nan,nan,0,0,0,0,0,0
49f109b9cca4567a,4,0,8,1,-1,nan,nan,-1,nan,nan,-1,nan,nan,0,0,0,0,0,0
4ac48ad526735073,4,0,15,1,1,0.19354677957699185,0.0003725693814456421,1,0.11765563748501878,0.0003725693814456421,1,0.12398400605747521,0.0003725693814456421,1,1,1,1,0,0
5214a5118acc5d75,4,0,15,1,6,0.07705476928321099,-0.0018463206470360483,6,0.09392908979030457,-0.0018463206470360483,6,0.08230756667645076,-0.0018463206470360483,1,1,1,0,0,0
55a7c26fd2d35b8e,4,0,16,1,-1,nan,nan,-1,nan,nan,-1,nan,nan,0,0,0,0,0,0
5693aed0af7e548c,4,0,5,0,17,0.06633656337021293,-2.020414070067741,17,0.09174605575084399,-2.020414070067741,-1,-0.24141565828119793,nan,1,1,0,0,1,1
7418da8c04e85efb,4,0,7,1,1,0.21220641902691778,4.00804797271723,1,0.12145614555641632,4.00804797271723,1,0.10757456967887477,4.00804797271723,1,1,1,1,0,0
