scenario_token,outer_test_fold,calibration_fold,candidate_count,positive_opportunity,rsm_selected_action,rsm_selected_teacher_improvement,ego_ref_value,v49_obs_sign_risk,v49_siir_risk,v49_obs_sign_threshold,v49_siir_threshold,v49_obs_sign_selected_action,v49_siir_selected_action,v49_heldout_intervention_selected_action,v49_heldout_intervention_teacher_improvement,v49_heldout_intervention_prefix_size,obs_vs_siir_partition_on_rsmr_population,siir_minus_obs_risk
00bf712a8e9e59bf,0,1,1,0,-1,,,,,1.524954491750987,1.4501708136749782,-1,-1,-1,,-1,no_rsmr_proposal,
03dac455f9ec5792,0,1,18,1,23,-0.0001943112442734,-0.0596815118479653,0.4744859761521784,0.4703725786692689,1.524954491750987,1.4501708136749782,23,23,-1,,-1,both,-0.004113397482909509
045cd7a008c65925,0,1,17,1,9,0.0004271200689487,0.103384426883565,-0.7780198074865832,-0.5515230777134119,1.524954491750987,1.4501708136749782,9,9,-1,,-1,both,0.22649672977317126
046577552dd15fc3,0,1,15,1,-1,,,,,1.524954491750987,1.4501708136749782,-1,-1,-1,,-1,no_rsmr_proposal,
04e294754b4d56a6,0,1,7,1,22,4.5298025821094434e-05,0.0246053490680335,0.3590188848506036,0.427513615974236,1.524954491750987,1.4501708136749782,22,22,23,4.5298025821094434e-05,4,both,0.06849473112363236
05ba4ac2db9c50d2,0,1,11,1,25,-0.98944860655242,0.1569182141965333,-0.5125733835073937,-0.4176732754437956,1.524954491750987,1.4501708136749782,25,25,22,-0.9893820163086128,7,both,0.09490010806359805
0624fd97bb1d5859,0,1,23,1,22,0.0001875565206632,0.2473697345539249,-0.9535725603492766,-0.7384181370863545,1.524954491750987,1.4501708136749782,22,22,22,0.0001875565206632,8,both,0.2151544232629221
07db46e8eac253cf,0,1,12,1,16,0.7593208522055517,0.3940037334796533,-0.3956631576136028,-0.3796557502027405,1.524954491750987,1.4501708136749782,16,16,16,0.7593208522055517,4,both,0.016007407410862318
0966d80519ed5508,0,1,11,1,-1,,,,,1.524954491750987,1.4501708136749782,-1,-1,-1,,-1,no_rsmr_proposal,
0c77a4182a655cf9,0,1,3,1,-1,,,,,1.524954491750987,1.4501708136749782,-1,-1,-1,,-1,no_rsmr_proposal,
0d399eab6caf5d71,0,1,1,0,-1,,,,,1.524954491750987,1.4501708136749782,-1,-1,-1,,-1,no_rsmr_proposal,
1289017760ab5cda,0,1,22,1,23,-0.0001021183120086,0.0447327854011879,0.0181710868125112,0.0128517354012039,1.524954491750987,1.4501708136749782,23,23,23,-0.0001021183120086,11,both,-0.005319351411307301
13adf1483845581c,0,1,18,1,21,0.0006412762776015,-0.1406031313364137,1.3999041828488472,1.294189025375342,1.524954491750987,1.4501708136749782,21,21,-1,,-1,both,-0.10571515747350513
1470dbcb0c415442,0,1,9,1,9,0.0005928187692534,0.4509409107436432,-1.1311619220687217,-1.5424398304950644,1.524954491750987,1.4501708136749782,9,9,9,0.0005928187692534,9,both,-0.4112779084263427
15210c5280b851a8,0,1,18,1,24,1.220051444119215,0.1830190012911381,0.1774033348073497,-0.0809653078394758,1.524954491750987,1.4501708136749782,24,24,24,1.220051444119215,18,both,-0.2583686426468255
154c14f381535c43,0,1,1,1,24,7.987478524418279e-05,0.0843347887271666,0.4639009129074843,0.2909445425441883,1.524954491750987,1.4501708136749782,24,24,24,7.987478524418279e-05,1,both,-0.17295637036329603
16599b5179df53bb,0,1,7,0,-1,,,,,1.524954491750987,1.4501708136749782,-1,-1,-1,,-1,no_rsmr_proposal,
181f26554b4b5e75,0,1,15,0,9,-0.0001236836064255,-0.0405464133038553,0.0463517604153183,0.146774378108922,1.524954491750987,1.4501708136749782,9,9,9,-0.0001236836064255,14,both,0.1004226176936037
190d01845dda5596,0,1,4,0,-1,,,,,1.524954491750987,1.4501708136749782,-1,-1,-1,,-1,no_rsmr_proposal,
1f8c9456286d59fb,0,1,17,0,9,-0.0006121215932071,0.2403278978070719,-0.5652107123724376,-0.8030141921401976,1.524954491750987,1.4501708136749782,9,9,-1,,-1,both,-0.23780347976776006
208da297c61b5a6b,0,1,14,0,9,-0.0002173149178734,-0.4549637590545892,1.100067269618521,1.4941548358986598,1.524954491750987,1.4501708136749782,9,-1,9,-0.0002173149178734,6,obs_only,0.39408756628013886
20cd0f5250875606,0,1,5,0,9,-0.0003515167922247,0.1745739486607909,-0.393129589434146,-0.5517560868654388,1.524954491750987,1.4501708136749782,9,9,-1,,-1,both,-0.15862649743129276
21411e892e975adf,0,1,3,0,-1,,,,,1.524954491750987,1.4501708136749782,-1,-1,-1,,-1,no_rsmr_proposal,
222f2b699516591c,0,1,14,1,-1,,,,,1.524954491750987,1.4501708136749782,-1,-1,-1,,-1,no_rsmr_proposal,
247baf6242815059,0,1,20,1,12,-0.0004707026612013,0.0746786248081144,-0.5011422392780467,-0.2886836110024134,1.524954491750987,1.4501708136749782,12,12,25,-0.0004944504729937,1,both,0.21245862827563328
249837af09305794,0,1,2,0,-1,,,,,1.524954491750987,1.4501708136749782,-1,-1,-1,,-1,no_rsmr_proposal,
24f940b7a94f5ed7,0,1,17,0,3,-0.0003130765174522,0.0488294196975815,1.2033781311764449,0.9310859521916854,1.524954491750987,1.4501708136749782,3,3,-1,,-1,both,-0.27229217898475944
257140a662885e1d,0,1,7,1,3,0.000522074045008,0.1525239324252152,0.7744856625362236,0.4377811382066176,1.524954491750987,1.4501708136749782,3,3,3,0.000522074045008,7,both,-0.336704524329606
2648d4ed541751cc,0,1,13,1,-1,,,,,1.524954491750987,1.4501708136749782,-1,-1,-1,,-1,no_rsmr_proposal,
273d4e72b01d53cf,0,1,14,1,8,-1.5629368781690487,-0.2026562918381979,0.9233870002794452,0.8277724176502272,1.524954491750987,1.4501708136749782,8,8,8,-1.5629368781690487,10,both,-0.09561458262921796
275e9cfb52fd59de,0,1,12,1,8,0.1272746219409324,0.766443288318508,-0.5970764395570507,-0.2614178723413899,1.524954491750987,1.4501708136749782,8,8,8,0.1272746219409324,12,both,0.3356585672156608
2e3481cf5ec35baa,0,1,14,0,-1,,,,,1.524954491750987,1.4501708136749782,-1,-1,-1,,-1,no_rsmr_proposal,
2ffe7083e279569c,0,1,15,1,3,0.000160507233395,0.1486902650373629,0.9453001197495507,0.5094739983264248,1.524954491750987,1.4501708136749782,3,3,3,0.000160507233395,7,both,-0.43582612142312593
30a3163cf0805a69,0,1,4,0,1,-1.2324926170708386,0.4692796233561098,-0.7084871033578335,-0.9848357050734522,1.524954491750987,1.4501708136749782,1,1,26,-1.232430539329436,2,both,-0.2763486017156187
30e193cab0fc5a5d,0,1,9,0,-1,,,,,1.524954491750987,1.4501708136749782,-1,-1,-1,,-1,no_rsmr_proposal,
31d6d7b013a75d29,0,1,17,1,9,0.00015953127658,-0.183573647142001,0.4470654989516116,0.5808165530571324,1.524954491750987,1.4501708136749782,9,9,9,0.00015953127658,10,both,0.13375105410552085
327472f9f4b755a7,0,1,12,1,-1,,,,,1.524954491750987,1.4501708136749782,-1,-1,-1,,-1,no_rsmr_proposal,
343925e5442554f5,0,1,4,1,9,-0.0001190353877842,0.3767685078056343,-0.1225587592375247,-0.1360301196829394,1.524954491750987,1.4501708136749782,9,9,17,-0.0001943164043127,1,both,-0.013471360445414707
35c70713d92251fc,0,1,12,1,17,0.0,-0.0025181338176987,0.6034382532858085,0.4962334019700711,1.524954491750987,1.4501708136749782,17,17,17,0.0,11,both,-0.10720485131573737
366e33370f605634,0,1,4,1,28,1.2326923098775555,-0.0442889946443206,0.4673599167784694,0.5787723679085257,1.524954491750987,1.4501708136749782,28,28,27,1.2326923098775555,1,both,0.11141245113005632
36857cb219845df9,0,1,14,1,7,0.0001324263616466,0.2718701811100036,0.6693291948892152,0.0664819272123134,1.524954491750987,1.4501708136749782,7,7,-1,,-1,both,-0.6028472676769018
369040b3134c5769,0,1,17,1,-1,,,,,1.524954491750987,1.4501708136749782,-1,-1,-1,,-1,no_rsmr_proposal,
39dca464ed145043,0,1,17,1,3,1.3998703285889036e-05,0.5822575110535624,-1.886735057595557,-1.946218375019934,1.524954491750987,1.4501708136749782,3,3,3,1.3998703285889036e-05,7,both,-0.05948331742437696
3a223e65af13545c,0,1,7,1,1,1.6616739350611345,1.125375722472374,-1.3752257407943715,-1.1093801708555513,1.524954491750987,1.4501708136749782,1,1,1,1.6616739350611345,7,both,0.26584556993882025
3a4fd1d48a995545,0,1,12,1,19,0.0142617651462133,0.8301659006850076,-0.893072483591279,-1.3905000001172962,1.524954491750987,1.4501708136749782,19,19,0,0.0142805499448881,4,both,-0.49742751652601724
3c9d60b02bfb51c0,0,1,17,0,9,-0.0004975407660006,0.0287880482731656,-0.0106568094497602,-0.1000402510193335,1.524954491750987,1.4501708136749782,9,9,-1,,-1,both,-0.0893834415695733
3da38924ebd45f50,0,1,10,1,1,1.728687759304978,1.64649796173453,-3.825133457263286,-4.329823659293521,1.524954491750987,1.4501708136749782,1,1,1,1.728687759304978,8,both,-0.5046902020302353
3e1e8ae126d0578f,0,1,15,1,-1,,,,,1.524954491750987,1.4501708136749782,-1,-1,-1,,-1,no_rsmr_proposal,
3e1f06aa9ff354c9,0,1,17,1,3,0.000358076515142,-0.0714294874946896,-0.1392499681356775,0.2531843677854628,1.524954491750987,1.4501708136749782,3,3,3,0.000358076515142,6,both,0.3924343359211403
3e3a2d672dfb5b51,0,1,6,1,6,-1.987346634269027e-05,0.04701827218225,0.4938478678280381,0.3231078704809264,1.524954491750987,1.4501708136749782,6,6,3,-2.2415172308692943e-05,2,both,-0.1707399973471117
3e940b9ccdf456b7,0,1,17,1,3,-0.0098371612697842,0.594694460125694,-1.918778302563352,-1.9879992025276323,1.524954491750987,1.4501708136749782,3,3,3,-0.0098371612697842,16,both,-0.06922089996428027
3fabf2e29e5f5fc4,0,1,18,1,22,0.0002032831884921,0.0941443514291908,0.7612346317905393,0.5334838067899588,1.524954491750987,1.4501708136749782,22,22,23,0.00018023279328,8,both,-0.22775082500058053
4082f94c512b5d1f,0,1,14,1,23,-0.0001477490439216,0.0390816292807935,0.6037026499325368,0.522174840430988,1.524954491750987,1.4501708136749782,23,23,22,0.0005315770710936,11,both,-0.0815278095015487
40d5b1af93cf50e4,0,1,12,1,4,8.93150708446977e-05,0.026539681214184,0.9444531126168002,0.6174773259345026,1.524954491750987,1.4501708136749782,4,4,4,8.93150708446977e-05,4,both,-0.32697578668229765
421dd5398e885a27,0,1,18,1,22,-0.0001146473528817,0.036136611836514,0.2754874834834966,0.1856919654769867,1.524954491750987,1.4501708136749782,22,22,22,-0.0001146473528817,11,both,-0.08979551800650992
45389fbdea6657a0,0,1,10,0,6,-0.0003288350688643,0.2199716340821655,0.7608732646771017,0.1826449700445707,1.524954491750987,1.4501708136749782,6,6,6,-0.0003288350688643,5,both,-0.578228294632531
46bf28b955d051b1,0,1,29,1,5,-0.0003345792815641,0.2270655705791972,0.2293147012469069,-0.1625328035905225,1.524954491750987,1.4501708136749782,5,5,-1,,-1,both,-0.39184750483742936
46f5fac22c0b5cb0,0,1,5,0,5,-0.0008687456113751,0.0183290948237751,0.922008703460358,0.5882801744046507,1.524954491750987,1.4501708136749782,5,5,5,-0.0008687456113751,5,both,-0.33372852905570727
4750b9c4cfbd5d3f,0,1,2,0,-1,,,,,1.524954491750987,1.4501708136749782,-1,-1,-1,,-1,no_rsmr_proposal,
48fd1a7abb7c59a6,0,1,19,1,23,-0.0003539639446881,0.0271290907603916,0.0326658535258238,0.0790149582571663,1.524954491750987,1.4501708136749782,23,23,-1,,-1,both,0.046349104731342496
4b30de14589f513c,0,1,14,1,23,0.0002240603599697,-0.1185303354267334,1.1927812913427849,1.1533476142130674,1.524954491750987,1.4501708136749782,23,23,23,0.0002240603599697,13,both,-0.03943367712971746
4efebde6623256df,0,1,6,1,-1,,,,,1.524954491750987,1.4501708136749782,-1,-1,-1,,-1,no_rsmr_proposal,
4f74e2eb505a5fd0,0,1,9,0,7,-0.2430389412705786,-0.0590727768257649,0.9209304974483862,0.600957619925983,1.524954491750987,1.4501708136749782,7,7,-1,,-1,both,-0.3199728775224032
501128405d13533f,0,1,10,1,-1,,,,,1.524954491750987,1.4501708136749782,-1,-1,-1,,-1,no_rsmr_proposal,
506ddb4d458f5a70,0,1,1,0,9,-0.9297249210089444,-0.173506028506224,0.494396797480914,0.6868421011357275,1.524954491750987,1.4501708136749782,9,9,9,-0.9297249210089444,1,both,0.19244530365481355
518c0014d1a45ca8,0,1,13,1,12,-0.0001304086467248,0.1538684686628223,0.0251647394116245,-0.1235797972011665,1.524954491750987,1.4501708136749782,12,12,25,2.831977549977438e-05,8,both,-0.148744536612791
524cadd627f25d7f,0,1,8,0,7,-0.2439054437735635,-0.0312720618653879,0.8361638604435787,0.5371135009741506,1.524954491750987,1.4501708136749782,7,7,7,-0.2439054437735635,4,both,-0.29905035946942815
53620555ea3a5d3c,0,1,9,1,21,0.0,0.0067529051210481,0.5878488203944402,0.4848447135832646,1.524954491750987,1.4501708136749782,21,21,21,0.0,8,both,-0.10300410681117561
54dbabed00525444,0,1,17,0,6,-0.0001196603953605,-0.2063201205731581,1.1963785081771143,1.1070373677649088,1.524954491750987,1.4501708136749782,6,6,6,-0.0001196603953605,4,both,-0.08934114041220553
586dc46118d75100,0,1,14,1,9,-0.0004047478932421,-0.3666391465659271,0.8526928204862982,1.2108395285113558,1.524954491750987,1.4501708136749782,9,9,9,-0.0004047478932421,11,both,0.35814670802505755
594c56337e94571b,0,1,14,0,-1,,,,,1.524954491750987,1.4501708136749782,-1,-1,-1,,-1,no_rsmr_proposal,
5991dfcee3185e01,0,1,15,0,2,-3.552210174457291e-05,0.1686834907929907,-0.0825968426653241,-0.1620295105894293,1.524954491750987,1.4501708136749782,2,2,22,0.0,9,both,-0.0794326679241052
5b4aedf8449c54ca,0,1,4,1,1,0.0013290141742676,0.1476041218854754,-0.2646593502723267,-0.2570723070585927,1.524954491750987,1.4501708136749782,1,1,1,0.0013290141742676,2,both,0.0075870432137339905
5c92fa52c5165a1e,0,1,19,1,10,-7.041046395883654e-05,0.0895805791520791,0.0175277296765824,-0.0451242651213442,1.524954491750987,1.4501708136749782,10,10,21,2.6677810028186144e-05,16,both,-0.0626519947979266
5eae283cb1b95a45,0,1,6,1,25,0.0002113920846953,0.1375423511299207,0.256603518211993,0.0502975719828174,1.524954491750987,1.4501708136749782,25,25,2,-0.0003241730314446,1,both,-0.2063059462291756
60bd62401d0857f9,0,1,15,1,22,-5.674398746347009e-05,-0.081989999920419,0.6634197979889108,0.6643490214062644,1.524954491750987,1.4501708136749782,22,22,-1,,-1,both,0.0009292234173535752
6110193eb32f5ad4,0,1,17,1,-1,,,,,1.524954491750987,1.4501708136749782,-1,-1,-1,,-1,no_rsmr_proposal,
648d283b25fa50d1,0,1,4,0,23,-0.0001290052613243,0.3000169224678218,-1.0718144707517692,-1.0719322043212236,1.524954491750987,1.4501708136749782,23,23,23,-0.0001290052613243,3,both,-0.0001177335694544368
650894e30d725ba8,0,1,14,0,-1,,,,,1.524954491750987,1.4501708136749782,-1,-1,-1,,-1,no_rsmr_proposal,
651762602ed854bf,0,1,1,1,-1,,,,,1.524954491750987,1.4501708136749782,-1,-1,-1,,-1,no_rsmr_proposal,
6596827fb10b569a,0,1,23,1,1,0.0005793339748345,0.5754631402981103,-1.8761259670790087,-1.8353786682884892,1.524954491750987,1.4501708136749782,1,1,-1,,-1,both,0.040747298790519526
6c82dcb2637f5ad4,0,1,3,0,9,-0.0003719746213523,0.4825856745366469,-1.144942819961201,-1.415459032662532,1.524954491750987,1.4501708136749782,9,9,9,-0.0003719746213523,2,both,-0.27051621270133097
6db53a1807af5a90,0,1,13,0,-1,,,,,1.524954491750987,1.4501708136749782,-1,-1,-1,,-1,no_rsmr_proposal,
6e075e93bd485b81,0,1,10,1,-1,,,,,1.524954491750987,1.4501708136749782,-1,-1,-1,,-1,no_rsmr_proposal,
6f8bc109eabc5ad5,0,1,4,1,19,-4.585174424573402e-06,-0.0120246539165937,0.5817527325189024,0.4982519724414515,1.524954491750987,1.4501708136749782,19,19,19,-4.585174424573402e-06,3,both,-0.08350076007745089
6fc9e653b0ee5565,0,1,12,1,10,-0.0001716095520647,0.2806501958090697,-0.6385657464118094,-0.7486998112452171,1.524954491750987,1.4501708136749782,10,10,3,-3.016566652780384e-05,5,both,-0.11013406483340771
70a67a5dedae584b,0,1,23,1,22,0.0002050307922065,-0.2296265206581838,1.116643408409007,1.2640191941767018,1.524954491750987,1.4501708136749782,22,22,-1,,-1,both,0.14737578576769472
70c45003ec3e527b,0,1,1,0,9,-0.0006647571086881,0.0492352281329905,-0.0821234180950572,-0.2050747319747089,1.524954491750987,1.4501708136749782,9,9,9,-0.0006647571086881,1,both,-0.1229513138796517
73458ba61f445d19,0,1,16,1,9,-2.754281880346099e-06,0.0429795640015346,-0.7218904040138128,-0.432903057342231,1.524954491750987,1.4501708136749782,9,9,9,-2.754281880346099e-06,14,both,0.28898734667158177
7647b4788f795d71,0,1,1,1,1,0.0035336643615271,-0.2259520200125899,0.611522174236102,0.93486747403793,1.524954491750987,1.4501708136749782,1,1,1,0.0035336643615271,1,both,0.323345299801828
77f9220d917b52d0,0,1,12,1,1,0.9964797705322505,0.3162562988687363,-1.088455810506661,-0.7874247710464304,1.524954491750987,1.4501708136749782,1,1,1,0.9964797705322505,11,both,0.3010310394602307
7ca96f8e844f56ca,0,1,15,1,20,3.252210966228601,0.6419210144771301,-0.9522635416327244,-1.5221165009278568,1.524954491750987,1.4501708136749782,20,20,20,3.252210966228601,11,both,-0.5698529592951324
7d363b1db0fc5975,0,1,11,1,5,-0.9769596037015144,0.0083058486132391,1.6752286910285987,1.3244350742097035,1.524954491750987,1.4501708136749782,-1,5,-1,,-1,siir_only,-0.3507936168188952
80c337fb67145ff6,0,1,29,1,20,0.0002089060913768,-0.5011164148437798,1.356315695055173,2.054635320463188,1.524954491750987,1.4501708136749782,20,-1,0,0.0002490207646039,3,obs_only,0.6983196254080153
83d128720881565a,0,1,17,0,3,-0.0005778864786027,-0.029474126319347,0.0107672193216509,-0.0585268060427953,1.524954491750987,1.4501708136749782,3,3,3,-0.0005778864786027,15,both,-0.0692940253644462
84ed4f2cc4f057ce,0,1,14,1,25,1.8950668792427905e-05,-0.0039532579962918,0.6417035796355968,0.5339049971550941,1.524954491750987,1.4501708136749782,25,25,25,1.8950668792427905e-05,10,both,-0.10779858248050267
864541f05d165c97,0,1,2,1,21,7.027299320325284e-05,0.1873263622424029,0.7092700041028928,0.4245405812598535,1.524954491750987,1.4501708136749782,21,21,21,7.027299320325284e-05,2,both,-0.28472942284303926
8813e8c6790a59d3,0,1,13,1,22,0.0001085729885146,0.3819190943559609,-1.2785435018332116,-1.080694680874205,1.524954491750987,1.4501708136749782,22,22,21,0.0005376298925838,2,both,0.19784882095900658
8bdafd4a1d7c50eb,0,1,21,1,3,0.0008188129012006,-0.0868918300444293,0.4204336579235012,0.708005619403415,1.524954491750987,1.4501708136749782,3,3,-1,,-1,both,0.2875719614799138
8e6c888a92425ff1,0,1,6,1,1,0.0003081311788877,0.0627571948898228,0.4847318321353298,0.394041408880675,1.524954491750987,1.4501708136749782,1,1,-1,,-1,both,-0.09069042325465476
8f2f7b6da7495074,0,1,22,1,6,-0.0030044126219674,-0.107462802408183,0.8529134033272637,0.7813249920968357,1.524954491750987,1.4501708136749782,6,6,3,-0.0002202983461319,5,both,-0.07158841123042803
8f79455cf8a85fb9,0,1,4,0,-1,,,,,1.524954491750987,1.4501708136749782,-1,-1,-1,,-1,no_rsmr_proposal,
8fbfbaa44855539e,0,1,16,0,-1,,,,,1.524954491750987,1.4501708136749782,-1,-1,-1,,-1,no_rsmr_proposal,
95a810911ba359ec,0,1,11,0,18,-1.2317849212438547,0.3863910957711701,-0.1490136189206868,-0.1648837936860975,1.524954491750987,1.4501708136749782,18,18,18,-1.2317849212438547,7,both,-0.01587017476541072
9626975e16725ec8,0,1,20,1,22,0.0008604435924439,-0.1349893005287895,0.302736688080335,0.6946213371981014,1.524954491750987,1.4501708136749782,22,22,-1,,-1,both,0.3918846491177664
9907ad0101c45e09,0,1,1,0,-1,,,,,1.524954491750987,1.4501708136749782,-1,-1,-1,,-1,no_rsmr_proposal,
99426aa893625f69,0,1,7,0,2,-0.990559431026876,-0.1056667283176026,1.5408594290518962,1.2508147895299324,1.524954491750987,1.4501708136749782,-1,2,2,-0.990559431026876,7,siir_only,-0.2900446395219638
9a82cf7a1636581e,0,1,5,0,2,-0.0042642683826388,-0.1118764669296735,1.2737229555987424,0.8281386103692798,1.524954491750987,1.4501708136749782,2,2,2,-0.0042642683826388,5,both,-0.44558434522946255
9cb860301c105ca7,0,1,9,1,20,-3.7070147320572566e-05,-0.0091707316980874,0.6543685895482887,0.6279169444704413,1.524954491750987,1.4501708136749782,20,20,17,-3.7070147320572566e-05,2,both,-0.026451645077847363
9d1adc78bda259ce,0,1,10,1,-1,,,,,1.524954491750987,1.4501708136749782,-1,-1,-1,,-1,no_rsmr_proposal,
9e720f0176b35d63,0,1,24,1,19,-9.262234168127192e-05,-0.2176957305649217,0.9493924751819568,0.9408763652086962,1.524954491750987,1.4501708136749782,19,19,19,-9.262234168127192e-05,11,both,-0.008516109973260577
9fb5b34a36925a6c,0,1,7,0,4,-0.0037563836089917,-0.6022953555987656,2.591068960437429,2.5814765945197604,1.524954491750987,1.4501708136749782,-1,-1,2,-0.0069401230219874,2,neither,-0.009592365917668655
a054dd394e1b559c,0,1,17,1,21,0.0004801966886094,0.260648807019398,-1.5828741236062531,-1.1800876265959963,1.524954491750987,1.4501708136749782,21,21,21,0.0004801966886094,10,both,0.4027864970102568
a1c1a996e52f5c4e,0,1,5,0,9,-0.0004672088905239,1.848971204886812,-4.573190611425098,-5.927747169943394,1.524954491750987,1.4501708136749782,9,9,9,-0.0004672088905239,4,both,-1.3545565585182953
a1ceb182eb7250a1,0,1,16,1,9,0.0007709787252359,0.0973766410448684,-0.2867748434724477,-0.3953799777532134,1.524954491750987,1.4501708136749782,9,9,-1,,-1,both,-0.10860513428076568
a3b5d1855e7e5d96,0,1,12,1,5,0.1193620606041702,0.0991284183485737,0.3272242916084919,0.1019225614615823,1.524954491750987,1.4501708136749782,5,5,16,0.0002694486178457,2,both,-0.22530173014690963
a657d16d34c3519a,0,1,3,1,20,1.784201655457297,0.5942858036431448,-1.0017744478762096,-1.428723111055968,1.524954491750987,1.4501708136749782,20,20,20,1.784201655457297,3,both,-0.4269486631797583
a67f3948c2445760,0,1,3,1,3,0.0006509598884731,0.1924604759173578,0.6885638970446885,0.3401961136025676,1.524954491750987,1.4501708136749782,3,3,3,0.0006509598884731,2,both,-0.3483677834421209
a68adc1c27615ce9,0,1,13,0,-1,,,,,1.524954491750987,1.4501708136749782,-1,-1,-1,,-1,no_rsmr_proposal,
a75ce500226f5481,0,1,17,1,4,-0.0008296889021993,-0.0467903761226286,0.722972150946979,0.5732004205733062,1.524954491750987,1.4501708136749782,4,4,4,-0.0008296889021993,8,both,-0.14977173037367275
a8e99095a8235549,0,1,4,0,16,-1.2318749638779087,2.400915674235184,-3.4595355158351317,-2.457019179224896,1.524954491750987,1.4501708136749782,16,16,18,-1.2318906493616288,2,both,1.0025163366102356
aed1237adf57578c,0,1,1,1,0,1.0332035451421078,2.437878265304885,-4.672276861163604,-5.396723085684547,1.524954491750987,1.4501708136749782,0,0,0,1.0332035451421078,1,both,-0.7244462245209435
b1bfa52c4bc452b7,0,1,17,1,-1,,,,,1.524954491750987,1.4501708136749782,-1,-1,-1,,-1,no_rsmr_proposal,
b2f2a9a83437555c,0,1,1,0,7,-0.0007529566446319,-0.2176823199407833,1.1172111193160774,0.9702948307482387,1.524954491750987,1.4501708136749782,7,7,7,-0.0007529566446319,1,both,-0.14691628856783867
b66888a9942d59ff,0,1,5,1,22,0.0031217700053006,0.7068439889034324,-1.623898467959363,-2.0515437109455363,1.524954491750987,1.4501708136749782,22,22,20,0.0031616590492427,2,both,-0.42764524298617324
b704090abc8d5afe,0,1,30,1,18,0.0007353571400976,-0.0652575164053954,-0.1103262906808843,0.4203192617508673,1.524954491750987,1.4501708136749782,18,18,18,0.0007353571400976,12,both,0.5306455524317516
b7c6fe6429785952,0,1,15,1,22,6.060907109617375e-05,-0.1130849148553705,1.0618668184177382,1.011948182896473,1.524954491750987,1.4501708136749782,22,22,22,6.060907109617375e-05,9,both,-0.0499186355212653
b95dc2615771588d,0,1,14,1,23,1.9696841584348583,0.0054751217774963,0.4778826501267994,0.3950094684465162,1.524954491750987,1.4501708136749782,23,23,23,1.9696841584348583,9,both,-0.08287318168028324
ba5ddc3d1d5d56ad,0,1,1,0,25,-3.65264862778325e-05,0.0184170711237401,0.5716269688962715,0.463351826304505,1.524954491750987,1.4501708136749782,25,25,25,-3.65264862778325e-05,1,both,-0.10827514259176652
bbc08519add25675,0,1,3,1,9,2.284032596921548,0.595401329375003,-1.889608861255474,-1.9661097631959985,1.524954491750987,1.4501708136749782,9,9,3,0.0016385450839995,1,both,-0.0765009019405245
bed9898a4bf45a6b,0,1,17,1,-1,,,,,1.524954491750987,1.4501708136749782,-1,-1,-1,,-1,no_rsmr_proposal,
bf75c93832c7569d,0,1,9,1,-1,,,,,1.524954491750987,1.4501708136749782,-1,-1,-1,,-1,no_rsmr_proposal,
c031140da54d502a,0,1,17,1,3,0.9911725879896434,-0.0636976997708341,0.1483394013584284,0.4385856723014614,1.524954491750987,1.4501708136749782,3,3,3,0.9911725879896434,12,both,0.290246270943033
c23e9cc0ed7e5b21,0,1,17,1,3,0.0016556329336947,0.253792935522466,-0.8165658272430634,-0.7342979392898902,1.524954491750987,1.4501708136749782,3,3,-1,,-1,both,0.08226788795317319
c3fd16e5694a5353,0,1,10,1,9,0.0044793055554852,0.0043985436374537,-1.081936528542635,-0.3251775669092241,1.524954491750987,1.4501708136749782,9,9,9,0.0044793055554852,5,both,0.7567589616334109
c70bcca6e16953d7,0,1,14,1,10,0.0003409750871363,0.7002931139823624,-0.5131407922905153,-1.333995701555014,1.524954491750987,1.4501708136749782,10,10,-1,,-1,both,-0.8208549092644986
c81dc86e054f566d,0,1,15,1,3,0.0005305072082206,-0.0513627931066266,1.3863593767540832,1.1228455630434535,1.524954491750987,1.4501708136749782,3,3,-1,,-1,both,-0.26351381371062965
c8c5d04b848e504c,0,1,16,1,3,0.000295684360573,0.1836069249363215,-0.8255829801663465,-0.6158333663988409,1.524954491750987,1.4501708136749782,3,3,-1,,-1,both,0.20974961376750556
c944de45a71e5a38,0,1,14,0,-1,,,,,1.524954491750987,1.4501708136749782,-1,-1,-1,,-1,no_rsmr_proposal,
cdabe76a1ba75152,0,1,16,1,3,0.990668047375232,0.0405221530161418,0.1018876479059747,0.2538507592767999,1.524954491750987,1.4501708136749782,3,3,3,0.990668047375232,16,both,0.1519631113708252
cdccf3dfd4e153cc,0,1,24,1,21,0.0025033863656862,0.3465440697846603,-1.7709284086977273,-1.378638081063972,1.524954491750987,1.4501708136749782,21,21,21,0.0025033863656862,9,both,0.39229032763375526
cdfa6ac2b00156d1,0,1,10,0,-1,,,,,1.524954491750987,1.4501708136749782,-1,-1,-1,,-1,no_rsmr_proposal,
cffbf96734fa5f35,0,1,2,0,1,-0.0001211573171431,-0.175362067586711,1.6682944592227194,1.4025316180932186,1.524954491750987,1.4501708136749782,-1,1,1,-0.0001211573171431,1,siir_only,-0.26576284112950077
d04f957744a353ba,0,1,10,1,21,0.0001638741232454,0.0126870173643734,0.7273131095490801,0.5687924044036873,1.524954491750987,1.4501708136749782,21,21,3,-0.0003497722614556,2,both,-0.15852070514539285
d0c144dfeca55025,0,1,25,1,22,-0.0001029941059838,0.0572914271023506,0.5773940191667619,0.4418553521574422,1.524954491750987,1.4501708136749782,22,22,-1,,-1,both,-0.1355386670093197
d0ce91bcf7ba557a,0,1,2,1,-1,,,,,1.524954491750987,1.4501708136749782,-1,-1,-1,,-1,no_rsmr_proposal,
d1d8fef2f07e554f,0,1,27,1,19,-6.528710596098719e-05,0.4381959382477345,-1.68555890250338,-1.4754366167911948,1.524954491750987,1.4501708136749782,19,19,18,3.4582567781660245e-05,2,both,0.21012228571218516
d3578202f06d5c62,0,1,25,1,26,8.269424438478445e-05,0.1472115390800039,0.2924232091708068,0.0885874005013778,1.524954491750987,1.4501708136749782,26,26,-1,,-1,both,-0.20383580866942896
d3e0b427c9095c6f,0,1,17,1,9,0.0002687987604178,-0.0730718663165767,0.1245481768868337,0.2640964457612199,1.524954491750987,1.4501708136749782,9,9,9,0.0002687987604178,17,both,0.13954826887438618
d5b4a2295da55f8c,0,1,5,0,7,-1.2230283835736102,1.007004040151041,-1.1786007756201844,-0.907619099980292,1.524954491750987,1.4501708136749782,7,7,7,-1.2230283835736102,4,both,0.2709816756398924
d86f407ee78151b0,0,1,5,1,-1,,,,,1.524954491750987,1.4501708136749782,-1,-1,-1,,-1,no_rsmr_proposal,
db219c4afef9558d,0,1,18,1,3,0.0001490208003551,-0.0778041346424446,-0.2632746371753588,0.2120869228256862,1.524954491750987,1.4501708136749782,3,3,-1,,-1,both,0.475361560001045
de2c82b474d85dd5,0,1,17,1,9,0.0006124333238229,0.0664819930022068,-0.2491105891525295,-0.2595231752591123,1.524954491750987,1.4501708136749782,9,9,9,0.0006124333238229,10,both,-0.010412586106582772
dec7d1a6632a516c,0,1,9,1,1,0.0097562610348436,0.0010820736248998,0.445929481367952,0.5214542100306514,1.524954491750987,1.4501708136749782,1,1,-1,,-1,both,0.07552472866269938
e14c53a47ffc5fe0,0,1,21,1,24,-0.0002950868985615,0.0316712698308277,0.0296806391986259,0.0687828914562368,1.524954491750987,1.4501708136749782,24,24,24,-0.0002950868985615,16,both,0.039102252257610895
e4f303186cdb50b1,0,1,4,1,19,-4.364564421121576e-06,-0.0106259194636003,0.5775398845252647,0.4947385712747407,1.524954491750987,1.4501708136749782,19,19,19,-4.364564421121576e-06,1,both,-0.08280131325052403
e7ee1c000ef85255,0,1,16,1,9,0.0005864605173468,-0.2948319996726645,0.9576161363138076,1.100837437544341,1.524954491750987,1.4501708136749782,9,9,16,0.0007797487317584,11,both,0.14322130123053345
e8a90962974f55d3,0,1,12,1,-1,,,,,1.524954491750987,1.4501708136749782,-1,-1,-1,,-1,no_rsmr_proposal,
ea5915d23f345a29,0,1,6,1,26,-6.736000906726325e-06,-0.0084080489647662,0.6166504403295037,0.5116078402892226,1.524954491750987,1.4501708136749782,26,26,23,-0.0001457369236276,3,both,-0.1050426000402811
ee17abab9d83514f,0,1,4,0,17,-5.260109603405505e-05,0.0288913183522752,0.5437525970255506,0.4540757135792291,1.524954491750987,1.4501708136749782,17,17,17,-5.260109603405505e-05,2,both,-0.08967688344632146
f390221c855a53d1,0,1,17,1,23,0.0001769104883706,-0.4684575654149568,2.2071464694933525,2.379596885587647,1.524954491750987,1.4501708136749782,-1,-1,-1,,-1,neither,0.17245041609429457
f473bc020969511e,0,1,24,1,2,0.002340053756078,0.586123358085808,-1.9772547397502287,-1.9135708488810992,1.524954491750987,1.4501708136749782,2,2,20,0.0024880682087591,14,both,0.06368389086912951
f4ba7c7ca86f5233,0,1,13,1,22,6.64908149863308e-05,0.3643809485454272,-1.236994223943056,-1.0292794832457233,1.524954491750987,1.4501708136749782,22,22,22,6.64908149863308e-05,12,both,0.20771474069733276
f6cbfc9328fd5914,0,1,5,1,15,0.0028377727983173,0.2930491129541862,0.165675483224987,0.3196155336598538,1.524954491750987,1.4501708136749782,15,15,15,0.0028377727983173,4,both,0.15394005043486678
f7cbec94d1ff5621,0,1,3,0,-1,,,,,1.524954491750987,1.4501708136749782,-1,-1,-1,,-1,no_rsmr_proposal,
fa1f7200f4ff5651,0,1,16,0,-1,,,,,1.524954491750987,1.4501708136749782,-1,-1,-1,,-1,no_rsmr_proposal,
fd35b4e54a465e54,0,1,1,0,7,-2.0207331793509424,-0.0312067164200632,0.7768668588803568,0.626607451676041,1.524954491750987,1.4501708136749782,7,7,7,-2.0207331793509424,1,both,-0.15025940720431574
fe98c3c19baf5ea3,0,1,2,1,4,2.128624531634088,1.1899614009213346,-0.3655447469546292,0.0445982132208239,1.524954491750987,1.4501708136749782,4,4,4,2.128624531634088,2,both,0.4101429601754531
00d83b17d1755be3,1,2,7,0,-1,,,,,1.3753623354723037,1.0630220441789249,-1,-1,-1,,-1,no_rsmr_proposal,
02fca515559f520d,1,2,11,1,0,-5.087164717831882e-05,-0.0571059627243951,0.5728095851804318,0.4565591933689009,1.3753623354723037,1.0630220441789249,0,0,0,-5.087164717831882e-05,8,both,-0.1162503918115309
06a937676ff65c69,1,2,17,1,9,-0.0008672325992258,0.0253148520985035,0.0694464890610728,-0.0311282792356374,1.3753623354723037,1.0630220441789249,9,9,-1,,-1,both,-0.10057476829671019
06f2c0171372558e,1,2,14,0,9,-0.0002192424658685,-0.3991278620163533,0.7555425621833376,1.0878224986357667,1.3753623354723037,1.0630220441789249,9,-1,9,-0.0002192424658685,14,obs_only,0.33227993645242915
07f7850e943e5787,1,2,17,1,9,-0.0003208969734609,-0.220118947912145,0.5819343353381422,0.5741878060689372,1.3753623354723037,1.0630220441789249,9,9,-1,,-1,both,-0.007746529269205049
0bd45dc9e3a759c2,1,2,17,1,17,0.000105648253858,-0.1591758376889448,1.003284737358368,0.927273846764095,1.3753623354723037,1.0630220441789249,17,17,17,0.000105648253858,17,both,-0.07601089059427302
0e7c79855e005220,1,2,17,1,3,0.989674308249508,-0.0661055413047129,0.4373793221502171,0.5012863243178391,1.3753623354723037,1.0630220441789249,3,3,3,0.989674308249508,10,both,0.06390700216762207
1139bbb1cfe35d48,1,2,2,1,1,0.0015995440794149,0.5663272850793994,-0.9323641363332348,-1.4622654680789775,1.3753623354723037,1.0630220441789249,1,1,1,0.0015995440794149,2,both,-0.5299013317457427
114a8e53ec3c5e0d,1,2,3,1,-1,,,,,1.3753623354723037,1.0630220441789249,-1,-1,-1,,-1,no_rsmr_proposal,
115efd50328f5ecc,1,2,18,1,-1,,,,,1.3753623354723037,1.0630220441789249,-1,-1,-1,,-1,no_rsmr_proposal,
117049ed19db55a2,1,2,20,1,25,-0.0005033181324601,0.1161465471137372,0.1036721164682323,-0.0243592879897076,1.3753623354723037,1.0630220441789249,25,25,25,-0.0005033181324601,16,both,-0.1280314044579399
14dd0d86a4d353af,1,2,1,0,-1,,,,,1.3753623354723037,1.0630220441789249,-1,-1,-1,,-1,no_rsmr_proposal,
180f81d1ca5c5ee3,1,2,17,1,23,7.068096973794624e-05,-0.0326166389833602,1.0540594881943155,0.8011036824891988,1.3753623354723037,1.0630220441789249,23,23,23,7.068096973794624e-05,10,both,-0.25295580570511667
183eebcd18325090,1,2,12,1,22,-2.6754828193224865e-05,-0.064844738510516,0.8311030048900774,0.6397202842460956,1.3753623354723037,1.0630220441789249,22,22,22,-2.6754828193224865e-05,11,both,-0.19138272064398176
185ce8f5060f5856,1,2,1,0,-1,,,,,1.3753623354723037,1.0630220441789249,-1,-1,-1,,-1,no_rsmr_proposal,
1907423ff64a51eb,1,2,9,1,22,4.7492956556399735e-05,0.0018459272177558,0.6222282356712592,0.3718657934784098,1.3753623354723037,1.0630220441789249,22,22,20,-0.0002998982892371,3,both,-0.25036244219284937
190db336fe0e515f,1,2,4,0,9,-0.000611153855361,-0.2108969584993474,-0.6316998865506437,0.1812513624148533,1.3753623354723037,1.0630220441789249,9,9,9,-0.000611153855361,2,both,0.812951248965497
19b32f02944d51ad,1,2,19,1,20,4.461837168800997e-05,-0.2563131397987655,1.490778847276348,1.4385979679634988,1.3753623354723037,1.0630220441789249,-1,-1,1,-1.28129610792449e-05,13,neither,-0.05218087931284909
1a9e0797610e5da4,1,2,17,1,9,-0.0003152008085511,-0.0658740122679758,0.2661267466937647,0.1826754621052789,1.3753623354723037,1.0630220441789249,9,9,-1,,-1,both,-0.08345128458848577
1bd8ca835d485cd8,1,2,14,1,23,0.0001267136363314,-0.0690922579126709,1.3009881491295303,1.039386949559676,1.3753623354723037,1.0630220441789249,23,23,23,0.0001267136363314,10,both,-0.2616011995698544
1bf5b342d1b052c3,1,2,3,0,11,-0.0001951636242678,-0.1041169038864107,0.9756146917147464,0.8208685898423437,1.3753623354723037,1.0630220441789249,11,11,11,-0.0001951636242678,3,both,-0.15474610187240267
1da0d8dce4485189,1,2,12,0,4,-0.009133773411857,-0.099655657446873,1.4815254695445743,1.1078451321749705,1.3753623354723037,1.0630220441789249,-1,-1,-1,,-1,neither,-0.3736803373696038
1de30d88d7e15d70,1,2,11,1,4,0.0004073154002428,-0.1236010924391027,1.059147472958292,0.8046863972355299,1.3753623354723037,1.0630220441789249,4,4,-1,,-1,both,-0.254461075722762
2154d495b9b657a5,1,2,3,0,6,-1.220322729590535,1.2316480030378394,-1.7742366549806792,-1.257830744027284,1.3753623354723037,1.0630220441789249,6,6,6,-1.220322729590535,2,both,0.5164059109533952
21f2c3689d765b09,1,2,1,1,-1,,,,,1.3753623354723037,1.0630220441789249,-1,-1,-1,,-1,no_rsmr_proposal,
234440ab79d55e59,1,2,18,0,-1,,,,,1.3753623354723037,1.0630220441789249,-1,-1,-1,,-1,no_rsmr_proposal,
26f611f146275818,1,2,17,1,-1,,,,,1.3753623354723037,1.0630220441789249,-1,-1,-1,,-1,no_rsmr_proposal,
291db523bb115ccf,1,2,16,1,24,-8.852075822662897e-05,0.0536874620340906,0.5277380582569702,0.2585305404828431,1.3753623354723037,1.0630220441789249,24,24,24,-8.852075822662897e-05,11,both,-0.2692075177741271
2ababb1ca1ba5637,1,2,17,1,3,0.0001287251278991,0.3360723114084331,-0.77930678620852,-0.7860790695677153,1.3753623354723037,1.0630220441789249,3,3,-1,,-1,both,-0.00677228335919533
2c572f2c1c485fc0,1,2,16,1,-1,,,,,1.3753623354723037,1.0630220441789249,-1,-1,-1,,-1,no_rsmr_proposal,
2d4f708394ef542e,1,2,2,0,-1,,,,,1.3753623354723037,1.0630220441789249,-1,-1,-1,,-1,no_rsmr_proposal,
2d691673d2a75468,1,2,5,1,9,-0.0005493406044321,0.2924483727755438,-0.2494708086814918,-0.724757395435031,1.3753623354723037,1.0630220441789249,9,9,9,-0.0005493406044321,4,both,-0.47528658675353924
3152efff212c51ff,1,2,3,1,1,-0.0102287174349422,0.0997334296360176,0.2751308956572929,0.4071902778355372,1.3753623354723037,1.0630220441789249,1,1,7,0.0018142741702611,2,both,0.1320593821782443
31e5a1e6febd5acb,1,2,12,1,4,0.0022942917462438,-0.1067476282095677,1.7864718945038585,1.368588951338371,1.3753623354723037,1.0630220441789249,-1,-1,-1,,-1,neither,-0.41788294316548735
327d5cdfdd695e7e,1,2,17,1,3,0.0001152485769475,0.0862916754187444,-0.5743812719898955,-0.1881721539534968,1.3753623354723037,1.0630220441789249,3,3,-1,,-1,both,0.38620911803639874
351a31864bda5923,1,2,12,1,9,-0.0003158109522206,-0.1324003190239092,0.4662700411968673,0.4175022633031154,1.3753623354723037,1.0630220441789249,9,9,-1,,-1,both,-0.04876777789375192
39346eef49ad52a6,1,2,16,0,2,-1.8276321345854372,-0.3582938415684839,2.1966081897777525,1.6407478569846132,1.3753623354723037,1.0630220441789249,-1,-1,-1,,-1,neither,-0.5558603327931393
3c6c3ba8c08e581a,1,2,16,1,-1,,,,,1.3753623354723037,1.0630220441789249,-1,-1,-1,,-1,no_rsmr_proposal,
3f0c33142293536e,1,2,11,1,19,0.0,-0.0169318384502467,0.841905454658421,0.6378152132413378,1.3753623354723037,1.0630220441789249,19,19,-1,,-1,both,-0.2040902414170832
42e1302d4d595015,1,2,24,0,23,-3.214230805159701e-05,-0.0982299598810188,0.6400312683144576,0.6607979117168756,1.3753623354723037,1.0630220441789249,23,23,23,-3.214230805159701e-05,5,both,0.020766643402418072
436d539f02525dbf,1,2,9,1,-1,,,,,1.3753623354723037,1.0630220441789249,-1,-1,-1,,-1,no_rsmr_proposal,
441987f47a6f5784,1,2,9,0,-1,,,,,1.3753623354723037,1.0630220441789249,-1,-1,-1,,-1,no_rsmr_proposal,
48fc14e048fb5fe2,1,2,18,1,23,0.0001272183358669,-0.0115973879282838,1.1006993674398384,0.8028054594566062,1.3753623354723037,1.0630220441789249,23,23,23,0.0001272183358669,4,both,-0.29789390798323223
4a475083531f544e,1,2,17,1,5,0.0005351796336472,-0.1856946775658674,1.2424598583127322,0.9799611836289368,1.3753623354723037,1.0630220441789249,5,5,5,0.0005351796336472,14,both,-0.2624986746837954
4aa6a5b42a9d5a1a,1,2,4,0,-1,,,,,1.3753623354723037,1.0630220441789249,-1,-1,-1,,-1,no_rsmr_proposal,
4f8180de60ff5016,1,2,16,1,-1,,,,,1.3753623354723037,1.0630220441789249,-1,-1,-1,,-1,no_rsmr_proposal,
53791dfcfb555d8b,1,2,13,0,-1,,,,,1.3753623354723037,1.0630220441789249,-1,-1,-1,,-1,no_rsmr_proposal,
5787abf0e35d54cf,1,2,12,1,9,-0.0003529437301916,-0.0794828685578064,0.3352878767540558,0.2168577626014382,1.3753623354723037,1.0630220441789249,9,9,9,-0.0003529437301916,6,both,-0.11843011415261762
59b8dea90c1b5499,1,2,17,1,3,0.001022456206428,0.0960765063157282,-0.1991977914080663,-0.0429822698069594,1.3753623354723037,1.0630220441789249,3,3,-1,,-1,both,0.15621552160110688
5f4392860e5752ce,1,2,6,1,24,-0.000464562402782,-0.1892654313859927,0.7831748068271253,0.7928356539596743,1.3753623354723037,1.0630220441789249,24,24,24,-0.000464562402782,5,both,0.009660847132549
5fde760ec9f05c3d,1,2,16,1,22,-0.0001297025804172,0.1484653468974197,-1.6792285554334394,-1.0391950519586066,1.3753623354723037,1.0630220441789249,22,22,22,-0.0001297025804172,13,both,0.6400335034748328
606e5b5125985e1f,1,2,12,1,-1,,,,,1.3753623354723037,1.0630220441789249,-1,-1,-1,,-1,no_rsmr_proposal,
621fb14952d45fbc,1,2,2,0,2,-1.793281329542026,-0.1783517261009002,2.0056258543709,1.0739775757059795,1.3753623354723037,1.0630220441789249,-1,-1,2,-1.793281329542026,2,neither,-0.9316482786649205
64fe109ec6a858ec,1,2,24,1,14,-0.0001836422961903,0.0303958615158134,0.7014955169798182,0.4537441460407002,1.3753623354723037,1.0630220441789249,14,14,14,-0.0001836422961903,19,both,-0.24775137093911798
65f00228b6bc54b5,1,2,17,1,-1,,,,,1.3753623354723037,1.0630220441789249,-1,-1,-1,,-1,no_rsmr_proposal,
65f6f0aad1645746,1,2,15,0,-1,,,,,1.3753623354723037,1.0630220441789249,-1,-1,-1,,-1,no_rsmr_proposal,
68e20734e9415e24,1,2,4,1,9,-8.91803213395187e-05,-0.3240687467169783,1.5634052697512133,1.4749291170727274,1.3753623354723037,1.0630220441789249,-1,-1,9,-8.91803213395187e-05,1,neither,-0.08847615267848585
6988613e2a3557be,1,2,17,1,-1,,,,,1.3753623354723037,1.0630220441789249,-1,-1,-1,,-1,no_rsmr_proposal,
6a860de43c125dbf,1,2,17,1,9,0.0001310493692754,0.1144278750263695,-0.7739278718684668,-0.4815033292183078,1.3753623354723037,1.0630220441789249,9,9,9,0.0001310493692754,10,both,0.292424542650159
6b5577a2a92d5e63,1,2,14,1,4,-4.862848371267603e-05,-0.1939220589793613,1.256519793278962,1.0132124589132436,1.3753623354723037,1.0630220441789249,4,4,-1,,-1,both,-0.2433073343657184
6c95d9b03b7a5944,1,2,6,1,10,-0.0025507494289427,0.0886554381900322,0.0304117475316248,-0.2232709432461986,1.3753623354723037,1.0630220441789249,10,10,-1,,-1,both,-0.2536826907778234
6d5d40bcf2f153a8,1,2,28,1,11,0.0014631343937406,0.1397144800234306,-0.7591822455401964,-0.4126748994596725,1.3753623354723037,1.0630220441789249,11,11,11,0.0014631343937406,21,both,0.3465073460805239
73963278f6eb5002,1,2,10,1,18,0.0,-0.0246932967652138,0.8582034966961356,0.6483303467705293,1.3753623354723037,1.0630220441789249,18,18,18,0.0,9,both,-0.20987314992560635
73cd1e45d87156ee,1,2,18,1,23,0.0003884504090763,0.0303183409829129,-1.0815160717699943,-0.4309094965896828,1.3753623354723037,1.0630220441789249,23,23,22,0.0004529736135152,12,both,0.6506065751803115
742976289d405b0d,1,2,17,0,-1,,,,,1.3753623354723037,1.0630220441789249,-1,-1,-1,,-1,no_rsmr_proposal,
799dcf813dba5d8a,1,2,6,0,4,-0.0031884899966418,-0.8320406858614996,3.132736655730576,3.2055417310390224,1.3753623354723037,1.0630220441789249,-1,-1,4,-0.0031884899966418,5,neither,0.07280507530844638
79a3cfc7d4535d5f,1,2,14,1,25,0.0030683114655256,0.0585975127573548,-0.3061962783319796,-0.0600683770162739,1.3753623354723037,1.0630220441789249,25,25,23,0.0032590139993873,2,both,0.2461279013157057
7a90e31caaa35114,1,2,11,1,23,-0.0002471273148438,0.0534392528905313,0.7760914064265518,0.5159619459167771,1.3753623354723037,1.0630220441789249,23,23,23,-0.0002471273148438,9,both,-0.2601294605097747
7a9a7b86210b5dc4,1,2,17,0,3,-0.0001631911307573,0.0015935217355388,1.5751096668188036,1.193469878830944,1.3753623354723037,1.0630220441789249,-1,-1,3,-0.0001631911307573,14,neither,-0.3816397879878597
7b1eb807d4d95132,1,2,17,0,6,-0.0012438182294368,-0.123959651273221,1.1219268792712915,0.8177067220070855,1.3753623354723037,1.0630220441789249,6,6,6,-0.0012438182294368,9,both,-0.30422015726420604
7b6dfa3d4bc553a9,1,2,15,1,15,0.0,-0.0201149192399834,0.8485895058270693,0.6421276141046834,1.3753623354723037,1.0630220441789249,15,15,15,0.0,4,both,-0.20646189172238583
81195788481d5844,1,2,17,1,-1,,,,,1.3753623354723037,1.0630220441789249,-1,-1,-1,,-1,no_rsmr_proposal,
842b7f0b68fc5245,1,2,16,1,20,1.2322185659539886,0.4257813591848889,0.1557187496397298,-0.5214145027910589,1.3753623354723037,1.0630220441789249,20,20,15,-1.8720254444604123e-05,4,both,-0.6771332524307887
86839ab67df151f2,1,2,9,1,1,7.329354990481818e-05,0.1078063281349089,0.6995520544746646,0.3171953221099303,1.3753623354723037,1.0630220441789249,1,1,19,-8.228848157543212e-05,2,both,-0.38235673236473433
86935537a5e256bd,1,2,3,1,23,-4.216529144323439e-05,-0.1419905837321795,0.9139664165937708,0.757425569069705,1.3753623354723037,1.0630220441789249,23,23,23,-4.216529144323439e-05,3,both,-0.15654084752406572
89ec4c93349d5b58,1,2,25,1,22,-5.431908551845055e-05,0.0886234199096514,-0.9468893897016925,-0.4692340253998972,1.3753623354723037,1.0630220441789249,22,22,22,-5.431908551845055e-05,15,both,0.4776553643017952
8ce184b9fe795518,1,2,12,1,12,0.0,-0.2064090888528929,1.2397827693246442,0.8945167901712551,1.3753623354723037,1.0630220441789249,12,12,12,0.0,11,both,-0.3452659791533891
91dfe4ebf3c25298,1,2,3,0,-1,,,,,1.3753623354723037,1.0630220441789249,-1,-1,-1,,-1,no_rsmr_proposal,
948d834b78515695,1,2,10,1,22,2.8722488693892767e-05,0.0369422035649431,0.8480712282435651,0.6197713184769059,1.3753623354723037,1.0630220441789249,22,22,22,2.8722488693892767e-05,10,both,-0.22829990976665915
9a3e4f2df62b54fa,1,2,14,0,22,-0.000212181274418,-0.1094953194385843,1.138993353696034,0.9061611463922128,1.3753623354723037,1.0630220441789249,22,22,22,-0.000212181274418,10,both,-0.23283220730382115
9ca3798eb199579e,1,2,10,0,23,-7.272584703751916e-05,-0.1455703940711764,0.5989189299781112,0.6413507383264914,1.3753623354723037,1.0630220441789249,23,23,23,-7.272584703751916e-05,10,both,0.04243180834838012
9e4525cb8f5e5fcd,1,2,15,0,-1,,,,,1.3753623354723037,1.0630220441789249,-1,-1,-1,,-1,no_rsmr_proposal,
a08635adfbc45990,1,2,16,1,-1,,,,,1.3753623354723037,1.0630220441789249,-1,-1,-1,,-1,no_rsmr_proposal,
a3fff53e9f375592,1,2,6,1,-1,,,,,1.3753623354723037,1.0630220441789249,-1,-1,-1,,-1,no_rsmr_proposal,
a5836bf6d71f58f2,1,2,17,1,9,0.000861446211487,-0.2595225955288571,0.5698676079053243,0.6017272143250676,1.3753623354723037,1.0630220441789249,9,9,-1,,-1,both,0.03185960641974328
a6bf958e054951f3,1,2,16,0,7,-0.0005569157022051,-0.1994194197274165,1.3592170525484513,1.04617789795543,1.3753623354723037,1.0630220441789249,7,7,-1,,-1,both,-0.31303915459302134
a6e92119ed185a7d,1,2,19,0,-1,,,,,1.3753623354723037,1.0630220441789249,-1,-1,-1,,-1,no_rsmr_proposal,
a7c4607a69e55039,1,2,17,1,23,-0.0001578706935048,-0.0298601904879203,0.9289131716354904,0.7415072759351629,1.3753623354723037,1.0630220441789249,23,23,23,-0.0001578706935048,17,both,-0.1874058957003275
ad9cdad9769f572f,1,2,15,1,10,-8.041050173335229e-05,0.0232989944045375,0.3145585817282184,0.1791643402675648,1.3753623354723037,1.0630220441789249,10,10,10,-8.041050173335229e-05,9,both,-0.13539424146065357
ae75c379fc4f5ac0,1,2,15,1,-1,,,,,1.3753623354723037,1.0630220441789249,-1,-1,-1,,-1,no_rsmr_proposal,
ae93b0cb5f2752c9,1,2,7,1,23,-1.621068492024813e-06,-0.0312873086314224,0.8695812163929254,0.6589340513988788,1.3753623354723037,1.0630220441789249,23,23,23,-1.621068492024813e-06,6,both,-0.21064716499404657
aeb0da156a7b5426,1,2,3,1,21,8.050889065489182e-05,0.217754957241615,0.9082823474025352,0.588381939277062,1.3753623354723037,1.0630220441789249,21,21,21,8.050889065489182e-05,3,both,-0.31990040812547327
b024a29a38815f5d,1,2,10,1,-1,,,,,1.3753623354723037,1.0630220441789249,-1,-1,-1,,-1,no_rsmr_proposal,
b66ea7e3342b533b,1,2,2,0,2,-5.520669647962606e-05,0.0548761420795923,0.1207744538376821,-0.1297263644460163,1.3753623354723037,1.0630220441789249,2,2,-1,,-1,both,-0.2505008182836984
b8091003cbb95da3,1,2,2,1,21,0.0057995361132896,0.113785966119564,0.0933146611193189,0.0616589291751597,1.3753623354723037,1.0630220441789249,21,21,21,0.0057995361132896,1,both,-0.031655731944159195
bc30bddda7655472,1,2,17,1,-1,,,,,1.3753623354723037,1.0630220441789249,-1,-1,-1,,-1,no_rsmr_proposal,
c0eff628bb5d57f2,1,2,5,0,9,-0.0002712661859579,0.3302076052008333,-0.5244966694759756,-0.761454181758018,1.3753623354723037,1.0630220441789249,9,9,2,-0.0003161320409737,2,both,-0.23695751228204243
c2c39f197ef95b97,1,2,25,1,20,5.784040018896874e-05,-0.1393339827361184,0.964198896008368,0.9451890416950212,1.3753623354723037,1.0630220441789249,20,20,-1,,-1,both,-0.019009854313346786
c2ef8af22b6b57fa,1,2,16,1,8,0.0006266896873712,-0.1083592297695845,0.316327721503793,0.2789617397249327,1.3753623354723037,1.0630220441789249,8,8,8,0.0006266896873712,4,both,-0.0373659817788603
c4b429aa06c65c18,1,2,5,1,27,2.0200232751698115,0.5059524391238613,-0.2920167373266842,-0.7645527674318009,1.3753623354723037,1.0630220441789249,27,27,-1,,-1,both,-0.4725360301051167
c5e0107671965987,1,2,13,0,-1,,,,,1.3753623354723037,1.0630220441789249,-1,-1,-1,,-1,no_rsmr_proposal,
c608632e83a659ca,1,2,27,1,-1,,,,,1.3753623354723037,1.0630220441789249,-1,-1,-1,,-1,no_rsmr_proposal,
c9281513f02f50f2,1,2,12,1,23,0.0,-0.0300762360215664,0.869506961422258,0.6556230903198855,1.3753623354723037,1.0630220441789249,23,23,-1,,-1,both,-0.2138838711023725
ca00c31168b252d5,1,2,16,1,-1,,,,,1.3753623354723037,1.0630220441789249,-1,-1,-1,,-1,no_rsmr_proposal,
cf7a886f70be5245,1,2,14,1,20,0.0004713724773375,0.1741603092998106,0.4206398296382145,0.3398569269916928,1.3753623354723037,1.0630220441789249,20,20,20,0.0004713724773375,3,both,-0.08078290264652171
d022d382b3aa5fa1,1,2,10,1,-1,,,,,1.3753623354723037,1.0630220441789249,-1,-1,-1,,-1,no_rsmr_proposal,
d07acbfa3a6e55b0,1,2,17,1,3,-0.0001263671795837,0.1061755438493859,-0.4567717643862097,-0.3875587365973194,1.3753623354723037,1.0630220441789249,3,3,-1,,-1,both,0.06921302778889032
d124fe4c82a0504a,1,2,14,0,-1,,,,,1.3753623354723037,1.0630220441789249,-1,-1,-1,,-1,no_rsmr_proposal,
d22547ad7061548d,1,2,11,1,26,0.0043491496021159,-0.289673765715414,-0.3525464816875943,0.4632962590048595,1.3753623354723037,1.0630220441789249,26,26,26,0.0043491496021159,9,both,0.8158427406924538
d7ed9fbf26d0502e,1,2,14,1,9,-0.000349602394551,0.1963753387517716,-0.0552269498240868,-0.4779086386338199,1.3753623354723037,1.0630220441789249,9,9,9,-0.000349602394551,10,both,-0.42268168880973306
d8a9f79a9b2f5af3,1,2,1,1,22,3.149701463542634,2.2441874980319816,-0.0394818357559519,-0.3834006763790683,1.3753623354723037,1.0630220441789249,22,22,22,3.149701463542634,1,both,-0.3439188406231164
d9b829983ef95e41,1,2,17,0,-1,,,,,1.3753623354723037,1.0630220441789249,-1,-1,-1,,-1,no_rsmr_proposal,
dba43762ec9a571c,1,2,3,0,-1,,,,,1.3753623354723037,1.0630220441789249,-1,-1,-1,,-1,no_rsmr_proposal,
e2becee9277c5811,1,2,18,1,22,0.0001367530750111,0.0126120483013002,-1.0251610696595457,-0.4339434811614391,1.3753623354723037,1.0630220441789249,22,22,22,0.0001367530750111,14,both,0.5912175884981066
e2c31e25cb35514d,1,2,14,1,9,-0.0005410650956444,-0.1521329777757003,0.4778143759942175,0.4811384690074915,1.3753623354723037,1.0630220441789249,9,9,9,-0.0005410650956444,8,both,0.003324093013274021
e7c6e7ca0bf75a88,1,2,17,1,-1,,,,,1.3753623354723037,1.0630220441789249,-1,-1,-1,,-1,no_rsmr_proposal,
e88d31e512eb52aa,1,2,23,1,20,0.0001063138395562,0.1393619250090967,-0.6945790422853515,-0.4496210874393427,1.3753623354723037,1.0630220441789249,20,20,20,0.0001063138395562,14,both,0.2449579548460088
e9922a266cc35210,1,2,1,0,-1,,,,,1.3753623354723037,1.0630220441789249,-1,-1,-1,,-1,no_rsmr_proposal,
ebc361211e395b18,1,2,19,0,-1,,,,,1.3753623354723037,1.0630220441789249,-1,-1,-1,,-1,no_rsmr_proposal,
ebdc46dacb5f53f2,1,2,20,1,21,7.133007049464624e-07,-0.0352077584637942,0.8909935425011397,0.666781811213085,1.3753623354723037,1.0630220441789249,21,21,21,7.133007049464624e-07,6,both,-0.22421173128805472
ec003315c7f8544e,1,2,13,1,7,1.625132601845264,1.36826619915594,-1.9659729346802908,-1.2069549707301452,1.3753623354723037,1.0630220441789249,7,7,7,1.625132601845264,10,both,0.7590179639501455
eeb054ac63575b33,1,2,2,1,-1,,,,,1.3753623354723037,1.0630220441789249,-1,-1,-1,,-1,no_rsmr_proposal,
eef9e53ca3eb51a8,1,2,8,0,2,-1.8450037153049488,-0.4371289088297966,2.5526864764082724,1.743363671440672,1.3753623354723037,1.0630220441789249,-1,-1,-1,,-1,neither,-0.8093228049676005
f19973f839e35f20,1,2,4,1,-1,,,,,1.3753623354723037,1.0630220441789249,-1,-1,-1,,-1,no_rsmr_proposal,
f7050dbcd3c954f3,1,2,6,1,2,1.2324836412908278,-0.0077178657962421,0.8529959565804622,0.6253987144301744,1.3753623354723037,1.0630220441789249,2,2,2,1.2324836412908278,3,both,-0.22759724215028787
f757646a2d865977,1,2,1,0,5,-0.0002396740362047,-0.3076541119903209,1.719362942683138,1.4368947584279577,1.3753623354723037,1.0630220441789249,-1,-1,5,-0.0002396740362047,1,neither,-0.2824681842551804
f80967dcb45f5879,1,2,25,1,25,-8.79884749651616e-05,0.08958731985606,0.6038971383202765,0.5012711179443485,1.3753623354723037,1.0630220441789249,25,25,25,-8.79884749651616e-05,25,both,-0.10262602037592794
f8295ad66d0b502a,1,2,18,1,23,0.0001384854522026,-0.2300898855323784,1.6095822937371285,1.4586473137095075,1.3753623354723037,1.0630220441789249,-1,-1,23,0.0001384854522026,15,neither,-0.15093498002762096
f845609710815b95,1,2,16,1,22,-0.0001336572684111,0.1332707357335204,-1.65879081875801,-0.9974364438512368,1.3753623354723037,1.0630220441789249,22,22,22,-0.0001336572684111,10,both,0.6613543749067733
fc25adef73d35a71,1,2,6,1,9,-0.0005650871805846,-0.4481235631488203,0.971581435143718,1.285974333742192,1.3753623354723037,1.0630220441789249,9,-1,9,-0.0005650871805846,5,obs_only,0.3143928985984741
fefa06851c7f58a7,1,2,7,1,20,-1.232325807697454,-0.082671871445403,0.774867516820411,0.5489292399468255,1.3753623354723037,1.0630220441789249,20,20,20,-1.232325807697454,2,both,-0.22593827687358548
02bb7e4c3012543c,2,3,8,1,-1,,,,,0.7234480540753565,0.8599772979450331,-1,-1,-1,,-1,no_rsmr_proposal,
0612f5d26b32561d,2,3,15,1,-1,,,,,0.7234480540753565,0.8599772979450331,-1,-1,-1,,-1,no_rsmr_proposal,
06f8d2f6dca3537c,2,3,6,0,-1,,,,,0.7234480540753565,0.8599772979450331,-1,-1,-1,,-1,no_rsmr_proposal,
07003d3990e35817,2,3,2,1,-1,,,,,0.7234480540753565,0.8599772979450331,-1,-1,-1,,-1,no_rsmr_proposal,
091cae980d54535d,2,3,17,0,20,-0.0001110662376973,0.1494257415404123,-0.274999953827037,-0.2951686197435717,0.7234480540753565,0.8599772979450331,20,20,20,-0.0001110662376973,13,both,-0.02016866591653471
0938c742dd0159e8,2,3,4,0,-1,,,,,0.7234480540753565,0.8599772979450331,-1,-1,-1,,-1,no_rsmr_proposal,
097a309009705384,2,3,9,1,3,0.0004824268192052,0.05466988842616,1.0015613430805206,0.6259859631711985,0.7234480540753565,0.8599772979450331,-1,3,3,0.0004824268192052,7,siir_only,-0.3755753799093221
0aea8543e71b5712,2,3,15,1,22,0.0,-0.0435978229130641,0.805654315209762,0.5537770869631456,0.7234480540753565,0.8599772979450331,-1,22,-1,,-1,siir_only,-0.2518772282466164
0bb64f8f31ba5310,2,3,17,1,-1,,,,,0.7234480540753565,0.8599772979450331,-1,-1,-1,,-1,no_rsmr_proposal,
0e59b30dfd9d5121,2,3,19,1,21,0.000267652710434,0.2108194701896039,0.7906035826246641,0.1468309781900141,0.7234480540753565,0.8599772979450331,-1,21,21,0.000267652710434,9,siir_only,-0.64377260443465
0f9ba65f3e2e5c1d,2,3,2,0,25,-0.000127998102426,-0.0341082728890654,0.8381000725549499,0.5534038400505211,0.7234480540753565,0.8599772979450331,-1,25,26,-0.000127998102426,1,siir_only,-0.28469623250442877
0fd565e4e40058b8,2,3,15,1,-1,,,,,0.7234480540753565,0.8599772979450331,-1,-1,-1,,-1,no_rsmr_proposal,
105b657c237a5c20,2,3,11,1,-1,,,,,0.7234480540753565,0.8599772979450331,-1,-1,-1,,-1,no_rsmr_proposal,
11aaf0aadcfb5861,2,3,17,0,-1,,,,,0.7234480540753565,0.8599772979450331,-1,-1,-1,,-1,no_rsmr_proposal,
122436b1207258bf,2,3,19,1,2,1.2323318207158476,0.0427376479279812,0.8064974541687255,0.4617467066126937,0.7234480540753565,0.8599772979450331,-1,2,2,1.2323318207158476,9,siir_only,-0.34475074755603186
12db610090455243,2,3,15,1,-1,,,,,0.7234480540753565,0.8599772979450331,-1,-1,-1,,-1,no_rsmr_proposal,
1b2ded48330b5b03,2,3,17,1,5,0.0020229374388232,0.2388780370551723,1.075186458497833,0.3345281922454157,0.7234480540753565,0.8599772979450331,-1,5,-1,,-1,siir_only,-0.7406582662524173
1bd7b3ce5adf5826,2,3,17,1,-1,,,,,0.7234480540753565,0.8599772979450331,-1,-1,-1,,-1,no_rsmr_proposal,
1c3f933be722564d,2,3,2,0,7,-2.020616720138795,-0.0350719883799561,0.8712385151504638,0.5883330421468889,0.7234480540753565,0.8599772979450331,-1,7,7,-2.020616720138795,2,siir_only,-0.28290547300357494
22b187e4a9c25c9b,2,3,14,0,-1,,,,,0.7234480540753565,0.8599772979450331,-1,-1,-1,,-1,no_rsmr_proposal,
2322ed0c8d8e5d5f,2,3,12,1,25,0.0026175350087694,0.4095675119295672,-0.6616487142955597,-0.6888095152873547,0.7234480540753565,0.8599772979450331,25,25,25,0.0026175350087694,8,both,-0.027160800991794964
24e5d608f799503b,2,3,17,1,-1,,,,,0.7234480540753565,0.8599772979450331,-1,-1,-1,,-1,no_rsmr_proposal,
253b0edab17c5d6d,2,3,17,0,-1,,,,,0.7234480540753565,0.8599772979450331,-1,-1,-1,,-1,no_rsmr_proposal,
25708e54a75c59eb,2,3,17,0,-1,,,,,0.7234480540753565,0.8599772979450331,-1,-1,-1,,-1,no_rsmr_proposal,
2709051d421d536a,2,3,26,1,27,-1.0131592304229995e-05,-0.0514230117454756,0.8801192157257632,0.620832636130836,0.7234480540753565,0.8599772979450331,-1,27,27,-1.0131592304229995e-05,25,siir_only,-0.2592865795949273
27d3a84b2d335113,2,3,13,1,0,3.223411133512874e-06,-0.0231387479692501,0.7509132821103544,0.5203746423713141,0.7234480540753565,0.8599772979450331,-1,0,-1,,-1,siir_only,-0.2305386397390402
2bf633d593a957ad,2,3,11,1,-1,,,,,0.7234480540753565,0.8599772979450331,-1,-1,-1,,-1,no_rsmr_proposal,
2cfe30b626795e99,2,3,7,1,10,-0.1894030885848565,0.0409815587390075,0.6303957549320298,0.3306430812084469,0.7234480540753565,0.8599772979450331,10,10,23,0.0022997381277847,3,both,-0.29975267372358294
2d8cf993fd4159e2,2,3,12,1,2,-0.0050927070549839,-0.0134098481700563,-0.0755574790594793,0.0189703406659081,0.7234480540753565,0.8599772979450331,2,2,1,-0.0027953593664744,6,both,0.0945278197253874
2f2543566c675f13,2,3,11,1,1,4.081237241626568e-05,-0.0923533119945606,0.9395698395205728,0.7090498747324468,0.7234480540753565,0.8599772979450331,-1,1,-1,,-1,siir_only,-0.23051996478812598
2fdb08ec2f205723,2,3,17,1,-1,,,,,0.7234480540753565,0.8599772979450331,-1,-1,-1,,-1,no_rsmr_proposal,
321b3f53510c5059,2,3,7,1,-1,,,,,0.7234480540753565,0.8599772979450331,-1,-1,-1,,-1,no_rsmr_proposal,
326079b8c9395f39,2,3,1,0,23,-0.0004300676556301,0.0988328470414249,0.66633077805137,0.2424610278245308,0.7234480540753565,0.8599772979450331,23,23,23,-0.0004300676556301,1,both,-0.42386975022683915
359105de514f5258,2,3,12,1,9,-0.0003807342187269,0.0736800012917898,0.2089827645671897,0.0314528727550479,0.7234480540753565,0.8599772979450331,9,9,9,-0.0003807342187269,10,both,-0.1775298918121418
37c65539bccb5da7,2,3,18,1,19,3.19452974479645e-05,0.193072282153877,-0.4716544604917229,-0.2423848449400807,0.7234480540753565,0.8599772979450331,19,19,18,3.19452974479645e-05,6,both,0.2292696155516422
38eeabce6a485364,2,3,15,1,-1,,,,,0.7234480540753565,0.8599772979450331,-1,-1,-1,,-1,no_rsmr_proposal,
3dae82a193c9501b,2,3,17,0,-1,,,,,0.7234480540753565,0.8599772979450331,-1,-1,-1,,-1,no_rsmr_proposal,
3e07748ebae855b8,2,3,12,1,23,-2.1420662570744223e-05,-0.0577494203254493,0.7519974607954483,0.5570388523751915,0.7234480540753565,0.8599772979450331,-1,23,23,-2.1420662570744223e-05,9,siir_only,-0.1949586084202568
440a7c7dd1395be4,2,3,17,1,22,0.0054980933307104,-0.2279081478394529,-0.2711229383956054,0.501721855009545,0.7234480540753565,0.8599772979450331,22,22,21,0.0055266451776914,3,both,0.7728447934051504
460cfd36104e5450,2,3,16,1,6,-0.0017542777046561,-0.0042694175807937,0.888988665698355,0.494960697102603,0.7234480540753565,0.8599772979450331,-1,6,6,-0.0017542777046561,5,siir_only,-0.394027968595752
46f297276986585b,2,3,4,0,-1,,,,,0.7234480540753565,0.8599772979450331,-1,-1,-1,,-1,no_rsmr_proposal,
470e191769275e16,2,3,9,1,-1,,,,,0.7234480540753565,0.8599772979450331,-1,-1,-1,,-1,no_rsmr_proposal,
4a42412827f55dc1,2,3,16,1,24,0.0,-0.0513179274493684,0.8258794997094208,0.5680461679658881,0.7234480540753565,0.8599772979450331,-1,24,-1,,-1,siir_only,-0.2578333317435326
4d6fb0d27a0f51ce,2,3,7,1,-1,,,,,0.7234480540753565,0.8599772979450331,-1,-1,-1,,-1,no_rsmr_proposal,
549a8da7bb0b5e8a,2,3,2,0,2,-0.9131117959951052,-0.5370150138381814,2.5257228651197736,1.806096811519852,0.7234480540753565,0.8599772979450331,-1,-1,2,-0.9131117959951052,2,neither,-0.7196260535999217
5583fb05984f5685,2,3,17,0,2,-0.0004475013362128,-0.1022166947914539,0.0363430803484439,0.279322643887464,0.7234480540753565,0.8599772979450331,2,2,-1,,-1,both,0.24297956353902006
5740c711ed2d5d2f,2,3,17,1,-1,,,,,0.7234480540753565,0.8599772979450331,-1,-1,-1,,-1,no_rsmr_proposal,
581836f4f4365cc8,2,3,18,1,1,-0.0003538411187793,0.3444261124224858,-1.0364821724164257,-0.7609570188542236,0.7234480540753565,0.8599772979450331,1,1,-1,,-1,both,0.2755251535622021
5aa3112549445a00,2,3,4,0,20,-5.174224078752232e-06,-0.0517044713249428,0.751141745622299,0.5598182982152474,0.7234480540753565,0.8599772979450331,-1,20,20,-5.174224078752232e-06,2,siir_only,-0.19132344740705154
5b06ed05f63a5554,2,3,14,1,3,0.0001472774073248,-0.0235363948810089,1.1529204515926557,0.8191602383867012,0.7234480540753565,0.8599772979450331,-1,3,3,0.0001472774073248,4,siir_only,-0.3337602132059545
5c921b6094c95071,2,3,2,1,-1,,,,,0.7234480540753565,0.8599772979450331,-1,-1,-1,,-1,no_rsmr_proposal,
5da895ba0a415a80,2,3,16,1,6,-0.002026025418937,-0.0299917243444734,0.8911213069192299,0.5239551909809195,0.7234480540753565,0.8599772979450331,-1,6,-1,,-1,siir_only,-0.3671661159383104
5e16781ce6685597,2,3,12,1,9,0.9893989870341496,-0.0285532749102011,0.3203769745559999,0.2673653166790724,0.7234480540753565,0.8599772979450331,9,9,9,0.9893989870341496,12,both,-0.05301165787692752
5f01892cbea95932,2,3,14,0,-1,,,,,0.7234480540753565,0.8599772979450331,-1,-1,-1,,-1,no_rsmr_proposal,
5f9c0089a0a355fe,2,3,1,1,-1,,,,,0.7234480540753565,0.8599772979450331,-1,-1,-1,,-1,no_rsmr_proposal,
60183447caa4548b,2,3,17,1,3,-6.448373179882786e-05,-0.0344750110968554,0.7908591111154546,0.5462685364685619,0.7234480540753565,0.8599772979450331,-1,3,3,-6.448373179882786e-05,10,siir_only,-0.2445905746468927
618892326e0c530e,2,3,24,0,17,-1.1183486133825582e-05,-0.0501558797111304,0.8851868462428943,0.6209978470966899,0.7234480540753565,0.8599772979450331,-1,17,17,-1.1183486133825582e-05,20,siir_only,-0.2641889991462044
628e147a02bf5128,2,3,15,1,2,0.0001771564187642,-0.0967074903075681,0.3610295152758691,0.4052859823723854,0.7234480540753565,0.8599772979450331,2,2,2,0.0001771564187642,7,both,0.044256467096516316
630c3828efa0518a,2,3,17,0,-1,,,,,0.7234480540753565,0.8599772979450331,-1,-1,-1,,-1,no_rsmr_proposal,
63d0c4a8acfa5fc2,2,3,1,0,-1,,,,,0.7234480540753565,0.8599772979450331,-1,-1,-1,,-1,no_rsmr_proposal,
66a39f4cabc85bc4,2,3,14,1,6,-1.1789312648981811,-0.3463201215126725,1.535326355004696,1.2901206699856265,0.7234480540753565,0.8599772979450331,-1,-1,-1,,-1,neither,-0.24520568501906959
683e8d239bf75a5d,2,3,17,1,22,-0.0001595440631732,-0.3793312476715978,1.2762848822364592,1.321672342968736,0.7234480540753565,0.8599772979450331,-1,-1,-1,,-1,neither,0.04538746073227684
684af4044c445d01,2,3,4,1,9,-6.066455971449631e-05,-0.141102250516637,0.4227522558955949,0.5151405248627359,0.7234480540753565,0.8599772979450331,9,9,-1,,-1,both,0.09238826896714097
698c37f393b852d6,2,3,14,0,-1,,,,,0.7234480540753565,0.8599772979450331,-1,-1,-1,,-1,no_rsmr_proposal,
69a069b9a6985aaf,2,3,15,1,7,0.0001744541430845,0.0071697868584541,0.8311582729625594,0.4522980722817103,0.7234480540753565,0.8599772979450331,-1,7,1,0.0012525444069877,1,siir_only,-0.3788602006808491
69f12cf621135ce3,2,3,17,1,-1,,,,,0.7234480540753565,0.8599772979450331,-1,-1,-1,,-1,no_rsmr_proposal,
70b54ac4d8ae56de,2,3,1,1,-1,,,,,0.7234480540753565,0.8599772979450331,-1,-1,-1,,-1,no_rsmr_proposal,
713177596893526a,2,3,23,1,1,0.9896099772717104,0.0815579194153145,-0.1868168524897959,-0.0875328632730403,0.7234480540753565,0.8599772979450331,1,1,1,0.9896099772717104,11,both,0.0992839892167556
71589a780d925ed6,2,3,17,1,3,0.9912868022998796,-0.0981363680702759,0.1976260479285384,0.4124894044319445,0.7234480540753565,0.8599772979450331,3,3,-1,,-1,both,0.21486335650340607
71dfd904537f5299,2,3,6,1,-1,,,,,0.7234480540753565,0.8599772979450331,-1,-1,-1,,-1,no_rsmr_proposal,
72eb13d3a4255179,2,3,1,0,-1,,,,,0.7234480540753565,0.8599772979450331,-1,-1,-1,,-1,no_rsmr_proposal,
75fd8a14d25350e5,2,3,12,1,14,6.06032689663456,1.2047626250886028,-2.029987661415328,-2.633861489363742,0.7234480540753565,0.8599772979450331,14,14,14,6.06032689663456,6,both,-0.6038738279484139
767b810b38de5665,2,3,10,1,-1,,,,,0.7234480540753565,0.8599772979450331,-1,-1,-1,,-1,no_rsmr_proposal,
77e69dcde5805f89,2,3,17,1,-1,,,,,0.7234480540753565,0.8599772979450331,-1,-1,-1,,-1,no_rsmr_proposal,
78dae1caad5656a7,2,3,15,1,17,0.0001282766357064,0.0356693725951559,1.4391399403675436,0.7923568069988636,0.7234480540753565,0.8599772979450331,-1,17,-1,,-1,siir_only,-0.64678313336868
79a429b2a2b450e7,2,3,17,1,3,4.5840236171379445e-05,-0.0771219391589338,0.2615680258248528,0.3536977905956169,0.7234480540753565,0.8599772979450331,3,3,3,4.5840236171379445e-05,10,both,0.09212976477076412
79e0120026c25eed,2,3,2,1,-1,,,,,0.7234480540753565,0.8599772979450331,-1,-1,-1,,-1,no_rsmr_proposal,
7c39359aaa345e52,2,3,11,1,9,0.0004377499253883,-0.1263327363290451,0.6418052957663519,0.5827043893426108,0.7234480540753565,0.8599772979450331,9,9,10,0.0004527891241479,7,both,-0.059100906423741106
7d8759e340975895,2,3,12,1,14,0.0001328599065542,0.047082890552328,0.4627472402838598,0.3223063833448785,0.7234480540753565,0.8599772979450331,14,14,-1,,-1,both,-0.14044085693898128
7ef659e1786d5ef0,2,3,1,0,-1,,,,,0.7234480540753565,0.8599772979450331,-1,-1,-1,,-1,no_rsmr_proposal,
7fc2b30cb72a5d56,2,3,9,0,-1,,,,,0.7234480540753565,0.8599772979450331,-1,-1,-1,,-1,no_rsmr_proposal,
83aa0b7439d45dd8,2,3,5,1,-1,,,,,0.7234480540753565,0.8599772979450331,-1,-1,-1,,-1,no_rsmr_proposal,
8675d815740a5a0b,2,3,22,1,-1,,,,,0.7234480540753565,0.8599772979450331,-1,-1,-1,,-1,no_rsmr_proposal,
8724d825e1c15a99,2,3,18,1,3,0.0005389120473116,-0.1010249997791909,-0.1096749108055785,0.2125186072639131,0.7234480540753565,0.8599772979450331,3,3,-1,,-1,both,0.3221935180694916
884e1c90e87b5fab,2,3,16,1,7,-2.0925029926001974e-05,0.1171642364996372,0.2001770435464543,0.0553947646863951,0.7234480540753565,0.8599772979450331,7,7,7,-2.0925029926001974e-05,12,both,-0.1447822788600592
893f5457b66f5c0a,2,3,4,0,-1,,,,,0.7234480540753565,0.8599772979450331,-1,-1,-1,,-1,no_rsmr_proposal,
8aeb517756f55681,2,3,14,1,15,1.1431345063428466e-05,0.0220633338221364,0.6209831802447161,0.4167599568304112,0.7234480540753565,0.8599772979450331,15,15,15,1.1431345063428466e-05,14,both,-0.20422322341430488
8be5348ca3425c10,2,3,10,0,-1,,,,,0.7234480540753565,0.8599772979450331,-1,-1,-1,,-1,no_rsmr_proposal,
8c1a6d183a275d96,2,3,12,0,-1,,,,,0.7234480540753565,0.8599772979450331,-1,-1,-1,,-1,no_rsmr_proposal,
8f090017c0c45c30,2,3,13,1,2,0.980162891490938,-0.1032765106447792,0.116307423931207,0.2031116023928932,0.7234480540753565,0.8599772979450331,2,2,2,0.980162891490938,10,both,0.0868041784616862
90003a4fe9855d90,2,3,21,1,-1,,,,,0.7234480540753565,0.8599772979450331,-1,-1,-1,,-1,no_rsmr_proposal,
90244d4079fe5582,2,3,13,1,1,0.0010825669911689,0.0702088038138027,0.2330536409882646,0.1505229052872224,0.7234480540753565,0.8599772979450331,1,1,1,0.0010825669911689,11,both,-0.08253073570104219
9070daa02ad0542c,2,3,3,1,-1,,,,,0.7234480540753565,0.8599772979450331,-1,-1,-1,,-1,no_rsmr_proposal,
93ccd00db2005d2d,2,3,17,1,-1,,,,,0.7234480540753565,0.8599772979450331,-1,-1,-1,,-1,no_rsmr_proposal,
9771a60ee60a5d27,2,3,5,0,-1,,,,,0.7234480540753565,0.8599772979450331,-1,-1,-1,,-1,no_rsmr_proposal,
97b8db1dfd4f5fb3,2,3,18,1,-1,,,,,0.7234480540753565,0.8599772979450331,-1,-1,-1,,-1,no_rsmr_proposal,
9c2eb9c5b45f522b,2,3,29,1,25,3.822718737644948e-05,0.0616638445043535,0.5588051859100917,0.341816921864277,0.7234480540753565,0.8599772979450331,25,25,-1,,-1,both,-0.21698826404581467
9d6b57b25d0e5698,2,3,29,1,28,-4.430631548166253e-05,-0.0867368206795293,0.9430304568642064,0.6947969331882943,0.7234480540753565,0.8599772979450331,-1,28,28,-4.430631548166253e-05,17,siir_only,-0.24823352367591212
a1c64a274ecc54b0,2,3,1,1,20,9.327751190868484e-05,-0.0072140393477648,0.9123930917740334,0.5652039357936994,0.7234480540753565,0.8599772979450331,-1,20,20,9.327751190868484e-05,1,siir_only,-0.34718915598033395
a5a77a41a5d4527c,2,3,17,1,2,-0.0001227254013267,-0.0982095746621971,0.6581015512738891,0.5659995097426236,0.7234480540753565,0.8599772979450331,2,2,-1,,-1,both,-0.09210204153126555
a63aaf23916e5f10,2,3,8,1,0,-9.402019237750216e-05,-0.212698461450239,0.8111669499959043,0.821411611199002,0.7234480540753565,0.8599772979450331,-1,0,0,-9.402019237750216e-05,4,siir_only,0.010244661203097638
a71d387393a559d4,2,3,17,1,-1,,,,,0.7234480540753565,0.8599772979450331,-1,-1,-1,,-1,no_rsmr_proposal,
a99fbe3c63d15894,2,3,23,1,21,-3.527703285222117e-05,-0.012535082550414,0.7620098643654487,0.5223613439913851,0.7234480540753565,0.8599772979450331,-1,21,-1,,-1,siir_only,-0.2396485203740636
a9e5024892425a19,2,3,10,1,9,0.1097359060698885,0.1632211288118137,0.4018362701886945,0.1170380555474864,0.7234480540753565,0.8599772979450331,9,9,9,0.1097359060698885,10,both,-0.2847982146412081
aaddf9a720325142,2,3,11,0,-1,,,,,0.7234480540753565,0.8599772979450331,-1,-1,-1,,-1,no_rsmr_proposal,
aaf8a6e715785915,2,3,19,1,21,1.1295703612024257e-05,-0.0248381740987033,0.7698011511550702,0.5286882935544198,0.7234480540753565,0.8599772979450331,-1,21,21,1.1295703612024257e-05,15,siir_only,-0.24111285760065038
ab77602df4a154f7,2,3,11,1,10,-0.0001715479505914,-0.00522376113356,0.6870405600875946,0.4729099322011028,0.7234480540753565,0.8599772979450331,10,10,-1,,-1,both,-0.21413062788649184
ac29e7c780d75eee,2,3,3,0,17,-1.1126175523124004e-06,-0.0503218314946326,0.8117369390665876,0.5643153680398987,0.7234480540753565,0.8599772979450331,-1,17,17,-1.1126175523124004e-06,3,siir_only,-0.24742157102668894
acdcf9be0fc85495,2,3,23,1,13,1.6302977381565595e-05,-0.079968416130478,0.849995794507575,0.6352898703044036,0.7234480540753565,0.8599772979450331,-1,13,13,1.6302977381565595e-05,14,siir_only,-0.21470592420317136
adb358cddcdf5ad4,2,3,17,1,-1,,,,,0.7234480540753565,0.8599772979450331,-1,-1,-1,,-1,no_rsmr_proposal,
ae3f167434e35c78,2,3,4,1,-1,,,,,0.7234480540753565,0.8599772979450331,-1,-1,-1,,-1,no_rsmr_proposal,
ae62df1371af5474,2,3,9,0,-1,,,,,0.7234480540753565,0.8599772979450331,-1,-1,-1,,-1,no_rsmr_proposal,
b003a3bfbdb252e3,2,3,10,1,26,0.9897842141886242,-0.0461772732662533,0.7712429401457085,0.5708516205254759,0.7234480540753565,0.8599772979450331,-1,26,23,-9.41812655888552e-05,1,siir_only,-0.2003913196202326
b4a3828e9a685c84,2,3,1,0,16,0.0,-0.0372104772870941,0.788920701935378,0.5419713462894434,0.7234480540753565,0.8599772979450331,-1,16,16,0.0,1,siir_only,-0.24694935564593457
b86d04e1e9105474,2,3,3,0,-1,,,,,0.7234480540753565,0.8599772979450331,-1,-1,-1,,-1,no_rsmr_proposal,
b9b7f27d456b5e0b,2,3,1,1,-1,,,,,0.7234480540753565,0.8599772979450331,-1,-1,-1,,-1,no_rsmr_proposal,
bb1419c18f39553e,2,3,21,1,22,0.0,-0.0163203631149918,0.7341926329872387,0.5033601163667768,0.7234480540753565,0.8599772979450331,-1,22,22,0.0,9,siir_only,-0.2308325166204619
bd8986c6178e5d2a,2,3,1,0,-1,,,,,0.7234480540753565,0.8599772979450331,-1,-1,-1,,-1,no_rsmr_proposal,
be58ded948ea5c00,2,3,4,0,2,-0.0012929431468249,0.2483975156362294,0.3253349815769498,0.1013858091194859,0.7234480540753565,0.8599772979450331,2,2,2,-0.0012929431468249,3,both,-0.22394917245746387
c1dd6c577b0f573a,2,3,5,0,1,-0.2477531754664172,-0.1610632665448056,1.249487025794836,0.8146752686831609,0.7234480540753565,0.8599772979450331,-1,1,1,-0.2477531754664172,5,siir_only,-0.4348117571116752
c4a7fbc6d1e35668,2,3,6,1,21,1.9843287469431443,0.1460938730443385,0.4050023086787678,0.1791511743113238,0.7234480540753565,0.8599772979450331,21,21,21,1.9843287469431443,4,both,-0.225851134367444
c56712e13eb759f5,2,3,1,0,-1,,,,,0.7234480540753565,0.8599772979450331,-1,-1,-1,,-1,no_rsmr_proposal,
c65275d1d5af5014,2,3,17,0,3,-0.0002589660743251,0.0364179535785702,1.1447560844521767,0.6943914353980357,0.7234480540753565,0.8599772979450331,-1,3,-1,,-1,siir_only,-0.450364649054141
c6eebddd3a955416,2,3,16,0,3,-0.0003261594811454,0.0344462421365067,-0.1375933472390702,0.0083847643223201,0.7234480540753565,0.8599772979450331,3,3,3,-0.0003261594811454,4,both,0.14597811156139032
cd7aee35baa65cec,2,3,16,1,-1,,,,,0.7234480540753565,0.8599772979450331,-1,-1,-1,,-1,no_rsmr_proposal,
d1d6c7f48e6d5708,2,3,15,0,-1,,,,,0.7234480540753565,0.8599772979450331,-1,-1,-1,,-1,no_rsmr_proposal,
d32e31e6812d546f,2,3,9,1,-1,,,,,0.7234480540753565,0.8599772979450331,-1,-1,-1,,-1,no_rsmr_proposal,
d74df20dba705137,2,3,19,1,23,-8.57298430055383e-05,-0.063665995557898,0.696323311052541,0.510550815354035,0.7234480540753565,0.8599772979450331,23,23,-1,,-1,both,-0.18577249569850596
db167c9f01af53f1,2,3,17,0,9,-0.00040012851879,-0.0418389976153052,0.4797570077941792,0.3087810110755786,0.7234480540753565,0.8599772979450331,9,9,-1,,-1,both,-0.1709759967186006
dc6d75a4555c5fd6,2,3,10,1,21,3.0565711064264086e-05,-0.0860645104931839,1.0015678584900047,0.6783944208599688,0.7234480540753565,0.8599772979450331,-1,21,21,3.0565711064264086e-05,10,siir_only,-0.3231734376300359
dd63e7a132215419,2,3,9,1,-1,,,,,0.7234480540753565,0.8599772979450331,-1,-1,-1,,-1,no_rsmr_proposal,
e034837cf84e5081,2,3,8,1,-1,,,,,0.7234480540753565,0.8599772979450331,-1,-1,-1,,-1,no_rsmr_proposal,
e06039dcbccd55a0,2,3,17,1,-1,,,,,0.7234480540753565,0.8599772979450331,-1,-1,-1,,-1,no_rsmr_proposal,
e19f348970f556d2,2,3,5,0,-1,,,,,0.7234480540753565,0.8599772979450331,-1,-1,-1,,-1,no_rsmr_proposal,
e1c764e511515749,2,3,10,1,20,0.0004805833668912,0.5647650668057234,-1.212013132110683,-1.1658433517170517,0.7234480540753565,0.8599772979450331,20,20,20,0.0004805833668912,7,both,0.0461697803936314
e75b5a59035b5493,2,3,9,1,22,1.9060943658999463e-05,-0.1051842502083656,0.9867111956819772,0.7332185977484954,0.7234480540753565,0.8599772979450331,-1,22,22,1.9060943658999463e-05,9,siir_only,-0.2534925979334818
e865980d1e455826,2,3,16,1,-1,,,,,0.7234480540753565,0.8599772979450331,-1,-1,-1,,-1,no_rsmr_proposal,
e86d2d8665685c70,2,3,11,1,-1,,,,,0.7234480540753565,0.8599772979450331,-1,-1,-1,,-1,no_rsmr_proposal,
e9c39cd0c047561f,2,3,29,1,-1,,,,,0.7234480540753565,0.8599772979450331,-1,-1,-1,,-1,no_rsmr_proposal,
ec0f4f7c37615b20,2,3,5,0,2,-0.7737388310596343,-0.5157143662458731,2.1516175005517058,1.7038920981837642,0.7234480540753565,0.8599772979450331,-1,-1,2,-0.7737388310596343,2,neither,-0.44772540236794156
ec57eef8dffd515e,2,3,1,0,-1,,,,,0.7234480540753565,0.8599772979450331,-1,-1,-1,,-1,no_rsmr_proposal,
edf9d12992c9551c,2,3,16,1,13,0.0,-0.0381130042309453,0.7912851484100941,0.5436394882178863,0.7234480540753565,0.8599772979450331,-1,13,0,-8.672538399696287e-06,9,siir_only,-0.2476456601922078
ee1f7084ec1a54cf,2,3,11,0,-1,,,,,0.7234480540753565,0.8599772979450331,-1,-1,-1,,-1,no_rsmr_proposal,
f0a54058d2af5c6c,2,3,16,1,4,0.0006539796369151,-0.130808480364631,0.9899340626554062,0.7621663494506862,0.7234480540753565,0.8599772979450331,-1,4,4,0.0006539796369151,15,siir_only,-0.22776771320472
f125490e18b15e5c,2,3,21,1,19,2.2940688254813324e-05,-0.01236309848267,0.7810839046910276,0.5341526722569925,0.7234480540753565,0.8599772979450331,-1,19,-1,,-1,siir_only,-0.24693123243403514
f1d77af4b7285825,2,3,7,1,9,-0.0001714905660601,0.058728084086133,0.545843631416268,0.3485445422635498,0.7234480540753565,0.8599772979450331,9,9,18,0.9773629931468516,4,both,-0.1972990891527182
f533a754e0245b89,2,3,7,1,10,-0.0028522905766963,-0.0017599535902542,0.6061682940533157,0.3959825455647811,0.7234480540753565,0.8599772979450331,10,10,10,-0.0028522905766963,5,both,-0.21018574848853466
f73c53f115a550d5,2,3,17,1,-1,,,,,0.7234480540753565,0.8599772979450331,-1,-1,-1,,-1,no_rsmr_proposal,
f94f2bcde8345a9a,2,3,3,0,15,0.0,-0.0521806319378804,0.8281396190338142,0.5696407059893202,0.7234480540753565,0.8599772979450331,-1,15,15,0.0,3,siir_only,-0.258498913044494
f9c3f5c430be54aa,2,3,2,1,2,1.5646017807097174,0.142649328373245,0.2401275786452948,0.1722282202590228,0.7234480540753565,0.8599772979450331,2,2,10,-0.0235425155824049,1,both,-0.06789935838627201
fa243f63e0525715,2,3,15,0,-1,,,,,0.7234480540753565,0.8599772979450331,-1,-1,-1,,-1,no_rsmr_proposal,
034da27cd2f75292,3,4,1,0,5,-0.0041440810557571,0.1651909112701809,0.0474225193935309,-0.0380673599223282,0.8328120115304405,0.7657960573676971,5,5,5,-0.0041440810557571,1,both,-0.08548987931585911
0395a156348a5041,3,4,8,1,24,-0.0003903797159903,-0.0483014041548862,0.5348012084831267,0.4375528208141225,0.8328120115304405,0.7657960573676971,24,24,-1,,-1,both,-0.09724838766900423
050392bdc27a5f5c,3,4,1,1,-1,,,,,0.8328120115304405,0.7657960573676971,-1,-1,-1,,-1,no_rsmr_proposal,
054033a129155c88,3,4,9,1,1,3.994131535741196,1.9442904375292829,-2.569680605112726,-2.7430011085924724,0.8328120115304405,0.7657960573676971,1,1,-1,,-1,both,-0.17332050347974626
073ef4e9c6185fdd,3,4,2,1,-1,,,,,0.8328120115304405,0.7657960573676971,-1,-1,-1,,-1,no_rsmr_proposal,
0831e7eae1365d56,3,4,5,1,9,-0.000454077412188,-0.1207873897181924,0.3291920993250655,0.4948275381729412,0.8328120115304405,0.7657960573676971,9,9,9,-0.000454077412188,4,both,0.16563543884787568
09884abf58435aaa,3,4,17,1,9,-0.0006670752685522,-0.0127028913753808,0.2531756275940288,0.3678137170967564,0.8328120115304405,0.7657960573676971,9,9,9,-0.0006670752685522,10,both,0.11463808950272764
09be490c13cb56b6,3,4,19,1,23,-8.767266422510158e-05,-0.0327019901841622,0.5285495358287955,0.4700365079429941,0.8328120115304405,0.7657960573676971,23,23,23,-8.767266422510158e-05,16,both,-0.05851302788580137
0d99f7ef1331585c,3,4,2,0,-1,,,,,0.8328120115304405,0.7657960573676971,-1,-1,-1,,-1,no_rsmr_proposal,
0f6992119fc759c4,3,4,4,1,9,0.9896811794601964,-0.148943968112296,0.8945148376515155,0.8516602538539477,0.8328120115304405,0.7657960573676971,-1,-1,9,0.9896811794601964,4,neither,-0.04285458379756779
1088d47284565808,3,4,5,0,-1,,,,,0.8328120115304405,0.7657960573676971,-1,-1,-1,,-1,no_rsmr_proposal,
10e0d0cf52855491,3,4,9,1,20,-4.381986407098193e-05,-0.055304909569127,0.4660765086518192,0.4123375878815881,0.8328120115304405,0.7657960573676971,20,20,20,-4.381986407098193e-05,8,both,-0.053738920770231124
147b934bc401590e,3,4,18,1,1,0.9893352683567442,0.1407277114483988,0.0408839791009261,0.2181347865732258,0.8328120115304405,0.7657960573676971,1,1,1,0.9893352683567442,17,both,0.1772508074722997
15c64c983b935d86,3,4,5,1,-1,,,,,0.8328120115304405,0.7657960573676971,-1,-1,-1,,-1,no_rsmr_proposal,
174ebef468f65cc9,3,4,15,1,-1,,,,,0.8328120115304405,0.7657960573676971,-1,-1,-1,,-1,no_rsmr_proposal,
188773ba51c15df2,3,4,15,1,3,0.0007397349080302,0.4071150459369146,-0.1246893926630096,-0.1625992321484377,0.8328120115304405,0.7657960573676971,3,3,3,0.0007397349080302,10,both,-0.03790983948542809
1a20ae9ff1e05d25,3,4,16,1,25,-0.0001797868408029,0.3938764981819199,-0.0299935644233634,-0.1207698157354316,0.8328120115304405,0.7657960573676971,25,25,24,-0.0001797868408029,13,both,-0.09077625131206819
1a775b7a88eb5558,3,4,12,1,21,0.0,-0.0425426761245876,0.646914800203969,0.508357155294565,0.8328120115304405,0.7657960573676971,21,21,21,0.0,11,both,-0.13855764490940392
1ae7a63963375f27,3,4,2,1,-1,,,,,0.8328120115304405,0.7657960573676971,-1,-1,-1,,-1,no_rsmr_proposal,
1bd0f4142cdc52f5,3,4,10,1,0,-2.8255283832552547e-06,-0.0422631709699052,0.6196428847603537,0.4922373026160276,0.8328120115304405,0.7657960573676971,0,0,0,-2.8255283832552547e-06,8,both,-0.12740558214432607
1f19613acc175257,3,4,17,0,3,-0.0001153716588855,0.0018682615952324,0.1152192191771882,0.3326782712661084,0.8328120115304405,0.7657960573676971,3,3,3,-0.0001153716588855,16,both,0.2174590520889202
1fad9f3e334d5e4e,3,4,16,0,3,-5.923158902421122e-05,0.0283095887741977,0.1086948633540184,0.3192094606490833,0.8328120115304405,0.7657960573676971,3,3,3,-5.923158902421122e-05,12,both,0.2105145972950649
1fc485893db05d58,3,4,4,0,-1,,,,,0.8328120115304405,0.7657960573676971,-1,-1,-1,,-1,no_rsmr_proposal,
1fd9a12a263556d8,3,4,4,0,-1,,,,,0.8328120115304405,0.7657960573676971,-1,-1,-1,,-1,no_rsmr_proposal,
21870d2397795423,3,4,24,0,20,0.0,0.0185728327371967,0.4263801210275315,0.3315058197350511,0.8328120115304405,0.7657960573676971,20,20,20,0.0,22,both,-0.09487430129248037
258a909f4194587f,3,4,14,1,24,-0.0001065721827559,-0.2016820342729934,0.3797759728402866,0.5313990621417424,0.8328120115304405,0.7657960573676971,24,24,24,-0.0001065721827559,4,both,0.1516230893014558
2777ce9cfe665ad6,3,4,19,1,20,-0.0003108637665398,0.0191627102584283,-0.7557656172782464,-0.0171871178002465,0.8328120115304405,0.7657960573676971,20,20,20,-0.0003108637665398,15,both,0.7385784994779999
2796d5f962875a20,3,4,14,1,9,1.657555662096244e-05,0.1788134620518017,-0.0456480157331061,0.1740599644838458,0.8328120115304405,0.7657960573676971,9,9,9,1.657555662096244e-05,13,both,0.2197079802169519
2840205769d65c01,3,4,1,0,-1,,,,,0.8328120115304405,0.7657960573676971,-1,-1,-1,,-1,no_rsmr_proposal,
28a9f1a2abfe555c,3,4,4,1,0,0.0001118290149955,0.0293449800132425,0.2609928071152954,0.3343709730526188,0.8328120115304405,0.7657960573676971,0,0,0,0.0001118290149955,2,both,0.07337816593732344
2d79aaf4c8d6582e,3,4,9,1,21,0.0,-0.0420391120384691,0.6450976944276253,0.5068999804656477,0.8328120115304405,0.7657960573676971,21,21,21,0.0,9,both,-0.13819771396197766
2e5568e60278518f,3,4,16,1,-1,,,,,0.8328120115304405,0.7657960573676971,-1,-1,-1,,-1,no_rsmr_proposal,
2e91c253ccb958d1,3,4,16,1,3,-6.759409550577411e-05,-0.0378062015133068,0.5871844095212195,0.4866948336894073,0.8328120115304405,0.7657960573676971,3,3,3,-6.759409550577411e-05,11,both,-0.10048957583181223
2f4a06067a6f5d7f,3,4,3,1,-1,,,,,0.8328120115304405,0.7657960573676971,-1,-1,-1,,-1,no_rsmr_proposal,
33cd12f0c4a75e41,3,4,16,1,-1,,,,,0.8328120115304405,0.7657960573676971,-1,-1,-1,,-1,no_rsmr_proposal,
399cc87ac7c55646,3,4,16,1,22,0.0005082323875802,0.1134020897195808,0.0530852948748054,0.1870077799034761,0.8328120115304405,0.7657960573676971,22,22,-1,,-1,both,0.1339224850286707
3acad4250aca5326,3,4,12,1,23,0.0010598421217871,-0.2827513488485201,-0.0565917210149629,0.4439852998173548,0.8328120115304405,0.7657960573676971,23,23,23,0.0010598421217871,12,both,0.5005770208323177
3cd8e7898e005bc4,3,4,8,1,-1,,,,,0.8328120115304405,0.7657960573676971,-1,-1,-1,,-1,no_rsmr_proposal,
3d35dcf889f65305,3,4,14,1,-1,,,,,0.8328120115304405,0.7657960573676971,-1,-1,-1,,-1,no_rsmr_proposal,
3d5f4f15e1f053cd,3,4,4,1,-1,,,,,0.8328120115304405,0.7657960573676971,-1,-1,-1,,-1,no_rsmr_proposal,
3effd9932b505526,3,4,4,1,9,-0.0005002665493637,-0.0219771669152457,0.3409022088790483,0.4364347516029181,0.8328120115304405,0.7657960573676971,9,9,-1,,-1,both,0.0955325427238698
3f51b8b92c3b52cf,3,4,18,1,9,0.0003213510554285,-0.0514168576490472,-0.4814640374970236,0.2025776742278532,0.8328120115304405,0.7657960573676971,9,9,9,0.0003213510554285,18,both,0.6840417117248768
3f68aa4cebd65ce8,3,4,21,1,23,-0.0006958824434317,-0.0522158681040103,0.404224614346687,0.4327625441081971,0.8328120115304405,0.7657960573676971,23,23,-1,,-1,both,0.028537929761510095
40e3009527ee5be5,3,4,16,1,5,0.0004074828368609,0.0183668583994732,0.5277083929992666,0.38214411697244,0.8328120115304405,0.7657960573676971,5,5,5,0.0004074828368609,16,both,-0.14556427602682664
418e74ddfb5f5ca0,3,4,12,0,5,-0.0027785253122454,-0.0306832026767561,0.7481269373437194,0.5205506527941556,0.8328120115304405,0.7657960573676971,5,5,-1,,-1,both,-0.2275762845495638
41fdae5fd40d5324,3,4,19,1,22,-4.641914139513759e-05,-0.048672193996966,0.5012583568686687,0.440838564317688,0.8328120115304405,0.7657960573676971,22,22,22,-4.641914139513759e-05,4,both,-0.06041979255098073
420b77ddd4f052b3,3,4,18,1,-1,,,,,0.8328120115304405,0.7657960573676971,-1,-1,-1,,-1,no_rsmr_proposal,
43f8bc12d54d5cef,3,4,2,1,-1,,,,,0.8328120115304405,0.7657960573676971,-1,-1,-1,,-1,no_rsmr_proposal,
452d348a65ac59f3,3,4,11,1,-1,,,,,0.8328120115304405,0.7657960573676971,-1,-1,-1,,-1,no_rsmr_proposal,
46eb37ed09fc5718,3,4,22,1,-1,,,,,0.8328120115304405,0.7657960573676971,-1,-1,-1,,-1,no_rsmr_proposal,
479da12f5f165e29,3,4,17,1,-1,,,,,0.8328120115304405,0.7657960573676971,-1,-1,-1,,-1,no_rsmr_proposal,
4a35d5b02394561e,3,4,17,1,-1,,,,,0.8328120115304405,0.7657960573676971,-1,-1,-1,,-1,no_rsmr_proposal,
4a90f1c8ef895e13,3,4,12,1,2,-0.0002851558105612,0.0258335050834959,0.3417548185635605,0.3471691670654255,0.8328120115304405,0.7657960573676971,2,2,2,-0.0002851558105612,12,both,0.005414348501865007
4cf854e9eadf5084,3,4,2,1,-1,,,,,0.8328120115304405,0.7657960573676971,-1,-1,-1,,-1,no_rsmr_proposal,
4d6b64ad777d51e8,3,4,8,1,9,-0.0003549737431109,-0.2938352189020446,0.4664985299631657,0.6935810255689779,0.8328120115304405,0.7657960573676971,9,9,-1,,-1,both,0.22708249560581223
4db8527b43a95f0d,3,4,17,0,11,-0.0003200179014353,0.2814412173080084,-0.3483839103976233,-0.0905920915414863,0.8328120115304405,0.7657960573676971,11,11,11,-0.0003200179014353,11,both,0.257791818856137
4f1e4809df7255cd,3,4,3,1,9,-0.0004685123638249,-0.2735287382233304,0.5344011345223079,0.715056633199096,0.8328120115304405,0.7657960573676971,9,9,9,-0.0004685123638249,1,both,0.1806554986767881
4f48d8ce00c3509c,3,4,16,1,6,0.0004191477632149,0.024555362569596,0.519331827185881,0.3733483313358686,0.8328120115304405,0.7657960573676971,6,6,6,0.0004191477632149,13,both,-0.1459834958500124
4f547ba1d6e953b1,3,4,17,0,3,-4.712445205079519e-05,-0.1011881921978852,0.2258084922685481,0.4851815342917452,0.8328120115304405,0.7657960573676971,3,3,9,-0.0005120960686815,8,both,0.2593730420231971
538923756bab555f,3,4,17,1,9,0.0007085304721989,0.0327422044727329,-0.2177264767385475,0.1262251662101087,0.8328120115304405,0.7657960573676971,9,9,-1,,-1,both,0.3439516429486562
538f3eb865185615,3,4,26,0,19,-9.282299746971034e-05,-0.0960660799281957,0.1024016829883617,0.3914873972525919,0.8328120115304405,0.7657960573676971,19,19,19,-9.282299746971034e-05,21,both,0.2890857142642302
54059bb6b643525f,3,4,11,1,24,-0.0005095285788178,-0.2425052803750876,0.727735842998306,0.7226978612687024,0.8328120115304405,0.7657960573676971,24,24,-1,,-1,both,-0.005037981729603569
56e384e4189f536f,3,4,19,1,3,-1.771524733840124e-05,0.1587822229519835,0.118882876349818,0.1555864785857739,0.8328120115304405,0.7657960573676971,3,3,3,-1.771524733840124e-05,18,both,0.036703602235955896
57a59636cde25b02,3,4,10,1,2,1.5957976206366964,0.8952275544689396,-0.0443601723401865,-0.4976891609833648,0.8328120115304405,0.7657960573676971,2,2,2,1.5957976206366964,2,both,-0.4533289886431783
588dbd820a135056,3,4,6,1,3,0.0005023064074397,0.0282642968667531,0.1917775762550206,0.3021025205506825,0.8328120115304405,0.7657960573676971,3,3,3,0.0005023064074397,1,both,0.11032494429566189
5979437fa70f5fd8,3,4,2,0,9,-0.0001650322461967,0.3200829745790849,0.3349677397965949,0.1638674426608508,0.8328120115304405,0.7657960573676971,9,9,-1,,-1,both,-0.1711002971357441
59d1bd367a965623,3,4,19,1,9,0.0002097983349114,0.1156810199064478,-0.0904227296885672,0.1762959055862872,0.8328120115304405,0.7657960573676971,9,9,9,0.0002097983349114,10,both,0.2667186352748544
5a0bd184100f54d5,3,4,3,1,-1,,,,,0.8328120115304405,0.7657960573676971,-1,-1,-1,,-1,no_rsmr_proposal,
5a67404157535f5b,3,4,1,0,-1,,,,,0.8328120115304405,0.7657960573676971,-1,-1,-1,,-1,no_rsmr_proposal,
5c0a063437415679,3,4,6,1,-1,,,,,0.8328120115304405,0.7657960573676971,-1,-1,-1,,-1,no_rsmr_proposal,
5d00c83bfb0c508d,3,4,12,1,-1,,,,,0.8328120115304405,0.7657960573676971,-1,-1,-1,,-1,no_rsmr_proposal,
5db6ae467e8f530f,3,4,1,0,-1,,,,,0.8328120115304405,0.7657960573676971,-1,-1,-1,,-1,no_rsmr_proposal,
5e6ab34948a9514f,3,4,15,1,2,0.0020171442691236,0.0624641288117628,0.1032630529393901,0.1744547821057669,0.8328120115304405,0.7657960573676971,2,2,2,0.0020171442691236,14,both,0.0711917291663768
5f60684cc6045646,3,4,17,1,2,-0.9895701892308892,-0.0773325704312415,0.1759932378016719,0.3909355616594422,0.8328120115304405,0.7657960573676971,2,2,2,-0.9895701892308892,8,both,0.21494232385777032
6004adf688695a08,3,4,17,0,9,-0.0001960927274078,0.2712641819397833,-0.3783951366492806,-0.07329872755381,0.8328120115304405,0.7657960573676971,9,9,-1,,-1,both,0.3050964090954706
633d93f8f6bc51b5,3,4,5,0,-1,,,,,0.8328120115304405,0.7657960573676971,-1,-1,-1,,-1,no_rsmr_proposal,
63464806708f5d70,3,4,3,1,-1,,,,,0.8328120115304405,0.7657960573676971,-1,-1,-1,,-1,no_rsmr_proposal,
637d23f7438f50f6,3,4,17,1,9,0.0003521821435541,-0.1594010506649382,0.2613971675469371,0.4829918670875651,0.8328120115304405,0.7657960573676971,9,9,9,0.0003521821435541,8,both,0.221594699540628
667054412512521b,3,4,11,0,9,-0.0001064360320568,0.0148948270774798,0.2802843904243109,0.3532517407434057,0.8328120115304405,0.7657960573676971,9,9,9,-0.0001064360320568,3,both,0.07296735031909479
67a57ae417045162,3,4,4,0,-1,,,,,0.8328120115304405,0.7657960573676971,-1,-1,-1,,-1,no_rsmr_proposal,
6a35a43b5e295b97,3,4,16,1,3,9.041018076239028e-05,0.0437564024968777,0.0556183529548278,0.2747295739449361,0.8328120115304405,0.7657960573676971,3,3,3,9.041018076239028e-05,12,both,0.21911122099010827
6ed7b0d3fc715d28,3,4,11,1,8,0.0009856917359167,0.1164480421054698,0.6594090728266859,0.4016525672827321,0.8328120115304405,0.7657960573676971,8,8,16,0.0007341183223061,2,both,-0.25775650554395385
6f319806306450c0,3,4,17,0,9,-0.0001257457367667,-0.3342559428032155,0.2561767952383914,0.6157513520830693,0.8328120115304405,0.7657960573676971,9,9,-1,,-1,both,0.35957455684467793
7476e5ad4711587f,3,4,9,0,3,-9.649557229707284e-05,0.4541163354213056,0.0569841138407447,-0.1071937061825186,0.8328120115304405,0.7657960573676971,3,3,3,-9.649557229707284e-05,9,both,-0.1641778200232633
74bb5ba3f6a75df3,3,4,8,1,-1,,,,,0.8328120115304405,0.7657960573676971,-1,-1,-1,,-1,no_rsmr_proposal,
77d52cd328e05b79,3,4,6,0,12,-0.0012133296082392,-0.0783591639150216,0.2160629113270674,0.3926852748920055,0.8328120115304405,0.7657960573676971,12,12,12,-0.0012133296082392,5,both,0.1766223635649381
78a96b59eca751e7,3,4,16,1,5,0.0035972677305342,-0.0902962711511961,0.7629832441196301,0.5329805444959178,0.8328120115304405,0.7657960573676971,5,5,-1,,-1,both,-0.23000269962371234
7c467941fb3d5524,3,4,11,1,19,0.0,-0.0422588933099736,0.6458907728639001,0.5075359665209129,0.8328120115304405,0.7657960573676971,19,19,-1,,-1,both,-0.13835480634298714
7defa49de9415496,3,4,5,1,9,-0.000493478185098,-0.3581448089021005,0.4717968411612873,0.7491942101960436,0.8328120115304405,0.7657960573676971,9,9,9,-0.000493478185098,5,both,0.2773973690347563
7f9f132592f45a84,3,4,25,0,14,-0.0006534868726856,0.3873145793644569,-0.8631435440489612,-0.3556559599789997,0.8328120115304405,0.7657960573676971,14,14,14,-0.0006534868726856,14,both,0.5074875840699615
7fb1a51c02db514e,3,4,18,1,-1,,,,,0.8328120115304405,0.7657960573676971,-1,-1,-1,,-1,no_rsmr_proposal,
82bcaf16eea459db,3,4,24,1,1,-0.0001157444000244,-0.1484811139064127,0.8446742765637254,0.8216581011157307,0.8328120115304405,0.7657960573676971,-1,-1,1,-0.0001157444000244,23,neither,-0.023016175447994724
8515fe3938815bd1,3,4,17,0,9,-0.0001239293869381,-0.0446415408871773,0.0354807785294334,0.2761323866635473,0.8328120115304405,0.7657960573676971,9,9,9,-0.0001239293869381,16,both,0.24065160813411388
855d4a2e69115db2,3,4,1,0,-1,,,,,0.8328120115304405,0.7657960573676971,-1,-1,-1,,-1,no_rsmr_proposal,
86abbd3f53575fd5,3,4,17,1,9,1.9791943842181936,0.131224033286681,-0.09936781811485,0.0598233677306143,0.8328120115304405,0.7657960573676971,9,9,9,1.9791943842181936,14,both,0.1591911858454643
86f569f804fb5848,3,4,8,1,-1,,,,,0.8328120115304405,0.7657960573676971,-1,-1,-1,,-1,no_rsmr_proposal,
87237d7e0ff25ebb,3,4,1,0,-1,,,,,0.8328120115304405,0.7657960573676971,-1,-1,-1,,-1,no_rsmr_proposal,
899c5ed91b8c5beb,3,4,17,1,-1,,,,,0.8328120115304405,0.7657960573676971,-1,-1,-1,,-1,no_rsmr_proposal,
8ad88f000c1750a0,3,4,17,1,9,-0.0005808805376524,0.1681946509250741,0.145152492644191,0.1779815897512665,0.8328120115304405,0.7657960573676971,9,9,9,-0.0005808805376524,11,both,0.03282909710707549
8eb1c196434e51ec,3,4,10,1,-1,,,,,0.8328120115304405,0.7657960573676971,-1,-1,-1,,-1,no_rsmr_proposal,
925cbce83b0c5797,3,4,16,1,-1,,,,,0.8328120115304405,0.7657960573676971,-1,-1,-1,,-1,no_rsmr_proposal,
949849ded44f514f,3,4,5,1,-1,,,,,0.8328120115304405,0.7657960573676971,-1,-1,-1,,-1,no_rsmr_proposal,
95e1e30a438d52cd,3,4,6,1,-1,,,,,0.8328120115304405,0.7657960573676971,-1,-1,-1,,-1,no_rsmr_proposal,
9857fe6079dc5b65,3,4,16,1,9,0.0003742047014063,0.0704735290867778,0.0936677394405449,0.1595981531736307,0.8328120115304405,0.7657960573676971,9,9,9,0.0003742047014063,14,both,0.06593041373308581
986b52e5fc685833,3,4,17,1,25,-0.0001533661117778,0.2589050583935932,0.1387954912625117,0.0817385464243063,0.8328120115304405,0.7657960573676971,25,25,25,-0.0001533661117778,13,both,-0.057056944838205406
98dbc922be205d29,3,4,16,1,26,0.0002245069518684,0.3136318732769142,-0.6358221056702777,-0.2769966060327199,0.8328120115304405,0.7657960573676971,26,26,24,0.0002248017042876,5,both,0.35882549963755783
9a807a00fda657be,3,4,4,1,9,-7.209880230948321e-05,-0.0825129775465672,0.1904378549994682,0.3892942469892843,0.8328120115304405,0.7657960573676971,9,9,9,-7.209880230948321e-05,1,both,0.19885639198981608
9bcb80a60af853a2,3,4,12,1,12,-0.0004041901597287,-0.1594361409480962,0.3439300167392078,0.5002815525570079,0.8328120115304405,0.7657960573676971,12,12,12,-0.0004041901597287,3,both,0.1563515358178001
9c0c9727fc975d7a,3,4,4,1,-1,,,,,0.8328120115304405,0.7657960573676971,-1,-1,-1,,-1,no_rsmr_proposal,
9c5700ab41865a07,3,4,12,1,1,-0.000125082693994,-0.1876905236661634,0.7668663992407088,0.6849461397018896,0.8328120115304405,0.7657960573676971,1,1,1,-0.000125082693994,9,both,-0.0819202595388192
9d81a9a1677354a1,3,4,10,1,26,-0.000407588063553,0.0391193606675775,0.4170711101780786,0.2970054108015417,0.8328120115304405,0.7657960573676971,26,26,26,-0.000407588063553,8,both,-0.12006569937653688
9f32f8bd95195212,3,4,4,0,26,-0.0002767197914421,-0.0502795018239788,0.6350481292133997,0.500905374060192,0.8328120115304405,0.7657960573676971,26,26,26,-0.0002767197914421,4,both,-0.13414275515320773
a0cbabab4b2c5345,3,4,17,1,-1,,,,,0.8328120115304405,0.7657960573676971,-1,-1,-1,,-1,no_rsmr_proposal,
a2326fd4694d5191,3,4,2,0,9,-0.0003037672139702,0.1587571020993131,0.2143605662591662,0.207046975711723,0.8328120115304405,0.7657960573676971,9,9,9,-0.0003037672139702,1,both,-0.007313590547443183
a370a9747c5e599b,3,4,8,1,1,-1.0564851760864276e-05,-0.0405145151258439,0.5926575404880791,0.503704463708372,0.8328120115304405,0.7657960573676971,1,1,9,8.288145065307614e-05,3,both,-0.0889530767797071
a74ab03d0fb05d72,3,4,12,0,-1,,,,,0.8328120115304405,0.7657960573676971,-1,-1,-1,,-1,no_rsmr_proposal,
a849c65f124e5af0,3,4,21,1,-1,,,,,0.8328120115304405,0.7657960573676971,-1,-1,-1,,-1,no_rsmr_proposal,
aa05025b9a815254,3,4,9,1,-1,,,,,0.8328120115304405,0.7657960573676971,-1,-1,-1,,-1,no_rsmr_proposal,
ac768eabfa5c5725,3,4,12,0,9,-9.121100050396568e-05,-0.0023898749903372,0.2016533925789653,0.3146314674310396,0.8328120115304405,0.7657960573676971,9,9,9,-9.121100050396568e-05,2,both,0.11297807485207428
ad963f2915a657a4,3,4,18,1,9,0.0004896600965409,-0.0167513190577715,-0.5556677552318627,0.1410584972375187,0.8328120115304405,0.7657960573676971,9,9,9,0.0004896600965409,15,both,0.6967262524693815
ae1909ec83115e90,3,4,2,1,9,-0.0003600291313676,0.1408259995605063,0.1866887205820301,0.2168341595932716,0.8328120115304405,0.7657960573676971,9,9,9,-0.0003600291313676,2,both,0.030145439011241504
b0b57e6ca331564e,3,4,12,1,24,0.0,0.0023408636038411,0.4849530131116355,0.3784766373467776,0.8328120115304405,0.7657960573676971,24,24,-1,,-1,both,-0.10647637576485791
b0f9569dfe425d61,3,4,9,0,-1,,,,,0.8328120115304405,0.7657960573676971,-1,-1,-1,,-1,no_rsmr_proposal,
b183aa1eebac52fc,3,4,17,1,7,0.0001314637799514,0.1422744035609997,0.4476607162558217,0.2284721970373994,0.8328120115304405,0.7657960573676971,7,7,7,0.0001314637799514,15,both,-0.2191885192184223
b4c84a922cb957a8,3,4,19,1,22,-0.000144931913248,-0.0909860339725339,0.4445897952965614,0.5183575900519019,0.8328120115304405,0.7657960573676971,22,22,-1,,-1,both,0.07376779475534045
b66edb8535dd5ec1,3,4,11,1,11,-0.0002485304828732,-0.0661345096933321,0.453116858193181,0.5069297975634885,0.8328120115304405,0.7657960573676971,11,11,-1,,-1,both,0.053812939370307566
b8c14f4001735d94,3,4,1,0,7,-0.0021207949011702,0.000843885401986,0.7681701795114688,0.5240422187722726,0.8328120115304405,0.7657960573676971,7,7,7,-0.0021207949011702,1,both,-0.24412796073919618
ba95a132236555b4,3,4,9,0,25,-0.0004200205574278,-0.0783356312480599,0.2160487688330642,0.3481127496830147,0.8328120115304405,0.7657960573676971,25,25,25,-0.0004200205574278,9,both,0.1320639808499505
baef81dee84a5ff1,3,4,7,0,9,-0.0007031749175715,-0.0205906004806082,0.3973191191622369,0.4447894130253924,0.8328120115304405,0.7657960573676971,9,9,9,-0.0007031749175715,5,both,0.04747029386315549
bb77e9686029538d,3,4,18,1,22,0.0002012102944777,0.0529978870632186,-0.4216418861962409,0.0979511635248118,0.8328120115304405,0.7657960573676971,22,22,-1,,-1,both,0.5195930497210527
bc346dea1bcd5cc3,3,4,29,1,28,-9.483449810643307e-05,0.3586003252223463,0.6036914154461906,0.2353020197024222,0.8328120115304405,0.7657960573676971,28,28,28,-9.483449810643307e-05,13,both,-0.36838939574376844
bc50e785e5cf5d5e,3,4,14,0,3,-0.0001464746225625,0.0488922713033883,0.1539475700062693,0.333014366803708,0.8328120115304405,0.7657960573676971,3,3,3,-0.0001464746225625,3,both,0.1790667967974387
bce79a86a0b75d48,3,4,3,0,20,-0.9901073702458292,-0.1690762174228106,0.4938849272958615,0.5625772139975493,0.8328120115304405,0.7657960573676971,20,20,20,-0.9901073702458292,2,both,0.06869228670168787
bd29c544e8035592,3,4,2,1,-1,,,,,0.8328120115304405,0.7657960573676971,-1,-1,-1,,-1,no_rsmr_proposal,
be3f5af9cebd56a0,3,4,7,1,8,7.009943267322072e-05,-0.1840456584555988,0.5422135873240073,0.6194206929671301,0.8328120115304405,0.7657960573676971,8,8,8,7.009943267322072e-05,7,both,0.07720710564312283
be7fe135f5665966,3,4,7,1,0,0.0062542543325573,-0.0203761068810877,-0.4172625495142686,-0.0215732349226984,0.8328120115304405,0.7657960573676971,0,0,-1,,-1,both,0.3956893145915702
bef88a7c044b5ebe,3,4,29,1,18,0.0008987352035938,-0.0591822655868459,-0.3420121551995312,0.1956951050812243,0.8328120115304405,0.7657960573676971,18,18,18,0.0008987352035938,15,both,0.5377072602807556
c0426fcae01a50cf,3,4,17,1,-1,,,,,0.8328120115304405,0.7657960573676971,-1,-1,-1,,-1,no_rsmr_proposal,
c075c65bf21d5842,3,4,14,1,9,-0.0004111885782156,-0.4706870036351556,0.21592754740651,0.7043872961618993,0.8328120115304405,0.7657960573676971,9,9,-1,,-1,both,0.48845974875538933
c0815ea46b825526,3,4,12,0,-1,,,,,0.8328120115304405,0.7657960573676971,-1,-1,-1,,-1,no_rsmr_proposal,
c34206b68ee6576f,3,4,11,1,1,-4.7573717791848935e-06,-0.0104318075885301,0.5274910759638255,0.4143467515162928,0.8328120115304405,0.7657960573676971,1,1,24,0.0,4,both,-0.1131443244475327
c7bff0705f645b30,3,4,12,1,3,-1.2310663021650163,-0.0817402290522079,-0.4861656670733789,0.2068212532281218,0.8328120115304405,0.7657960573676971,3,3,3,-1.2310663021650163,10,both,0.6929869203015007
ccb8e05950fc5fca,3,4,19,1,23,-0.000183020631969,0.2824476867963611,0.035590260200823,-0.0072595382947177,0.8328120115304405,0.7657960573676971,23,23,23,-0.000183020631969,12,both,-0.0428497984955407
ce41992a83845d8a,3,4,20,1,-1,,,,,0.8328120115304405,0.7657960573676971,-1,-1,-1,,-1,no_rsmr_proposal,
cfdc02dc40405e6f,3,4,2,1,9,2.019834518898582,0.2756395778829426,0.4984286721633907,0.1867594936200357,0.8328120115304405,0.7657960573676971,9,9,9,2.019834518898582,2,both,-0.311669178543355
d1f387a440e25adc,3,4,17,1,26,-0.0001685254469512,0.0801497331170263,0.281537706855171,0.2453612169826396,0.8328120115304405,0.7657960573676971,26,26,-1,,-1,both,-0.03617648987253139
d1faaed55b75587c,3,4,2,0,-1,,,,,0.8328120115304405,0.7657960573676971,-1,-1,-1,,-1,no_rsmr_proposal,
d97f7fc3e5a35f1e,3,4,16,1,-1,,,,,0.8328120115304405,0.7657960573676971,-1,-1,-1,,-1,no_rsmr_proposal,
de3c0c52e7815332,3,4,1,1,22,3.1496425274491777,2.727170181240657,-7.332774231667599,-6.858437799534924,0.8328120115304405,0.7657960573676971,22,22,22,3.1496425274491777,1,both,0.4743364321326746
de432d7c6c6e57a6,3,4,2,0,-1,,,,,0.8328120115304405,0.7657960573676971,-1,-1,-1,,-1,no_rsmr_proposal,
e06dab45945a571c,3,4,17,1,-1,,,,,0.8328120115304405,0.7657960573676971,-1,-1,-1,,-1,no_rsmr_proposal,
e2022a0506df54c7,3,4,11,1,15,0.0,-0.1654425325377825,1.0903976560239286,0.8639952601150739,0.8328120115304405,0.7657960573676971,-1,-1,15,0.0,8,neither,-0.2264023959088547
e516f368a8fb5a16,3,4,3,1,11,-0.0004473697791341,-0.3791546904289177,0.6130156788468162,0.849314777850143,0.8328120115304405,0.7657960573676971,11,-1,11,-0.0004473697791341,2,obs_only,0.2362990990033268
e8b724310f7054d0,3,4,17,1,-1,,,,,0.8328120115304405,0.7657960573676971,-1,-1,-1,,-1,no_rsmr_proposal,
ed9b2d124d9d5f5d,3,4,16,1,-1,,,,,0.8328120115304405,0.7657960573676971,-1,-1,-1,,-1,no_rsmr_proposal,
ee0f338b4ebe5cb4,3,4,6,1,-1,,,,,0.8328120115304405,0.7657960573676971,-1,-1,-1,,-1,no_rsmr_proposal,
efc9ce296b1955e3,3,4,12,1,25,0.0001197258479893,0.171836389131803,0.2188248845278991,0.1897894421857442,0.8328120115304405,0.7657960573676971,25,25,26,0.0001197258479893,7,both,-0.02903544234215491
f26eb5a6f93c50b4,3,4,16,1,17,0.0022419899821281,0.4385290592061916,-0.7536145415650131,-0.3133404253781807,0.8328120115304405,0.7657960573676971,17,17,3,0.0022419899821281,7,both,0.4402741161868324
f28c5026aff854cb,3,4,26,1,22,0.92972289563152,0.3031951935540026,0.2422714890617865,0.1490775210505646,0.8328120115304405,0.7657960573676971,22,22,-1,,-1,both,-0.0931939680112219
f2a1763371075e21,3,4,14,0,-1,,,,,0.8328120115304405,0.7657960573676971,-1,-1,-1,,-1,no_rsmr_proposal,
f462fca7c1f8594c,3,4,5,1,20,-7.948029409162718e-05,-0.0730161519345322,0.6250951287859104,0.5486268550201676,0.8328120115304405,0.7657960573676971,20,20,20,-7.948029409162718e-05,3,both,-0.07646827376574283
f5b6478d00565e99,3,4,2,1,-1,,,,,0.8328120115304405,0.7657960573676971,-1,-1,-1,,-1,no_rsmr_proposal,
f88a28f7b54555ea,3,4,30,1,18,0.0006765377013073,-0.6535997595856726,0.5888465403033384,1.138657637021068,0.8328120115304405,0.7657960573676971,18,-1,18,0.0006765377013073,28,obs_only,0.5498110967177295
f997536112085ece,3,4,17,1,24,-8.260559672490508e-05,0.0921324760649729,0.4663568581285355,0.3348065637264085,0.8328120115304405,0.7657960573676971,24,24,26,-0.0007385662578047,3,both,-0.131550294402127
faf0ce0d2dc95076,3,4,7,1,-1,,,,,0.8328120115304405,0.7657960573676971,-1,-1,-1,,-1,no_rsmr_proposal,
faf6056c372e54f2,3,4,8,1,2,1.246183863767609,-0.2210259943528276,0.3444376204542808,0.603721385013555,0.8328120115304405,0.7657960573676971,2,2,2,1.246183863767609,8,both,0.2592837645592742
faf93d61f8bd5238,3,4,18,0,24,-9.455366143940049e-05,-0.1368675912823443,0.6637621656416379,0.5899775841711477,0.8328120115304405,0.7657960573676971,24,24,24,-9.455366143940049e-05,16,both,-0.07378458147049027
fb0869a379e05f37,3,4,14,1,21,-0.0005006849899888,-0.0827069355103985,0.4699744917761929,0.5190282228173204,0.8328120115304405,0.7657960573676971,21,21,-1,,-1,both,0.049053731041127535
fe394302690d5074,3,4,16,1,-1,,,,,0.8328120115304405,0.7657960573676971,-1,-1,-1,,-1,no_rsmr_proposal,
fee89379e3375727,3,4,17,1,2,0.0002513909440491,0.2589865417652409,-0.781919364956824,-0.2363106158296253,0.8328120115304405,0.7657960573676971,2,2,2,0.0002513909440491,13,both,0.5456087491271987
00f4aedf9b3c5f65,4,0,16,1,21,3.5336512327194085e-05,-0.0265106778959192,0.4182534203308515,0.3209808758636135,0.3575485754818708,0.353850110343959,-1,21,-1,,-1,siir_only,-0.09727254446723799
023f35fd45755497,4,0,11,1,-1,,,,,0.3575485754818708,0.353850110343959,-1,-1,-1,,-1,no_rsmr_proposal,
03a7c978d0165fa2,4,0,20,1,-1,,,,,0.3575485754818708,0.353850110343959,-1,-1,-1,,-1,no_rsmr_proposal,
052f0d46a5c059a1,4,0,12,1,0,0.0031051245564599,0.0993059826479597,-0.1734536198705448,-0.0938344332215944,0.3575485754818708,0.353850110343959,0,0,2,0.0015729270526891,6,both,0.0796191866489504
07704203d30b5747,4,0,1,0,-1,,,,,0.3575485754818708,0.353850110343959,-1,-1,-1,,-1,no_rsmr_proposal,
07f8bf05fc975975,4,0,1,0,1,-7.274440014737316e-05,-0.0016319486064544,0.4048600239428053,0.3240941790730584,0.3575485754818708,0.353850110343959,-1,1,1,-7.274440014737316e-05,1,siir_only,-0.08076584486974692
0af516a5b2725ac6,4,0,12,0,23,-0.0001615021092407,-0.209954547012104,0.6482797477742863,0.5200828719893242,0.3575485754818708,0.353850110343959,-1,-1,2,-0.0003251370481622,5,neither,-0.12819687578496208
0be5fd7a2dbb5d87,4,0,14,1,-1,,,,,0.3575485754818708,0.353850110343959,-1,-1,-1,,-1,no_rsmr_proposal,
0dd2b9715fc65e18,4,0,14,1,10,-9.228003919126147e-05,-0.0152941390273438,0.2028282651742445,0.15384899111106,0.3575485754818708,0.353850110343959,10,10,-1,,-1,both,-0.048979274063184475
0fb7d56584065e6f,4,0,27,1,21,0.0021822822965567,0.1043237283283994,0.0564376823839193,0.1495054936151979,0.3575485754818708,0.353850110343959,21,21,-1,,-1,both,0.09306781123127861
0fdd878a393d502e,4,0,2,0,-1,,,,,0.3575485754818708,0.353850110343959,-1,-1,-1,,-1,no_rsmr_proposal,
102e8bfe5f555974,4,0,19,1,22,-2.479011844847001e-05,0.0342200645382436,0.1544577354559404,0.1027517690388855,0.3575485754818708,0.353850110343959,22,22,22,-2.479011844847001e-05,13,both,-0.05170596641705491
103c7d249ab154af,4,0,17,1,9,0.9936651484772564,0.0793221807328661,-0.0047916692573455,0.0119730624010115,0.3575485754818708,0.353850110343959,9,9,-1,,-1,both,0.016764731658357
11579a9c240a5c77,4,0,17,1,-1,,,,,0.3575485754818708,0.353850110343959,-1,-1,-1,,-1,no_rsmr_proposal,
16549991ac4b53ff,4,0,16,1,-1,,,,,0.3575485754818708,0.353850110343959,-1,-1,-1,,-1,no_rsmr_proposal,
1c8a733cea4d5aed,4,0,28,1,11,0.0014269439846277,-0.0045351770919401,0.2017706931349936,0.2263064612739372,0.3575485754818708,0.353850110343959,11,11,11,0.0014269439846277,27,both,0.024535768138943592
1ed95e82b4f754ff,4,0,4,1,-1,,,,,0.3575485754818708,0.353850110343959,-1,-1,-1,,-1,no_rsmr_proposal,
2067e26ac57b5302,4,0,1,0,5,-0.0001615822235704,-0.0595961138089212,0.3410416150581891,0.2557789259380257,0.3575485754818708,0.353850110343959,5,5,5,-0.0001615822235704,1,both,-0.08526268912016338
254e4f21f68554f1,4,0,18,1,21,-0.0001187025191262,-0.0553621923131593,0.2291519544490209,0.1859474236985101,0.3575485754818708,0.353850110343959,21,21,21,-0.0001187025191262,7,both,-0.04320453075051078
25c67c9a53ef53ce,4,0,4,1,22,0.0020756234128028,0.4427982919044719,-0.100024829274881,-0.0667397795243,0.3575485754818708,0.353850110343959,22,22,21,0.0020756234128028,2,both,0.033285049750581
25f5f0c57aea54b9,4,0,21,1,-1,,,,,0.3575485754818708,0.353850110343959,-1,-1,-1,,-1,no_rsmr_proposal,
2a89f35c7f5e55de,4,0,15,1,3,-6.618811858352279e-05,0.0530096462123131,0.1903289178279089,0.1423167245658778,0.3575485754818708,0.353850110343959,3,3,10,-0.0002116453677415,3,both,-0.0480121932620311
2abb6fcc99585318,4,0,20,1,-1,,,,,0.3575485754818708,0.353850110343959,-1,-1,-1,,-1,no_rsmr_proposal,
2b32a9f406845f75,4,0,12,0,2,-3.806486467696913,-0.6132192832285136,0.8665010980030401,0.6508137057990897,0.3575485754818708,0.353850110343959,-1,-1,2,-3.806486467696913,9,neither,-0.2156873922039504
2b3f24482a765ccc,4,0,5,1,-1,,,,,0.3575485754818708,0.353850110343959,-1,-1,-1,,-1,no_rsmr_proposal,
2bdb803d07605094,4,0,6,1,23,-0.0001160842318087,0.0308203877728405,0.2421444396315743,0.1816777632322632,0.3575485754818708,0.353850110343959,23,23,22,-0.0001160842318087,3,both,-0.06046667639931111
2c9450a5449e52fa,4,0,9,1,6,-0.0005310452297329,-0.4311453616859788,0.4741314347836339,0.3139911775790766,0.3575485754818708,0.353850110343959,-1,6,6,-0.0005310452297329,4,siir_only,-0.16014025720455732
2daba893c5535189,4,0,4,1,-1,,,,,0.3575485754818708,0.353850110343959,-1,-1,-1,,-1,no_rsmr_proposal,
2f19f98982615f60,4,0,11,0,-1,,,,,0.3575485754818708,0.353850110343959,-1,-1,-1,,-1,no_rsmr_proposal,
30c657863dc05485,4,0,9,1,2,2.020336450465309,0.8719385401171511,-0.1999667900158573,-0.1430060458600301,0.3575485754818708,0.353850110343959,2,2,2,2.020336450465309,4,both,0.05696074415582719
32b190836fd35675,4,0,7,1,17,4.21013753162695e-05,-0.0292209372082331,0.339193989982891,0.2568242769022524,0.3575485754818708,0.353850110343959,17,17,17,4.21013753162695e-05,6,both,-0.08236971308063862
330fd7f2e3aa5f55,4,0,26,1,19,5.4576332867145496e-05,-0.0038839849953351,0.20986163753481,0.1429679065864241,0.3575485754818708,0.353850110343959,19,19,19,5.4576332867145496e-05,23,both,-0.06689373094838588
35695122c3535595,4,0,12,0,-1,,,,,0.3575485754818708,0.353850110343959,-1,-1,-1,,-1,no_rsmr_proposal,
3584e6b997845f86,4,0,27,1,-1,,,,,0.3575485754818708,0.353850110343959,-1,-1,-1,,-1,no_rsmr_proposal,
36ba502aa1eb5ecd,4,0,14,0,-1,,,,,0.3575485754818708,0.353850110343959,-1,-1,-1,,-1,no_rsmr_proposal,
3a46193d097552cd,4,0,16,1,9,0.0008605283550969,0.1925093009476734,0.1016439587686923,0.108262664775219,0.3575485754818708,0.353850110343959,9,9,-1,,-1,both,0.006618706006526698
3d56147a52d550b3,4,0,17,1,3,0.0001904807411134,-0.0126195206158516,0.2856858573468086,0.2701005818724256,0.3575485754818708,0.353850110343959,3,3,3,0.0001904807411134,16,both,-0.015585275474383042
3d78c0894c67503b,4,0,17,1,19,-6.056209513917443e-06,0.0151406878209558,0.2230222407197097,0.1651432667861032,0.3575485754818708,0.353850110343959,19,19,-1,,-1,both,-0.0578789739336065
4132da23bf54566f,4,0,17,1,1,0.0012187561772414,0.0066130455797196,0.1889902038387022,0.1774594006429668,0.3575485754818708,0.353850110343959,1,1,-1,,-1,both,-0.011530803195735378
431f7c6b100d5249,4,0,8,1,21,-9.228673037142698e-05,0.0268927017198461,0.1636691831375878,0.123802157031014,0.3575485754818708,0.353850110343959,21,21,19,-7.054119743399312e-05,5,both,-0.03986702610657379
43557bbc55b85aa6,4,0,6,1,-1,,,,,0.3575485754818708,0.353850110343959,-1,-1,-1,,-1,no_rsmr_proposal,
447b5889e4005e16,4,0,5,0,-1,,,,,0.3575485754818708,0.353850110343959,-1,-1,-1,,-1,no_rsmr_proposal,
44ae005ad8b25d52,4,0,10,0,-1,,,,,0.3575485754818708,0.353850110343959,-1,-1,-1,,-1,no_rsmr_proposal,
47cdc9127a1e55a7,4,0,11,1,9,-0.0004928609021008,-0.3587801313433116,0.5807322227305552,0.502549509521716,0.3575485754818708,0.353850110343959,-1,-1,-1,,-1,neither,-0.0781827132088393
48428a15cb2d56c8,4,0,5,0,-1,,,,,0.3575485754818708,0.353850110343959,-1,-1,-1,,-1,no_rsmr_proposal,
48ee2a6b3a4b54cc,4,0,8,0,-1,,,,,0.3575485754818708,0.353850110343959,-1,-1,-1,,-1,no_rsmr_proposal,
49677b3a648b58be,4,0,28,1,-1,,,,,0.3575485754818708,0.353850110343959,-1,-1,-1,,-1,no_rsmr_proposal,
49f109b9cca4567a,4,0,8,1,-1,,,,,0.3575485754818708,0.353850110343959,-1,-1,-1,,-1,no_rsmr_proposal,
4a1db4bffda6552f,4,0,16,1,-1,,,,,0.3575485754818708,0.353850110343959,-1,-1,-1,,-1,no_rsmr_proposal,
4ac48ad526735073,4,0,15,1,1,0.0003725693814456,0.1232865294767283,0.1846919809457474,0.1807616482775614,0.3575485754818708,0.353850110343959,1,1,-1,,-1,both,-0.003930332668186015
4ace61964e9f5b4b,4,0,5,1,-1,,,,,0.3575485754818708,0.353850110343959,-1,-1,-1,,-1,no_rsmr_proposal,
4b308d5a04d05498,4,0,17,1,-1,,,,,0.3575485754818708,0.353850110343959,-1,-1,-1,,-1,no_rsmr_proposal,
4b7fb448a9f35a56,4,0,18,1,-1,,,,,0.3575485754818708,0.353850110343959,-1,-1,-1,,-1,no_rsmr_proposal,
4d08ab0578415b3b,4,0,6,1,-1,,,,,0.3575485754818708,0.353850110343959,-1,-1,-1,,-1,no_rsmr_proposal,
4d104d17dc625c04,4,0,8,1,26,-0.0004376932598653,0.0703061343283432,0.0914406540318643,0.0490880730841314,0.3575485754818708,0.353850110343959,26,26,26,-0.0004376932598653,8,both,-0.0423525809477329
4fc4718214135eee,4,0,12,1,9,0.989265655384527,-0.008482679040028,0.3785741335333332,0.3396564440397382,0.3575485754818708,0.353850110343959,-1,9,9,0.989265655384527,10,siir_only,-0.038917689493594976
5098ce6b12fa5143,4,0,9,1,-1,,,,,0.3575485754818708,0.353850110343959,-1,-1,-1,,-1,no_rsmr_proposal,
52092728a1c1574f,4,0,17,1,-1,,,,,0.3575485754818708,0.353850110343959,-1,-1,-1,,-1,no_rsmr_proposal,
5214a5118acc5d75,4,0,15,1,6,-0.001846320647036,0.1447507908892191,0.2637312511353888,0.1684263118129436,0.3575485754818708,0.353850110343959,6,6,6,-0.001846320647036,5,both,-0.09530493932244521
5465043a8ae85d79,4,0,2,1,9,0.9894966626687548,0.0521306158036064,0.1134660739141323,0.1205083247764787,0.3575485754818708,0.353850110343959,9,9,9,0.9894966626687548,1,both,0.0070422508623464025
55a7c26fd2d35b8e,4,0,16,1,-1,,,,,0.3575485754818708,0.353850110343959,-1,-1,-1,,-1,no_rsmr_proposal,
5693aed0af7e548c,4,0,5,0,17,-2.020414070067741,-0.1155913696717864,0.1474704793418813,0.1024245192057612,0.3575485754818708,0.353850110343959,17,17,17,-2.020414070067741,5,both,-0.04504596013612008
58c0557c53635354,4,0,6,1,-1,,,,,0.3575485754818708,0.353850110343959,-1,-1,-1,,-1,no_rsmr_proposal,
58e646ea48eb59d3,4,0,18,1,22,0.0003097406474874,-0.0281781753738144,0.2041019073594678,0.2710135085027712,0.3575485754818708,0.353850110343959,22,22,23,-0.0003236494864333,4,both,0.06691160114330344
58f2e39eebc65d24,4,0,9,1,0,0.0098007870477623,-0.0460200193656913,0.4057656031225977,0.3195470056803733,0.3575485754818708,0.353850110343959,-1,0,13,0.0098047447605988,3,siir_only,-0.08621859744222438
5a917f5bb8815bd0,4,0,2,1,7,0.2376334074385464,-0.223869873981396,0.570513652437818,0.4545893045021123,0.3575485754818708,0.353850110343959,-1,-1,7,0.2376334074385464,1,neither,-0.11592434793570572
5d0c2052e0a35e3f,4,0,17,1,24,0.0017037782690954,-0.0897705104122333,-0.0464844480253688,0.0139348372152968,0.3575485754818708,0.353850110343959,24,24,24,0.0017037782690954,15,both,0.0604192852406656
5d64681dd478516a,4,0,27,1,-1,,,,,0.3575485754818708,0.353850110343959,-1,-1,-1,,-1,no_rsmr_proposal,
613662b53d9a5ae7,4,0,12,1,-1,,,,,0.3575485754818708,0.353850110343959,-1,-1,-1,,-1,no_rsmr_proposal,
6281e79a633155a3,4,0,12,1,24,0.0014172612654294,-0.3433759249435321,0.544332226481934,0.4331428012083187,0.3575485754818708,0.353850110343959,-1,-1,25,0.0014172612654294,4,neither,-0.1111894252736153
629734efb5f5564c,4,0,20,1,10,0.0004178750086341,-0.0469990366995076,0.2618556373142707,0.2599724081531204,0.3575485754818708,0.353850110343959,10,10,10,0.0004178750086341,20,both,-0.0018832291611503016
62f95fe3004d54c9,4,0,3,1,26,0.000285601210594,-0.0590678304033877,0.4485589541122362,0.3557084765152462,0.3575485754818708,0.353850110343959,-1,-1,3,0.0003487765997647,2,neither,-0.09285047759699
6429eb85b6ba5938,4,0,17,1,6,-4.805480735781131e-05,0.1946438240053822,0.0280177991142372,-0.006399252296492,0.3575485754818708,0.353850110343959,6,6,-1,,-1,both,-0.0344170514107292
642e382b50db5133,4,0,17,1,9,0.9895227806188628,0.0417288015875608,0.3902031129500885,0.3499935105448332,0.3575485754818708,0.353850110343959,-1,9,-1,,-1,siir_only,-0.04020960240525534
669d54218ee75215,4,0,2,1,1,3.765455192187791e-05,-0.2310653852408954,0.511965638292591,0.3728399668875498,0.3575485754818708,0.353850110343959,-1,-1,1,3.765455192187791e-05,2,neither,-0.13912567140504123
66da55b392b45a5d,4,0,21,1,17,0.0001668158262966,0.2269434497190345,-0.3469891198414588,-0.2464363479649895,0.3575485754818708,0.353850110343959,17,17,-1,,-1,both,0.1005527718764693
6715d16e80075f55,4,0,12,1,3,-0.0001784819283985,-0.0029443341443029,0.2778721894574067,0.2205692455777909,0.3575485754818708,0.353850110343959,3,3,-1,,-1,both,-0.05730294387961582
671ff8b7146358da,4,0,10,1,20,2.019998709635657,0.575326625106859,-0.1773793454451424,-0.1696803618231695,0.3575485754818708,0.353850110343959,20,20,20,2.019998709635657,7,both,0.0076989836219728824
69244009b6eb50bf,4,0,13,1,17,-4.581917114554468e-05,-0.2133729199757538,0.5023793020239838,0.396319688536433,0.3575485754818708,0.353850110343959,-1,-1,15,6.173144280974263e-06,3,neither,-0.10605961348755083
696a489252f453fb,4,0,3,1,-1,,,,,0.3575485754818708,0.353850110343959,-1,-1,-1,,-1,no_rsmr_proposal,
69f3980cf2db525c,4,0,16,1,2,-0.0001963694116682,0.0507908703077749,0.282916627120004,0.2388389820381486,0.3575485754818708,0.353850110343959,2,2,2,-0.0001963694116682,9,both,-0.04407764508185538
6a35bb3d0b895433,4,0,24,1,22,0.003396335945744,0.0313552474186618,0.0737281691345474,0.0908383903262023,0.3575485754818708,0.353850110343959,22,22,2,0.0034543715589681,15,both,0.01711022119165491
6b416b289a3b5858,4,0,16,1,6,-0.0001057195663918,0.2651763778953988,-0.2621120710672376,-0.2440964597579646,0.3575485754818708,0.353850110343959,6,6,6,-0.0001057195663918,13,both,0.01801561130927301
6c6d30fe3b6e59f0,4,0,23,1,9,1.0326532647209063e-05,0.0636439147620539,0.0857306551915602,0.0436200670297216,0.3575485754818708,0.353850110343959,9,9,-1,,-1,both,-0.0421105881618386
6e9b901524355c0b,4,0,21,1,21,-0.0001405817615636,-0.0147904398015277,0.2748050493907035,0.2374574436261341,0.3575485754818708,0.353850110343959,21,21,21,-0.0001405817615636,17,both,-0.037347605764569386
70f797bbed2158f6,4,0,17,0,-1,,,,,0.3575485754818708,0.353850110343959,-1,-1,-1,,-1,no_rsmr_proposal,
7418da8c04e85efb,4,0,7,1,1,4.00804797271723,1.778678896385145,-1.8822296575546889,-1.5448928281347014,0.3575485754818708,0.353850110343959,1,1,-1,,-1,both,0.33733682941998744
7449973a63d255af,4,0,9,0,-1,,,,,0.3575485754818708,0.353850110343959,-1,-1,-1,,-1,no_rsmr_proposal,
761122460ac451ca,4,0,28,1,17,0.0023181671525582,0.2840534063854565,0.1654513339059774,0.1693393623608434,0.3575485754818708,0.353850110343959,17,17,17,0.0023181671525582,20,both,0.003888028454865994
78823d4302645d60,4,0,12,1,-1,,,,,0.3575485754818708,0.353850110343959,-1,-1,-1,,-1,no_rsmr_proposal,
7a1756cf8f7a566e,4,0,13,1,2,-0.002361465603113,0.1763135524398451,-0.2579989596117003,-0.2406459428495704,0.3575485754818708,0.353850110343959,2,2,2,-0.002361465603113,12,both,0.017353016762129886
7c8389cb32f25aed,4,0,10,1,1,1.7302572846444375,1.1381388897585611,-1.4543203923817332,-1.1905934180029691,0.3575485754818708,0.353850110343959,1,1,1,1.7302572846444375,3,both,0.263726974378764
80bebabe4c6f5627,4,0,14,1,9,-0.0004784055048858,0.0775145539829279,0.2364502296566166,0.2171870048060485,0.3575485754818708,0.353850110343959,9,9,9,-0.0004784055048858,11,both,-0.01926322485056811
83af8eb803795f59,4,0,16,1,-1,,,,,0.3575485754818708,0.353850110343959,-1,-1,-1,,-1,no_rsmr_proposal,
84130118c5ec5189,4,0,1,0,-1,,,,,0.3575485754818708,0.353850110343959,-1,-1,-1,,-1,no_rsmr_proposal,
8834fc612e1d524c,4,0,8,1,-1,,,,,0.3575485754818708,0.353850110343959,-1,-1,-1,,-1,no_rsmr_proposal,
8a15e547b0d15f42,4,0,5,1,26,-0.0002700675501488,-0.0052643871735114,0.4376239821847496,0.3520285805352554,0.3575485754818708,0.353850110343959,-1,26,-1,,-1,siir_only,-0.08559540164949425
8c7421c1a39954dc,4,0,1,1,-1,,,,,0.3575485754818708,0.353850110343959,-1,-1,-1,,-1,no_rsmr_proposal,
8e92f84a71e85b42,4,0,9,1,-1,,,,,0.3575485754818708,0.353850110343959,-1,-1,-1,,-1,no_rsmr_proposal,
8fba4b45daa85b15,4,0,19,1,-1,,,,,0.3575485754818708,0.353850110343959,-1,-1,-1,,-1,no_rsmr_proposal,
908340fb165954b2,4,0,14,1,-1,,,,,0.3575485754818708,0.353850110343959,-1,-1,-1,,-1,no_rsmr_proposal,
90efa9d50cc8521e,4,0,1,1,-1,,,,,0.3575485754818708,0.353850110343959,-1,-1,-1,,-1,no_rsmr_proposal,
9229af9b7f1c5848,4,0,17,1,-1,,,,,0.3575485754818708,0.353850110343959,-1,-1,-1,,-1,no_rsmr_proposal,
9389f1437d2b5fad,4,0,12,1,0,5.547304395592256e-05,-0.0121646918770283,0.2971695945283309,0.2355699370906104,0.3575485754818708,0.353850110343959,0,0,0,5.547304395592256e-05,9,both,-0.06159965743772053
953f6386bfae55d0,4,0,18,1,17,7.98645019531221e-06,0.0957692642592837,-0.1458719570669937,-0.14808730203838,0.3575485754818708,0.353850110343959,17,17,17,7.98645019531221e-06,14,both,-0.002215344971386285
986bd829651151e2,4,0,27,1,-1,,,,,0.3575485754818708,0.353850110343959,-1,-1,-1,,-1,no_rsmr_proposal,
9c925a1f1799553e,4,0,2,1,9,-0.9899525742542464,-0.1055787619598676,0.3416182940632421,0.2825516458599219,0.3575485754818708,0.353850110343959,9,9,9,-0.9899525742542464,1,both,-0.05906664820332025
9d7dd692cec75a40,4,0,17,1,6,-0.0009404101041611,0.0193588694685263,0.3158617742197669,0.2372588877689249,0.3575485754818708,0.353850110343959,6,6,-1,,-1,both,-0.07860288645084201
9ddade724a6a54e2,4,0,16,1,3,0.9292438401492256,0.2613093632315743,-0.0017854222605116,0.068282621890081,0.3575485754818708,0.353850110343959,3,3,3,0.9292438401492256,2,both,0.07006804415059259
9f109cfcd3695a7c,4,0,18,1,-1,,,,,0.3575485754818708,0.353850110343959,-1,-1,-1,,-1,no_rsmr_proposal,
a5fc167ac3e45fec,4,0,17,0,0,-0.0001269786208872,-0.0576501476051279,0.2097741541257282,0.2258530523487048,0.3575485754818708,0.353850110343959,0,0,0,-0.0001269786208872,11,both,0.016078898222976618
ac264ca2d43c52a7,4,0,25,1,-1,,,,,0.3575485754818708,0.353850110343959,-1,-1,-1,,-1,no_rsmr_proposal,
ac7fee08538b5bb0,4,0,13,1,24,0.0,-0.0371971370074272,0.3758978180222046,0.2943134916157699,0.3575485754818708,0.353850110343959,-1,24,24,0.0,10,siir_only,-0.0815843264064347
ad4b812be67052a1,4,0,27,1,23,0.0001918116681274,-0.2362283822161136,0.5849944889145761,0.5016536131788232,0.3575485754818708,0.353850110343959,-1,-1,-1,,-1,neither,-0.08334087573575288
b16054ccc4bd54f9,4,0,11,1,1,1.8926528397743596,0.7020876882994446,-1.1006681260889393,-0.8950398559081414,0.3575485754818708,0.353850110343959,1,1,1,1.8926528397743596,11,both,0.20562827018079788
b3734dd3dc905040,4,0,16,1,-1,,,,,0.3575485754818708,0.353850110343959,-1,-1,-1,,-1,no_rsmr_proposal,
b39ff897a8695a97,4,0,18,1,11,-0.0001397995856908,-0.2052482731850285,0.3577447246757578,0.3364871400891384,0.3575485754818708,0.353850110343959,-1,11,29,-3.429839968127624e-05,8,siir_only,-0.021257584586619416
b3c270be7e145adc,4,0,10,1,14,-1.2199467135749755,1.972028602076323,-4.905809438731837,-4.15762998338869,0.3575485754818708,0.353850110343959,14,14,6,-1.219920861823112,4,both,0.7481794553431476
b76a132378175658,4,0,17,1,-1,,,,,0.3575485754818708,0.353850110343959,-1,-1,-1,,-1,no_rsmr_proposal,
b7cc1a0b6eca5a11,4,0,4,1,9,-0.9898243386149406,-0.1974417152547474,0.3047605480249221,0.27249107544101,0.3575485754818708,0.353850110343959,9,9,9,-0.9898243386149406,4,both,-0.03226947258391211
bcb7ec6d46f45180,4,0,17,0,4,-0.0002300234297289,-0.070210020766595,0.3740579654340666,0.2774629766588107,0.3575485754818708,0.353850110343959,-1,4,-1,,-1,siir_only,-0.09659498877525591
beeb2d538d7f53d8,4,0,18,1,3,0.0002613140884786,-0.126581677396337,0.3141228198122127,0.3249642335957964,0.3575485754818708,0.353850110343959,3,3,3,0.0002613140884786,2,both,0.01084141378358372
c1dbec763983596c,4,0,17,0,6,-0.0004926864345327,-0.1129700320006729,0.3619249778266153,0.2691478515429038,0.3575485754818708,0.353850110343959,-1,6,6,-0.0004926864345327,12,siir_only,-0.09277712628371149
c25f5ca801be5075,4,0,4,0,8,-1.538959369074e-05,-0.0307229260015539,0.3622002878406922,0.2832315166056159,0.3575485754818708,0.353850110343959,-1,8,8,-1.538959369074e-05,3,siir_only,-0.07896877123507628
c4292750158e5a5f,4,0,3,1,6,0.9762204023627216,-0.434855177612799,0.8727404457822708,0.6772380325510337,0.3575485754818708,0.353850110343959,-1,-1,-1,,-1,neither,-0.19550241323123718
c49669e6594c55d7,4,0,24,1,24,-4.205154404068878e-05,-0.0542207712893662,0.2496009908796035,0.202965596294378,0.3575485754818708,0.353850110343959,24,24,-1,,-1,both,-0.046635394585225504
c70954fab4a650c7,4,0,5,0,13,-1.233023564266786,1.6665698866585914,-4.724896424765061,-4.008581873782313,0.3575485754818708,0.353850110343959,13,13,13,-1.233023564266786,3,both,0.716314550982748
c9a1d813d64c52d1,4,0,4,0,15,0.0,0.0090669096029058,0.2410494362536103,0.1804509396756058,0.3575485754818708,0.353850110343959,15,15,11,0.0,3,both,-0.06059849657800451
cae918485e635e35,4,0,14,0,-1,,,,,0.3575485754818708,0.353850110343959,-1,-1,-1,,-1,no_rsmr_proposal,
d0da55bb38fb5e83,4,0,3,1,5,0.0001831561706144,-0.3348072984139899,0.4634189521160867,0.3340278732777033,0.3575485754818708,0.353850110343959,-1,5,5,0.0001831561706144,3,siir_only,-0.1293910788383834
d5ef40ff0f715517,4,0,26,1,27,-7.741929963334115e-06,-0.0148853079698641,0.2561631316883357,0.1857250362641276,0.3575485754818708,0.353850110343959,27,27,27,-7.741929963334115e-06,19,both,-0.07043809542420812
d7018055ca4b5f66,4,0,17,0,-1,,,,,0.3575485754818708,0.353850110343959,-1,-1,-1,,-1,no_rsmr_proposal,
d72a6e0e28a159a2,4,0,7,0,5,-0.0113237933923491,0.2922606903536585,0.3299937730743162,0.2118303128711376,0.3575485754818708,0.353850110343959,5,5,5,-0.0113237933923491,6,both,-0.11816346020317861
d8d6c32be32650ad,4,0,7,1,-1,,,,,0.3575485754818708,0.353850110343959,-1,-1,-1,,-1,no_rsmr_proposal,
da13a4ab1eaf5a07,4,0,17,1,10,4.382104147193644e-05,0.0010866532505241,0.2756755353767741,0.2968139346974285,0.3575485754818708,0.353850110343959,10,10,-1,,-1,both,0.021138399320654422
da9bf29b3087547f,4,0,17,0,12,-0.0006733096577692,0.2777502970816554,-0.1164746866972567,0.0113321335407425,0.3575485754818708,0.353850110343959,12,12,12,-0.0006733096577692,6,both,0.12780682023799922
dd2f426104cb5f43,4,0,6,1,-1,,,,,0.3575485754818708,0.353850110343959,-1,-1,-1,,-1,no_rsmr_proposal,
ddcdcbbd930d5cd4,4,0,1,0,-1,,,,,0.3575485754818708,0.353850110343959,-1,-1,-1,,-1,no_rsmr_proposal,
de3f8268d1675268,4,0,10,0,21,0.0,0.0156455401028937,0.221874337182645,0.1642599725665436,0.3575485754818708,0.353850110343959,21,21,21,0.0,8,both,-0.05761436461610139
deeae175505b5728,4,0,9,1,23,0.0006355421473274,0.5865257868552717,-1.0905183568492154,-0.861515366221068,0.3575485754818708,0.353850110343959,23,23,23,0.0006355421473274,3,both,0.22900299062814744
e056339b5ad457ea,4,0,17,0,4,-1.9974818360246616e-05,-0.0555210658378403,0.3643633931536562,0.2696167486917248,0.3575485754818708,0.353850110343959,-1,4,-1,,-1,siir_only,-0.09474664446193137
e380b20d49215557,4,0,13,1,-1,,,,,0.3575485754818708,0.353850110343959,-1,-1,-1,,-1,no_rsmr_proposal,
e4499494731e5026,4,0,9,1,26,0.0005548425547778,0.6073567288803295,-1.298383565392497,-1.0972237235227893,0.3575485754818708,0.353850110343959,26,26,26,0.0005548425547778,8,both,0.2011598418697078
e747e181d08758c8,4,0,13,1,-1,,,,,0.3575485754818708,0.353850110343959,-1,-1,-1,,-1,no_rsmr_proposal,
e7e3b8bf23835b2a,4,0,3,1,16,6.682571023874928e-06,-0.0609427944921104,0.4139480699739998,0.3267039313222427,0.3575485754818708,0.353850110343959,-1,16,16,6.682571023874928e-06,2,siir_only,-0.08724413865175712
ea01c4873e9b5cf8,4,0,17,1,9,-0.0001069160800426,0.0320295882485075,0.0484098832067605,0.1521125397845999,0.3575485754818708,0.353850110343959,9,9,9,-0.0001069160800426,14,both,0.1037026565778394
ea47b3db126a588e,4,0,1,0,-1,,,,,0.3575485754818708,0.353850110343959,-1,-1,-1,,-1,no_rsmr_proposal,
eae558be27b1587b,4,0,6,1,7,-0.2252352770328521,-0.4074805427413328,1.5143597636476966,1.2315177419563916,0.3575485754818708,0.353850110343959,-1,-1,-1,,-1,neither,-0.282842021691305
eb02028413fb5a92,4,0,16,1,9,-0.000601498145051,-0.0523387906755448,0.3754238662325044,0.3312327281795487,0.3575485754818708,0.353850110343959,-1,9,-1,,-1,siir_only,-0.044191138052955714
ec65e8cddb3d5fbd,4,0,19,1,23,-7.281030565500259e-05,-0.0540189838068445,0.3621048030988537,0.2952146070064641,0.3575485754818708,0.353850110343959,-1,23,23,-7.281030565500259e-05,16,siir_only,-0.06689019609238955
ed710413165b5ca4,4,0,10,0,1,-0.0001985852306709,-0.1134971795526104,0.3853580810135282,0.3391908320805531,0.3575485754818708,0.353850110343959,-1,1,-1,,-1,siir_only,-0.04616724893297508
f110d20f7a7957b7,4,0,17,1,6,-9.978644736091669e-06,0.0707958351136633,0.247805967085756,0.1784373232920803,0.3575485754818708,0.353850110343959,6,6,-1,,-1,both,-0.06936864379367569
f2c4bbcda8c650a3,4,0,11,1,26,-0.0006146780819484,-0.2123619911996012,0.4549729480551721,0.3675375124997887,0.3575485754818708,0.353850110343959,-1,-1,23,6.602614028405895e-05,4,neither,-0.08743543555538336
f53a6e7af3825751,4,0,16,1,3,-2.8481406136426912e-05,0.0110921000205429,0.1455722320075104,0.1036452926404015,0.3575485754818708,0.353850110343959,3,3,3,-2.8481406136426912e-05,12,both,-0.04192693936710891
f53af77bf6fa5703,4,0,1,1,-1,,,,,0.3575485754818708,0.353850110343959,-1,-1,-1,,-1,no_rsmr_proposal,
f6db13314100532b,4,0,13,1,-1,,,,,0.3575485754818708,0.353850110343959,-1,-1,-1,,-1,no_rsmr_proposal,
f9922d29f7ca5693,4,0,9,1,21,-8.826512694358815e-05,-0.0180947856953466,0.2890648212114734,0.2394238040197565,0.3575485754818708,0.353850110343959,21,21,18,5.496897697448728e-05,3,both,-0.04964101719171693
fbd37ced14a15418,4,0,17,1,7,0.0001307986882864,0.0939833014260246,0.2255013926445466,0.1624756351190815,0.3575485754818708,0.353850110343959,7,7,-1,,-1,both,-0.0630257575254651
fbe3cf848a4c5391,4,0,1,0,2,-0.0046172204494472,0.0027114196312659,0.2464688414450458,0.1853583814813951,0.3575485754818708,0.353850110343959,2,2,2,-0.0046172204494472,1,both,-0.06111045996365069
fdf3abf3cf375c35,4,0,5,1,-1,,,,,0.3575485754818708,0.353850110343959,-1,-1,-1,,-1,no_rsmr_proposal,
ff54f555627f5338,4,0,14,1,9,-0.0005246792767196,0.103634754470777,0.1753833579026544,0.1712277875507528,0.3575485754818708,0.353850110343959,9,9,9,-0.0005246792767196,4,both,-0.004155570351901616
ffb77fcdc4bd5e37,4,0,13,1,-1,,,,,0.3575485754818708,0.353850110343959,-1,-1,-1,,-1,no_rsmr_proposal,
