scenario_token,outer_test_fold,calibration_fold,candidate_count,positive_opportunity,teacher_best_action,teacher_best_improvement,mean_selected_action,mean_selected_teacher_improvement,pair_selected_action,pair_selected_teacher_improvement,rsm_selected_action,rsm_selected_score,rsm_selected_teacher_improvement,factor_selected_action,factor_selected_score,factor_selected_teacher_improvement,context_selected_action,context_selected_score,context_selected_teacher_improvement,selected_policy_conformal_q,main_selected_action,main_selected_lower_bound,main_selected_teacher_improvement,factor_selected,context_selected,rsm_selected,fdsrc_to_fbcsr_transition,fbcsr_minus_fdsr_teacher_effect,fbcsr_effect_sign,fdsrc_catastrophe,fbcsr_catastrophe,rsmr_catastrophe,noop_scene
30e193cab0fc5a5d,0,1,9,0,-1,0.0,-1,nan,-1,nan,-1,nan,nan,2,0.342686094723934,-9.077051957137854e-05,2,0.327841638061269,-9.077051957137854e-05,2.5571358243205893,-1,-2.2292941862593203,nan,1,1,0,same_winner,0.0,equal,0,0,0,1
366e33370f605634,0,1,4,1,28,1.2326923098775557,27,1.2326923098775557,27,1.2326923098775557,28,0.1768938681841109,1.2326923098775557,27,0.4671084649897862,1.2326923098775557,27,0.6612237388467636,1.2326923098775557,2.5571358243205893,-1,-1.8959120854738258,nan,1,1,1,same_winner,0.0,equal,0,0,0,0
3fabf2e29e5f5fc4,0,1,18,1,22,0.00020328318849216487,22,0.00020328318849216487,-1,nan,22,0.13640865119684364,0.00020328318849216487,22,0.5712982352587042,0.00020328318849216487,22,0.9314541253262888,0.00020328318849216487,2.5571358243205893,-1,-1.6256816989943004,nan,1,1,1,same_winner,0.0,equal,0,0,0,0
46f5fac22c0b5cb0,0,1,5,0,-1,0.0,9,-8.506107760786023e-05,-1,nan,5,0.0060178534605635214,-0.0008687456113751976,2,0.4474916987593546,-0.0002563782177030585,5,0.23403829594797665,-0.0008687456113751976,2.5571358243205893,-1,-2.3230975283726125,nan,1,1,1,winner_changed,-0.0006123673936721391,FBCSR_worse,0,0,0,1
518c0014d1a45ca8,0,1,13,1,23,9.361144062136617e-05,23,9.361144062136617e-05,-1,nan,12,0.27116499328882765,-0.00013040864672486663,12,0.6878235272080953,-0.00013040864672486663,12,0.7242795104979425,-0.00013040864672486663,2.5571358243205893,-1,-1.8328563138226468,nan,1,1,1,same_winner,0.0,equal,0,0,0,0
586dc46118d75100,0,1,14,1,16,6.79334894288508e-05,2,6.1239467142149e-05,-1,nan,9,0.27742879555935296,-0.00040474789324213,9,0.6410530980976068,-0.00040474789324213,9,0.3639936576969167,-0.00040474789324213,2.5571358243205893,-1,-2.1931421666236726,nan,1,1,1,same_winner,0.0,equal,0,0,0,0
6596827fb10b569a,0,1,23,1,1,0.0005793339748345616,16,-0.00025827139809564414,-1,nan,1,0.08223802716861195,0.0005793339748345616,1,0.36740492072800734,0.0005793339748345616,1,1.4757382692696501,0.0005793339748345616,2.5571358243205893,-1,-1.0813975550509392,nan,1,1,1,same_winner,0.0,equal,0,0,0,0
8f79455cf8a85fb9,0,1,4,0,-1,0.0,2,-0.001960379399235535,-1,nan,-1,nan,nan,2,0.28433202609929575,-0.001960379399235535,2,0.11441550923295152,-0.001960379399235535,2.5571358243205893,-1,-2.4427203150876378,nan,1,1,0,same_winner,0.0,equal,0,0,0,1
b2f2a9a83437555c,0,1,1,0,-1,0.0,-1,nan,-1,nan,7,0.1282250643340419,-0.0007529566446319302,7,0.557616988732616,-0.0007529566446319302,-1,nan,nan,2.5571358243205893,-1,nan,nan,1,0,1,FDSR_to_abstain,0.0007529566446319302,FBCSR_better,0,0,0,1
d1d8fef2f07e554f,0,1,27,1,18,3.4582567781660245e-05,19,-6.528710596098719e-05,-1,nan,19,0.2587082015109109,-6.528710596098719e-05,19,0.3616879712812286,-6.528710596098719e-05,19,1.155268764098898,-6.528710596098719e-05,2.5571358243205893,-1,-1.4018670602216914,nan,1,1,1,same_winner,0.0,equal,0,0,0,0
d3578202f06d5c62,0,1,25,1,0,0.00012394150644556845,26,8.269424438478445e-05,-1,nan,26,0.07564103257477955,8.269424438478445e-05,26,0.5028902823196493,8.269424438478445e-05,26,2.1577830453826126,8.269424438478445e-05,2.5571358243205893,-1,-0.3993527789379767,nan,1,1,1,same_winner,0.0,equal,0,0,0,0
e7ee1c000ef85255,0,1,16,1,16,0.0007797487317584562,16,0.0007797487317584562,-1,nan,9,0.13871987374976466,0.0005864605173468984,9,0.5499267577682506,0.0005864605173468984,9,0.46045449822694784,0.0005864605173468984,2.5571358243205893,-1,-2.096681326093641,nan,1,1,1,same_winner,0.0,equal,0,0,0,0
e8a90962974f55d3,0,1,12,1,19,0.0005916758395732025,-1,nan,-1,nan,-1,nan,nan,25,0.4222699653706111,-0.00014073907583944667,2,0.5894163864032702,-3.4142866729425236e-06,2.5571358243205893,-1,-1.967719437917319,nan,1,1,0,winner_changed,0.00013732478916650415,FBCSR_better,0,0,0,0
f390221c855a53d1,0,1,17,1,2,0.00019614122215649843,23,0.00017691048837065182,-1,nan,23,0.1231167918763268,0.00017691048837065182,23,0.5510175835840765,0.00017691048837065182,23,0.7971293668156891,0.00017691048837065182,2.5571358243205893,-1,-1.7600064575049001,nan,1,1,1,same_winner,0.0,equal,0,0,0,0
f473bc020969511e,0,1,24,1,17,0.002513180895205025,20,0.002488068208759131,-1,nan,2,0.3726935804696051,0.002340053756078042,2,0.5816194162606033,0.002340053756078042,2,1.221656293226898,0.002340053756078042,2.5571358243205893,-1,-1.3354795310936913,nan,1,1,1,same_winner,0.0,equal,0,0,0,0
5eae283cb1b95a45,0,1,6,1,25,0.00021139208469539883,24,-0.0005279554278589786,-1,nan,25,0.16880198592320705,0.00021139208469539883,26,0.5996916203612858,0.00021139208469539883,26,0.43280325473944764,0.00021139208469539883,2.5571358243205893,-1,-2.1243325695811417,nan,1,1,1,same_winner,0.0,equal,0,0,0,0
ea5915d23f345a29,0,1,6,1,24,7.63912543654266e-05,23,-0.00014573692362762625,-1,nan,26,0.253337737852979,-6.736000906726325e-06,26,0.6663661862865153,-6.736000906726325e-06,26,0.6456546668947003,-6.736000906726325e-06,2.5571358243205893,-1,-1.911481157425889,nan,1,1,1,same_winner,0.0,equal,0,0,0,0
190d01845dda5596,0,1,4,0,-1,0.0,-1,nan,-1,nan,-1,nan,nan,-1,nan,nan,6,0.0381060676076066,-0.003274964263442204,2.5571358243205893,-1,-2.5190297567129827,nan,0,1,0,abstain_to_FBCSR,-0.003274964263442204,FBCSR_worse,0,0,0,1
247baf6242815059,0,1,20,1,7,3.797859214246281e-05,13,-0.00036880981139838717,-1,nan,12,0.10640461116837574,-0.0004707026612013579,0,0.6029015231709006,-0.0005264960423111919,0,1.4169131338316405,-0.0005264960423111919,2.5571358243205893,-1,-1.1402226904889488,nan,1,1,1,same_winner,0.0,equal,0,0,0,0
273d4e72b01d53cf,0,1,14,1,1,0.2505189784448594,10,-1.600505558684422,-1,nan,8,0.10595580456406165,-1.5629368781690487,8,0.5086345839296492,-1.5629368781690487,8,0.5455446526699027,-1.5629368781690487,2.5571358243205893,-1,-2.0115911716506867,nan,1,1,1,same_winner,0.0,equal,1,1,1,0
275e9cfb52fd59de,0,1,12,1,0,3.495505400518321,0,3.495505400518321,0,3.495505400518321,8,0.9052465347908495,0.12727462194093242,8,1.8610337120250844,0.12727462194093242,0,2.378037513984019,3.495505400518321,2.5571358243205893,-1,-0.17909831033657042,nan,1,1,1,winner_changed,3.3682307785773884,FBCSR_better,0,0,0,0
4082f94c512b5d1f,0,1,14,1,20,0.0006981603568769756,21,0.0005595678238314861,-1,nan,23,0.05384107891472045,-0.00014774904392167443,23,0.5159734939678859,-0.00014774904392167443,23,0.8344103081525529,-0.00014774904392167443,2.5571358243205893,-1,-1.7227255161680364,nan,1,1,1,same_winner,0.0,equal,0,0,0,0
421dd5398e885a27,0,1,18,1,1,0.00014379002572968572,2,5.4842675477266394e-05,-1,nan,22,0.16646628537675648,-0.00011464735288172975,22,0.6124012999241687,-0.00011464735288172975,22,0.7888553520479206,-0.00011464735288172975,2.5571358243205893,-1,-1.7682804722726688,nan,1,1,1,same_winner,0.0,equal,0,0,0,0
53620555ea3a5d3c,0,1,9,1,18,0.00020326983276852673,19,0.00018146185590683928,-1,nan,21,0.1628050291701029,0.0,21,0.5577246775832594,0.0,21,0.3814048122482396,0.0,2.5571358243205893,-1,-2.1757310120723496,nan,1,1,1,same_winner,0.0,equal,0,0,0,0
60bd62401d0857f9,0,1,15,1,20,0.00010915963146818086,22,-5.674398746347009e-05,-1,nan,22,0.23395181210833113,-5.674398746347009e-05,22,0.6297241519069118,-5.674398746347009e-05,22,0.8532106476900132,-5.674398746347009e-05,2.5571358243205893,-1,-1.703925176630576,nan,1,1,1,same_winner,0.0,equal,0,0,0,0
6db53a1807af5a90,0,1,13,0,-1,0.0,2,-1.5162776317190207e-05,-1,nan,-1,nan,nan,2,0.40386012452883646,-1.5162776317190207e-05,2,0.32595102808305276,-1.5162776317190207e-05,2.5571358243205893,-1,-2.2311847962375366,nan,1,1,0,same_winner,0.0,equal,0,0,0,1
8e6c888a92425ff1,0,1,6,1,20,0.0006738180095213764,1,0.00030813117888772723,-1,nan,1,0.15108919089822714,0.00030813117888772723,1,0.5777164102249257,0.00030813117888772723,1,0.4063044896483276,0.00030813117888772723,2.5571358243205893,-1,-2.1508313346722616,nan,1,1,1,same_winner,0.0,equal,0,0,0,0
9a82cf7a1636581e,0,1,5,0,-1,0.0,2,-0.004264268382638825,-1,nan,2,0.07561048599679049,-0.004264268382638825,9,0.588248365009155,-1.767027501810342,9,0.253802428028711,-1.767027501810342,2.5571358243205893,-1,-2.3033333962918783,nan,1,1,1,same_winner,0.0,equal,1,1,0,1
c70bcca6e16953d7,0,1,14,1,7,0.0004981964793060456,10,0.0003409750871363748,-1,nan,10,0.03939773249697637,0.0003409750871363748,10,0.5112935640131471,0.0003409750871363748,10,0.8616318064958363,0.0003409750871363748,2.5571358243205893,-1,-1.695504017824753,nan,1,1,1,same_winner,0.0,equal,0,0,0,0
d04f957744a353ba,0,1,10,1,19,0.00033669094815850283,21,0.00016387412324547768,-1,nan,21,0.16395353998292636,0.00016387412324547768,23,0.6356434042891255,-0.00041023949235677705,23,0.475151421510981,-0.00041023949235677705,2.5571358243205893,-1,-2.081984402809608,nan,1,1,1,same_winner,0.0,equal,0,0,0,0
d0c144dfeca55025,0,1,25,1,25,0.0011493328449083476,22,-0.00010299410598381756,-1,nan,22,0.09843921314284915,-0.00010299410598381756,22,0.5042929256960228,-0.00010299410598381756,22,1.1737379789179694,-0.00010299410598381756,2.5571358243205893,-1,-1.38339784540262,nan,1,1,1,same_winner,0.0,equal,0,0,0,0
f6cbfc9328fd5914,0,1,5,1,15,0.0028377727983173173,15,0.0028377727983173173,15,0.0028377727983173173,15,0.5971377137121933,0.0028377727983173173,15,1.166901611729981,0.0028377727983173173,15,1.330331653842857,0.0028377727983173173,2.5571358243205893,-1,-1.2268041704777324,nan,1,1,1,same_winner,0.0,equal,0,0,0,0
d0ce91bcf7ba557a,0,1,2,1,2,0.24257259491190777,2,0.24257259491190777,-1,nan,-1,nan,nan,5,0.37831244737028313,0.0010974360473220979,-1,nan,nan,2.5571358243205893,-1,nan,nan,1,0,0,FDSR_to_abstain,-0.0010974360473220979,FBCSR_worse,0,0,0,0
00bf712a8e9e59bf,0,1,1,0,-1,0.0,2,-2.6145104679828512,-1,nan,-1,nan,nan,2,0.31056981466996614,-2.6145104679828512,-1,nan,nan,2.5571358243205893,-1,nan,nan,1,0,0,FDSR_to_abstain,2.6145104679828512,FBCSR_better,1,0,0,1
07db46e8eac253cf,0,1,12,1,9,0.7593283839979782,16,0.7593208522055517,-1,nan,16,0.2530217512025169,0.7593208522055517,16,0.6568485723986176,0.7593208522055517,16,1.6850833476577445,0.7593208522055517,2.5571358243205893,-1,-0.8720524766628448,nan,1,1,1,same_winner,0.0,equal,0,0,0,0
13adf1483845581c,0,1,18,1,13,0.0015234371470285168,21,0.0006412762776015768,-1,nan,21,0.1275596190793776,0.0006412762776015768,21,0.560142342684536,0.0006412762776015768,21,0.9223293387442147,0.0006412762776015768,2.5571358243205893,-1,-1.6348064855763744,nan,1,1,1,same_winner,0.0,equal,0,0,0,0
2ffe7083e279569c,0,1,15,1,7,0.00019387279620897147,3,0.00016050723339500195,-1,nan,3,0.0759099948208489,0.00016050723339500195,3,0.5437601091989934,0.00016050723339500195,3,0.3590993421321898,0.00016050723339500195,2.5571358243205893,-1,-2.1980364821883995,nan,1,1,1,same_winner,0.0,equal,0,0,0,0
36857cb219845df9,0,1,14,1,7,0.00013242636164667587,7,0.00013242636164667587,-1,nan,7,0.011150599744162243,0.00013242636164667587,7,0.49646790661539286,0.00013242636164667587,7,0.2890033100947613,0.00013242636164667587,2.5571358243205893,-1,-2.2681325142258277,nan,1,1,1,same_winner,0.0,equal,0,0,0,0
6f8bc109eabc5ad5,0,1,4,1,7,0.0002084449425688948,19,-4.585174424573402e-06,-1,nan,19,0.03328431236449239,-4.585174424573402e-06,19,0.427642637827764,-4.585174424573402e-06,19,0.21039215712903814,-4.585174424573402e-06,2.5571358243205893,-1,-2.346743667191551,nan,1,1,1,same_winner,0.0,equal,0,0,0,0
8fbfbaa44855539e,0,1,16,0,-1,0.0,-1,nan,-1,nan,-1,nan,nan,5,0.2655018651776487,-1.6827764830876695,5,0.7216103476731068,-1.6827764830876695,2.5571358243205893,-1,-1.8355254766474824,nan,1,1,0,same_winner,0.0,equal,1,1,0,1
b66888a9942d59ff,0,1,5,1,18,0.003168183250259608,20,0.0031616590492427347,-1,nan,22,0.08919148929848245,0.003121770005300641,22,0.5400663522524054,0.003121770005300641,22,0.19780540659902662,0.003121770005300641,2.5571358243205893,-1,-2.3593304177215626,nan,1,1,1,same_winner,0.0,equal,0,0,0,0
e4f303186cdb50b1,0,1,4,1,7,0.00029574422244913866,19,-4.3645644211215764e-06,-1,nan,19,0.03600599727966447,-4.3645644211215764e-06,19,0.4302364884908142,-4.3645644211215764e-06,19,0.20297175573254173,-4.3645644211215764e-06,2.5571358243205893,-1,-2.3541640685880476,nan,1,1,1,same_winner,0.0,equal,0,0,0,0
ee17abab9d83514f,0,1,4,0,-1,0.0,7,-1.98244095368525,7,-1.98244095368525,17,0.26619025932277623,-5.260109603405505e-05,17,0.6858673029227991,-5.260109603405505e-05,17,0.9310268204637024,-5.260109603405505e-05,2.5571358243205893,-1,-1.6261090038568868,nan,1,1,1,same_winner,0.0,equal,0,0,0,1
5b4aedf8449c54ca,0,1,4,1,1,0.001329014174267673,3,-0.0011265146814285476,-1,nan,1,0.30369811066460817,0.001329014174267673,1,0.7469605346437016,0.001329014174267673,1,0.6686882309854318,0.001329014174267673,2.5571358243205893,-1,-1.8884475933351574,nan,1,1,1,same_winner,0.0,equal,0,0,0,0
73458ba61f445d19,0,1,16,1,2,9.133936460137271e-05,9,-2.754281880346099e-06,-1,nan,9,0.06920677740633147,-2.754281880346099e-06,9,0.48445539959834905,-2.754281880346099e-06,9,0.7836057779540373,-2.754281880346099e-06,2.5571358243205893,-1,-1.773530046366552,nan,1,1,1,same_winner,0.0,equal,0,0,0,0
7647b4788f795d71,0,1,1,1,1,0.0035336643615271335,-1,nan,-1,nan,1,0.2369589393802825,0.0035336643615271335,1,0.5992026302513184,0.0035336643615271335,1,0.05570564614991125,0.0035336643615271335,2.5571358243205893,-1,-2.5014301781706783,nan,1,1,1,same_winner,0.0,equal,0,0,0,0
8f2f7b6da7495074,0,1,22,1,8,0.00022318807258292495,19,0.00015492076352252582,-1,nan,6,0.2750697190322527,-0.0030044126219674894,25,0.6775127556066083,-0.0002570174790919033,6,1.2761193981660996,-0.0030044126219674894,2.5571358243205893,-1,-1.2810164261544896,nan,1,1,1,winner_changed,-0.002747395142875586,FBCSR_worse,0,0,0,0
c23e9cc0ed7e5b21,0,1,17,1,17,0.0017499596894716696,3,0.0016556329336947506,-1,nan,3,0.04949923377303256,0.0016556329336947506,3,0.38544282048263345,0.0016556329336947506,3,1.588000549417838,0.0016556329336947506,2.5571358243205893,-1,-0.9691352749027513,nan,1,1,1,same_winner,0.0,equal,0,0,0,0
cdfa6ac2b00156d1,0,1,10,0,-1,0.0,-1,nan,-1,nan,-1,nan,nan,2,0.35276497255178785,-5.968859913991738e-05,2,0.33634334402528443,-5.968859913991738e-05,2.5571358243205893,-1,-2.2207924802953047,nan,1,1,0,same_winner,0.0,equal,0,0,0,1
16599b5179df53bb,0,1,7,0,-1,0.0,-1,nan,-1,nan,-1,nan,nan,-1,nan,nan,23,0.020096002093588305,-0.00037857155795251174,2.5571358243205893,-1,-2.537039822227001,nan,0,1,0,abstain_to_FBCSR,-0.00037857155795251174,FBCSR_worse,0,0,0,1
181f26554b4b5e75,0,1,15,0,-1,0.0,2,-7.666432450204042e-06,-1,nan,9,0.21310532791191433,-0.00012368360642556198,9,0.5785403163434454,-0.00012368360642556198,9,0.46746460563477504,-0.00012368360642556198,2.5571358243205893,-1,-2.0896712186858144,nan,1,1,1,same_winner,0.0,equal,0,0,0,1
21411e892e975adf,0,1,3,0,-1,0.0,-1,nan,-1,nan,-1,nan,nan,-1,nan,nan,-1,nan,nan,2.5571358243205893,-1,nan,nan,0,0,0,both_abstain,0.0,equal,0,0,0,1
24f940b7a94f5ed7,0,1,17,0,-1,0.0,3,-0.0003130765174522987,-1,nan,3,0.07882921816138547,-0.0003130765174522987,3,0.5565639807827092,-0.0003130765174522987,3,0.6299182384512063,-0.0003130765174522987,2.5571358243205893,-1,-1.927217585869383,nan,1,1,1,same_winner,0.0,equal,0,0,0,1
257140a662885e1d,0,1,7,1,2,0.0005732820384669601,2,0.0005732820384669601,-1,nan,3,0.0516886667898204,0.0005220740450080363,3,0.5176101625245922,0.0005220740450080363,-1,nan,nan,2.5571358243205893,-1,nan,nan,1,0,1,FDSR_to_abstain,-0.0005220740450080363,FBCSR_worse,0,0,0,0
3e1e8ae126d0578f,0,1,15,1,22,0.0007021271426230669,7,-0.0015343082074075938,-1,nan,-1,nan,nan,19,0.43445735280368536,-0.001157735928527836,19,0.33225948888062,-0.001157735928527836,2.5571358243205893,-1,-2.224876335439969,nan,1,1,0,same_winner,0.0,equal,0,0,0,0
40d5b1af93cf50e4,0,1,12,1,4,8.93150708446977e-05,4,8.93150708446977e-05,-1,nan,4,0.11444456066961377,8.93150708446977e-05,4,0.5353590623747047,8.93150708446977e-05,4,0.618620247060141,8.93150708446977e-05,2.5571358243205893,-1,-1.9385155772604483,nan,1,1,1,same_winner,0.0,equal,0,0,0,0
4b30de14589f513c,0,1,14,1,1,0.0003241795521229504,6,-0.0006676835825666786,-1,nan,23,0.12392617119856396,0.0002240603599697351,23,0.5403100885684997,0.0002240603599697351,23,0.5887893832469986,0.0002240603599697351,2.5571358243205893,-1,-1.9683464410735907,nan,1,1,1,same_winner,0.0,equal,0,0,0,0
648d283b25fa50d1,0,1,4,0,-1,0.0,-1,nan,-1,nan,23,0.2530075331405964,-0.0001290052613243456,1,0.6313799281496726,-0.00024052814664319092,1,0.41765869832523533,-0.00024052814664319092,2.5571358243205893,-1,-2.139477125995354,nan,1,1,1,same_winner,0.0,equal,0,0,0,1
651762602ed854bf,0,1,1,1,13,0.0005464716681715803,13,0.0005464716681715803,-1,nan,-1,nan,nan,13,0.3484966566716489,0.0005464716681715803,13,0.46911184539104156,0.0005464716681715803,2.5571358243205893,-1,-2.088023978929548,nan,1,1,0,same_winner,0.0,equal,0,0,0,0
864541f05d165c97,0,1,2,1,20,7.871064879000182e-05,21,7.027299320325284e-05,21,7.027299320325284e-05,21,0.1935085229851983,7.027299320325284e-05,21,0.3663632487667998,7.027299320325284e-05,21,0.34784149788718477,7.027299320325284e-05,2.5571358243205893,-1,-2.2092943264334046,nan,1,1,1,same_winner,0.0,equal,0,0,0,0
a054dd394e1b559c,0,1,17,1,18,0.0008211316621222764,19,0.0008117835176117971,-1,nan,21,0.45277566397386443,0.00048019668860943554,21,0.6762601285989974,0.00048019668860943554,21,1.0845838651249102,0.00048019668860943554,2.5571358243205893,-1,-1.472551959195679,nan,1,1,1,same_winner,0.0,equal,0,0,0,0
b7c6fe6429785952,0,1,15,1,21,0.00013186896652861435,21,0.00013186896652861435,-1,nan,22,0.13934314023152178,6.060907109617375e-05,22,0.5491095215962002,6.060907109617375e-05,22,0.577864643695717,6.060907109617375e-05,2.5571358243205893,-1,-1.9792711806248722,nan,1,1,1,same_winner,0.0,equal,0,0,0,0
c031140da54d502a,0,1,17,1,9,1.9809659379352755,3,0.9911725879896434,-1,nan,3,0.12992093997200319,0.9911725879896434,3,0.4582616547808226,0.9911725879896434,3,1.6686751112332125,0.9911725879896434,2.5571358243205893,-1,-0.8884607130873767,nan,1,1,1,same_winner,0.0,equal,0,0,0,0
cdabe76a1ba75152,0,1,16,1,9,1.9816932067282496,3,0.9906680473752321,3,0.9906680473752321,3,0.5871673676194018,0.9906680473752321,3,0.8091046609788466,0.9906680473752321,3,2.000433851300858,0.9906680473752321,2.5571358243205893,-1,-0.5567019730197313,nan,1,1,1,same_winner,0.0,equal,0,0,0,0
cdccf3dfd4e153cc,0,1,24,1,22,0.003285925855147198,19,0.0011230520552452106,-1,nan,21,0.4473879834141613,0.0025033863656862554,21,0.6204878344131638,0.0025033863656862554,21,1.2073372636777253,0.0025033863656862554,2.5571358243205893,-1,-1.349798560642864,nan,1,1,1,same_winner,0.0,equal,0,0,0,0
d3e0b427c9095c6f,0,1,17,1,9,0.0002687987604178266,5,0.00014757037917151328,-1,nan,9,0.2384780682024984,0.0002687987604178266,9,0.5996507742516998,0.0002687987604178266,9,0.9607707654373379,0.0002687987604178266,2.5571358243205893,-1,-1.5963650588832514,nan,1,1,1,same_winner,0.0,equal,0,0,0,0
d86f407ee78151b0,0,1,5,1,17,0.0001976196871604774,1,-0.9291437838989309,-1,nan,-1,nan,nan,17,0.34118086917259305,0.0001976196871604774,17,0.19799291874243463,0.0001976196871604774,2.5571358243205893,-1,-2.3591429055781545,nan,1,1,0,same_winner,0.0,equal,0,0,0,0
de2c82b474d85dd5,0,1,17,1,9,0.0006124333238229085,2,-0.0006743428357876835,-1,nan,9,0.20253287136409828,0.0006124333238229085,9,0.5751998364159315,0.0006124333238229085,9,0.7224004706123996,0.0006124333238229085,2.5571358243205893,-1,-1.8347353537081896,nan,1,1,1,same_winner,0.0,equal,0,0,0,0
046577552dd15fc3,0,1,15,1,3,0.00031031498312950045,3,0.00031031498312950045,-1,nan,-1,nan,nan,14,0.30384892432428157,-2.1094902884238875e-05,14,0.5418584917380811,-2.1094902884238875e-05,2.5571358243205893,-1,-2.0152773325825084,nan,1,1,0,same_winner,0.0,equal,0,0,0,0
1f8c9456286d59fb,0,1,17,0,-1,0.0,2,-0.00024940564567232926,-1,nan,9,0.16055811589874172,-0.0006121215932071156,9,0.5138968667256797,-0.0006121215932071156,9,0.5483894192568474,-0.0006121215932071156,2.5571358243205893,-1,-2.008746405063742,nan,1,1,1,same_winner,0.0,equal,0,0,0,1
369040b3134c5769,0,1,17,1,6,0.0003357136513106457,2,8.364603845692486e-05,-1,nan,-1,nan,nan,2,0.38640693583236113,8.364603845692486e-05,2,0.558124340059652,8.364603845692486e-05,2.5571358243205893,-1,-1.9990114842609374,nan,1,1,0,same_winner,0.0,equal,0,0,0,0
39dca464ed145043,0,1,17,1,17,0.00021525363810370735,3,1.3998703285889036e-05,-1,nan,3,0.055755044209320925,1.3998703285889036e-05,3,0.27146648189447004,1.3998703285889036e-05,3,1.2998640107098367,1.3998703285889036e-05,2.5571358243205893,-1,-1.2572718136107526,nan,1,1,1,same_winner,0.0,equal,0,0,0,0
3e940b9ccdf456b7,0,1,17,1,17,0.00016139094829537015,3,-0.00983716126978429,-1,nan,3,0.05581520165752296,-0.00983716126978429,3,0.27094560974997095,-0.00983716126978429,3,1.2970249353209895,-0.00983716126978429,2.5571358243205893,-1,-1.2601108889995998,nan,1,1,1,same_winner,0.0,equal,0,0,0,0
4f74e2eb505a5fd0,0,1,9,0,-1,0.0,7,-0.24303894127057868,-1,nan,7,0.017978883689213188,-0.24303894127057868,7,0.5126678047936938,-0.24303894127057868,7,0.4197352245788339,-0.24303894127057868,2.5571358243205893,-1,-2.1374005997417553,nan,1,1,1,same_winner,0.0,equal,0,0,0,1
524cadd627f25d7f,0,1,8,0,-1,0.0,7,-0.2439054437735635,-1,nan,7,0.04393666708463834,-0.2439054437735635,10,0.4910929843836174,-0.2522911171253073,7,0.2821228181968918,-0.2439054437735635,2.5571358243205893,-1,-2.2750130061236975,nan,1,1,1,winner_changed,0.008385673351743783,FBCSR_better,0,0,0,1
70c45003ec3e527b,0,1,1,0,-1,0.0,-1,nan,-1,nan,9,0.04956968022950637,-0.0006647571086881854,9,0.4171089016902987,-0.0006647571086881854,-1,nan,nan,2.5571358243205893,-1,nan,nan,1,0,1,FDSR_to_abstain,0.0006647571086881854,FBCSR_better,0,0,0,1
b1bfa52c4bc452b7,0,1,17,1,17,0.00043518209727722024,3,0.0003829283017662277,-1,nan,-1,nan,nan,17,0.15594900709412418,0.00043518209727722024,17,1.4042290781212756,0.00043518209727722024,2.5571358243205893,-1,-1.1529067461993137,nan,1,1,0,same_winner,0.0,equal,0,0,0,0
bed9898a4bf45a6b,0,1,17,1,8,0.9877573805074213,3,1.4568283385862912e-05,-1,nan,-1,nan,nan,3,0.2785395193520973,1.4568283385862912e-05,3,1.5085749866646885,1.4568283385862912e-05,2.5571358243205893,-1,-1.0485608376559008,nan,1,1,0,same_winner,0.0,equal,0,0,0,0
db219c4afef9558d,0,1,18,1,3,0.00014902080035517073,3,0.00014902080035517073,-1,nan,3,0.109005171517493,0.00014902080035517073,3,0.3429200166395919,0.00014902080035517073,3,1.0907317007014246,0.00014902080035517073,2.5571358243205893,-1,-1.4664041236191647,nan,1,1,1,same_winner,0.0,equal,0,0,0,0
fa1f7200f4ff5651,0,1,16,0,-1,0.0,2,-0.00014718964491039488,-1,nan,-1,nan,nan,2,0.38568949972380834,-0.00014718964491039488,2,0.5129247939171295,-0.00014718964491039488,2.5571358243205893,-1,-2.04421103040346,nan,1,1,0,same_winner,0.0,equal,0,0,0,1
04e294754b4d56a6,0,1,7,1,7,2.0200635700523097,23,4.5298025821094434e-05,22,4.5298025821094434e-05,22,0.3005936605354631,4.5298025821094434e-05,7,0.8067528078540486,2.0200635700523097,7,1.058701850654444,2.0200635700523097,2.5571358243205893,-1,-1.4984339736661452,nan,1,1,1,same_winner,0.0,equal,0,0,0,0
3a223e65af13545c,0,1,7,1,1,1.6616739350611343,6,0.11440042549293716,1,1.6616739350611343,1,0.7360791112853133,1.6616739350611343,1,1.3979857921092753,1.6616739350611343,1,2.216806618342803,1.6616739350611343,2.5571358243205893,-1,-0.3403292059777865,nan,1,1,1,same_winner,0.0,equal,0,0,0,0
3e1f06aa9ff354c9,0,1,17,1,2,0.0003652228211050712,3,0.0003580765151420806,-1,nan,3,0.08729425078609329,0.0003580765151420806,3,0.3360196993121422,0.0003580765151420806,3,1.5420667547085074,0.0003580765151420806,2.5571358243205893,-1,-1.0150690696120819,nan,1,1,1,same_winner,0.0,equal,0,0,0,0
3e3a2d672dfb5b51,0,1,6,1,1,1.5714676305650377e-05,6,-1.987346634269027e-05,6,-1.987346634269027e-05,6,0.16676121227090313,-1.987346634269027e-05,6,0.6459951639119241,-1.987346634269027e-05,6,0.1613073925930653,-1.987346634269027e-05,2.5571358243205893,-1,-2.395828431727524,nan,1,1,1,same_winner,0.0,equal,0,0,0,0
6110193eb32f5ad4,0,1,17,1,4,3.789687063582292e-05,3,-4.4033554047917534e-05,-1,nan,-1,nan,nan,4,0.3503384048347131,3.789687063582292e-05,4,0.6153947581676986,3.789687063582292e-05,2.5571358243205893,-1,-1.9417410661528907,nan,1,1,0,same_winner,0.0,equal,0,0,0,0
6e075e93bd485b81,0,1,10,1,26,2.5296074043383823,22,0.5333196029574498,-1,nan,-1,nan,nan,23,0.38689143485169597,0.5333196029574498,23,0.7354976235269783,0.5333196029574498,2.5571358243205893,-1,-1.821638200793611,nan,1,1,0,same_winner,0.0,equal,0,0,0,0
6fc9e653b0ee5565,0,1,12,1,2,8.896625414589465e-06,23,7.308054529531205e-06,28,-0.00026946702231622766,10,0.31794242582864585,-0.00017160955206474426,10,0.7884011930295192,-0.00017160955206474426,10,0.7517603788088351,-0.00017160955206474426,2.5571358243205893,-1,-1.8053754455117543,nan,1,1,1,same_winner,0.0,equal,0,0,0,0
99426aa893625f69,0,1,7,0,-1,0.0,2,-0.990559431026876,-1,nan,2,0.0617471534812086,-0.990559431026876,2,0.5306652942249125,-0.990559431026876,2,0.29657581514722103,-0.990559431026876,2.5571358243205893,-1,-2.260560009173368,nan,1,1,1,same_winner,0.0,equal,1,1,1,1
9fb5b34a36925a6c,0,1,7,0,-1,0.0,4,-0.0037563836089917757,-1,nan,4,0.11357108246791392,-0.0037563836089917757,4,0.6208279777988617,-0.0037563836089917757,4,0.44765545059524336,-0.0037563836089917757,2.5571358243205893,-1,-2.109480373725346,nan,1,1,1,same_winner,0.0,equal,0,0,0,1
a1c1a996e52f5c4e,0,1,5,0,-1,0.0,2,-4.041263536178889,-1,nan,9,0.129147507251073,-0.0004672088905239846,5,0.49199560361090633,-0.0020983524122044628,5,0.9714110520321161,-0.0020983524122044628,2.5571358243205893,-1,-1.585724772288473,nan,1,1,1,same_winner,0.0,equal,0,0,0,1
a657d16d34c3519a,0,1,3,1,20,1.784201655457297,1,1.7842007715892396,1,1.7842007715892396,20,0.19355923808448244,1.784201655457297,20,0.6117687942267898,1.784201655457297,-1,nan,nan,2.5571358243205893,-1,nan,nan,1,0,1,FDSR_to_abstain,-1.784201655457297,FBCSR_worse,0,0,0,0
a68adc1c27615ce9,0,1,13,0,-1,0.0,2,-0.0003269563222303984,-1,nan,-1,nan,nan,2,0.4187229291767111,-0.0003269563222303984,2,0.23037796396860938,-0.0003269563222303984,2.5571358243205893,-1,-2.32675786035198,nan,1,1,0,same_winner,0.0,equal,0,0,0,1
a75ce500226f5481,0,1,17,1,10,0.9896081159234046,4,-0.0008296889021993104,-1,nan,4,0.2603494602161748,-0.0008296889021993104,4,0.6814739213438926,-0.0008296889021993104,4,0.9957785341108455,-0.0008296889021993104,2.5571358243205893,-1,-1.561357290209744,nan,1,1,1,same_winner,0.0,equal,0,0,0,0
b95dc2615771588d,0,1,14,1,23,1.9696841584348586,21,-0.1210931115172803,-1,nan,23,0.23298509368838605,1.9696841584348586,25,0.7146622769125665,1.9696454723036383,25,0.6939728441181756,1.9696454723036383,2.5571358243205893,-1,-1.8631629802024137,nan,1,1,1,same_winner,0.0,equal,0,0,0,0
c3fd16e5694a5353,0,1,10,1,2,0.0052731657173485935,3,0.005157053496875008,-1,nan,9,0.026467195074440064,0.004479305555485258,3,0.43007983649307535,0.005157053496875008,17,0.3485248384507839,0.004962984092067968,2.5571358243205893,-1,-2.2086109858698055,nan,1,1,1,winner_changed,-0.00019406940480704016,FBCSR_worse,0,0,0,0
c8c5d04b848e504c,0,1,16,1,2,0.0003650239173320635,3,0.00029568436057303416,-1,nan,3,0.16597348019154945,0.00029568436057303416,3,0.5154540280618527,0.00029568436057303416,3,0.831653446947455,0.00029568436057303416,2.5571358243205893,-1,-1.7254823773731343,nan,1,1,1,same_winner,0.0,equal,0,0,0,0
c944de45a71e5a38,0,1,14,0,-1,0.0,2,-1.579888735432633e-05,-1,nan,-1,nan,nan,2,0.3697702059701158,-1.579888735432633e-05,2,0.3570181908989697,-1.579888735432633e-05,2.5571358243205893,-1,-2.2001176334216197,nan,1,1,0,same_winner,0.0,equal,0,0,0,1
f7cbec94d1ff5621,0,1,3,0,-1,0.0,6,-0.0007099613890051842,-1,nan,-1,nan,nan,14,0.2868619931879327,-1.3256034255027752e-05,14,0.4074252801550652,-1.3256034255027752e-05,2.5571358243205893,-1,-2.149710544165524,nan,1,1,0,same_winner,0.0,equal,0,0,0,1
03dac455f9ec5792,0,1,18,1,1,0.00011224785959340622,19,7.577102212241726e-05,-1,nan,23,0.24602580167745342,-0.0001943112442734929,22,0.6486484503517949,-3.0037901364021735e-06,23,0.7507776019797326,-0.0001943112442734929,2.5571358243205893,-1,-1.8063582223408567,nan,1,1,1,winner_changed,-0.00019130745413709072,FBCSR_worse,0,0,0,0
0966d80519ed5508,0,1,11,1,6,0.0009220502038020642,6,0.0009220502038020642,-1,nan,-1,nan,nan,21,0.16548907468064822,-2.4623979348688176e-06,21,0.1477817940685463,-2.4623979348688176e-06,2.5571358243205893,-1,-2.409354030252043,nan,1,1,0,same_winner,0.0,equal,0,0,0,0
222f2b699516591c,0,1,14,1,9,0.989903878249228,25,-1.0518735647169208e-05,10,-0.0002557319551707016,-1,nan,nan,-1,nan,nan,25,0.1688525873950163,-1.0518735647169208e-05,2.5571358243205893,-1,-2.388283236925573,nan,0,1,0,abstain_to_FBCSR,-1.0518735647169208e-05,FBCSR_worse,0,0,0,0
343925e5442554f5,0,1,4,1,4,6.260788813250429e-05,17,-0.00019431640431277764,17,-0.00019431640431277764,9,0.5838481226295662,-0.00011903538778423872,17,1.1224997158581518,-0.00019431640431277764,17,1.4060172721274753,-0.00019431640431277764,2.5571358243205893,-1,-1.151118552193114,nan,1,1,1,same_winner,0.0,equal,0,0,0,0
650894e30d725ba8,0,1,14,0,-1,0.0,14,-0.0032331318099244524,-1,nan,-1,nan,nan,14,0.3247566915812078,-0.0032331318099244524,14,0.6589119988398591,-0.0032331318099244524,2.5571358243205893,-1,-1.8982238254807302,nan,1,1,0,same_winner,0.0,equal,0,0,0,1
70a67a5dedae584b,0,1,23,1,22,0.00020503079220652578,13,0.00017503621224313978,-1,nan,22,0.18217580170894973,0.00020503079220652578,22,0.5832041987032319,0.00020503079220652578,22,0.5450232423288165,0.00020503079220652578,2.5571358243205893,-1,-2.0121125819917727,nan,1,1,1,same_winner,0.0,equal,0,0,0,0
80c337fb67145ff6,0,1,29,1,18,0.00028024044446617324,20,0.00020890609137680372,-1,nan,20,0.16774801155484736,0.00020890609137680372,20,0.3628568807692884,0.00020890609137680372,20,1.307849747956742,0.00020890609137680372,2.5571358243205893,-1,-1.2492860763638474,nan,1,1,1,same_winner,0.0,equal,0,0,0,0
84ed4f2cc4f057ce,0,1,14,1,15,0.990070145470626,21,0.9801659668493785,27,-0.00025902655910448047,25,0.17280577662320404,1.8950668792427905e-05,27,0.6401611961561777,-0.00025902655910448047,27,0.2809510563415388,-0.00025902655910448047,2.5571358243205893,-1,-2.2761847679790503,nan,1,1,1,same_winner,0.0,equal,0,0,0,0
8bdafd4a1d7c50eb,0,1,21,1,3,0.0008188129012006717,23,0.0007238137360662256,-1,nan,3,0.075166753519983,0.0008188129012006717,3,0.3096920324312066,0.0008188129012006717,3,0.7469376837216706,0.0008188129012006717,2.5571358243205893,-1,-1.8101981405989187,nan,1,1,1,same_winner,0.0,equal,0,0,0,0
9cb860301c105ca7,0,1,9,1,11,7.976894453198824e-06,20,-3.7070147320572566e-05,20,-3.7070147320572566e-05,20,0.5255746113163778,-3.7070147320572566e-05,20,1.0061347014297919,-3.7070147320572566e-05,20,1.074467552540444,-3.7070147320572566e-05,2.5571358243205893,-1,-1.4826682717801454,nan,1,1,1,same_winner,0.0,equal,0,0,0,0
a1ceb182eb7250a1,0,1,16,1,9,0.0007709787252359046,2,-0.00047298199683432074,-1,nan,9,0.2760796406411903,0.0007709787252359046,9,0.6487623724066442,0.0007709787252359046,9,0.7283712211506487,0.0007709787252359046,2.5571358243205893,-1,-1.8287646031699407,nan,1,1,1,same_winner,0.0,equal,0,0,0,0
b704090abc8d5afe,0,1,30,1,17,0.000840407390892306,18,0.0007353571400976477,-1,nan,18,0.15534066908888877,0.0007353571400976477,18,0.1724644403865666,0.0007353571400976477,18,1.6020516257153363,0.0007353571400976477,2.5571358243205893,-1,-0.955084198605253,nan,1,1,1,same_winner,0.0,equal,0,0,0,0
fd35b4e54a465e54,0,1,1,0,-1,0.0,7,-2.0207331793509424,-1,nan,7,0.11224110174863418,-2.0207331793509424,7,0.540506106337172,-2.0207331793509424,7,0.08613629270924406,-2.0207331793509424,2.5571358243205893,-1,-2.470999531611345,nan,1,1,1,same_winner,0.0,equal,1,1,1,1
fe98c3c19baf5ea3,0,1,2,1,4,2.1286245316340877,-1,nan,-1,nan,4,0.6410420944109576,2.1286245316340877,4,0.6821131745978546,2.1286245316340877,4,0.6042517945874938,2.1286245316340877,2.5571358243205893,-1,-1.9528840297330956,nan,1,1,1,same_winner,0.0,equal,0,0,0,0
05ba4ac2db9c50d2,0,1,11,1,26,0.00023882704498610105,21,-0.9894043804722809,-1,nan,25,0.17278546070643078,-0.9894486065524201,25,0.5389641019578513,-0.9894486065524201,25,0.48018085966391044,-0.9894486065524201,2.5571358243205893,-1,-2.0769549646566787,nan,1,1,1,same_winner,0.0,equal,1,1,1,0
0d399eab6caf5d71,0,1,1,0,-1,0.0,-1,nan,-1,nan,-1,nan,nan,-1,nan,nan,-1,nan,nan,2.5571358243205893,-1,nan,nan,0,0,0,both_abstain,0.0,equal,0,0,0,1
154c14f381535c43,0,1,1,1,24,7.987478524418279e-05,24,7.987478524418279e-05,-1,nan,24,0.23059672119426736,7.987478524418279e-05,24,0.6259411111021115,7.987478524418279e-05,24,0.6565131660976817,7.987478524418279e-05,2.5571358243205893,-1,-1.9006226582229075,nan,1,1,1,same_winner,0.0,equal,0,0,0,0
20cd0f5250875606,0,1,5,0,-1,0.0,17,-0.0007432220146525647,-1,nan,9,0.1943934711475888,-0.00035151679222472035,9,0.5807635571961245,-0.00035151679222472035,9,0.4440685896028447,-0.00035151679222472035,2.5571358243205893,-1,-2.113067234717745,nan,1,1,1,same_winner,0.0,equal,0,0,0,1
30a3163cf0805a69,0,1,4,0,-1,0.0,24,0.0,-1,nan,1,0.2587818534600188,-1.2324926170708386,27,0.7238718816094033,-1.2326034615412576,27,0.6462773417028347,-1.2326034615412576,2.5571358243205893,-1,-1.9108584826177546,nan,1,1,1,same_winner,0.0,equal,1,1,1,1
3da38924ebd45f50,0,1,10,1,1,1.7286877593049779,-1,nan,-1,nan,1,0.2897989109508466,1.7286877593049779,1,0.6656351898466051,1.7286877593049779,1,0.7064104858532985,1.7286877593049779,2.5571358243205893,-1,-1.8507253384672908,nan,1,1,1,same_winner,0.0,equal,0,0,0,0
48fd1a7abb7c59a6,0,1,19,1,16,0.00015671119373328324,20,9.257317371691443e-05,-1,nan,23,0.26614736238515674,-0.0003539639446881182,23,0.6765934614111127,-0.0003539639446881182,23,1.0313983575618382,-0.0003539639446881182,2.5571358243205893,-1,-1.525737466758751,nan,1,1,1,same_winner,0.0,equal,0,0,0,0
501128405d13533f,0,1,10,1,5,0.0006175347519805658,5,0.0006175347519805658,-1,nan,-1,nan,nan,9,0.26952119612009523,-0.00039965282671619194,9,0.2792567327933415,-0.00039965282671619194,2.5571358243205893,-1,-2.2778790915272475,nan,1,1,0,same_winner,0.0,equal,0,0,0,0
594c56337e94571b,0,1,14,0,-1,0.0,3,-0.001155877960449997,-1,nan,-1,nan,nan,14,0.273473004786673,-0.0012093193266307922,14,0.41838871395111255,-0.0012093193266307922,2.5571358243205893,-1,-2.1387471103694766,nan,1,1,0,same_winner,0.0,equal,0,0,0,1
5c92fa52c5165a1e,0,1,19,1,3,2.8803138807598216e-05,21,2.6677810028186144e-05,-1,nan,10,0.19132595113326792,-7.041046395883654e-05,25,0.6116703133922886,-0.000181118195899721,10,0.7807192276495547,-7.041046395883654e-05,2.5571358243205893,-1,-1.7764165966710346,nan,1,1,1,winner_changed,0.00011070773194088446,FBCSR_better,0,0,0,0
83d128720881565a,0,1,17,0,-1,0.0,1,-0.00017347736358619414,-1,nan,3,0.05243548881812632,-0.000577886478602796,3,0.462599538656218,-0.000577886478602796,3,0.709008078174607,-0.000577886478602796,2.5571358243205893,-1,-1.8481277461459822,nan,1,1,1,same_winner,0.0,equal,0,0,0,1
95a810911ba359ec,0,1,11,0,-1,0.0,20,-1.2317919820233691,20,-1.2317919820233691,18,0.3655633981867628,-1.2317849212438547,20,1.1315951321164444,-1.2317919820233691,20,1.508339669850809,-1.2317919820233691,2.5571358243205893,-1,-1.0487961544697804,nan,1,1,1,same_winner,0.0,equal,1,1,1,1
9d1adc78bda259ce,0,1,10,1,3,0.9899896442480383,16,0.989390559457801,-1,nan,-1,nan,nan,3,0.4172246498960279,0.9899896442480383,-1,nan,nan,2.5571358243205893,-1,nan,nan,1,0,0,FDSR_to_abstain,-0.9899896442480383,FBCSR_worse,0,0,0,0
a3b5d1855e7e5d96,0,1,12,1,7,2.33551174238855,0,-1.1104694041938434,0,-1.1104694041938434,5,0.8865874639511729,0.11936206060417026,5,1.6586977787370594,0.11936206060417026,5,1.8273215456310492,0.11936206060417026,2.5571358243205893,-1,-0.7298142786895401,nan,1,1,1,same_winner,0.0,equal,0,0,0,0
bbc08519add25675,0,1,3,1,9,2.284032596921548,3,0.0016385450839995208,-1,nan,9,0.34343464965122006,2.284032596921548,9,0.7643846881234471,2.284032596921548,9,0.454106667663004,2.284032596921548,2.5571358243205893,-1,-2.1030291566575854,nan,1,1,1,same_winner,0.0,equal,0,0,0,0
bf75c93832c7569d,0,1,9,1,3,2.336786165835214e-05,-1,nan,-1,nan,-1,nan,nan,0,0.3133539644900275,-0.00010840214341878429,0,0.1332556234748714,-0.00010840214341878429,2.5571358243205893,-1,-2.423880200845718,nan,1,1,0,same_winner,0.0,equal,0,0,0,0
d5b4a2295da55f8c,0,1,5,0,-1,0.0,13,-1.2230175262318923,13,-1.2230175262318923,7,2.0232822920408102,-1.2230283835736102,7,2.5743746765090303,-1.2230283835736102,7,2.7509234712709185,-1.2230283835736102,2.5571358243205893,7,0.19378764695032924,-1.2230283835736102,1,1,1,same_winner,0.0,equal,1,1,1,1
dec7d1a6632a516c,0,1,9,1,1,0.009756261034843616,1,0.009756261034843616,-1,nan,1,0.20952999250446586,0.009756261034843616,1,0.6105822715708875,0.009756261034843616,1,0.9141000235724264,0.009756261034843616,2.5571358243205893,-1,-1.643035800748163,nan,1,1,1,same_winner,0.0,equal,0,0,0,0
e14c53a47ffc5fe0,0,1,21,1,16,0.0001563535389956087,20,9.726131521165362e-05,-1,nan,24,0.27056629841080915,-0.0002950868985615671,3,0.6747329587826814,-0.0004499074629915414,24,0.9996884576718753,-0.0002950868985615671,2.5571358243205893,-1,-1.5574473666487139,nan,1,1,1,winner_changed,0.0001548205644299743,FBCSR_better,0,0,0,0
0624fd97bb1d5859,0,1,23,1,2,0.9897836904221213,22,0.0001875565206632679,-1,nan,22,0.307087604126155,0.0001875565206632679,22,0.555347815262517,0.0001875565206632679,22,1.0867222021819716,0.0001875565206632679,2.5571358243205893,-1,-1.4704136221386177,nan,1,1,1,same_winner,0.0,equal,0,0,0,0
1289017760ab5cda,0,1,22,1,19,1.5281987189919022e-05,19,1.5281987189919022e-05,-1,nan,23,0.1695696067585175,-0.00010211831200868104,22,0.6016954387922411,-0.00010211831200868104,22,0.9215767180100665,-0.00010211831200868104,2.5571358243205893,-1,-1.6355591063105228,nan,1,1,1,same_winner,0.0,equal,0,0,0,0
15210c5280b851a8,0,1,18,1,23,1.229867585480167,8,1.2200536691841322,-1,nan,24,0.07832543143710996,1.220051444119215,14,0.6448712298042266,1.2197810406023635,13,1.4024557829081459,1.2198625047296288,2.5571358243205893,-1,-1.1546800414124434,nan,1,1,1,winner_changed,8.146412726528496e-05,FBCSR_better,0,0,0,0
327472f9f4b755a7,0,1,12,1,2,6.967344586739088e-05,2,6.967344586739088e-05,-1,nan,-1,nan,nan,2,0.39076503223332454,6.967344586739088e-05,2,0.45376343514445894,6.967344586739088e-05,2.5571358243205893,-1,-2.1033723891761302,nan,1,1,0,same_winner,0.0,equal,0,0,0,0
35c70713d92251fc,0,1,12,1,16,5.6691353023052404e-05,16,5.6691353023052404e-05,-1,nan,17,0.14131276787839922,0.0,17,0.5325109324788441,0.0,17,0.6940983540993464,0.0,2.5571358243205893,-1,-1.8630374702212429,nan,1,1,1,same_winner,0.0,equal,0,0,0,0
3a4fd1d48a995545,0,1,12,1,17,0.014283291703311995,19,0.014261765146213357,19,0.014261765146213357,19,0.3629425684112401,0.014261765146213357,19,0.8262920148651889,0.014261765146213357,19,1.042689112352138,0.014261765146213357,2.5571358243205893,-1,-1.5144467119684513,nan,1,1,1,same_winner,0.0,equal,0,0,0,0
3c9d60b02bfb51c0,0,1,17,0,-1,0.0,2,-0.00024523607227022737,-1,nan,9,0.20198590336690458,-0.0004975407660006148,9,0.5571333119433756,-0.0004975407660006148,9,0.47580657094044876,-0.0004975407660006148,2.5571358243205893,-1,-2.0813292533801406,nan,1,1,1,same_winner,0.0,equal,0,0,0,1
4750b9c4cfbd5d3f,0,1,2,0,-1,0.0,4,-6.735376818865747,-1,nan,-1,nan,nan,4,0.2827235875994156,-6.735376818865747,4,0.2716946557031933,-6.735376818865747,2.5571358243205893,-1,-2.285441168617396,nan,1,1,0,same_winner,0.0,equal,1,1,0,1
506ddb4d458f5a70,0,1,1,0,-1,0.0,-1,nan,-1,nan,9,0.21299426294952226,-0.9297249210089445,9,0.5748636760710376,-0.9297249210089445,9,0.18635828659783704,-0.9297249210089445,2.5571358243205893,-1,-2.370777537722752,nan,1,1,1,same_winner,0.0,equal,1,1,1,1
54dbabed00525444,0,1,17,0,-1,0.0,3,-9.26424650009583e-05,-1,nan,6,0.11298286428431839,-0.00011966039536054351,6,0.5386806443270648,-0.00011966039536054351,6,0.9148811166915265,-0.00011966039536054351,2.5571358243205893,-1,-1.6422547076290628,nan,1,1,1,same_winner,0.0,equal,0,0,0,1
77f9220d917b52d0,0,1,12,1,1,0.9964797705322503,1,0.9964797705322503,-1,nan,1,0.17511071231643693,0.9964797705322503,1,0.5018263473930923,0.9964797705322503,1,0.5353104344865485,0.9964797705322503,2.5571358243205893,-1,-2.021825389834041,nan,1,1,1,same_winner,0.0,equal,0,0,0,0
7ca96f8e844f56ca,0,1,15,1,20,3.252210966228601,20,3.252210966228601,19,3.252210966228601,20,0.31633982678237677,3.252210966228601,18,0.7749349431936883,1.2200150502609088,19,0.8918158357947304,3.252210966228601,2.5571358243205893,-1,-1.6653199885258587,nan,1,1,1,winner_changed,2.032195915967692,FBCSR_better,0,0,0,0
7d363b1db0fc5975,0,1,11,1,18,0.7578627218062524,3,0.013301340210687851,-1,nan,5,0.051553541583963275,-0.9769596037015144,1,0.4731315501384692,0.012868133672885751,5,0.5032717887537913,-0.9769596037015144,2.5571358243205893,-1,-2.053864035566798,nan,1,1,1,winner_changed,-0.9898277373744001,FBCSR_worse,0,1,1,0
8813e8c6790a59d3,0,1,13,1,2,0.0005841119763674296,20,0.0005376298925838796,-1,nan,22,0.29543256235737075,0.00010857298851463248,24,0.5406146963929487,7.607495218975302e-05,24,0.9031017141649906,7.607495218975302e-05,2.5571358243205893,-1,-1.6540341101555986,nan,1,1,1,same_winner,0.0,equal,0,0,0,0
9626975e16725ec8,0,1,20,1,17,0.001075652346759881,18,0.0010747945629061562,-1,nan,22,0.038712775416909484,0.0008604435924439713,22,0.3359176761835297,0.0008604435924439713,22,0.5995968625767782,0.0008604435924439713,2.5571358243205893,-1,-1.957538961743811,nan,1,1,1,same_winner,0.0,equal,0,0,0,0
9907ad0101c45e09,0,1,1,0,-1,0.0,-1,nan,-1,nan,-1,nan,nan,-1,nan,nan,-1,nan,nan,2.5571358243205893,-1,nan,nan,0,0,0,both_abstain,0.0,equal,0,0,0,1
9e720f0176b35d63,0,1,24,1,13,2.2646550741046816e-05,5,1.6583766508847415e-05,18,-9.262234168127192e-05,19,0.23632595812184637,-9.262234168127192e-05,19,0.6454734168895033,-9.262234168127192e-05,19,0.3534784958168531,-9.262234168127192e-05,2.5571358243205893,-1,-2.203657328503736,nan,1,1,1,same_winner,0.0,equal,0,0,0,0
a67f3948c2445760,0,1,3,1,7,0.0010374386638402943,3,0.0006509598884731531,-1,nan,3,0.030472551691319044,0.0006509598884731531,3,0.5049754247563476,0.0006509598884731531,3,0.024140374435244638,0.0006509598884731531,2.5571358243205893,-1,-2.5329954498853446,nan,1,1,1,same_winner,0.0,equal,0,0,0,0
a8e99095a8235549,0,1,4,0,-1,0.0,16,-1.2318749638779087,16,-1.2318749638779087,16,0.5009691622233208,-1.2318749638779087,16,0.9298658367099234,-1.2318749638779087,16,0.4298889751438554,-1.2318749638779087,2.5571358243205893,-1,-2.127246849176734,nan,1,1,1,same_winner,0.0,equal,1,1,1,1
aed1237adf57578c,0,1,1,1,0,1.0332035451421078,0,1.0332035451421078,0,1.0332035451421078,0,0.3113336971456892,1.0332035451421078,0,0.40055655214169966,1.0332035451421078,0,0.18621687348967442,1.0332035451421078,2.5571358243205893,-1,-2.370918950830915,nan,1,1,1,same_winner,0.0,equal,0,0,0,0
ba5ddc3d1d5d56ad,0,1,1,0,-1,0.0,25,-3.6526486277832504e-05,-1,nan,25,0.20066170117177076,-3.6526486277832504e-05,25,0.615710251187306,-3.6526486277832504e-05,25,0.20507893573270863,-3.6526486277832504e-05,2.5571358243205893,-1,-2.3520568885878808,nan,1,1,1,same_winner,0.0,equal,0,0,0,1
c81dc86e054f566d,0,1,15,1,7,0.001231636287085891,3,0.0005305072082206763,-1,nan,3,0.044681702281531566,0.0005305072082206763,3,0.511433573523529,0.0005305072082206763,3,0.16041235624072908,0.0005305072082206763,2.5571358243205893,-1,-2.3967234680798604,nan,1,1,1,same_winner,0.0,equal,0,0,0,0
cffbf96734fa5f35,0,1,2,0,-1,0.0,1,-0.00012115731714312794,-1,nan,1,0.09058897890820658,-0.00012115731714312794,1,0.5610649641022614,-0.00012115731714312794,1,0.22650671516456233,-0.00012115731714312794,2.5571358243205893,-1,-2.330629109156027,nan,1,1,1,same_winner,0.0,equal,0,0,0,1
f4ba7c7ca86f5233,0,1,13,1,2,0.0005429608172389244,20,0.000496528893252357,-1,nan,22,0.30207114720825595,6.64908149863308e-05,24,0.5508077902849804,3.413775354865756e-05,24,0.9175713674524152,3.413775354865756e-05,2.5571358243205893,-1,-1.639564456868174,nan,1,1,1,same_winner,0.0,equal,0,0,0,0
045cd7a008c65925,0,1,17,1,9,0.00042712006894873866,3,0.0002655468061565358,-1,nan,9,0.21875562309183655,0.00042712006894873866,9,0.5325417113428064,0.00042712006894873866,9,1.0187873234157907,0.00042712006894873866,2.5571358243205893,-1,-1.5383485009047986,nan,1,1,1,same_winner,0.0,equal,0,0,0,0
0c77a4182a655cf9,0,1,3,1,7,0.00040183467310853267,-1,nan,-1,nan,-1,nan,nan,7,0.42808292660807296,0.00040183467310853267,-1,nan,nan,2.5571358243205893,-1,nan,nan,1,0,0,FDSR_to_abstain,-0.00040183467310853267,FBCSR_worse,0,0,0,0
1470dbcb0c415442,0,1,9,1,9,0.0005928187692534337,2,-2.7527673915450634e-05,-1,nan,9,0.025819339602928537,0.0005928187692534337,9,0.4822971924548579,0.0005928187692534337,9,1.3025288681878155,0.0005928187692534337,2.5571358243205893,-1,-1.2546069561327737,nan,1,1,1,same_winner,0.0,equal,0,0,0,0
208da297c61b5a6b,0,1,14,0,-1,0.0,2,-0.0001454900316892882,-1,nan,9,0.22824337165212338,-0.0002173149178734679,9,0.5890601774956457,-0.0002173149178734679,9,0.5202723547873052,-0.0002173149178734679,2.5571358243205893,-1,-2.036863469533284,nan,1,1,1,same_winner,0.0,equal,0,0,0,1
249837af09305794,0,1,2,0,-1,0.0,-1,nan,-1,nan,-1,nan,nan,-1,nan,nan,-1,nan,nan,2.5571358243205893,-1,nan,nan,0,0,0,both_abstain,0.0,equal,0,0,0,1
2648d4ed541751cc,0,1,13,1,2,0.0009548511621542133,3,0.00015299002230165226,-1,nan,-1,nan,nan,3,0.40349091960462724,0.00015299002230165226,3,0.352580418590477,0.00015299002230165226,2.5571358243205893,-1,-2.204555405730112,nan,1,1,0,same_winner,0.0,equal,0,0,0,0
2e3481cf5ec35baa,0,1,14,0,-1,0.0,3,-0.00036169656319540167,-1,nan,-1,nan,nan,3,0.4078826604406828,-0.00036169656319540167,-1,nan,nan,2.5571358243205893,-1,nan,nan,1,0,0,FDSR_to_abstain,0.00036169656319540167,FBCSR_better,0,0,0,1
31d6d7b013a75d29,0,1,17,1,9,0.0001595312765800827,2,-0.00025768281682392313,-1,nan,9,0.15739992756858354,0.0001595312765800827,9,0.5160809270653027,0.0001595312765800827,9,0.7468594324516402,0.0001595312765800827,2.5571358243205893,-1,-1.810276391868949,nan,1,1,1,same_winner,0.0,equal,0,0,0,0
45389fbdea6657a0,0,1,10,0,-1,0.0,3,-9.76101109875227e-05,-1,nan,6,0.05115423176304604,-0.00032883506886438596,3,0.49067732177783696,-9.76101109875227e-05,-1,nan,nan,2.5571358243205893,-1,nan,nan,1,0,1,FDSR_to_abstain,9.76101109875227e-05,FBCSR_better,0,0,0,1
46bf28b955d051b1,0,1,29,1,11,1.7699806256210593e-06,-1,nan,-1,nan,5,0.006143127166755247,-0.0003345792815641069,5,0.4492173624578375,-0.0003345792815641069,5,1.6840747276957961,-0.0003345792815641069,2.5571358243205893,-1,-0.8730610966247931,nan,1,1,1,same_winner,0.0,equal,0,0,0,0
4efebde6623256df,0,1,6,1,2,0.00010994882499799127,-1,nan,-1,nan,-1,nan,nan,2,0.2267258020354132,0.00010994882499799127,2,0.06747895225175748,0.00010994882499799127,2.5571358243205893,-1,-2.489656872068832,nan,1,1,0,same_winner,0.0,equal,0,0,0,0
5991dfcee3185e01,0,1,15,0,-1,0.0,22,0.0,-1,nan,2,0.22897578262307536,-3.552210174457291e-05,2,0.6207204907897609,-3.552210174457291e-05,2,0.8701479625877502,-3.552210174457291e-05,2.5571358243205893,-1,-1.686987861732839,nan,1,1,1,same_winner,0.0,equal,0,0,0,1
6c82dcb2637f5ad4,0,1,3,0,-1,0.0,6,-0.002434998204396105,-1,nan,9,0.254706379729819,-0.0003719746213523001,6,0.6583538229347898,-0.002434998204396105,6,0.7079603834469097,-0.002434998204396105,2.5571358243205893,-1,-1.8491754408736796,nan,1,1,1,same_winner,0.0,equal,0,0,0,1
1a9e0797610e5da4,1,2,17,1,2,4.1747342748532645e-05,-1,nan,-1,nan,9,0.06786090017748506,-0.00031520080855118593,9,0.4526984319924071,-0.00031520080855118593,9,0.6983405749901617,-0.00031520080855118593,1.8516904407398527,-1,-1.153349865749691,nan,1,1,1,same_winner,0.0,equal,0,0,0,0
31e5a1e6febd5acb,1,2,12,1,4,0.0022942917462438484,4,0.0022942917462438484,-1,nan,4,0.10012623721807112,0.0022942917462438484,4,0.5052884867942384,0.0022942917462438484,4,0.22484042997060338,0.0022942917462438484,1.8516904407398527,-1,-1.6268500107692492,nan,1,1,1,same_winner,0.0,equal,0,0,0,0
3f0c33142293536e,1,2,11,1,1,5.2756169609979864e-05,6,-0.004419000643878901,-1,nan,19,0.1759833801899673,0.0,19,0.5748025563899268,0.0,19,0.6480289102806914,0.0,1.8516904407398527,-1,-1.2036615304591614,nan,1,1,1,same_winner,0.0,equal,0,0,0,0
48fc14e048fb5fe2,1,2,18,1,22,0.00024175696671013824,23,0.00012721833586692988,-1,nan,23,0.13772132931757214,0.00012721833586692988,23,0.541585141894053,0.00012721833586692988,23,0.931807074369747,0.00012721833586692988,1.8516904407398527,-1,-0.9198833663701057,nan,1,1,1,same_winner,0.0,equal,0,0,0,0
65f00228b6bc54b5,1,2,17,1,2,4.76576091745784e-06,-1,nan,-1,nan,-1,nan,nan,2,0.23674522313108004,4.76576091745784e-06,2,0.4321637873752049,4.76576091745784e-06,1.8516904407398527,-1,-1.4195266533646478,nan,1,1,0,same_winner,0.0,equal,0,0,0,0
d22547ad7061548d,1,2,11,1,20,0.004789729507570062,22,0.004789317346434174,23,0.004789317346434174,26,0.5517393249386024,0.004349149602115965,26,0.9118732931961004,0.004349149602115965,26,1.0608239795049268,0.004349149602115965,1.8516904407398527,-1,-0.7908664612349259,nan,1,1,1,same_winner,0.0,equal,0,0,0,0
ebc361211e395b18,1,2,19,0,-1,0.0,14,-0.001957534239996672,-1,nan,-1,nan,nan,20,0.15754873130588842,-0.001661769062653029,20,0.5972383368038654,-0.001661769062653029,1.8516904407398527,-1,-1.2544521039359873,nan,1,1,0,same_winner,0.0,equal,0,0,0,1
f757646a2d865977,1,2,1,0,-1,0.0,-1,nan,-1,nan,5,0.015789067884598766,-0.00023967403620472894,5,0.4255967368460349,-0.00023967403620472894,-1,nan,nan,1.8516904407398527,-1,nan,nan,1,0,1,FDSR_to_abstain,0.00023967403620472894,FBCSR_better,0,0,0,1
9ca3798eb199579e,1,2,10,0,-1,0.0,-1,nan,-1,nan,23,0.19144822233997894,-7.272584703751916e-05,23,0.5501923045356688,-7.272584703751916e-05,23,0.7060100920591396,-7.272584703751916e-05,1.8516904407398527,-1,-1.1456803486807132,nan,1,1,1,same_winner,0.0,equal,0,0,0,1
f7050dbcd3c954f3,1,2,6,1,1,1.2326409581780433,23,1.2228804792242125,-1,nan,2,0.09751079730282397,1.2324836412908278,2,0.5052019993656395,1.2324836412908278,2,0.4958746986099183,1.2324836412908278,1.8516904407398527,-1,-1.3558157421299344,nan,1,1,1,same_winner,0.0,equal,0,0,0,0
180f81d1ca5c5ee3,1,2,17,1,21,0.00022019562242769908,23,7.068096973794624e-05,-1,nan,23,0.1443417416229646,7.068096973794624e-05,23,0.5432438514436433,7.068096973794624e-05,23,0.7411857682029146,7.068096973794624e-05,1.8516904407398527,-1,-1.110504672536938,nan,1,1,1,same_winner,0.0,equal,0,0,0,0
1bd8ca835d485cd8,1,2,14,1,22,0.00019881401173771351,23,0.0001267136363314325,-1,nan,23,0.08697005830005632,0.0001267136363314325,23,0.49111052607532424,0.0001267136363314325,23,0.6785610908132805,0.0001267136363314325,1.8516904407398527,-1,-1.173129349926572,nan,1,1,1,same_winner,0.0,equal,0,0,0,0
291db523bb115ccf,1,2,16,1,21,0.0001606943226883928,3,1.590520776817428e-05,-1,nan,24,0.16975324722920332,-8.852075822662897e-05,24,0.5786822768900651,-8.852075822662897e-05,24,0.8485751055109776,-8.852075822662897e-05,1.8516904407398527,-1,-1.003115335228875,nan,1,1,1,same_winner,0.0,equal,0,0,0,0
2d4f708394ef542e,1,2,2,0,-1,0.0,-1,nan,-1,nan,-1,nan,nan,-1,nan,nan,5,0.7126199289466313,-3.896098972048237,1.8516904407398527,-1,-1.1390705117932214,nan,0,1,0,abstain_to_FBCSR,-3.896098972048237,FBCSR_worse,0,1,0,1
39346eef49ad52a6,1,2,16,0,-1,0.0,2,-1.8276321345854374,-1,nan,2,0.00038991919431746735,-1.8276321345854374,2,0.4009806679887672,-1.8276321345854374,2,0.8319731143034541,-1.8276321345854374,1.8516904407398527,-1,-1.0197173264363986,nan,1,1,1,same_winner,0.0,equal,1,1,1,1
621fb14952d45fbc,1,2,2,0,-1,0.0,2,-1.793281329542026,-1,nan,2,0.07685935170120509,-1.793281329542026,2,0.5085892062786289,-1.793281329542026,2,0.5219952027178222,-1.793281329542026,1.8516904407398527,-1,-1.3296952380220306,nan,1,1,1,same_winner,0.0,equal,1,1,1,1
79a3cfc7d4535d5f,1,2,14,1,21,0.0032886529187541313,22,0.003259013999387328,-1,nan,25,0.41444193231459747,0.003068311465525664,25,0.7466529699637038,0.003068311465525664,25,0.9514610402941324,0.003068311465525664,1.8516904407398527,-1,-0.9002294004457203,nan,1,1,1,same_winner,0.0,equal,0,0,0,0
7a90e31caaa35114,1,2,11,1,19,0.0002417119765647513,-1,nan,-1,nan,23,0.0008446797225420688,-0.00024712731484388684,23,0.39125268917962774,-0.00024712731484388684,23,0.6429150214737029,-0.00024712731484388684,1.8516904407398527,-1,-1.2087754192661497,nan,1,1,1,same_winner,0.0,equal,0,0,0,0
9e4525cb8f5e5fcd,1,2,15,0,-1,0.0,-1,nan,-1,nan,-1,nan,nan,6,0.19311488360281742,-0.004473992635681157,6,0.7133346827785503,-0.004473992635681157,1.8516904407398527,-1,-1.1383557579613024,nan,1,1,0,same_winner,0.0,equal,0,0,0,1
c5e0107671965987,1,2,13,0,-1,0.0,-1,nan,-1,nan,-1,nan,nan,2,0.3482823045387482,-1.622322853656044e-05,2,0.29138177537836973,-1.622322853656044e-05,1.8516904407398527,-1,-1.5603086653614828,nan,1,1,0,same_winner,0.0,equal,0,0,0,1
ca00c31168b252d5,1,2,16,1,17,3.4674813509383284e-07,3,-8.024468859657574e-05,-1,nan,-1,nan,nan,3,0.3292123379791114,-8.024468859657574e-05,7,0.5733724980118213,-0.0002151088144861646,1.8516904407398527,-1,-1.2783179427280313,nan,1,1,0,winner_changed,-0.00013486412588958885,FBCSR_worse,0,0,0,0
e2c31e25cb35514d,1,2,14,1,2,4.104290409012723e-05,-1,nan,-1,nan,9,0.17867567936437612,-0.000541065095644444,9,0.553732149887511,-0.000541065095644444,9,0.4528456619826048,-0.000541065095644444,1.8516904407398527,-1,-1.398844778757248,nan,1,1,1,same_winner,0.0,equal,0,0,0,0
114a8e53ec3c5e0d,1,2,3,1,2,1.9670177286388972e-05,-1,nan,-1,nan,-1,nan,nan,5,0.35230835992107773,1.891055840897056e-05,-1,nan,nan,1.8516904407398527,-1,nan,nan,1,0,0,FDSR_to_abstain,-1.891055840897056e-05,FBCSR_worse,0,0,0,0
1907423ff64a51eb,1,2,9,1,17,0.9794227824792267,20,-0.0002998982892371549,-1,nan,22,0.1844532815796694,4.7492956556399735e-05,22,0.5716535241522531,4.7492956556399735e-05,22,0.20106689752258905,4.7492956556399735e-05,1.8516904407398527,-1,-1.6506235432172636,nan,1,1,1,same_winner,0.0,equal,0,0,0,0
b8091003cbb95da3,1,2,2,1,20,0.005847989658487495,20,0.005847989658487495,-1,nan,21,0.009718983743908255,0.005799536113289651,21,0.4195838948643826,0.005799536113289651,21,0.18039717489374707,0.005799536113289651,1.8516904407398527,-1,-1.6712932658461055,nan,1,1,1,same_winner,0.0,equal,0,0,0,0
c9281513f02f50f2,1,2,12,1,21,0.0001164957925676724,21,0.0001164957925676724,-1,nan,23,0.09986203979457536,0.0,23,0.494616777841543,0.0,23,0.5911853315345978,0.0,1.8516904407398527,-1,-1.2605051092052548,nan,1,1,1,same_winner,0.0,equal,0,0,0,0
eeb054ac63575b33,1,2,2,1,7,0.00027694589700555383,3,0.00022565341983016296,-1,nan,-1,nan,nan,3,0.3918839235417149,0.00022565341983016296,3,0.025803947533845184,0.00022565341983016296,1.8516904407398527,-1,-1.8258864932060075,nan,1,1,0,same_winner,0.0,equal,0,0,0,0
6988613e2a3557be,1,2,17,1,2,4.3291702959691314e-05,-1,nan,-1,nan,-1,nan,nan,2,0.42808948893145893,4.3291702959691314e-05,2,0.8367144287262409,4.3291702959691314e-05,1.8516904407398527,-1,-1.0149760120136118,nan,1,1,0,same_winner,0.0,equal,0,0,0,0
b66ea7e3342b533b,1,2,2,0,-1,0.0,-1,nan,-1,nan,2,0.1498102374783007,-5.520669647962606e-05,2,0.5937175558524235,-5.520669647962606e-05,2,0.029227780000623926,-5.520669647962606e-05,1.8516904407398527,-1,-1.8224626607392287,nan,1,1,1,same_winner,0.0,equal,0,0,0,1
ebdc46dacb5f53f2,1,2,20,1,2,2.810941170938719e-06,-1,nan,-1,nan,21,0.059523338066818005,7.133007049464624e-07,21,0.4587827475005261,7.133007049464624e-07,21,0.9043394119854384,7.133007049464624e-07,1.8516904407398527,-1,-0.9473510287544142,nan,1,1,1,same_winner,0.0,equal,0,0,0,0
06a937676ff65c69,1,2,17,1,8,0.9890767871343298,-1,nan,-1,nan,9,0.14572447368042457,-0.0008672325992258312,9,0.5298424592477549,-0.0008672325992258312,9,0.8468355247980738,-0.0008672325992258312,1.8516904407398527,-1,-1.0048549159417788,nan,1,1,1,same_winner,0.0,equal,0,0,0,0
26f611f146275818,1,2,17,1,9,0.00012913482794552067,3,0.00011789943836637562,-1,nan,-1,nan,nan,9,0.3355873828805346,0.00012913482794552067,9,1.4241632870899457,0.00012913482794552067,1.8516904407398527,-1,-0.427527153649907,nan,1,1,0,same_winner,0.0,equal,0,0,0,0
441987f47a6f5784,1,2,9,0,-1,0.0,2,-0.9286990923102945,-1,nan,-1,nan,nan,3,0.3827504038080868,-0.9287110000107903,-1,nan,nan,1.8516904407398527,-1,nan,nan,1,0,0,FDSR_to_abstain,0.9287110000107903,FBCSR_better,1,0,0,1
5f4392860e5752ce,1,2,6,1,2,4.650930203498049e-05,21,2.856343034651765e-05,-1,nan,24,0.222149187005187,-0.00046456240278203165,24,0.5790047353118234,-0.00046456240278203165,24,0.566090723035239,-0.00046456240278203165,1.8516904407398527,-1,-1.2855997177046137,nan,1,1,1,same_winner,0.0,equal,0,0,0,0
5fde760ec9f05c3d,1,2,16,1,18,0.0001936817685672665,19,0.0001907036799879691,21,6.991243225051846e-05,22,0.509443486967129,-0.0001297025804172236,22,0.7920561320515259,-0.0001297025804172236,22,1.1249818859489413,-0.0001297025804172236,1.8516904407398527,-1,-0.7267085547909113,nan,1,1,1,same_winner,0.0,equal,0,0,0,0
606e5b5125985e1f,1,2,12,1,7,0.00031248212726786573,-1,nan,-1,nan,-1,nan,nan,7,0.39110223108323905,0.00031248212726786573,7,0.5524841714003084,0.00031248212726786573,1.8516904407398527,-1,-1.2992062693395443,nan,1,1,0,same_winner,0.0,equal,0,0,0,0
73cd1e45d87156ee,1,2,18,1,22,0.0004529736135152618,21,0.00041150524839750346,-1,nan,23,0.38353388295327406,0.000388450409076313,23,0.6298422798747194,0.000388450409076313,23,1.115869391879324,0.000388450409076313,1.8516904407398527,-1,-0.7358210488605286,nan,1,1,1,same_winner,0.0,equal,0,0,0,0
7a9a7b86210b5dc4,1,2,17,0,-1,0.0,3,-0.0001631911307573286,-1,nan,3,0.12230143293127271,-0.0001631911307573286,3,0.5964103167172082,-0.0001631911307573286,3,0.7754453559832801,-0.0001631911307573286,1.8516904407398527,-1,-1.0762450847565725,nan,1,1,1,same_winner,0.0,equal,0,0,0,1
81195788481d5844,1,2,17,1,5,0.9899756620358676,-1,nan,-1,nan,-1,nan,nan,5,0.3912575337678701,0.9899756620358676,5,0.9211717216715998,0.9899756620358676,1.8516904407398527,-1,-0.9305187190682529,nan,1,1,0,same_winner,0.0,equal,0,0,0,0
948d834b78515695,1,2,10,1,21,0.00012688359217718223,6,-0.004016842871904373,-1,nan,22,0.07863452263363427,2.8722488693892767e-05,22,0.4869674613334286,2.8722488693892767e-05,22,0.6625504049745992,2.8722488693892767e-05,1.8516904407398527,-1,-1.1891400357652535,nan,1,1,1,same_winner,0.0,equal,0,0,0,0
a08635adfbc45990,1,2,16,1,9,2.0240639311203266,3,1.03484295751201,-1,nan,-1,nan,nan,-1,nan,nan,5,1.2179303781804263,1.0345689647759775,1.8516904407398527,-1,-0.6337600625594264,nan,0,1,0,abstain_to_FBCSR,1.0345689647759775,FBCSR_better,0,0,0,0
a5836bf6d71f58f2,1,2,17,1,9,0.0008614462114870658,-1,nan,-1,nan,9,0.04837777624110584,0.0008614462114870658,9,0.47141143050579126,0.0008614462114870658,9,0.8510298336654577,0.0008614462114870658,1.8516904407398527,-1,-1.000660607074395,nan,1,1,1,same_winner,0.0,equal,0,0,0,0
a6e92119ed185a7d,1,2,19,0,-1,0.0,11,-0.0001042747385802123,-1,nan,-1,nan,nan,11,0.19076863923572063,-0.0001042747385802123,11,1.682151457855765,-0.0001042747385802123,1.8516904407398527,-1,-0.16953898288408764,nan,1,1,0,same_winner,0.0,equal,0,0,0,1
aeb0da156a7b5426,1,2,3,1,20,8.79869105294348e-05,21,8.050889065489182e-05,-1,nan,21,0.4016152735521289,8.050889065489182e-05,21,0.4831110629398565,8.050889065489182e-05,21,0.3275736909932727,8.050889065489182e-05,1.8516904407398527,-1,-1.52411674974658,nan,1,1,1,same_winner,0.0,equal,0,0,0,0
b024a29a38815f5d,1,2,10,1,7,8.055787477642684e-05,-1,nan,-1,nan,-1,nan,nan,9,0.39352059764792163,-0.0004934725790284589,9,0.4005624892730312,-0.0004934725790284589,1.8516904407398527,-1,-1.4511279514668214,nan,1,1,0,same_winner,0.0,equal,0,0,0,0
c0eff628bb5d57f2,1,2,5,0,-1,0.0,2,-0.0003161320409737489,-1,nan,9,0.19193092761501898,-0.0002712661859579357,9,0.6054458035720222,-0.0002712661859579357,9,0.667904162232547,-0.0002712661859579357,1.8516904407398527,-1,-1.1837862785073057,nan,1,1,1,same_winner,0.0,equal,0,0,0,1
c2ef8af22b6b57fa,1,2,16,1,8,0.0006266896873712569,-1,nan,-1,nan,8,0.031402135036371626,0.0006266896873712569,8,0.46761998359223356,0.0006266896873712569,8,0.8808540853818227,0.0006266896873712569,1.8516904407398527,-1,-0.9708363553580299,nan,1,1,1,same_winner,0.0,equal,0,0,0,0
e2becee9277c5811,1,2,18,1,20,0.00037816441580673654,20,0.00037816441580673654,-1,nan,22,0.46374040239878656,0.0001367530750111534,22,0.7376724873096505,0.0001367530750111534,22,1.2035641757829445,0.0001367530750111534,1.8516904407398527,-1,-0.6481262649569082,nan,1,1,1,same_winner,0.0,equal,0,0,0,0
e7c6e7ca0bf75a88,1,2,17,1,7,7.512643890805748e-05,-1,nan,-1,nan,-1,nan,nan,9,0.4160284662635466,-0.00039868725040576036,9,0.8128612587192918,-0.00039868725040576036,1.8516904407398527,-1,-1.0388291820205608,nan,1,1,0,same_winner,0.0,equal,0,0,0,0
f845609710815b95,1,2,16,1,18,0.00018843353008879404,19,0.00018563175499508588,21,6.555417294151766e-05,22,0.5103017594189099,-0.0001336572684111914,22,0.8083206471831055,-0.0001336572684111914,22,1.149793189802284,-0.0001336572684111914,1.8516904407398527,-1,-0.7018972509375687,nan,1,1,1,same_winner,0.0,equal,0,0,0,0
0e7c79855e005220,1,2,17,1,3,0.9896743082495081,21,-0.9897585825078985,-1,nan,3,0.15675871998502952,0.9896743082495081,10,0.5934163056959427,0.9895054183882794,3,0.7806904099373503,0.9896743082495081,1.8516904407398527,-1,-1.0710000308025025,nan,1,1,1,winner_changed,0.00016888986122864935,FBCSR_better,0,0,0,0
14dd0d86a4d353af,1,2,1,0,-1,0.0,-1,nan,-1,nan,-1,nan,nan,-1,nan,nan,-1,nan,nan,1.8516904407398527,-1,nan,nan,0,0,0,both_abstain,0.0,equal,0,0,0,1
2d691673d2a75468,1,2,5,1,2,1.347258633455084e-05,15,-2.0204578191693194,-1,nan,9,0.20460449009582585,-0.0005493406044321247,9,0.6750077805229893,-0.0005493406044321247,9,0.3693530304800612,-0.0005493406044321247,1.8516904407398527,-1,-1.4823374102597915,nan,1,1,1,same_winner,0.0,equal,0,0,0,0
4a475083531f544e,1,2,17,1,5,0.0005351796336472425,3,-1.0448784753647189e-05,-1,nan,5,0.015295741761631593,0.0005351796336472425,5,0.42150298357263943,0.0005351796336472425,5,0.8290570324175048,0.0005351796336472425,1.8516904407398527,-1,-1.0226334083223478,nan,1,1,1,same_winner,0.0,equal,0,0,0,0
4aa6a5b42a9d5a1a,1,2,4,0,-1,0.0,2,-0.9968931171692909,-1,nan,-1,nan,nan,2,0.4174394264287755,-0.9968931171692909,-1,nan,nan,1.8516904407398527,-1,nan,nan,1,0,0,FDSR_to_abstain,0.9968931171692909,FBCSR_better,1,0,0,1
4f8180de60ff5016,1,2,16,1,4,0.0018122307443990682,1,0.0008375573793424351,-1,nan,-1,nan,nan,4,0.3966968002985184,0.0018122307443990682,4,0.6150477038279731,0.0018122307443990682,1.8516904407398527,-1,-1.2366427369118795,nan,1,1,0,same_winner,0.0,equal,0,0,0,0
65f6f0aad1645746,1,2,15,0,-1,0.0,-1,nan,-1,nan,-1,nan,nan,2,0.3255572596424325,-1.8252958985984225e-05,2,0.3400044355125713,-1.8252958985984225e-05,1.8516904407398527,-1,-1.5116860052272814,nan,1,1,0,same_winner,0.0,equal,0,0,0,1
86935537a5e256bd,1,2,3,1,2,3.4407792150159024e-05,2,3.4407792150159024e-05,-1,nan,23,0.12316134757034279,-4.216529144323439e-05,2,0.5166997363749499,3.4407792150159024e-05,2,0.19880548402146359,3.4407792150159024e-05,1.8516904407398527,-1,-1.6528849567183892,nan,1,1,1,same_winner,0.0,equal,0,0,0,0
91dfe4ebf3c25298,1,2,3,0,-1,0.0,-1,nan,-1,nan,-1,nan,nan,-1,nan,nan,7,0.28050615187949557,-1.7913190205828053,1.8516904407398527,-1,-1.571184288860357,nan,0,1,0,abstain_to_FBCSR,-1.7913190205828053,FBCSR_worse,0,1,0,1
ae93b0cb5f2752c9,1,2,7,1,18,0.0002401704475985672,23,-1.621068492024813e-06,-1,nan,23,0.2090003092380338,-1.621068492024813e-06,23,0.6099987810046977,-1.621068492024813e-06,23,0.5604111743835917,-1.621068492024813e-06,1.8516904407398527,-1,-1.291279266356261,nan,1,1,1,same_winner,0.0,equal,0,0,0,0
c4b429aa06c65c18,1,2,5,1,27,2.0200232751698115,-1,nan,-1,nan,27,0.18296486591512093,2.0200232751698115,27,0.4939181432469264,2.0200232751698115,27,0.4316546855132576,2.0200232751698115,1.8516904407398527,-1,-1.420035755226595,nan,1,1,1,same_winner,0.0,equal,0,0,0,0
d124fe4c82a0504a,1,2,14,0,-1,0.0,-1,nan,-1,nan,-1,nan,nan,2,0.3374369459123015,-3.3327944576735935e-05,2,0.24253647119204125,-3.3327944576735935e-05,1.8516904407398527,-1,-1.6091539695478114,nan,1,1,0,same_winner,0.0,equal,0,0,0,1
d8a9f79a9b2f5af3,1,2,1,1,22,3.149701463542634,22,3.149701463542634,22,3.149701463542634,22,1.20704336188775,3.149701463542634,22,1.485349563495311,3.149701463542634,22,1.4132105553761267,3.149701463542634,1.8516904407398527,-1,-0.43847988536372595,nan,1,1,1,same_winner,0.0,equal,0,0,0,0
d9b829983ef95e41,1,2,17,0,-1,0.0,-1,nan,-1,nan,-1,nan,nan,2,0.33868063128146053,-3.524854303105229e-05,2,0.40115161477464445,-3.524854303105229e-05,1.8516904407398527,-1,-1.4505388259652081,nan,1,1,0,same_winner,0.0,equal,0,0,0,1
dba43762ec9a571c,1,2,3,0,-1,0.0,-1,nan,-1,nan,-1,nan,nan,-1,nan,nan,-1,nan,nan,1.8516904407398527,-1,nan,nan,0,0,0,both_abstain,0.0,equal,0,0,0,1
fefa06851c7f58a7,1,2,7,1,9,0.9898329798047547,14,0.9898329082925921,-1,nan,20,0.24757519521001253,-1.2323258076974541,20,0.6359943726327967,-1.2323258076974541,20,0.26601828592282883,-1.2323258076974541,1.8516904407398527,-1,-1.5856721548170238,nan,1,1,1,same_winner,0.0,equal,1,1,1,0
185ce8f5060f5856,1,2,1,0,-1,0.0,-1,nan,-1,nan,-1,nan,nan,-1,nan,nan,-1,nan,nan,1.8516904407398527,-1,nan,nan,0,0,0,both_abstain,0.0,equal,0,0,0,1
6b5577a2a92d5e63,1,2,14,1,0,0.0002589048057795029,0,0.0002589048057795029,-1,nan,4,0.1546974795209342,-4.862848371267603e-05,4,0.5639003266625505,-4.862848371267603e-05,4,0.4824300141811578,-4.862848371267603e-05,1.8516904407398527,-1,-1.369260426558695,nan,1,1,1,same_winner,0.0,equal,0,0,0,0
6d5d40bcf2f153a8,1,2,28,1,17,0.0015832513636836664,11,0.00146313439374062,-1,nan,11,0.30563153831039624,0.00146313439374062,11,0.49491143142893596,0.00146313439374062,11,1.7184915442481072,0.00146313439374062,1.8516904407398527,-1,-0.13319889649174543,nan,1,1,1,same_winner,0.0,equal,0,0,0,0
8ce184b9fe795518,1,2,12,1,17,1.2323011897528544,12,0.0,-1,nan,12,0.26971139664847066,0.0,12,0.5785823204226388,0.0,10,0.2819691258327405,0.0,1.8516904407398527,-1,-1.5697213149071123,nan,1,1,1,winner_changed,0.0,equal,0,0,0,0
ae75c379fc4f5ac0,1,2,15,1,3,0.00044269215201486745,3,0.00044269215201486745,-1,nan,-1,nan,nan,3,0.40317295470307346,0.00044269215201486745,3,0.12305679189865437,0.00044269215201486745,1.8516904407398527,-1,-1.7286336488411984,nan,1,1,0,same_winner,0.0,equal,0,0,0,0
bc30bddda7655472,1,2,17,1,15,0.0002943478688597345,10,0.0002641428634524434,-1,nan,-1,nan,nan,16,0.40786632758718233,0.0002641428634524434,10,0.5270711457070656,0.0002641428634524434,1.8516904407398527,-1,-1.324619295032787,nan,1,1,0,winner_changed,0.0,equal,0,0,0,0
ec003315c7f8544e,1,2,13,1,1,1.909398075802624,3,0.03068662334382477,7,1.625132601845264,7,0.3000589655082053,1.625132601845264,7,0.9281515459380258,1.625132601845264,7,1.707496993498542,1.625132601845264,1.8516904407398527,-1,-0.14419344724131067,nan,1,1,1,same_winner,0.0,equal,0,0,0,0
f80967dcb45f5879,1,2,25,1,31,1.8992245194304758e-06,24,-6.025773286832958e-05,4,-0.0024380035112727683,25,0.2387807976232137,-8.79884749651616e-05,4,0.6512975005875782,-0.0024380035112727683,4,1.9268882511004684,-0.0024380035112727683,1.8516904407398527,4,0.07519781036061568,-0.0024380035112727683,1,1,1,same_winner,0.0,equal,0,0,0,0
f8295ad66d0b502a,1,2,18,1,14,1.219853396421759,-1,nan,-1,nan,23,0.03237623852359864,0.0001384854522026302,23,0.44646060676246724,0.0001384854522026302,23,0.8664981730566604,0.0001384854522026302,1.8516904407398527,-1,-0.9851922676831922,nan,1,1,1,same_winner,0.0,equal,0,0,0,0
00d83b17d1755be3,1,2,7,0,-1,0.0,-1,nan,-1,nan,-1,nan,nan,9,0.29745670496262566,-0.31722641177799726,9,0.26725937630420515,-0.31722641177799726,1.8516904407398527,-1,-1.5844310644356474,nan,1,1,0,same_winner,0.0,equal,0,0,0,1
07f7850e943e5787,1,2,17,1,4,0.0008112345188855952,-1,nan,-1,nan,9,0.001052628738836242,-0.0003208969734609102,9,0.4221765499971834,-0.0003208969734609102,9,0.6456666394218907,-0.0003208969734609102,1.8516904407398527,-1,-1.2060238013179618,nan,1,1,1,same_winner,0.0,equal,0,0,0,0
0bd45dc9e3a759c2,1,2,17,1,21,0.00014496354013681387,6,-1.9806460030913353,6,-1.9806460030913353,17,0.11012860993399623,0.00010564825385808935,17,0.4879364047563547,0.00010564825385808935,23,0.20777410371869054,0.00011520290672779095,1.8516904407398527,-1,-1.643916337021162,nan,1,1,1,winner_changed,9.554652869701603e-06,FBCSR_better,0,0,0,0
183eebcd18325090,1,2,12,1,7,8.248892743431503e-05,20,7.535703303292391e-05,-1,nan,22,0.14989102958438305,-2.6754828193224865e-05,22,0.5491638769011649,-2.6754828193224865e-05,22,0.7234171661314626,-2.6754828193224865e-05,1.8516904407398527,-1,-1.12827327460839,nan,1,1,1,same_winner,0.0,equal,0,0,0,0
19b32f02944d51ad,1,2,19,1,18,5.1401129104622356e-05,20,4.461837168800997e-05,-1,nan,20,0.14365727622481056,4.461837168800997e-05,1,0.5650339934341131,-1.28129610792449e-05,1,1.3326156520237185,-1.28129610792449e-05,1.8516904407398527,-1,-0.5190747887161342,nan,1,1,1,same_winner,0.0,equal,0,0,0,0
1de30d88d7e15d70,1,2,11,1,5,1.2447779033999544,4,0.00040731540024285806,12,-1.21955611349307,4,0.14369187994286953,0.00040731540024285806,9,0.5590712072346942,-1.219551877161488,4,0.7974998891271827,0.00040731540024285806,1.8516904407398527,-1,-1.05419055161267,nan,1,1,1,winner_changed,1.2199591925617308,FBCSR_better,1,0,0,0
351a31864bda5923,1,2,12,1,2,1.553113559205066e-06,2,1.553113559205066e-06,-1,nan,9,0.1666088868814431,-0.0003158109522206354,9,0.5395071503341374,-0.0003158109522206354,9,0.35040172567268507,-0.0003158109522206354,1.8516904407398527,-1,-1.5012887150671677,nan,1,1,1,same_winner,0.0,equal,0,0,0,0
42e1302d4d595015,1,2,24,0,-1,0.0,-1,nan,-1,nan,23,0.19730507922193175,-3.214230805159701e-05,23,0.5884139235819726,-3.214230805159701e-05,23,1.328965391600073,-3.214230805159701e-05,1.8516904407398527,-1,-0.5227250491397797,nan,1,1,1,same_winner,0.0,equal,0,0,0,1
436d539f02525dbf,1,2,9,1,6,0.001447485886886716,-1,nan,-1,nan,-1,nan,nan,2,0.32405759523194666,0.0002751280408352613,2,0.2702039514694434,0.0002751280408352613,1.8516904407398527,-1,-1.5814864892704092,nan,1,1,0,same_winner,0.0,equal,0,0,0,0
53791dfcfb555d8b,1,2,13,0,-1,0.0,-1,nan,-1,nan,-1,nan,nan,2,0.3641179438420471,-0.0006316881531849561,2,0.2471320696963093,-0.0006316881531849561,1.8516904407398527,-1,-1.6045583710435434,nan,1,1,0,same_winner,0.0,equal,0,0,0,1
5787abf0e35d54cf,1,2,12,1,2,4.151929654172548e-05,2,4.151929654172548e-05,-1,nan,9,0.12481990858383095,-0.00035294373019167935,9,0.48775432372474264,-0.00035294373019167935,9,0.32299808321312234,-0.00035294373019167935,1.8516904407398527,-1,-1.5286923575267304,nan,1,1,1,same_winner,0.0,equal,0,0,0,0
6a860de43c125dbf,1,2,17,1,2,0.0004565505125557756,9,0.00013104936927543775,-1,nan,9,0.20493255844968775,0.00013104936927543775,9,0.5003023901992147,0.00013104936927543775,9,1.1155004934381925,0.00013104936927543775,1.8516904407398527,-1,-0.7361899473016602,nan,1,1,1,same_winner,0.0,equal,0,0,0,0
7b1eb807d4d95132,1,2,17,0,-1,0.0,3,-3.3801279961942488e-06,-1,nan,6,0.06199501757426065,-0.001243818229436866,6,0.4731364057370915,-0.001243818229436866,6,0.9909852802529227,-0.001243818229436866,1.8516904407398527,-1,-0.86070516048693,nan,1,1,1,same_winner,0.0,equal,0,0,0,1
89ec4c93349d5b58,1,2,25,1,1,1.7807974189043563e-05,22,-5.431908551845055e-05,22,-5.431908551845055e-05,22,0.5054108353610807,-5.431908551845055e-05,22,0.7760288112720062,-5.431908551845055e-05,22,1.4710329554566148,-5.431908551845055e-05,1.8516904407398527,-1,-0.38065748528323784,nan,1,1,1,same_winner,0.0,equal,0,0,0,0
a3fff53e9f375592,1,2,6,1,7,0.0017682878087973224,-1,nan,-1,nan,-1,nan,nan,2,0.3056406357135794,0.00018769457770977192,2,0.26157148716739065,0.00018769457770977192,1.8516904407398527,-1,-1.590118953572462,nan,1,1,0,same_winner,0.0,equal,0,0,0,0
a6bf958e054951f3,1,2,16,0,-1,0.0,3,-9.312073504563756e-05,-1,nan,7,0.02667398839428861,-0.0005569157022051741,7,0.42484769785802967,-0.0005569157022051741,7,0.6514711271636126,-0.0005569157022051741,1.8516904407398527,-1,-1.2002193135762402,nan,1,1,1,same_winner,0.0,equal,0,0,0,1
ad9cdad9769f572f,1,2,15,1,23,2.9634527862087978e-05,23,2.9634527862087978e-05,-1,nan,10,0.1477735710132283,-8.041050173335229e-05,10,0.5557890372953033,-8.041050173335229e-05,10,0.5600478353695041,-8.041050173335229e-05,1.8516904407398527,-1,-1.2916426053703485,nan,1,1,1,same_winner,0.0,equal,0,0,0,0
c2c39f197ef95b97,1,2,25,1,12,0.012097780281883352,20,5.7840400188968744e-05,-1,nan,20,0.14488807999195039,5.7840400188968744e-05,20,0.5500059760142829,5.7840400188968744e-05,20,1.1270016448329905,5.7840400188968744e-05,1.8516904407398527,-1,-0.7246887959068622,nan,1,1,1,same_winner,0.0,equal,0,0,0,0
cf7a886f70be5245,1,2,14,1,19,0.0005705458469686953,5,0.0004412469528616292,19,0.0005705458469686953,20,0.18299121913001884,0.0004713724773375283,20,0.681114027684312,0.0004713724773375283,20,1.001446306609314,0.0004713724773375283,1.8516904407398527,-1,-0.8502441341305387,nan,1,1,1,same_winner,0.0,equal,0,0,0,0
d7ed9fbf26d0502e,1,2,14,1,17,0.00010296710538293397,-1,nan,-1,nan,9,0.15238266173824383,-0.0003496023945510629,9,0.5296298113140694,-0.0003496023945510629,9,0.4516225360225951,-0.0003496023945510629,1.8516904407398527,-1,-1.4000679047172575,nan,1,1,1,same_winner,0.0,equal,0,0,0,0
e9922a266cc35210,1,2,1,0,-1,0.0,-1,nan,-1,nan,-1,nan,nan,-1,nan,nan,-1,nan,nan,1.8516904407398527,-1,nan,nan,0,0,0,both_abstain,0.0,equal,0,0,0,1
eef9e53ca3eb51a8,1,2,8,0,-1,0.0,2,-1.8450037153049488,-1,nan,2,0.03681634568777176,-1.8450037153049488,2,0.47830482312567146,-1.8450037153049488,2,0.39937055230787827,-1.8450037153049488,1.8516904407398527,-1,-1.4523198884319743,nan,1,1,1,same_winner,0.0,equal,1,1,1,1
f19973f839e35f20,1,2,4,1,17,8.126048045232863e-05,-1,nan,-1,nan,-1,nan,nan,9,0.3225403729052375,-0.0005590875852853061,9,0.20139812878929253,-0.0005590875852853061,1.8516904407398527,-1,-1.6502923119505601,nan,1,1,0,same_winner,0.0,equal,0,0,0,0
02fca515559f520d,1,2,11,1,14,0.0001101504184015667,25,0.00010637173426264468,-1,nan,0,0.1076566095881033,-5.0871647178318824e-05,0,0.508567118271808,-5.0871647178318824e-05,22,0.37997181181905615,9.930487048759318e-05,1.8516904407398527,-1,-1.4717186289207964,nan,1,1,1,winner_changed,0.000150176517665912,FBCSR_better,0,0,0,0
115efd50328f5ecc,1,2,18,1,24,0.012200149401277116,-1,nan,-1,nan,-1,nan,nan,7,0.37728495072142215,0.00035873352438287043,7,2.3380141876054767,0.00035873352438287043,1.8516904407398527,7,0.4863237468656241,0.00035873352438287043,1,1,0,same_winner,0.0,equal,0,0,0,0
117049ed19db55a2,1,2,20,1,19,5.927747488021842e-05,22,0.0,-1,nan,25,0.2123565456466162,-0.0005033181324601175,25,0.5844197684446709,-0.0005033181324601175,25,1.1981892022475413,-0.0005033181324601175,1.8516904407398527,-1,-0.6535012384923113,nan,1,1,1,same_winner,0.0,equal,0,0,0,0
2154d495b9b657a5,1,2,3,0,-1,0.0,13,-1.2203506151586772,13,-1.2203506151586772,6,1.4060280125472817,-1.220322729590535,6,1.5576974300347732,-1.220322729590535,6,1.9213807478643903,-1.220322729590535,1.8516904407398527,6,0.06969030712453761,-1.220322729590535,1,1,1,same_winner,0.0,equal,1,1,1,1
2c572f2c1c485fc0,1,2,16,1,15,5.0179911337905336e-05,-1,nan,-1,nan,-1,nan,nan,5,0.35842304695304633,-0.0004154994621057839,5,0.5788901253507159,-0.0004154994621057839,1.8516904407398527,-1,-1.2728003153891367,nan,1,1,0,same_winner,0.0,equal,0,0,0,0
3152efff212c51ff,1,2,3,1,7,0.0018142741702611431,7,0.0018142741702611431,-1,nan,1,0.2935946569372989,-0.010228717434942247,1,0.7298291737540386,-0.010228717434942247,7,0.8663510521681328,0.0018142741702611431,1.8516904407398527,-1,-0.9853393885717199,nan,1,1,1,winner_changed,0.01204299160520339,FBCSR_better,0,0,0,0
327d5cdfdd695e7e,1,2,17,1,2,0.00021218005788981031,3,0.00011524857694755752,-1,nan,3,0.176566180637329,0.00011524857694755752,3,0.4426647599143793,0.00011524857694755752,3,1.7942487753857645,0.00011524857694755752,1.8516904407398527,-1,-0.05744166535408812,nan,1,1,1,same_winner,0.0,equal,0,0,0,0
64fe109ec6a858ec,1,2,24,1,21,0.00029971681542228894,14,-0.0001836422961903738,-1,nan,14,0.10309033211811743,-0.0001836422961903738,14,0.48126368706878586,-0.0001836422961903738,14,0.3409808741853469,-0.0001836422961903738,1.8516904407398527,-1,-1.5107095665545058,nan,1,1,1,same_winner,0.0,equal,0,0,0,0
6c95d9b03b7a5944,1,2,6,1,7,0.0001871783480051903,-1,nan,-1,nan,10,0.09650103502282224,-0.0025507494289427335,10,0.4795086662813349,-0.0025507494289427335,10,0.18717670705142764,-0.0025507494289427335,1.8516904407398527,-1,-1.664513733688425,nan,1,1,1,same_winner,0.0,equal,0,0,0,0
73963278f6eb5002,1,2,10,1,17,5.0503118336200784e-05,17,5.0503118336200784e-05,-1,nan,18,0.14135807563686725,0.0,18,0.4996843415905124,0.0,18,0.6017509124387554,0.0,1.8516904407398527,-1,-1.2499395283010972,nan,1,1,1,same_winner,0.0,equal,0,0,0,0
799dcf813dba5d8a,1,2,6,0,-1,0.0,4,-0.003188489996641869,-1,nan,4,0.018021054776701684,-0.003188489996641869,4,0.4516477351990158,-0.003188489996641869,4,0.1458233142573414,-0.003188489996641869,1.8516904407398527,-1,-1.7058671264825112,nan,1,1,1,same_winner,0.0,equal,0,0,0,1
7b6dfa3d4bc553a9,1,2,15,1,14,3.826256439763264e-05,14,3.826256439763264e-05,-1,nan,15,0.14077452276832442,0.0,15,0.5036199662285157,0.0,15,0.7384170245259329,0.0,1.8516904407398527,-1,-1.1132734162139197,nan,1,1,1,same_winner,0.0,equal,0,0,0,0
842b7f0b68fc5245,1,2,16,1,22,3.2521463191227524,-1,nan,-1,nan,20,0.23731642567618266,1.2322185659539886,20,0.6387370614248453,1.2322185659539886,20,0.8185985353994644,1.2322185659539886,1.8516904407398527,-1,-1.0330919053403882,nan,1,1,1,same_winner,0.0,equal,0,0,0,0
86839ab67df151f2,1,2,9,1,30,0.00022879556154364877,30,0.00022879556154364877,-1,nan,1,0.15334258293094483,7.329354990481818e-05,1,0.5517638605613994,7.329354990481818e-05,1,0.3717647083640737,7.329354990481818e-05,1.8516904407398527,-1,-1.4799257323757788,nan,1,1,1,same_winner,0.0,equal,0,0,0,0
9a3e4f2df62b54fa,1,2,14,0,-1,0.0,21,-0.00016801613924322112,-1,nan,22,0.10872066532528557,-0.00021218127441802181,22,0.5071425421415374,-0.00021218127441802181,22,0.5249613265518224,-0.00021218127441802181,1.8516904407398527,-1,-1.3267291141880304,nan,1,1,1,same_winner,0.0,equal,0,0,0,1
a7c4607a69e55039,1,2,17,1,7,0.000575963692145888,22,0.0004345029205083846,-1,nan,23,0.13113354419409942,-0.0001578706935048105,23,0.5673998336392316,-0.0001578706935048105,23,1.066913564572415,-0.0001578706935048105,1.8516904407398527,-1,-0.7847768761674376,nan,1,1,1,same_winner,0.0,equal,0,0,0,0
c608632e83a659ca,1,2,27,1,18,0.0004466226321881983,19,0.00043901287128722544,-1,nan,-1,nan,nan,-1,nan,nan,20,1.0545586133707783,0.0003911028824341578,1.8516904407398527,-1,-0.7971318273690744,nan,0,1,0,abstain_to_FBCSR,0.0003911028824341578,FBCSR_better,0,0,0,0
d022d382b3aa5fa1,1,2,10,1,16,5.3913053404539956e-05,-1,nan,-1,nan,-1,nan,nan,2,0.28088054094097803,4.1118113137781406e-05,2,0.1818037986589882,4.1118113137781406e-05,1.8516904407398527,-1,-1.6698866420808645,nan,1,1,0,same_winner,0.0,equal,0,0,0,0
d07acbfa3a6e55b0,1,2,17,1,17,7.04562827944788e-05,3,-0.00012636717958378063,-1,nan,3,0.0036022067530751545,-0.00012636717958378063,3,0.34324398475690293,-0.00012636717958378063,7,0.732539189552041,3.4492440894234866e-05,1.8516904407398527,-1,-1.1191512511878117,nan,1,1,1,winner_changed,0.0001608596204780155,FBCSR_better,0,0,0,0
e88d31e512eb52aa,1,2,23,1,21,0.9897132483770836,20,0.00010631383955628237,-1,nan,20,0.3143507173025226,0.00010631383955628237,20,0.5970078529024367,0.00010631383955628237,20,1.1544168777573258,0.00010631383955628237,1.8516904407398527,-1,-0.6972735629825269,nan,1,1,1,same_winner,0.0,equal,0,0,0,0
fc25adef73d35a71,1,2,6,1,2,1.1219834536307927e-05,-1,nan,-1,nan,9,0.14497060063043332,-0.000565087180584678,9,0.5241307646473772,-0.000565087180584678,9,0.21770119704538388,-0.000565087180584678,1.8516904407398527,-1,-1.6339892436944687,nan,1,1,1,same_winner,0.0,equal,0,0,0,0
06f2c0171372558e,1,2,14,0,-1,0.0,-1,nan,-1,nan,9,0.17881654255546772,-0.00021924246586857432,9,0.5553158927143295,-0.00021924246586857432,9,0.5742242296940243,-0.00021924246586857432,1.8516904407398527,-1,-1.2774662110458284,nan,1,1,1,same_winner,0.0,equal,0,0,0,1
1139bbb1cfe35d48,1,2,2,1,1,0.0015995440794149829,-1,nan,-1,nan,1,0.20455984023549117,0.0015995440794149829,1,0.5783700572578949,0.0015995440794149829,1,0.7301776855209698,0.0015995440794149829,1.8516904407398527,-1,-1.1215127552188828,nan,1,1,1,same_winner,0.0,equal,0,0,0,0
190db336fe0e515f,1,2,4,0,-1,0.0,3,-0.00015093207880889636,-1,nan,9,0.12991490260159916,-0.0006111538553610352,3,0.5361196338079584,-0.00015093207880889636,17,0.1376584912368063,-0.00010449692131953014,1.8516904407398527,-1,-1.7140319495030463,nan,1,1,1,winner_changed,4.643515748936622e-05,FBCSR_better,0,0,0,1
1bf5b342d1b052c3,1,2,3,0,-1,0.0,11,-0.00019516362426785783,-1,nan,11,0.06799804241900237,-0.00019516362426785783,11,0.45825608142352675,-0.00019516362426785783,11,0.17149251046410613,-0.00019516362426785783,1.8516904407398527,-1,-1.6801979302757466,nan,1,1,1,same_winner,0.0,equal,0,0,0,1
1da0d8dce4485189,1,2,12,0,-1,0.0,4,-0.00913377341185706,-1,nan,4,0.035471257672347406,-0.00913377341185706,4,0.44117449662645103,-0.00913377341185706,4,0.09310703130091641,-0.00913377341185706,1.8516904407398527,-1,-1.7585834094389363,nan,1,1,1,same_winner,0.0,equal,0,0,0,1
21f2c3689d765b09,1,2,1,1,0,0.9162655241411062,-1,nan,-1,nan,-1,nan,nan,-1,nan,nan,-1,nan,nan,1.8516904407398527,-1,nan,nan,0,0,0,both_abstain,0.0,equal,0,0,0,0
234440ab79d55e59,1,2,18,0,-1,0.0,3,-0.00045463804826173515,-1,nan,-1,nan,nan,3,0.27216827609763594,-0.00045463804826173515,3,1.1056053870878204,-0.00045463804826173515,1.8516904407398527,-1,-0.7460850536520323,nan,1,1,0,same_winner,0.0,equal,0,0,0,1
2ababb1ca1ba5637,1,2,17,1,2,0.00018021294884418282,3,0.00012872512789918744,-1,nan,3,0.06624346359922079,0.00012872512789918744,3,0.3788594844142001,0.00012872512789918744,3,1.5661061958315563,0.00012872512789918744,1.8516904407398527,-1,-0.28558424490829637,nan,1,1,1,same_winner,0.0,equal,0,0,0,0
3c6c3ba8c08e581a,1,2,16,1,1,0.005536593863740613,1,0.005536593863740613,-1,nan,-1,nan,nan,1,0.06334709340923028,0.005536593863740613,12,0.725582180907942,0.005308417374267904,1.8516904407398527,-1,-1.1261082598319105,nan,1,1,0,winner_changed,-0.00022817648947270897,FBCSR_worse,0,0,0,0
59b8dea90c1b5499,1,2,17,1,3,0.0010224562064280462,3,0.0010224562064280462,-1,nan,3,0.13157319380297836,0.0010224562064280462,3,0.4570726346154413,0.0010224562064280462,3,1.4882986043160351,0.0010224562064280462,1.8516904407398527,-1,-0.36339183642381756,nan,1,1,1,same_winner,0.0,equal,0,0,0,0
68e20734e9415e24,1,2,4,1,6,2.750932013732832e-05,16,-1.5958865044726758,-1,nan,9,0.10988652715162353,-8.91803213395187e-05,9,0.5205780810399593,-8.91803213395187e-05,9,0.1797202401596984,-8.91803213395187e-05,1.8516904407398527,-1,-1.6719702005801542,nan,1,1,1,same_winner,0.0,equal,0,0,0,0
742976289d405b0d,1,2,17,0,-1,0.0,3,-0.0005360335323967291,-1,nan,-1,nan,nan,9,0.273946077314127,-0.0002369698480242377,9,1.0488863949772942,-0.0002369698480242377,1.8516904407398527,-1,-0.8028040457625585,nan,1,1,0,same_winner,0.0,equal,0,0,0,1
091cae980d54535d,2,3,17,0,-1,0.0,-1,nan,-1,nan,20,0.014357090014868623,-0.00011106623769737822,20,0.3986656679258954,-0.00011106623769737822,20,0.9948014656305663,-0.00011106623769737822,1.6393023008540641,-1,-0.6445008352234979,nan,1,1,1,same_winner,0.0,equal,0,0,0,1
0aea8543e71b5712,2,3,15,1,19,4.604311017342155e-05,-1,nan,-1,nan,22,0.10138480301401134,0.0,22,0.46838100019328266,0.0,22,0.8752626352469572,0.0,1.6393023008540641,-1,-0.7640396656071069,nan,1,1,1,same_winner,0.0,equal,0,0,0,0
122436b1207258bf,2,3,19,1,19,1.2323696249266156,19,1.2323696249266156,-1,nan,2,0.03997856150200179,1.2323318207158476,20,0.43383629390196954,1.2323331842685938,20,1.1495643483964553,1.2323331842685938,1.6393023008540641,-1,-0.48973795245760887,nan,1,1,1,same_winner,0.0,equal,0,0,0,0
1bd7b3ce5adf5826,2,3,17,1,7,4.109782518391114e-05,-1,nan,-1,nan,-1,nan,nan,9,0.3573714283183027,-9.640217279072161e-05,9,0.4471610792490204,-9.640217279072161e-05,1.6393023008540641,-1,-1.1921412216050438,nan,1,1,0,same_winner,0.0,equal,0,0,0,0
581836f4f4365cc8,2,3,18,1,20,0.000240904762908758,22,9.720725091887051e-05,1,-0.00035384111877938274,1,0.6314680991488936,-0.00035384111877938274,1,0.9578775423619625,-0.00035384111877938274,1,1.7113664155315458,-0.00035384111877938274,1.6393023008540641,1,0.07206411467748164,-0.00035384111877938274,1,1,1,same_winner,0.0,equal,0,0,0,0
70b54ac4d8ae56de,2,3,1,1,7,4.810311766341316e-05,-1,nan,-1,nan,-1,nan,nan,7,0.2449785478411283,4.810311766341316e-05,7,0.14748550000105287,4.810311766341316e-05,1.6393023008540641,-1,-1.4918168008530113,nan,1,1,0,same_winner,0.0,equal,0,0,0,0
72eb13d3a4255179,2,3,1,0,-1,0.0,-1,nan,-1,nan,-1,nan,nan,5,0.36735005926129377,-0.00015658850632593868,5,0.23313892598799413,-0.00015658850632593868,1.6393023008540641,-1,-1.40616337486607,nan,1,1,0,same_winner,0.0,equal,0,0,0,1
7fc2b30cb72a5d56,2,3,9,0,-1,0.0,-1,nan,-1,nan,-1,nan,nan,2,0.20347032995916525,-6.219056556001305e-05,2,0.7495155813720755,-6.219056556001305e-05,1.6393023008540641,-1,-0.8897867194819886,nan,1,1,0,same_winner,0.0,equal,0,0,0,1
83aa0b7439d45dd8,2,3,5,1,7,0.00024216413358226418,-1,nan,-1,nan,-1,nan,nan,2,0.28063703485350355,0.00012867265306413167,2,0.8844455392120005,0.00012867265306413167,1.6393023008540641,-1,-0.7548567616420636,nan,1,1,0,same_winner,0.0,equal,0,0,0,0
8675d815740a5a0b,2,3,22,1,22,0.00045148477091006,15,0.00035312048068747437,-1,nan,-1,nan,nan,15,0.27876946490888765,0.00035312048068747437,15,1.1122779023748646,0.00035312048068747437,1.6393023008540641,-1,-0.5270243984791996,nan,1,1,0,same_winner,0.0,equal,0,0,0,0
9070daa02ad0542c,2,3,3,1,6,0.0004684152241796256,-1,nan,-1,nan,-1,nan,nan,2,0.2648506890462291,0.00013467537537217118,2,0.7359790760271815,0.00013467537537217118,1.6393023008540641,-1,-0.9033232248268827,nan,1,1,0,same_winner,0.0,equal,0,0,0,0
9771a60ee60a5d27,2,3,5,0,-1,0.0,-1,nan,-1,nan,-1,nan,nan,3,0.2733195467078925,-0.00014351261183619514,3,0.7847780189555511,-0.00014351261183619514,1.6393023008540641,-1,-0.854524281898513,nan,1,1,0,same_winner,0.0,equal,0,0,0,1
9c2eb9c5b45f522b,2,3,29,1,25,3.822718737644948e-05,-1,nan,-1,nan,25,0.07365121237382105,3.822718737644948e-05,25,0.450066881653976,3.822718737644948e-05,25,2.151808966221726,3.822718737644948e-05,1.6393023008540641,25,0.512506665367662,3.822718737644948e-05,1,1,1,same_winner,0.0,equal,0,0,0,0
bb1419c18f39553e,2,3,21,1,7,2.4475441081417415e-05,22,0.0,-1,nan,22,0.13918451650061928,0.0,22,0.5032938621315237,0.0,22,1.1651069079972523,0.0,1.6393023008540641,-1,-0.4741953928568119,nan,1,1,1,same_winner,0.0,equal,0,0,0,0
c56712e13eb759f5,2,3,1,0,-1,0.0,-1,nan,-1,nan,-1,nan,nan,6,0.25219271038334934,-0.0018179572135210709,6,0.4387606033508732,-0.0018179572135210709,1.6393023008540641,-1,-1.200541697503191,nan,1,1,0,same_winner,0.0,equal,0,0,0,1
b003a3bfbdb252e3,2,3,10,1,26,0.9897842141886242,23,-9.41812655888552e-05,-1,nan,26,0.1487912521164641,0.9897842141886242,26,0.5088286131638516,0.9897842141886242,26,0.6731355976775083,0.9897842141886242,1.6393023008540641,-1,-0.9661667031765558,nan,1,1,1,same_winner,0.0,equal,0,0,0,0
0f9ba65f3e2e5c1d,2,3,2,0,-1,0.0,-1,nan,-1,nan,25,0.1375998380641172,-0.00012799810242603016,25,0.5047659894290272,-0.00012799810242603016,25,0.08663942377433703,-0.00012799810242603016,1.6393023008540641,-1,-1.552662877079727,nan,1,1,1,same_winner,0.0,equal,0,0,0,1
2709051d421d536a,2,3,26,1,9,6.38207934797741e-05,-1,nan,-1,nan,27,0.1563648694025691,-1.0131592304229997e-05,27,0.48984598724999395,-1.0131592304229997e-05,27,1.414344363284513,-1.0131592304229997e-05,1.6393023008540641,-1,-0.22495793756955118,nan,1,1,1,same_winner,0.0,equal,0,0,0,0
2bf633d593a957ad,2,3,11,1,23,1.6989197396011235e-05,21,-0.000471189234405589,-1,nan,-1,nan,nan,23,0.3571737629703289,1.6989197396011235e-05,23,0.47043085880238594,1.6989197396011235e-05,1.6393023008540641,-1,-1.1688714420516781,nan,1,1,0,same_winner,0.0,equal,0,0,0,0
2cfe30b626795e99,2,3,7,1,9,1.0619675418887868,-1,nan,-1,nan,10,0.2991193499749825,-0.18940308858485655,10,0.671598977861939,-0.18940308858485655,10,1.2209354804781531,-0.18940308858485655,1.6393023008540641,-1,-0.418366820375911,nan,1,1,1,same_winner,0.0,equal,0,0,0,0
4a42412827f55dc1,2,3,16,1,17,0.00020934950567319532,21,0.00012423746250567191,-1,nan,24,0.05199140907750935,0.0,24,0.4342406449130253,0.0,24,0.795830291353175,0.0,1.6393023008540641,-1,-0.8434720095008892,nan,1,1,1,same_winner,0.0,equal,0,0,0,0
60183447caa4548b,2,3,17,1,15,0.0006769224741496145,17,0.0005301294214092194,-1,nan,3,0.081899214436054,-6.448373179882786e-05,3,0.45233723622574135,-6.448373179882786e-05,3,1.3295272251757737,-6.448373179882786e-05,1.6393023008540641,-1,-0.30977507567829043,nan,1,1,1,same_winner,0.0,equal,0,0,0,0
618892326e0c530e,2,3,24,0,-1,0.0,4,-0.0007907008510084079,-1,nan,17,0.07531431451466508,-1.1183486133825582e-05,17,0.457167315260736,-1.1183486133825582e-05,17,1.4541371531569,-1.1183486133825582e-05,1.6393023008540641,-1,-0.18516514769716408,nan,1,1,1,same_winner,0.0,equal,0,0,0,1
63d0c4a8acfa5fc2,2,3,1,0,-1,0.0,-1,nan,-1,nan,-1,nan,nan,-1,nan,nan,-1,nan,nan,1.6393023008540641,-1,nan,nan,0,0,0,both_abstain,0.0,equal,0,0,0,1
8aeb517756f55681,2,3,14,1,11,3.567409720250936e-05,8,-0.00011959207337408628,8,-0.00011959207337408628,15,0.051197086547272674,1.1431345063428466e-05,15,0.4996450991422776,1.1431345063428466e-05,15,0.4089687721430735,1.1431345063428466e-05,1.6393023008540641,-1,-1.2303335287109907,nan,1,1,1,same_winner,0.0,equal,0,0,0,0
ab77602df4a154f7,2,3,11,1,0,0.0013858761474132564,-1,nan,-1,nan,10,0.03934488094082231,-0.00017154795059148853,10,0.4291503794402316,-0.00017154795059148853,10,0.2376111678815988,-0.00017154795059148853,1.6393023008540641,-1,-1.4016911329724653,nan,1,1,1,same_winner,0.0,equal,0,0,0,0
acdcf9be0fc85495,2,3,23,1,5,2.242022591672152e-05,-1,nan,-1,nan,13,0.1510483237136072,1.6302977381565595e-05,3,0.5725007269672857,4.773113701957155e-07,3,0.9328884931128609,4.773113701957155e-07,1.6393023008540641,-1,-0.7064138077412032,nan,1,1,1,same_winner,0.0,equal,0,0,0,0
be58ded948ea5c00,2,3,4,0,-1,0.0,3,-0.002376665484905338,-1,nan,2,0.050106416302914535,-0.001292943146824932,2,0.26008426299374093,-0.001292943146824932,2,0.44145075602975803,-0.001292943146824932,1.6393023008540641,-1,-1.1978515448243061,nan,1,1,1,same_winner,0.0,equal,0,0,0,1
d74df20dba705137,2,3,19,1,21,0.00011963188499212237,-1,nan,-1,nan,23,0.08586437091508939,-8.57298430055383e-05,23,0.45658740047293145,-8.57298430055383e-05,23,0.5263174682070104,-8.57298430055383e-05,1.6393023008540641,-1,-1.1129848326470537,nan,1,1,1,same_winner,0.0,equal,0,0,0,0
ec0f4f7c37615b20,2,3,5,0,-1,0.0,2,-0.7737388310596343,-1,nan,2,0.09544511678562911,-0.7737388310596343,2,0.498554062312222,-0.7737388310596343,2,0.1549794670587667,-0.7737388310596343,1.6393023008540641,-1,-1.4843228337952974,nan,1,1,1,same_winner,0.0,equal,1,1,1,1
ec57eef8dffd515e,2,3,1,0,-1,0.0,-1,nan,-1,nan,-1,nan,nan,-1,nan,nan,-1,nan,nan,1.6393023008540641,-1,nan,nan,0,0,0,both_abstain,0.0,equal,0,0,0,1
f73c53f115a550d5,2,3,17,1,0,0.00036459430009139204,-1,nan,-1,nan,-1,nan,nan,19,0.32087120023075205,0.00027270724251859946,19,0.6813094635348858,0.00027270724251859946,1.6393023008540641,-1,-0.9579928373191784,nan,1,1,0,same_winner,0.0,equal,0,0,0,0
06f8d2f6dca3537c,2,3,6,0,-1,0.0,1,-0.000358822239515888,-1,nan,-1,nan,nan,8,0.33750799364610196,-0.0007028292953963344,-1,nan,nan,1.6393023008540641,-1,nan,nan,1,0,0,FDSR_to_abstain,0.0007028292953963344,FBCSR_better,0,0,0,1
79e0120026c25eed,2,3,2,1,6,0.0005681141589768231,-1,nan,-1,nan,-1,nan,nan,2,0.25606956413862175,0.0005170208261348308,2,0.47329347318290416,0.0005170208261348308,1.6393023008540641,-1,-1.16600882767116,nan,1,1,0,same_winner,0.0,equal,0,0,0,0
884e1c90e87b5fab,2,3,16,1,21,1.90338702639565e-05,7,-2.0925029926001978e-05,-1,nan,7,0.1830596053222681,-2.0925029926001978e-05,7,0.4940922635260292,-2.0925029926001978e-05,7,0.9141480212388706,-2.0925029926001978e-05,1.6393023008540641,-1,-0.7251542796151935,nan,1,1,1,same_winner,0.0,equal,0,0,0,0
8c1a6d183a275d96,2,3,12,0,-1,0.0,2,-1.860835845118249,-1,nan,-1,nan,nan,7,0.017254926932961934,-1.8140174333626282,-1,nan,nan,1.6393023008540641,-1,nan,nan,1,0,0,FDSR_to_abstain,1.8140174333626282,FBCSR_better,1,0,0,1
bd8986c6178e5d2a,2,3,1,0,-1,0.0,-1,nan,-1,nan,-1,nan,nan,-1,nan,nan,-1,nan,nan,1.6393023008540641,-1,nan,nan,0,0,0,both_abstain,0.0,equal,0,0,0,1
c1dd6c577b0f573a,2,3,5,0,-1,0.0,7,-1.9031534062852646,-1,nan,1,0.07761188714301769,-0.24775317546641729,1,0.4626856476221302,-0.24775317546641729,1,0.09534421426498446,-0.24775317546641729,1.6393023008540641,-1,-1.5439580865890796,nan,1,1,1,same_winner,0.0,equal,0,0,0,1
d1d6c7f48e6d5708,2,3,15,0,-1,0.0,2,-0.0010312189533143723,-1,nan,-1,nan,nan,2,0.20072406668019738,-0.0010312189533143723,2,0.13201487041725413,-0.0010312189533143723,1.6393023008540641,-1,-1.50728743043681,nan,1,1,0,same_winner,0.0,equal,0,0,0,1
0fd565e4e40058b8,2,3,15,1,8,0.000361365742702624,9,1.4693383132424742e-07,9,1.4693383132424742e-07,-1,nan,nan,8,0.3779340760310046,0.000361365742702624,8,0.4056461707378844,0.000361365742702624,1.6393023008540641,-1,-1.2336561301161797,nan,1,1,0,same_winner,0.0,equal,0,0,0,0
25708e54a75c59eb,2,3,17,0,-1,0.0,-1,nan,-1,nan,-1,nan,nan,2,0.28531955786211444,-2.889360114932682e-05,2,0.44618350666810724,-2.889360114932682e-05,1.6393023008540641,-1,-1.193118794185957,nan,1,1,0,same_winner,0.0,equal,0,0,0,1
321b3f53510c5059,2,3,7,1,2,7.441293699666845e-05,-1,nan,-1,nan,-1,nan,nan,2,0.16726417493971069,7.441293699666845e-05,2,0.5335577127248508,7.441293699666845e-05,1.6393023008540641,-1,-1.1057445881292134,nan,1,1,0,same_winner,0.0,equal,0,0,0,0
3e07748ebae855b8,2,3,12,1,0,5.6822928925976714e-05,23,-2.1420662570744223e-05,-1,nan,23,0.18165448297102776,-2.1420662570744223e-05,23,0.6048680667311074,-2.1420662570744223e-05,23,0.7238320920320633,-2.1420662570744223e-05,1.6393023008540641,-1,-0.9154702088220008,nan,1,1,1,same_winner,0.0,equal,0,0,0,0
46f297276986585b,2,3,4,0,-1,0.0,3,-0.0006632306687068823,-1,nan,-1,nan,nan,3,0.3460039089614278,-0.0006632306687068823,3,0.013473590633317933,-0.0006632306687068823,1.6393023008540641,-1,-1.6258287102207463,nan,1,1,0,same_winner,0.0,equal,0,0,0,1
4d6fb0d27a0f51ce,2,3,7,1,5,0.00032249007420614376,-1,nan,-1,nan,-1,nan,nan,2,0.27515405915910207,2.3126987228170356e-05,2,0.7382246847548075,2.3126987228170356e-05,1.6393023008540641,-1,-0.9010776160992566,nan,1,1,0,same_winner,0.0,equal,0,0,0,0
5583fb05984f5685,2,3,17,0,-1,0.0,2,-0.00044750133621285215,-1,nan,2,0.11665104118359451,-0.00044750133621285215,2,0.44026184470526714,-0.00044750133621285215,2,1.1005552875598081,-0.00044750133621285215,1.6393023008540641,-1,-0.538747013294256,nan,1,1,1,same_winner,0.0,equal,0,0,0,1
97b8db1dfd4f5fb3,2,3,18,1,4,0.004729714031154408,-1,nan,-1,nan,-1,nan,nan,8,0.3815795626683952,-0.008231406276337339,8,0.4507025221378864,-0.008231406276337339,1.6393023008540641,-1,-1.1885997787161777,nan,1,1,0,same_winner,0.0,equal,0,0,0,0
edf9d12992c9551c,2,3,16,1,11,4.618010520935061e-05,13,0.0,-1,nan,13,0.14594814839953402,0.0,13,0.4835270814948153,0.0,13,0.5182316279826558,0.0,1.6393023008540641,-1,-1.1210706728714084,nan,1,1,1,same_winner,0.0,equal,0,0,0,0
f94f2bcde8345a9a,2,3,3,0,-1,0.0,15,0.0,15,0.0,15,0.16216892695357737,0.0,15,0.6508075442530346,0.0,15,0.6494262347281802,0.0,1.6393023008540641,-1,-0.989876066125884,nan,1,1,1,same_winner,0.0,equal,0,0,0,1
0bb64f8f31ba5310,2,3,17,1,9,0.0001754012014484052,-1,nan,-1,nan,-1,nan,nan,9,0.3829240942870052,0.0001754012014484052,9,0.46805282775450063,0.0001754012014484052,1.6393023008540641,-1,-1.1712494730995635,nan,1,1,0,same_winner,0.0,equal,0,0,0,0
440a7c7dd1395be4,2,3,17,1,21,0.005526645177691414,20,-1.226950428916795,-1,nan,22,0.3464565185401473,0.005498093330710496,22,0.6772522518757407,0.005498093330710496,22,1.1381403241567885,0.005498093330710496,1.6393023008540641,-1,-0.5011619766972757,nan,1,1,1,same_winner,0.0,equal,0,0,0,0
630c3828efa0518a,2,3,17,0,-1,0.0,-1,nan,-1,nan,-1,nan,nan,2,0.25509796226873227,-0.00035162454843520874,6,0.3231570967513499,-0.0001146902941167316,1.6393023008540641,-1,-1.3161452041027142,nan,1,1,0,winner_changed,0.00023693425431847714,FBCSR_better,0,0,0,1
66a39f4cabc85bc4,2,3,14,1,9,1.9776068141721188,2,-0.0001536196351051844,3,-0.0004653942766715824,6,0.36642617974260855,-1.1789312648981811,6,0.6654335644868378,-1.1789312648981811,6,0.7465238594614158,-1.1789312648981811,1.6393023008540641,-1,-0.8927784413926484,nan,1,1,1,same_winner,0.0,equal,1,1,1,0
684af4044c445d01,2,3,4,1,7,3.891158476471883e-05,-1,nan,-1,nan,9,0.07824356592442179,-6.066455971449631e-05,9,0.4720567792565461,-6.066455971449631e-05,9,0.6469343485740283,-6.066455971449631e-05,1.6393023008540641,-1,-0.9923679522800358,nan,1,1,1,same_winner,0.0,equal,0,0,0,0
69f12cf621135ce3,2,3,17,1,5,0.990335832935886,-1,nan,-1,nan,-1,nan,nan,5,0.30485511467239523,0.990335832935886,5,0.5369282368945564,0.990335832935886,1.6393023008540641,-1,-1.1023740639595077,nan,1,1,0,same_winner,0.0,equal,0,0,0,0
71589a780d925ed6,2,3,17,1,9,1.9808799106779746,3,0.9912868022998795,-1,nan,3,0.19881275498647158,0.9912868022998795,3,0.560227509588649,0.9912868022998795,3,1.3768451645083433,0.9912868022998795,1.6393023008540641,-1,-0.2624571363457209,nan,1,1,1,same_winner,0.0,equal,0,0,0,0
7c39359aaa345e52,2,3,11,1,10,0.00045278912414796653,9,0.00043774992538837994,-1,nan,9,0.13756595973536678,0.00043774992538837994,9,0.5283993872646962,0.00043774992538837994,9,0.6811984596285976,0.00043774992538837994,1.6393023008540641,-1,-0.9581038412254665,nan,1,1,1,same_winner,0.0,equal,0,0,0,0
93ccd00db2005d2d,2,3,17,1,13,1.9785718916975195,9,4.8513787338722025e-05,-1,nan,-1,nan,nan,9,0.4001685940643884,4.8513787338722025e-05,6,0.6840910323981898,-0.0016601755471667978,1.6393023008540641,-1,-0.9552112684558743,nan,1,1,0,winner_changed,-0.0017086893345055199,FBCSR_worse,0,0,0,0
a1c64a274ecc54b0,2,3,1,1,20,9.327751190868483e-05,-1,nan,-1,nan,20,0.0672836229915809,9.327751190868483e-05,20,0.4409544415072501,9.327751190868483e-05,20,0.14056658385530968,9.327751190868483e-05,1.6393023008540641,-1,-1.4987357169987545,nan,1,1,1,same_winner,0.0,equal,0,0,0,0
a71d387393a559d4,2,3,17,1,9,0.00026267256541201434,3,0.0002378853145987847,-1,nan,-1,nan,nan,9,0.40774335342962464,0.00026267256541201434,9,1.0463733545637837,0.00026267256541201434,1.6393023008540641,-1,-0.5929289462902805,nan,1,1,0,same_winner,0.0,equal,0,0,0,0
c65275d1d5af5014,2,3,17,0,-1,0.0,3,-0.00025896607432512875,-1,nan,3,0.11002943163233775,-0.00025896607432512875,3,0.5366821093360887,-0.00025896607432512875,3,0.525388102087906,-0.00025896607432512875,1.6393023008540641,-1,-1.113914198766158,nan,1,1,1,same_winner,0.0,equal,0,0,0,1
cd7aee35baa65cec,2,3,16,1,3,2.0246859603986143,3,2.0246859603986143,-1,nan,-1,nan,nan,5,0.2913337527364255,2.0246753324361517,5,0.31693228866450224,2.0246753324361517,1.6393023008540641,-1,-1.3223700121895618,nan,1,1,0,same_winner,0.0,equal,0,0,0,0
dc6d75a4555c5fd6,2,3,10,1,2,0.00011127151194959863,-1,nan,-1,nan,21,0.0346460631531994,3.0565711064264086e-05,21,0.42944350431393263,3.0565711064264086e-05,21,0.13484076503176196,3.0565711064264086e-05,1.6393023008540641,-1,-1.5044615358223021,nan,1,1,1,same_winner,0.0,equal,0,0,0,0
24e5d608f799503b,2,3,17,1,9,0.9893909073347226,-1,nan,-1,nan,-1,nan,nan,9,0.367649902184923,0.9893909073347226,9,0.4835107250710241,0.9893909073347226,1.6393023008540641,-1,-1.1557915757830401,nan,1,1,0,same_winner,0.0,equal,0,0,0,0
2fdb08ec2f205723,2,3,17,1,2,6.46644576567379e-05,-1,nan,-1,nan,-1,nan,nan,9,0.3352594714698138,-0.0002016014838823743,9,0.42529427233928047,-0.0002016014838823743,1.6393023008540641,-1,-1.2140080285147836,nan,1,1,0,same_winner,0.0,equal,0,0,0,0
77e69dcde5805f89,2,3,17,1,0,1.9793778423598503,9,0.0002186685764231644,-1,nan,-1,nan,nan,9,0.25608988035073654,0.0002186685764231644,6,0.42445062681498746,0.0014661366984248803,1.6393023008540641,-1,-1.2148516740390767,nan,1,1,0,winner_changed,0.0012474681220017159,FBCSR_better,0,0,0,0
79a429b2a2b450e7,2,3,17,1,3,4.5840236171379445e-05,3,4.5840236171379445e-05,-1,nan,3,0.18118661136551695,4.5840236171379445e-05,3,0.5360037986544428,4.5840236171379445e-05,3,1.24254639515366,4.5840236171379445e-05,1.6393023008540641,-1,-0.3967559057004042,nan,1,1,1,same_winner,0.0,equal,0,0,0,0
8724d825e1c15a99,2,3,18,1,2,0.0005648493786343245,3,0.0005389120473116016,-1,nan,3,0.1498366784107047,0.0005389120473116016,3,0.4389501233015338,0.0005389120473116016,3,0.9788954342851388,0.0005389120473116016,1.6393023008540641,-1,-0.6604068665689253,nan,1,1,1,same_winner,0.0,equal,0,0,0,0
dd63e7a132215419,2,3,9,1,1,0.9894208450271749,-1,nan,-1,nan,-1,nan,nan,1,0.3522597547925217,0.9894208450271749,1,0.058847436435849054,0.9894208450271749,1.6393023008540641,-1,-1.580454864418215,nan,1,1,0,same_winner,0.0,equal,0,0,0,0
0e59b30dfd9d5121,2,3,19,1,19,0.00040793829923495674,21,0.00026765271043404943,-1,nan,21,0.024220297686227785,0.00026765271043404943,21,0.39456397403640564,0.00026765271043404943,21,0.4746504498363606,0.00026765271043404943,1.6393023008540641,-1,-1.1646518510177035,nan,1,1,1,same_winner,0.0,equal,0,0,0,0
38eeabce6a485364,2,3,15,1,2,0.00016817070990793326,-1,nan,-1,nan,-1,nan,nan,2,0.22276572025004926,0.00016817070990793326,2,0.12749032494530288,0.00016817070990793326,1.6393023008540641,-1,-1.5118119759087612,nan,1,1,0,same_winner,0.0,equal,0,0,0,0
5aa3112549445a00,2,3,4,0,-1,0.0,-1,nan,-1,nan,20,0.07546847556464495,-5.174224078752232e-06,20,0.45062780632161836,-5.174224078752232e-06,20,0.26402565197211914,-5.174224078752232e-06,1.6393023008540641,-1,-1.375276648881945,nan,1,1,1,same_winner,0.0,equal,0,0,0,1
683e8d239bf75a5d,2,3,17,1,27,0.00023702348824583552,22,-0.00015954406317320036,-1,nan,22,0.03822797400134388,-0.00015954406317320036,22,0.41395668096268445,-0.00015954406317320036,22,0.7418135553764467,-0.00015954406317320036,1.6393023008540641,-1,-0.8974887454776175,nan,1,1,1,same_winner,0.0,equal,0,0,0,0
713177596893526a,2,3,23,1,11,0.989611905681924,0,-5.5375219450759516e-05,-1,nan,1,0.3351266791047002,0.9896099772717105,1,0.6122229846928524,0.9896099772717105,1,1.3624159882692526,0.9896099772717105,1.6393023008540641,-1,-0.27688631258481156,nan,1,1,1,same_winner,0.0,equal,0,0,0,0
8be5348ca3425c10,2,3,10,0,-1,0.0,-1,nan,-1,nan,-1,nan,nan,2,0.2832604943575065,-0.9291931132258149,-1,nan,nan,1.6393023008540641,-1,nan,nan,1,0,0,FDSR_to_abstain,0.9291931132258149,FBCSR_better,1,0,0,1
90244d4079fe5582,2,3,13,1,0,0.0023108700587179953,1,0.0010825669911689317,3,0.000440689604822353,1,0.528581605465504,0.0010825669911689317,0,0.8433160347471639,0.0023108700587179953,0,0.8826529463138694,0.0023108700587179953,1.6393023008540641,-1,-0.7566493545401948,nan,1,1,1,same_winner,0.0,equal,0,0,0,0
a63aaf23916e5f10,2,3,8,1,18,3.4772656449058494e-05,-1,nan,-1,nan,0,0.12602008642287704,-9.402019237750216e-05,0,0.49531316831334077,-9.402019237750216e-05,0,0.7176876413256209,-9.402019237750216e-05,1.6393023008540641,-1,-0.9216146595284432,nan,1,1,1,same_winner,0.0,equal,0,0,0,0
ac29e7c780d75eee,2,3,3,0,-1,0.0,-1,nan,-1,nan,17,0.051303279163417814,-1.1126175523124004e-06,17,0.43193743291071585,-1.1126175523124004e-06,17,0.23581794319276478,-1.1126175523124004e-06,1.6393023008540641,-1,-1.4034843576612994,nan,1,1,1,same_winner,0.0,equal,0,0,0,1
b4a3828e9a685c84,2,3,1,0,-1,0.0,-1,nan,-1,nan,16,0.07324407308761303,0.0,16,0.4513076684202953,0.0,16,0.20737750261797094,0.0,1.6393023008540641,-1,-1.4319247982360932,nan,1,1,1,same_winner,0.0,equal,0,0,0,1
b9b7f27d456b5e0b,2,3,1,1,3,0.2405228456815124,-1,nan,-1,nan,-1,nan,nan,-1,nan,nan,-1,nan,nan,1.6393023008540641,-1,nan,nan,0,0,0,both_abstain,0.0,equal,0,0,0,0
c6eebddd3a955416,2,3,16,0,-1,0.0,3,-0.00032615948114544935,9,-0.0008299901787189867,3,0.22064312984057766,-0.00032615948114544935,3,0.5705184819144486,-0.00032615948114544935,3,0.6962194797259855,-0.00032615948114544935,1.6393023008540641,-1,-0.9430828211280786,nan,1,1,1,same_winner,0.0,equal,0,0,0,1
e06039dcbccd55a0,2,3,17,1,3,0.0005589245715649227,-1,nan,-1,nan,-1,nan,nan,3,0.27961492603619775,0.0005589245715649227,3,1.1604968592351628,0.0005589245715649227,1.6393023008540641,-1,-0.4788054416189014,nan,1,1,0,same_winner,0.0,equal,0,0,0,0
ee1f7084ec1a54cf,2,3,11,0,-1,0.0,-1,nan,-1,nan,-1,nan,nan,8,0.4879472522933347,-0.0002860731233844671,8,0.43557080270656245,-0.0002860731233844671,1.6393023008540641,-1,-1.2037314981475018,nan,1,1,0,same_winner,0.0,equal,0,0,0,1
fa243f63e0525715,2,3,15,0,-1,0.0,-1,nan,-1,nan,-1,nan,nan,2,0.18595572331636379,-2.108106297674106e-05,2,0.18362803094773728,-2.108106297674106e-05,1.6393023008540641,-1,-1.4556742699063268,nan,1,1,0,same_winner,0.0,equal,0,0,0,1
1c3f933be722564d,2,3,2,0,-1,0.0,7,-2.020616720138795,-1,nan,7,0.01637725755465548,-2.020616720138795,7,0.4020255303131045,-2.020616720138795,7,0.15713972198096937,-2.020616720138795,1.6393023008540641,-1,-1.4821625788730948,nan,1,1,1,same_winner,0.0,equal,1,1,1,1
27d3a84b2d335113,2,3,13,1,16,7.091165021993215e-05,-1,nan,-1,nan,0,0.07100317567068082,3.223411133512874e-06,0,0.45091781803296327,3.223411133512874e-06,0,0.6797454403556272,3.223411133512874e-06,1.6393023008540641,-1,-0.9595568604984369,nan,1,1,1,same_winner,0.0,equal,0,0,0,0
37c65539bccb5da7,2,3,18,1,18,3.19452974479645e-05,19,3.19452974479645e-05,-1,nan,19,0.30967552804893284,3.19452974479645e-05,19,0.5422637675579732,3.19452974479645e-05,19,0.7722383726666573,3.19452974479645e-05,1.6393023008540641,-1,-0.8670639281874069,nan,1,1,1,same_winner,0.0,equal,0,0,0,0
3dae82a193c9501b,2,3,17,0,-1,0.0,-1,nan,-1,nan,-1,nan,nan,9,0.24274324676847925,-0.0002301778279250044,9,0.3725332217251173,-0.0002301778279250044,1.6393023008540641,-1,-1.2667690791289468,nan,1,1,0,same_winner,0.0,equal,0,0,0,1
69a069b9a6985aaf,2,3,15,1,0,0.0024102863401640195,1,0.0012525444069877295,1,0.0012525444069877295,7,0.16341190455139612,0.00017445414308459029,1,0.6478264274363221,0.0012525444069877295,7,0.7198864058586951,0.00017445414308459029,1.6393023008540641,-1,-0.919415894995369,nan,1,1,1,winner_changed,-0.0010780902639031392,FBCSR_worse,0,0,0,0
7d8759e340975895,2,3,12,1,11,0.004220945787429375,-1,nan,-1,nan,14,0.13693175551614817,0.00013285990655420576,14,0.5036964205827297,0.00013285990655420576,14,1.569877507466338,0.00013285990655420576,1.6393023008540641,-1,-0.06942479338772611,nan,1,1,1,same_winner,0.0,equal,0,0,0,0
a99fbe3c63d15894,2,3,23,1,0,5.422654151909789e-05,-1,nan,-1,nan,21,0.15047234827208503,-3.527703285222117e-05,21,0.5163236118234977,-3.527703285222117e-05,21,1.895069272508131,-3.527703285222117e-05,1.6393023008540641,21,0.2557669716540669,-3.527703285222117e-05,1,1,1,same_winner,0.0,equal,0,0,0,0
aaf8a6e715785915,2,3,19,1,12,2.2100425100282415,6,-9.605649828481333e-05,6,-9.605649828481333e-05,21,0.08518570979334322,1.1295703612024255e-05,6,0.6154979946385131,-9.605649828481333e-05,6,0.814344196068918,-9.605649828481333e-05,1.6393023008540641,-1,-0.8249581047851462,nan,1,1,1,same_winner,0.0,equal,0,0,0,0
adb358cddcdf5ad4,2,3,17,1,12,0.0003346449891106218,-1,nan,-1,nan,-1,nan,nan,7,0.2973662207760326,-1.1826901510358923e-05,7,0.16692716046374612,-1.1826901510358923e-05,1.6393023008540641,-1,-1.472375140390318,nan,1,1,0,same_winner,0.0,equal,0,0,0,0
ae3f167434e35c78,2,3,4,1,17,0.0003447731625288719,3,0.00034339852984995034,-1,nan,-1,nan,nan,5,0.2607868811510844,3.97828999906813e-05,-1,nan,nan,1.6393023008540641,-1,nan,nan,1,0,0,FDSR_to_abstain,-3.97828999906813e-05,FBCSR_worse,0,0,0,0
ae62df1371af5474,2,3,9,0,-1,0.0,-1,nan,-1,nan,-1,nan,nan,25,0.314972721361004,-0.00022230811081858093,25,0.6256045976654339,-0.00022230811081858093,1.6393023008540641,-1,-1.0136977031886303,nan,1,1,0,same_winner,0.0,equal,0,0,0,1
f0a54058d2af5c6c,2,3,16,1,4,0.0006539796369151585,1,0.0002653000397607741,-1,nan,4,0.09894690883520069,0.0006539796369151585,4,0.47966171006092617,0.0006539796369151585,4,0.450901402117851,0.0006539796369151585,1.6393023008540641,-1,-1.1884008987362131,nan,1,1,1,same_winner,0.0,equal,0,0,0,0
f533a754e0245b89,2,3,7,1,3,0.005489559835940572,-1,nan,-1,nan,10,0.0597686301894117,-0.002852290576696337,10,0.4391527712767644,-0.002852290576696337,10,1.3498151573175021,-0.002852290576696337,1.6393023008540641,-1,-0.289487143536562,nan,1,1,1,same_winner,0.0,equal,0,0,0,0
f9c3f5c430be54aa,2,3,2,1,2,1.5646017807097174,-1,nan,-1,nan,2,0.15487356808964944,1.5646017807097174,2,0.5295932645891767,1.5646017807097174,2,0.3177311804397615,1.5646017807097174,1.6393023008540641,-1,-1.3215711204143026,nan,1,1,1,same_winner,0.0,equal,0,0,0,0
02bb7e4c3012543c,2,3,8,1,7,0.0004034383127465844,-1,nan,-1,nan,-1,nan,nan,2,0.16775682420915966,-5.648203669115907e-05,2,0.5686083524758221,-5.648203669115907e-05,1.6393023008540641,-1,-1.070693948378242,nan,1,1,0,same_winner,0.0,equal,0,0,0,0
105b657c237a5c20,2,3,11,1,13,0.9862152987198599,3,0.9776590389899095,-1,nan,-1,nan,nan,3,0.3658453237055045,0.9776590389899095,3,0.03083150534173018,0.9776590389899095,1.6393023008540641,-1,-1.6084707955123339,nan,1,1,0,same_winner,0.0,equal,0,0,0,0
11aaf0aadcfb5861,2,3,17,0,-1,0.0,3,-6.401519821958024e-05,-1,nan,-1,nan,nan,3,0.4290112371000596,-6.401519821958024e-05,6,0.6484982004856208,-0.0005949245169758755,1.6393023008540641,-1,-0.9908041003684434,nan,1,1,0,winner_changed,-0.0005309093187562952,FBCSR_worse,0,0,0,1
22b187e4a9c25c9b,2,3,14,0,-1,0.0,-1,nan,-1,nan,-1,nan,nan,9,0.3689181503511852,-0.0006092125065624288,9,0.31475602353307464,-0.0006092125065624288,1.6393023008540641,-1,-1.3245462773209895,nan,1,1,0,same_winner,0.0,equal,0,0,0,1
2f2543566c675f13,2,3,11,1,6,1.2281749373942554,21,-0.00040563892025979875,-1,nan,1,0.0920906217169804,4.0812372416265674e-05,22,0.476313459422794,1.219843079800345,22,0.7402530863159911,1.219843079800345,1.6393023008540641,-1,-0.8990492145380731,nan,1,1,1,same_winner,0.0,equal,0,0,0,0
359105de514f5258,2,3,12,1,7,2.2710651502944046e-05,-1,nan,-1,nan,9,0.01998065840662025,-0.00038073421872697466,9,0.4739241569041228,-0.00038073421872697466,9,0.3682322344498538,-0.00038073421872697466,1.6393023008540641,-1,-1.2710700664042103,nan,1,1,1,same_winner,0.0,equal,0,0,0,0
5740c711ed2d5d2f,2,3,17,1,4,0.0004706690301303773,-1,nan,-1,nan,-1,nan,nan,9,0.2708376187181194,-8.293524551261644e-05,9,0.3613384500267653,-8.293524551261644e-05,1.6393023008540641,-1,-1.2779638508272988,nan,1,1,0,same_winner,0.0,equal,0,0,0,0
5f01892cbea95932,2,3,14,0,-1,0.0,-1,nan,-1,nan,-1,nan,nan,9,0.4040133345746402,-0.00035789266303187794,9,0.3228013528820404,-0.00035789266303187794,1.6393023008540641,-1,-1.3165009479720238,nan,1,1,0,same_winner,0.0,equal,0,0,0,1
75fd8a14d25350e5,2,3,12,1,2,6.061441040871292,13,6.0602147196955976,-1,nan,14,0.04514352528794116,6.06032689663456,14,0.24874412942940827,6.06032689663456,-1,nan,nan,1.6393023008540641,-1,nan,nan,1,0,1,FDSR_to_abstain,-6.06032689663456,FBCSR_worse,0,0,0,0
78dae1caad5656a7,2,3,15,1,17,0.00012827663570642465,17,0.00012827663570642465,-1,nan,17,0.008300177152345364,0.00012827663570642465,17,0.38028693921330836,0.00012827663570642465,17,0.7606398088626545,0.00012827663570642465,1.6393023008540641,-1,-0.8786624919914097,nan,1,1,1,same_winner,0.0,equal,0,0,0,0
a9e5024892425a19,2,3,10,1,12,0.10973774648478729,14,0.1097346117342588,-1,nan,9,0.14134178362205663,0.10973590606988859,9,0.5361300782443978,0.10973590606988859,9,1.0286136506266634,0.10973590606988859,1.6393023008540641,-1,-0.6106886502274007,nan,1,1,1,same_winner,0.0,equal,0,0,0,0
aaddf9a720325142,2,3,11,0,-1,0.0,3,-0.0010124568271690781,-1,nan,-1,nan,nan,2,0.3518215694763198,-0.0005160496893578947,2,0.04251511088491422,-0.0005160496893578947,1.6393023008540641,-1,-1.59678718996915,nan,1,1,0,same_winner,0.0,equal,0,0,0,1
d32e31e6812d546f,2,3,9,1,2,3.667801286837873e-05,-1,nan,-1,nan,-1,nan,nan,2,0.21838610657446383,3.667801286837873e-05,2,0.6148158265528805,3.667801286837873e-05,1.6393023008540641,-1,-1.0244864743011837,nan,1,1,0,same_winner,0.0,equal,0,0,0,0
e034837cf84e5081,2,3,8,1,2,5.710109185893099e-05,-1,nan,-1,nan,-1,nan,nan,2,0.1910559873494736,5.710109185893099e-05,2,0.5450527476761351,5.710109185893099e-05,1.6393023008540641,-1,-1.094249553177929,nan,1,1,0,same_winner,0.0,equal,0,0,0,0
e865980d1e455826,2,3,16,1,7,0.00047294136965669864,-1,nan,-1,nan,-1,nan,nan,2,0.2822002916745504,0.0003811128575352818,2,0.3258505242786348,0.0003811128575352818,1.6393023008540641,-1,-1.3134517765754294,nan,1,1,0,same_winner,0.0,equal,0,0,0,0
f125490e18b15e5c,2,3,21,1,18,8.97285602521336e-05,18,8.97285602521336e-05,-1,nan,19,0.08343242938592603,2.2940688254813324e-05,19,0.4572525930830701,2.2940688254813324e-05,19,1.0709817200155833,2.2940688254813324e-05,1.6393023008540641,-1,-0.5683205808384808,nan,1,1,1,same_winner,0.0,equal,0,0,0,0
f1d77af4b7285825,2,3,7,1,13,0.9895852088484913,-1,nan,-1,nan,9,0.19419994230835644,-0.00017149056606013957,9,0.5657576518090729,-0.00017149056606013957,9,0.9616845563832682,-0.00017149056606013957,1.6393023008540641,-1,-0.6776177444707959,nan,1,1,1,same_winner,0.0,equal,0,0,0,0
2d8cf993fd4159e2,2,3,12,1,16,0.00714421712828317,2,-0.0050927070549839915,-1,nan,2,0.23486250303059508,-0.0050927070549839915,2,0.5575330400647036,-0.0050927070549839915,2,0.47398919580307647,-0.0050927070549839915,1.6393023008540641,-1,-1.1653131050509877,nan,1,1,1,same_winner,0.0,equal,0,0,0,0
470e191769275e16,2,3,9,1,5,0.001193100868631225,2,0.0005666931518353291,-1,nan,-1,nan,nan,3,0.2870103994035603,0.0004556193662341723,-1,nan,nan,1.6393023008540641,-1,nan,nan,1,0,0,FDSR_to_abstain,-0.0004556193662341723,FBCSR_worse,0,0,0,0
549a8da7bb0b5e8a,2,3,2,0,-1,0.0,2,-0.9131117959951052,-1,nan,2,0.07383833468040031,-0.9131117959951052,2,0.46888816296461194,-0.9131117959951052,-1,nan,nan,1.6393023008540641,-1,nan,nan,1,0,1,FDSR_to_abstain,0.9131117959951052,FBCSR_better,1,0,1,1
5c921b6094c95071,2,3,2,1,4,0.0017775409559486425,-1,nan,-1,nan,-1,nan,nan,4,0.3145227297041717,0.0017775409559486425,4,0.593382221316421,0.0017775409559486425,1.6393023008540641,-1,-1.045920079537643,nan,1,1,0,same_winner,0.0,equal,0,0,0,0
698c37f393b852d6,2,3,14,0,-1,0.0,3,-5.399297096300715e-05,-1,nan,-1,nan,nan,3,0.33606473894000916,-5.399297096300715e-05,3,0.3467022609960049,-5.399297096300715e-05,1.6393023008540641,-1,-1.2926000398580593,nan,1,1,0,same_winner,0.0,equal,0,0,0,1
71dfd904537f5299,2,3,6,1,1,0.015588078906666691,-1,nan,-1,nan,-1,nan,nan,1,0.3835848368134904,0.015588078906666691,-1,nan,nan,1.6393023008540641,-1,nan,nan,1,0,0,FDSR_to_abstain,-0.015588078906666691,FBCSR_worse,0,0,0,0
7ef659e1786d5ef0,2,3,1,0,-1,0.0,-1,nan,-1,nan,-1,nan,nan,-1,nan,nan,-1,nan,nan,1.6393023008540641,-1,nan,nan,0,0,0,both_abstain,0.0,equal,0,0,0,1
893f5457b66f5c0a,2,3,4,0,-1,0.0,2,-0.0012851024791598054,-1,nan,-1,nan,nan,4,0.3641362841057351,-0.0023306173920631945,-1,nan,nan,1.6393023008540641,-1,nan,nan,1,0,0,FDSR_to_abstain,0.0023306173920631945,FBCSR_better,0,0,0,1
8f090017c0c45c30,2,3,13,1,12,0.9907511725057674,2,0.9801628914909379,-1,nan,2,0.13952551996676194,0.9801628914909379,2,0.4538073985371396,0.9801628914909379,2,0.3803410652204684,0.9801628914909379,1.6393023008540641,-1,-1.2589612356335957,nan,1,1,1,same_winner,0.0,equal,0,0,0,0
90003a4fe9855d90,2,3,21,1,9,0.00012079995721547832,-1,nan,-1,nan,-1,nan,nan,22,0.33907237220220365,7.616092339146618e-05,22,1.3494965252246431,7.616092339146618e-05,1.6393023008540641,-1,-0.289805775629421,nan,1,1,0,same_winner,0.0,equal,0,0,0,0
9d6b57b25d0e5698,2,3,29,1,9,0.0003207316190004389,2,-6.439244151115742e-05,-1,nan,28,0.0780187847273103,-4.430631548166253e-05,28,0.4482725674699307,-4.430631548166253e-05,28,1.1446887897067222,-4.430631548166253e-05,1.6393023008540641,-1,-0.494613511147342,nan,1,1,1,same_winner,0.0,equal,0,0,0,0
a5a77a41a5d4527c,2,3,17,1,21,2.9820454305884425e-06,20,-0.0002340606202135831,-1,nan,2,0.05675393279198851,-0.00012272540132673981,2,0.4479762788302641,-0.00012272540132673981,2,0.9405190514857258,-0.00012272540132673981,1.6393023008540641,-1,-0.6987832493683384,nan,1,1,1,same_winner,0.0,equal,0,0,0,0
b86d04e1e9105474,2,3,3,0,-1,0.0,-1,nan,-1,nan,-1,nan,nan,-1,nan,nan,-1,nan,nan,1.6393023008540641,-1,nan,nan,0,0,0,both_abstain,0.0,equal,0,0,0,1
c4a7fbc6d1e35668,2,3,6,1,21,1.9843287469431445,-1,nan,-1,nan,21,0.30506643197648003,1.9843287469431445,21,0.6277878636347363,1.9843287469431445,21,1.0131617810702065,1.9843287469431445,1.6393023008540641,-1,-0.6261405197838577,nan,1,1,1,same_winner,0.0,equal,0,0,0,0
db167c9f01af53f1,2,3,17,0,-1,0.0,-1,nan,-1,nan,9,0.0069559904076055,-0.00040012851879001055,9,0.4282624935197747,-0.00040012851879001055,9,0.4196900497945516,-0.00040012851879001055,1.6393023008540641,-1,-1.2196122510595124,nan,1,1,1,same_winner,0.0,equal,0,0,0,1
e19f348970f556d2,2,3,5,0,-1,0.0,17,-1.5644987166379463,-1,nan,-1,nan,nan,8,0.2910134657577173,-1.5535100609214045,-1,nan,nan,1.6393023008540641,-1,nan,nan,1,0,0,FDSR_to_abstain,1.5535100609214045,FBCSR_better,1,0,0,1
e1c764e511515749,2,3,10,1,0,0.0008804408113469719,18,0.0008504654588357141,2,0.0008264897334102628,20,0.45567649190164655,0.000480583366891274,20,0.7923340825717667,0.000480583366891274,20,0.9794728045026049,0.000480583366891274,1.6393023008540641,-1,-0.6598294963514593,nan,1,1,1,same_winner,0.0,equal,0,0,0,0
e75b5a59035b5493,2,3,9,1,22,1.9060943658999463e-05,21,-0.0001553025154863441,-1,nan,22,0.03279656586801001,1.9060943658999463e-05,22,0.4097929757564928,1.9060943658999463e-05,22,0.38776939567963836,1.9060943658999463e-05,1.6393023008540641,-1,-1.2515329051744257,nan,1,1,1,same_winner,0.0,equal,0,0,0,0
e86d2d8665685c70,2,3,11,1,7,0.0002340462627121731,-1,nan,-1,nan,-1,nan,nan,2,0.2493306591756589,0.00011730156909917078,2,0.15042939924179627,0.00011730156909917078,1.6393023008540641,-1,-1.488872901612268,nan,1,1,0,same_winner,0.0,equal,0,0,0,0
e9c39cd0c047561f,2,3,29,1,20,6.992455739585068e-05,-1,nan,-1,nan,-1,nan,nan,23,0.3728768161141486,5.109075177500699e-05,23,2.410944603400821,5.109075177500699e-05,1.6393023008540641,23,0.7716423025467569,5.109075177500699e-05,1,1,0,same_winner,0.0,equal,0,0,0,0
0612f5d26b32561d,2,3,15,1,7,0.0001517966874411414,3,0.0001302557921509795,-1,nan,-1,nan,nan,3,0.3336480251425913,0.0001302557921509795,3,0.13326470249955474,0.0001302557921509795,1.6393023008540641,-1,-1.5060375983545093,nan,1,1,0,same_winner,0.0,equal,0,0,0,0
07003d3990e35817,2,3,2,1,7,0.0005464155733585357,-1,nan,-1,nan,-1,nan,nan,9,0.2522884467466257,-0.0001496147364377972,9,0.4626839155711553,-0.0001496147364377972,1.6393023008540641,-1,-1.1766183852829089,nan,1,1,0,same_winner,0.0,equal,0,0,0,0
0938c742dd0159e8,2,3,4,0,-1,0.0,-1,nan,-1,nan,-1,nan,nan,6,0.21069269597744705,-0.0027235197387633914,6,0.2838330347947027,-0.0027235197387633914,1.6393023008540641,-1,-1.3554692660593615,nan,1,1,0,same_winner,0.0,equal,0,0,0,1
097a309009705384,2,3,9,1,10,0.9878206702034921,2,0.000491745157353618,-1,nan,3,0.09458799868532625,0.00048242681920529495,3,0.4609808742070498,0.00048242681920529495,3,0.18170552147173386,0.00048242681920529495,1.6393023008540641,-1,-1.4575967793823303,nan,1,1,1,same_winner,0.0,equal,0,0,0,0
12db610090455243,2,3,15,1,10,4.043615513149462,3,4.0419002787104805,-1,nan,-1,nan,nan,3,0.3516369112098723,4.0419002787104805,3,0.28910849753577234,4.0419002787104805,1.6393023008540641,-1,-1.3501938033182919,nan,1,1,0,same_winner,0.0,equal,0,0,0,0
1b2ded48330b5b03,2,3,17,1,5,0.0020229374388232024,2,-0.002889570005331521,-1,nan,5,0.10228610514745605,0.0020229374388232024,5,0.5617903233746918,0.0020229374388232024,5,0.574447002003242,0.0020229374388232024,1.6393023008540641,-1,-1.0648552988508222,nan,1,1,1,same_winner,0.0,equal,0,0,0,0
2322ed0c8d8e5d5f,2,3,12,1,21,0.0027733717452734785,22,-0.11840499508380897,25,0.0026175350087694893,25,0.3004723276941828,0.0026175350087694893,25,0.6436316749637602,0.0026175350087694893,25,0.8279212009617738,0.0026175350087694893,1.6393023008540641,-1,-0.8113810998922903,nan,1,1,1,same_winner,0.0,equal,0,0,0,0
253b0edab17c5d6d,2,3,17,0,-1,0.0,3,-0.003411719744776054,-1,nan,-1,nan,nan,10,0.18767146592388656,-0.0029342833202332663,10,0.07474974812196078,-0.0029342833202332663,1.6393023008540641,-1,-1.5645525527321034,nan,1,1,0,same_winner,0.0,equal,0,0,0,1
326079b8c9395f39,2,3,1,0,-1,0.0,-1,nan,-1,nan,23,0.09813942501087172,-0.0004300676556301397,23,0.4770525962237436,-0.0004300676556301397,23,0.1538414218357012,-0.0004300676556301397,1.6393023008540641,-1,-1.485460879018363,nan,1,1,1,same_winner,0.0,equal,0,0,0,1
460cfd36104e5450,2,3,16,1,3,1.6840276773955054e-05,3,1.6840276773955054e-05,3,1.6840276773955054e-05,6,0.177870682733008,-0.001754277704656193,6,0.599269035898977,-0.001754277704656193,6,0.7245829930132586,-0.001754277704656193,1.6393023008540641,-1,-0.9147193078408056,nan,1,1,1,same_winner,0.0,equal,0,0,0,0
5b06ed05f63a5554,2,3,14,1,5,0.00024400286194870002,3,0.0001472774073248695,-1,nan,3,0.09420511719853825,0.0001472774073248695,3,0.4405661584982926,0.0001472774073248695,3,0.3121358985805233,0.0001472774073248695,1.6393023008540641,-1,-1.3271664022735408,nan,1,1,1,same_winner,0.0,equal,0,0,0,0
5da895ba0a415a80,2,3,16,1,3,8.441190216679217e-05,3,8.441190216679217e-05,-1,nan,6,0.07692950700324638,-0.0020260254189370386,3,0.46579277527254936,8.441190216679217e-05,6,0.6116576911258154,-0.0020260254189370386,1.6393023008540641,-1,-1.0276446097282488,nan,1,1,1,winner_changed,-0.0021104373211038308,FBCSR_worse,0,0,0,0
5e16781ce6685597,2,3,12,1,9,0.9893989870341495,2,2.009114613765739e-05,-1,nan,9,0.11196107574940097,0.9893989870341495,9,0.5707636717793442,0.9893989870341495,9,0.3720689892765474,0.9893989870341495,1.6393023008540641,-1,-1.2672333115775167,nan,1,1,1,same_winner,0.0,equal,0,0,0,0
5f9c0089a0a355fe,2,3,1,1,3,2.2543221819583934,3,2.2543221819583934,-1,nan,-1,nan,nan,-1,nan,nan,-1,nan,nan,1.6393023008540641,-1,nan,nan,0,0,0,both_abstain,0.0,equal,0,0,0,0
628e147a02bf5128,2,3,15,1,2,0.00017715641876420163,-1,nan,-1,nan,2,0.03648228866405262,0.00017715641876420163,2,0.4317331186683625,0.00017715641876420163,2,0.4259453465971432,0.00017715641876420163,1.6393023008540641,-1,-1.213356954256921,nan,1,1,1,same_winner,0.0,equal,0,0,0,0
767b810b38de5665,2,3,10,1,7,0.00013741410858925107,-1,nan,-1,nan,-1,nan,nan,2,0.35484242156206414,6.291031986505047e-05,2,0.9000094917452921,6.291031986505047e-05,1.6393023008540641,-1,-0.739292809108772,nan,1,1,0,same_winner,0.0,equal,0,0,0,0
1fd9a12a263556d8,3,4,4,0,-1,0.0,-1,nan,-1,nan,-1,nan,nan,2,0.11887849407386886,-0.0010081417662670678,2,0.41651524006588836,-0.0010081417662670678,2.3917722448700527,-1,-1.9752570048041642,nan,1,1,0,same_winner,0.0,equal,0,0,0,1
399cc87ac7c55646,3,4,16,1,20,0.0005813873671926557,21,0.0005813873671926557,-1,nan,22,0.29285965430672956,0.0005082323875802105,26,0.605963587979498,-6.56806117855012e-05,26,0.6008309062754736,-6.56806117855012e-05,2.3917722448700527,-1,-1.7909413385945792,nan,1,1,1,same_winner,0.0,equal,0,0,0,0
41fdae5fd40d5324,3,4,19,1,19,0.000124900095909819,-1,nan,-1,nan,22,0.1220973388524979,-4.6419141395137586e-05,22,0.4634822185335736,-4.6419141395137586e-05,22,1.167551284892487,-4.6419141395137586e-05,2.3917722448700527,-1,-1.2242209599775657,nan,1,1,1,same_winner,0.0,equal,0,0,0,0
46eb37ed09fc5718,3,4,22,1,19,7.77549555817103e-05,-1,nan,-1,nan,-1,nan,nan,20,0.3480240115957501,3.583490794945021e-05,20,2.234825024977056,3.583490794945021e-05,2.3917722448700527,-1,-0.15694721989299687,nan,1,1,0,same_winner,0.0,equal,0,0,0,0
538f3eb865185615,3,4,26,0,-1,0.0,19,-9.282299746971034e-05,19,-9.282299746971034e-05,19,0.35647307123720984,-9.282299746971034e-05,19,0.6346634149322761,-9.282299746971034e-05,19,1.550337384809388,-9.282299746971034e-05,2.3917722448700527,-1,-0.8414348600606647,nan,1,1,1,same_winner,0.0,equal,0,0,0,1
667054412512521b,3,4,11,0,-1,0.0,-1,nan,-1,nan,9,0.03526535537068541,-0.00010643603205681695,9,0.43487735473768074,-0.00010643603205681695,9,0.30533647272082776,-0.00010643603205681695,2.3917722448700527,-1,-2.086435772149225,nan,1,1,1,same_winner,0.0,equal,0,0,0,1
86f569f804fb5848,3,4,8,1,7,0.00014328093612566567,-1,nan,-1,nan,-1,nan,nan,2,0.1621528298828479,1.4041063748300268e-05,2,0.7473240289904255,1.4041063748300268e-05,2.3917722448700527,-1,-1.6444482158796272,nan,1,1,0,same_winner,0.0,equal,0,0,0,0
98dbc922be205d29,3,4,16,1,3,0.0006585955739022431,23,0.0006469780296087801,23,0.0006469780296087801,26,0.5185924505967953,0.00022450695186848613,26,0.7797631312450608,0.00022450695186848613,26,0.9634959321786399,0.00022450695186848613,2.3917722448700527,-1,-1.4282763126914126,nan,1,1,1,same_winner,0.0,equal,0,0,0,0
ba95a132236555b4,3,4,9,0,-1,0.0,-1,nan,-1,nan,25,0.2761618716830546,-0.00042002055742784705,25,0.6428442925765672,-0.00042002055742784705,25,0.6268942635325789,-0.00042002055742784705,2.3917722448700527,-1,-1.7648779813374738,nan,1,1,1,same_winner,0.0,equal,0,0,0,1
bc346dea1bcd5cc3,3,4,29,1,24,1.771451851828587e-05,28,-9.483449810643307e-05,-1,nan,28,0.0546752111961481,-9.483449810643307e-05,28,0.3325997878280584,-9.483449810643307e-05,28,2.051398375004563,-9.483449810643307e-05,2.3917722448700527,-1,-0.3403738698654899,nan,1,1,1,same_winner,0.0,equal,0,0,0,0
c0426fcae01a50cf,3,4,17,1,3,6.599369290150037e-06,3,6.599369290150037e-06,9,-0.0004124789287045516,-1,nan,nan,9,0.35189262776987396,-0.0004124789287045516,9,0.601047862316115,-0.0004124789287045516,2.3917722448700527,-1,-1.7907243825539378,nan,1,1,0,same_winner,0.0,equal,0,0,0,0
c075c65bf21d5842,3,4,14,1,16,7.003455915838286e-05,-1,nan,-1,nan,9,0.21487668366226292,-0.0004111885782156488,9,0.572210571071559,-0.0004111885782156488,9,0.6335267714046032,-0.0004111885782156488,2.3917722448700527,-1,-1.7582454734654496,nan,1,1,1,same_winner,0.0,equal,0,0,0,0
d1f387a440e25adc,3,4,17,1,23,9.959389120339779e-05,23,9.959389120339779e-05,-1,nan,26,0.08978640518381825,-0.00016852544695122873,26,0.4735983426749317,-0.00016852544695122873,26,0.8744196036632902,-0.00016852544695122873,2.3917722448700527,-1,-1.5173526412067626,nan,1,1,1,same_winner,0.0,equal,0,0,0,0
f462fca7c1f8594c,3,4,5,1,17,0.00020008771084249017,18,0.00018964126333594284,-1,nan,20,0.034490047708244626,-7.948029409162718e-05,20,0.3995149653078145,-7.948029409162718e-05,20,0.4102018472207093,-7.948029409162718e-05,2.3917722448700527,-1,-1.9815703976493433,nan,1,1,1,same_winner,0.0,equal,0,0,0,0
f5b6478d00565e99,3,4,2,1,7,4.06413027085337e-06,-1,nan,-1,nan,-1,nan,nan,7,0.14334574196694716,4.06413027085337e-06,7,0.03794524965944118,4.06413027085337e-06,2.3917722448700527,-1,-2.3538269952106115,nan,1,1,0,same_winner,0.0,equal,0,0,0,0
258a909f4194587f,3,4,14,1,2,0.9892655884945241,-1,nan,-1,nan,24,0.20655529858503313,-0.00010657218275592073,24,0.5669265336530086,-0.00010657218275592073,24,0.8289928353080768,-0.00010657218275592073,2.3917722448700527,-1,-1.5627794095619758,nan,1,1,1,same_winner,0.0,equal,0,0,0,0
09be490c13cb56b6,3,4,19,1,21,0.00011796016395091997,-1,nan,-1,nan,23,0.10406844849159125,-8.767266422510158e-05,23,0.44277900311733814,-8.767266422510158e-05,23,0.6594675708566546,-8.767266422510158e-05,2.3917722448700527,-1,-1.732304674013398,nan,1,1,1,same_winner,0.0,equal,0,0,0,0
2f4a06067a6f5d7f,3,4,3,1,7,0.0006315581589395602,3,0.00021399705917568568,-1,nan,-1,nan,nan,3,0.22199513827849993,0.00021399705917568568,3,0.1609724667474305,0.00021399705917568568,2.3917722448700527,-1,-2.230799778122622,nan,1,1,0,same_winner,0.0,equal,0,0,0,0
33cd12f0c4a75e41,3,4,16,1,4,0.004535530779755881,2,-1.801679306273651,-1,nan,-1,nan,nan,2,0.09680992566806618,-1.801679306273651,2,0.19519715498698986,-1.801679306273651,2.3917722448700527,-1,-2.196575089883063,nan,1,1,0,same_winner,0.0,equal,1,1,0,0
3cd8e7898e005bc4,3,4,8,1,1,0.25500609345718983,11,0.25258236902564546,-1,nan,-1,nan,nan,1,0.20914775039879205,0.25500609345718983,-1,nan,nan,2.3917722448700527,-1,nan,nan,1,0,0,FDSR_to_abstain,-0.25500609345718983,FBCSR_worse,0,0,0,0
3f68aa4cebd65ce8,3,4,21,1,20,0.0001270015863236041,24,-0.0006958824434317649,-1,nan,23,0.1727381425291408,-0.0006958824434317649,23,0.5213836134526135,-0.0006958824434317649,23,1.0699013011479634,-0.0006958824434317649,2.3917722448700527,-1,-1.3218709437220892,nan,1,1,1,same_winner,0.0,equal,0,0,0,0
420b77ddd4f052b3,3,4,18,1,20,0.000200896758958697,21,8.52977834641935e-05,-1,nan,-1,nan,nan,21,0.32221793616721134,8.52977834641935e-05,21,0.4923211912235059,8.52977834641935e-05,2.3917722448700527,-1,-1.8994510536465468,nan,1,1,0,same_winner,0.0,equal,0,0,0,0
56e384e4189f536f,3,4,19,1,17,3.2848350812741955e-06,3,-1.771524733840124e-05,3,-1.771524733840124e-05,3,0.11767366958601866,-1.771524733840124e-05,9,0.485773958441051,-0.0003723668930959434,9,1.9136271103160472,-0.0003723668930959434,2.3917722448700527,-1,-0.47814513455400554,nan,1,1,1,same_winner,0.0,equal,0,0,0,0
7f9f132592f45a84,3,4,25,0,-1,0.0,13,-0.00038678148182808014,-1,nan,14,0.5086064863817903,-0.000653486872685613,14,0.7866094684171693,-0.000653486872685613,14,1.8613057137370832,-0.000653486872685613,2.3917722448700527,-1,-0.5304665311329695,nan,1,1,1,same_winner,0.0,equal,0,0,0,1
9d81a9a1677354a1,3,4,10,1,22,0.0004219845463870886,22,0.0004219845463870886,-1,nan,26,0.10859996984185064,-0.00040758806355301047,26,0.51274221770731,-0.00040758806355301047,26,0.5981499248105328,-0.00040758806355301047,2.3917722448700527,-1,-1.7936223200595198,nan,1,1,1,same_winner,0.0,equal,0,0,0,0
b0f9569dfe425d61,3,4,9,0,-1,0.0,2,-0.00454796047975492,-1,nan,-1,nan,nan,2,0.19363639671825938,-0.00454796047975492,-1,nan,nan,2.3917722448700527,-1,nan,nan,1,0,0,FDSR_to_abstain,0.00454796047975492,FBCSR_better,0,0,0,1
e516f368a8fb5a16,3,4,3,1,9,4.074362921528533e-05,-1,nan,-1,nan,11,0.015199900475462866,-0.00044736977913416905,11,0.3683802688286837,-0.00044736977913416905,11,0.1521943169281632,-0.00044736977913416905,2.3917722448700527,-1,-2.2395779279418893,nan,1,1,1,same_winner,0.0,equal,0,0,0,0
f997536112085ece,3,4,17,1,21,0.0001640659436583647,-1,nan,-1,nan,24,0.10850915703935125,-8.260559672490508e-05,24,0.450960027751046,-8.260559672490508e-05,24,0.9441247506475959,-8.260559672490508e-05,2.3917722448700527,-1,-1.4476474942224566,nan,1,1,1,same_winner,0.0,equal,0,0,0,0
925cbce83b0c5797,3,4,16,1,4,0.004134895382379433,5,0.0030797749766464655,-1,nan,-1,nan,nan,5,0.3459179073239787,0.0030797749766464655,5,0.393554949954015,0.0030797749766464655,2.3917722448700527,-1,-1.9982172949160377,nan,1,1,0,same_winner,0.0,equal,0,0,0,0
050392bdc27a5f5c,3,4,1,1,2,4.5575313549487545e-05,-1,nan,-1,nan,-1,nan,nan,2,0.1303003334286878,4.5575313549487545e-05,2,0.23051489498610245,4.5575313549487545e-05,2.3917722448700527,-1,-2.1612573498839502,nan,1,1,0,same_winner,0.0,equal,0,0,0,0
1ae7a63963375f27,3,4,2,1,4,0.7543952083584271,-1,nan,-1,nan,-1,nan,nan,-1,nan,nan,-1,nan,nan,2.3917722448700527,-1,nan,nan,0,0,0,both_abstain,0.0,equal,0,0,0,0
1bd0f4142cdc52f5,3,4,10,1,10,4.249641858041116e-06,0,-2.8255283832552547e-06,-1,nan,0,0.2889227713411633,-2.8255283832552547e-06,7,0.6542133417804583,-0.0025658263413235547,1,0.8068056806262071,-2.2215379960835273e-05,2.3917722448700527,-1,-1.5849665642438455,nan,1,1,1,winner_changed,0.0025436109613627194,FBCSR_better,0,0,0,0
2e91c253ccb958d1,3,4,16,1,11,2.2145579196525267e-05,-1,nan,-1,nan,3,0.06391257438806897,-6.759409550577411e-05,10,0.4293667732770404,-1.2323904158297927,3,1.0575521188991979,-6.759409550577411e-05,2.3917722448700527,-1,-1.3342201259708548,nan,1,1,1,winner_changed,1.232322821734287,FBCSR_better,1,0,0,0
63464806708f5d70,3,4,3,1,20,0.0063127848613265085,-1,nan,-1,nan,-1,nan,nan,22,0.2544906209295304,0.006261331178824185,22,0.13035652112549745,0.006261331178824185,2.3917722448700527,-1,-2.2614157237445554,nan,1,1,0,same_winner,0.0,equal,0,0,0,0
67a57ae417045162,3,4,4,0,-1,0.0,-1,nan,-1,nan,-1,nan,nan,2,0.12489689314503166,-0.9906337633781135,2,0.26377734080652293,-0.9906337633781135,2.3917722448700527,-1,-2.12799490406353,nan,1,1,0,same_winner,0.0,equal,1,1,0,1
6ed7b0d3fc715d28,3,4,11,1,5,0.0013899219803743534,8,0.0009856917359167827,4,-1.230240422105021,8,0.5592998637577578,0.0009856917359167827,8,1.1025565087510625,0.0009856917359167827,8,1.3007851155042933,0.0009856917359167827,2.3917722448700527,-1,-1.0909871293657594,nan,1,1,1,same_winner,0.0,equal,0,0,0,0
78a96b59eca751e7,3,4,16,1,5,0.0035972677305342593,-1,nan,-1,nan,5,0.030903347527003217,0.0035972677305342593,5,0.3813572333959371,0.0035972677305342593,5,0.42594147346338257,0.0035972677305342593,2.3917722448700527,-1,-1.96583077140667,nan,1,1,1,same_winner,0.0,equal,0,0,0,0
986b52e5fc685833,3,4,17,1,2,7.38240779618593e-08,-1,nan,-1,nan,25,0.15544609976517515,-0.00015336611177785286,25,0.5154544206017286,-0.00015336611177785286,25,1.0194733618779903,-0.00015336611177785286,2.3917722448700527,-1,-1.3722988829920624,nan,1,1,1,same_winner,0.0,equal,0,0,0,0
9f32f8bd95195212,3,4,4,0,-1,0.0,-1,nan,-1,nan,26,0.02880479509865483,-0.0002767197914421558,26,0.4096741169041834,-0.0002767197914421558,26,0.09055643359624788,-0.0002767197914421558,2.3917722448700527,-1,-2.3012158112738046,nan,1,1,1,same_winner,0.0,equal,0,0,0,1
b4c84a922cb957a8,3,4,19,1,19,4.153288900852212e-05,19,4.153288900852212e-05,-1,nan,22,0.08824351729877367,-0.00014493191324800115,22,0.4451016423878262,-0.00014493191324800115,22,0.5534565021816684,-0.00014493191324800115,2.3917722448700527,-1,-1.8383157426883843,nan,1,1,1,same_winner,0.0,equal,0,0,0,0
b8c14f4001735d94,3,4,1,0,-1,0.0,-1,nan,-1,nan,7,0.11875247066047213,-0.002120794901170231,7,0.47301488839922773,-0.002120794901170231,7,0.21232170733202355,-0.002120794901170231,2.3917722448700527,-1,-2.1794505375380293,nan,1,1,1,same_winner,0.0,equal,0,0,0,1
bd29c544e8035592,3,4,2,1,6,0.0006131606055423617,-1,nan,-1,nan,-1,nan,nan,6,0.1979642277717154,0.0006131606055423617,6,0.28117356084736356,0.0006131606055423617,2.3917722448700527,-1,-2.110598684022689,nan,1,1,0,same_winner,0.0,equal,0,0,0,0
c34206b68ee6576f,3,4,11,1,22,0.00010464006736743414,-1,nan,-1,nan,1,0.035650264126464284,-4.7573717791848935e-06,1,0.4126571902626769,-4.7573717791848935e-06,1,0.5278709490568695,-4.7573717791848935e-06,2.3917722448700527,-1,-1.863901295813183,nan,1,1,1,same_winner,0.0,equal,0,0,0,0
efc9ce296b1955e3,3,4,12,1,5,0.0005333156915669633,22,-0.00011442493945360184,-1,nan,25,0.21878492151438508,0.00011972584798932075,25,0.5553691361325809,0.00011972584798932075,25,0.7519264811043556,0.00011972584798932075,2.3917722448700527,-1,-1.6398457637656971,nan,1,1,1,same_winner,0.0,equal,0,0,0,0
0831e7eae1365d56,3,4,5,1,5,0.0007182929085567599,-1,nan,-1,nan,9,0.04540302051902846,-0.00045407741218805257,9,0.43979247856127623,-0.00045407741218805257,9,0.6427557650482507,-0.00045407741218805257,2.3917722448700527,-1,-1.749016479821802,nan,1,1,1,same_winner,0.0,equal,0,0,0,0
174ebef468f65cc9,3,4,15,1,7,0.0004435701898348743,3,-0.000124439314473479,9,-0.0006035279097151847,-1,nan,nan,3,0.3545173859468555,-0.000124439314473479,3,0.5483632459753047,-0.000124439314473479,2.3917722448700527,-1,-1.843408998894748,nan,1,1,0,same_winner,0.0,equal,0,0,0,0
40e3009527ee5be5,3,4,16,1,5,0.00040748283686098397,3,0.00028099160604178053,9,-1.3401190564144017e-05,5,0.03729389807048644,0.00040748283686098397,9,0.4505104883605948,-1.3401190564144017e-05,5,0.6542190876579618,0.00040748283686098397,2.3917722448700527,-1,-1.737553157212091,nan,1,1,1,winner_changed,0.000420884027425128,FBCSR_better,0,0,0,0
4f48d8ce00c3509c,3,4,16,1,6,0.0004191477632149443,3,0.0002534782018512871,9,-9.505941309040367e-05,6,0.03788096763493115,0.0004191477632149443,9,0.4362698556854745,-9.505941309040367e-05,6,0.6659324020804731,0.0004191477632149443,2.3917722448700527,-1,-1.7258398427895796,nan,1,1,1,winner_changed,0.000514207176305348,FBCSR_better,0,0,0,0
5979437fa70f5fd8,3,4,2,0,-1,0.0,-1,nan,-1,nan,9,0.11337853503427592,-0.00016503224619679457,9,0.48152232114174115,-0.00016503224619679457,-1,nan,nan,2.3917722448700527,-1,nan,nan,1,0,1,FDSR_to_abstain,0.00016503224619679457,FBCSR_better,0,0,0,1
87237d7e0ff25ebb,3,4,1,0,-1,0.0,-1,nan,-1,nan,-1,nan,nan,-1,nan,nan,-1,nan,nan,2.3917722448700527,-1,nan,nan,0,0,0,both_abstain,0.0,equal,0,0,0,1
9bcb80a60af853a2,3,4,12,1,20,0.00010748661910175983,12,-0.0004041901597287012,12,-0.0004041901597287012,12,0.26971166588709994,-0.0004041901597287012,12,0.619044374597551,-0.0004041901597287012,12,1.021638811087614,-0.0004041901597287012,2.3917722448700527,-1,-1.3701334337824387,nan,1,1,1,same_winner,0.0,equal,0,0,0,0
a2326fd4694d5191,3,4,2,0,-1,0.0,-1,nan,-1,nan,9,0.09147349523010843,-0.00030376721397029627,9,0.4816144923661885,-0.00030376721397029627,-1,nan,nan,2.3917722448700527,-1,nan,nan,1,0,1,FDSR_to_abstain,0.00030376721397029627,FBCSR_better,0,0,0,1
bc50e785e5cf5d5e,3,4,14,0,-1,0.0,3,-0.0001464746225625646,9,-0.0008699917801191503,3,0.004660517993984925,-0.0001464746225625646,9,0.3776638322341197,-0.0008699917801191503,9,0.455449562208667,-0.0008699917801191503,2.3917722448700527,-1,-1.9363226826613857,nan,1,1,1,same_winner,0.0,equal,0,0,0,1
be3f5af9cebd56a0,3,4,7,1,8,7.009943267322072e-05,8,7.009943267322072e-05,8,7.009943267322072e-05,8,0.25652068172116727,7.009943267322072e-05,8,0.6205654917054866,7.009943267322072e-05,8,0.45118337402679265,7.009943267322072e-05,2.3917722448700527,-1,-1.9405888708432601,nan,1,1,1,same_winner,0.0,equal,0,0,0,0
ccb8e05950fc5fca,3,4,19,1,16,0.000143726453091908,20,9.204592555756008e-05,-1,nan,23,0.10539613598030623,-0.00018302063196906637,23,0.5419865036891507,-0.00018302063196906637,23,1.1801370341088944,-0.00018302063196906637,2.3917722448700527,-1,-1.2116352107611583,nan,1,1,1,same_winner,0.0,equal,0,0,0,0
faf0ce0d2dc95076,3,4,7,1,6,0.0003192756043747069,-1,nan,-1,nan,-1,nan,nan,2,0.1538238188232759,9.233380444347884e-05,2,0.4713431087441475,9.233380444347884e-05,2.3917722448700527,-1,-1.9204291361259052,nan,1,1,0,same_winner,0.0,equal,0,0,0,0
0395a156348a5041,3,4,8,1,21,0.9295008298685774,23,0.9294160898988135,-1,nan,24,0.057866754381134144,-0.00039037971599031884,24,0.46333166623664823,-0.00039037971599031884,24,0.4666638908999393,-0.00039037971599031884,2.3917722448700527,-1,-1.9251083539701135,nan,1,1,1,same_winner,0.0,equal,0,0,0,0
0d99f7ef1331585c,3,4,2,0,-1,0.0,-1,nan,-1,nan,-1,nan,nan,-1,nan,nan,-1,nan,nan,2.3917722448700527,-1,nan,nan,0,0,0,both_abstain,0.0,equal,0,0,0,1
1a775b7a88eb5558,3,4,12,1,23,1.1714613341984483,-1,nan,-1,nan,21,0.04386835823069581,0.0,23,0.39909852456198697,1.1714613341984483,23,0.7938563502923689,1.1714613341984483,2.3917722448700527,-1,-1.597915894577684,nan,1,1,1,same_winner,0.0,equal,0,0,0,0
2777ce9cfe665ad6,3,4,19,1,16,7.418235461464917e-06,17,4.237377364102457e-06,20,-0.0003108637665398817,20,0.7017357375583403,-0.0003108637665398817,20,0.9750262531522231,-0.0003108637665398817,20,1.6120196034157042,-0.0003108637665398817,2.3917722448700527,-1,-0.7797526414543485,nan,1,1,1,same_winner,0.0,equal,0,0,0,0
4db8527b43a95f0d,3,4,17,0,-1,0.0,-1,nan,-1,nan,11,0.09475520421992928,-0.00032001790143532105,11,0.46944597030665064,-0.00032001790143532105,11,1.7207453868554896,-0.00032001790143532105,2.3917722448700527,-1,-0.6710268580145631,nan,1,1,1,same_winner,0.0,equal,0,0,0,1
5d00c83bfb0c508d,3,4,12,1,7,0.00039172454386643407,-1,nan,-1,nan,-1,nan,nan,9,0.3281850690754523,-0.009632244865464046,9,0.24469908539796903,-0.009632244865464046,2.3917722448700527,-1,-2.1470731594720838,nan,1,1,0,same_winner,0.0,equal,0,0,0,0
5f60684cc6045646,3,4,17,1,13,0.9892794434988871,2,-0.9895701892308891,2,-0.9895701892308891,2,0.029946972912350156,-0.9895701892308891,2,0.40746974570297545,-0.9895701892308891,4,0.7857990278343469,-0.010573395408689956,2.3917722448700527,-1,-1.605973217035706,nan,1,1,1,winner_changed,0.9789967938221992,FBCSR_better,1,0,1,0
633d93f8f6bc51b5,3,4,5,0,-1,0.0,-1,nan,-1,nan,-1,nan,nan,-1,nan,nan,-1,nan,nan,2.3917722448700527,-1,nan,nan,0,0,0,both_abstain,0.0,equal,0,0,0,1
6f319806306450c0,3,4,17,0,-1,0.0,-1,nan,-1,nan,9,0.14362139951022668,-0.00012574573676671363,9,0.5053697471164285,-0.00012574573676671363,9,0.62077699073278,-0.00012574573676671363,2.3917722448700527,-1,-1.7709952541372727,nan,1,1,1,same_winner,0.0,equal,0,0,0,1
74bb5ba3f6a75df3,3,4,8,1,7,0.00023353196401149036,-1,nan,-1,nan,-1,nan,nan,2,0.13850976208645138,8.754788249498236e-05,2,0.4638128292145405,8.754788249498236e-05,2.3917722448700527,-1,-1.9279594156555122,nan,1,1,0,same_winner,0.0,equal,0,0,0,0
8515fe3938815bd1,3,4,17,0,-1,0.0,-1,nan,-1,nan,9,0.17638131192860151,-0.00012392938693811528,9,0.5382642340027998,-0.00012392938693811528,9,0.7678851789594954,-0.00012392938693811528,2.3917722448700527,-1,-1.6238870659105573,nan,1,1,1,same_winner,0.0,equal,0,0,0,1
9a807a00fda657be,3,4,4,1,7,8.973823534324772e-05,-1,nan,-1,nan,9,0.1868845466003021,-7.209880230948321e-05,9,0.5463988512000171,-7.209880230948321e-05,9,0.6227520559485313,-7.209880230948321e-05,2.3917722448700527,-1,-1.7690201889215214,nan,1,1,1,same_winner,0.0,equal,0,0,0,0
bb77e9686029538d,3,4,18,1,23,0.9895961226254704,20,-0.9893587527852505,22,0.0002012102944777272,22,0.5400424241763673,0.0002012102944777272,22,0.7858826626410098,0.0002012102944777272,22,1.3357576599569048,0.0002012102944777272,2.3917722448700527,-1,-1.056014584913148,nan,1,1,1,same_winner,0.0,equal,0,0,0,0
d97f7fc3e5a35f1e,3,4,16,1,4,3.1592000998441865,3,2.168968289098216,3,2.168968289098216,-1,nan,nan,3,0.3101918309091056,2.168968289098216,3,1.3367132169691986,2.168968289098216,2.3917722448700527,-1,-1.055059027900854,nan,1,1,0,same_winner,0.0,equal,0,0,0,0
fee89379e3375727,3,4,17,1,22,0.00066948446165771,21,0.0005453348394484081,22,0.00066948446165771,2,0.5196400216842526,0.00025139094404913465,2,0.765731862989047,0.00025139094404913465,2,1.1645529198527071,0.00025139094404913465,2.3917722448700527,-1,-1.2272193250173455,nan,1,1,1,same_winner,0.0,equal,0,0,0,0
0f6992119fc759c4,3,4,4,1,9,0.9896811794601963,-1,nan,-1,nan,9,0.0660328831046773,0.9896811794601963,9,0.4359750068398469,0.9896811794601963,-1,nan,nan,2.3917722448700527,-1,nan,nan,1,0,1,FDSR_to_abstain,-0.9896811794601963,FBCSR_worse,0,0,0,0
147b934bc401590e,3,4,18,1,17,2.966034611816192,1,0.9893352683567442,2,0.9888894938315265,1,0.1563545786358181,0.9893352683567442,0,0.44888934566435285,0.9773025102573447,0,1.1884867654238696,0.9773025102573447,2.3917722448700527,-1,-1.2032854794461831,nan,1,1,1,same_winner,0.0,equal,0,0,0,0
1f19613acc175257,3,4,17,0,-1,0.0,3,-0.00011537165888553247,-1,nan,3,0.20003264523552386,-0.00011537165888553247,9,0.47821050531222464,-0.00023997838315548137,3,1.3873603709092777,-0.00011537165888553247,2.3917722448700527,-1,-1.004411873960775,nan,1,1,1,winner_changed,0.0001246067242699489,FBCSR_better,0,0,0,1
28a9f1a2abfe555c,3,4,4,1,0,0.00011182901499556808,-1,nan,-1,nan,0,0.1565967492322981,0.00011182901499556808,0,0.517112236451048,0.00011182901499556808,-1,nan,nan,2.3917722448700527,-1,nan,nan,1,0,1,FDSR_to_abstain,-0.00011182901499556808,FBCSR_worse,0,0,0,0
59d1bd367a965623,3,4,19,1,9,0.0002097983349114152,9,0.0002097983349114152,11,-0.0005215788427748169,9,0.39568768546755895,0.0002097983349114152,11,0.7054044093735534,-0.0005215788427748169,11,1.1366865185613098,-0.0005215788427748169,2.3917722448700527,-1,-1.255085726308743,nan,1,1,1,same_winner,0.0,equal,0,0,0,0
86abbd3f53575fd5,3,4,17,1,9,1.9791943842181936,-1,nan,-1,nan,9,0.047458457586582056,1.9791943842181936,9,0.4810972450041321,1.9791943842181936,9,0.7149613823346157,1.9791943842181936,2.3917722448700527,-1,-1.676810862535437,nan,1,1,1,same_winner,0.0,equal,0,0,0,0
8ad88f000c1750a0,3,4,17,1,16,3.390093490016066e-05,-1,nan,-1,nan,9,0.08710112497930173,-0.0005808805376524007,9,0.4502852476060726,-0.0005808805376524007,9,0.6762948876876127,-0.0005808805376524007,2.3917722448700527,-1,-1.71547735718244,nan,1,1,1,same_winner,0.0,equal,0,0,0,0
b183aa1eebac52fc,3,4,17,1,10,0.9880476980820997,3,0.0002508426291170096,3,0.0002508426291170096,7,0.13760348041788276,0.0001314637799514351,7,0.49404447708533716,0.0001314637799514351,7,0.8423346866747048,0.0001314637799514351,2.3917722448700527,-1,-1.549437558195348,nan,1,1,1,same_winner,0.0,equal,0,0,0,0
e06dab45945a571c,3,4,17,1,2,7.64092721075027e-05,-1,nan,-1,nan,-1,nan,nan,6,0.18447674515769025,-0.0022225295761599817,6,0.354861301344531,-0.0022225295761599817,2.3917722448700527,-1,-2.0369109435255215,nan,1,1,0,same_winner,0.0,equal,0,0,0,0
15c64c983b935d86,3,4,5,1,18,3.876216802742305e-06,-1,nan,-1,nan,-1,nan,nan,19,0.3191509975537823,0.0,19,0.24812067222062972,0.0,2.3917722448700527,-1,-2.143651572649423,nan,1,1,0,same_winner,0.0,equal,0,0,0,0
1fad9f3e334d5e4e,3,4,16,0,-1,0.0,3,-5.923158902421122e-05,-1,nan,3,0.08419447030834964,-5.923158902421122e-05,9,0.4329162190913955,-0.0006161437357365962,9,0.5715247357764558,-0.0006161437357365962,2.3917722448700527,-1,-1.8202475090935968,nan,1,1,1,same_winner,0.0,equal,0,0,0,1
2d79aaf4c8d6582e,3,4,9,1,19,5.014393329627609e-05,-1,nan,-1,nan,21,0.03935586576939036,0.0,21,0.38766519807637884,0.0,21,0.4216494923638825,0.0,2.3917722448700527,-1,-1.9701227525061702,nan,1,1,1,same_winner,0.0,equal,0,0,0,0
3d5f4f15e1f053cd,3,4,4,1,20,4.116950305177447e-05,-1,nan,-1,nan,-1,nan,nan,21,0.33464313904481413,0.0,21,0.1774628217772583,0.0,2.3917722448700527,-1,-2.214309423092794,nan,1,1,0,same_winner,0.0,equal,0,0,0,0
4f547ba1d6e953b1,3,4,17,0,-1,0.0,3,-4.7124452050795185e-05,-1,nan,3,0.0965188241437179,-4.7124452050795185e-05,9,0.4254948883433989,-0.0005120960686815224,9,0.5776969376129949,-0.0005120960686815224,2.3917722448700527,-1,-1.814075307257058,nan,1,1,1,same_winner,0.0,equal,0,0,0,1
57a59636cde25b02,3,4,10,1,1,1.595824138446554,-1,nan,-1,nan,2,0.3003703531729843,1.5957976206366964,2,0.6289315033711224,1.5957976206366964,2,0.9757314224547339,1.5957976206366964,2.3917722448700527,-1,-1.4160408224153187,nan,1,1,1,same_winner,0.0,equal,0,0,0,0
77d52cd328e05b79,3,4,6,0,-1,0.0,-1,nan,-1,nan,12,0.20257150404129542,-0.0012133296082392775,12,0.5725656419767328,-0.0012133296082392775,12,1.4053924050292834,-0.0012133296082392775,2.3917722448700527,-1,-0.9863798398407693,nan,1,1,1,same_winner,0.0,equal,0,0,0,1
7c467941fb3d5524,3,4,11,1,11,0.9896938708588481,-1,nan,-1,nan,19,0.020514226077126288,0.0,19,0.36933764924292906,0.0,19,0.5907327827847143,0.0,2.3917722448700527,-1,-1.8010394620853383,nan,1,1,1,same_winner,0.0,equal,0,0,0,0
855d4a2e69115db2,3,4,1,0,-1,0.0,-1,nan,-1,nan,-1,nan,nan,-1,nan,nan,-1,nan,nan,2.3917722448700527,-1,nan,nan,0,0,0,both_abstain,0.0,equal,0,0,0,1
949849ded44f514f,3,4,5,1,4,0.2659473034226021,-1,nan,-1,nan,-1,nan,nan,15,0.11254904401540704,-0.00018738605901580385,-1,nan,nan,2.3917722448700527,-1,nan,nan,1,0,0,FDSR_to_abstain,0.00018738605901580385,FBCSR_better,0,0,0,0
a74ab03d0fb05d72,3,4,12,0,-1,0.0,2,-0.00027042720587924785,-1,nan,-1,nan,nan,9,0.290552604192746,-0.00033668339764700295,9,0.134098808057022,-0.00033668339764700295,2.3917722448700527,-1,-2.2576734368130307,nan,1,1,0,same_winner,0.0,equal,0,0,0,1
c0815ea46b825526,3,4,12,0,-1,0.0,3,-0.0004932486692443422,-1,nan,-1,nan,nan,9,0.296935303265712,-0.0003974542732350511,9,0.12408077296993403,-0.0003974542732350511,2.3917722448700527,-1,-2.2676914719001187,nan,1,1,0,same_winner,0.0,equal,0,0,0,1
cfdc02dc40405e6f,3,4,2,1,9,2.019834518898582,9,2.019834518898582,-1,nan,9,0.33493565574404344,2.019834518898582,9,0.6668249050408823,2.019834518898582,9,0.7913653853883911,2.019834518898582,2.3917722448700527,-1,-1.6004068594816616,nan,1,1,1,same_winner,0.0,equal,0,0,0,0
de3c0c52e7815332,3,4,1,1,22,3.1496425274491777,22,3.1496425274491777,22,3.1496425274491777,22,0.802083150890449,3.1496425274491777,22,0.5612635665990281,3.1496425274491777,22,0.35818626676042853,3.1496425274491777,2.3917722448700527,-1,-2.033585978109624,nan,1,1,1,same_winner,0.0,equal,0,0,0,0
f26eb5a6f93c50b4,3,4,16,1,16,0.002665002655237913,16,0.002665002655237913,-1,nan,17,0.21738216093326218,0.0022419899821281434,17,0.5328910951149529,0.0022419899821281434,17,0.37855585486342525,0.0022419899821281434,2.3917722448700527,-1,-2.0132163900066273,nan,1,1,1,same_winner,0.0,equal,0,0,0,0
f28c5026aff854cb,3,4,26,1,22,0.92972289563152,22,0.92972289563152,-1,nan,22,0.16526659891262485,0.92972289563152,22,0.39441509566090127,0.92972289563152,22,1.3144098014008199,0.92972289563152,2.3917722448700527,-1,-1.0773624434692328,nan,1,1,1,same_winner,0.0,equal,0,0,0,0
faf93d61f8bd5238,3,4,18,0,-1,0.0,6,-0.9312953477424568,-1,nan,24,0.0687673816029543,-9.455366143940047e-05,24,0.4212133009391258,-9.455366143940047e-05,24,0.44208179456159874,-9.455366143940047e-05,2.3917722448700527,-1,-1.949690450308454,nan,1,1,1,same_winner,0.0,equal,0,0,0,1
073ef4e9c6185fdd,3,4,2,1,0,2.073130437165499,-1,nan,-1,nan,-1,nan,nan,-1,nan,nan,-1,nan,nan,2.3917722448700527,-1,nan,nan,0,0,0,both_abstain,0.0,equal,0,0,0,0
09884abf58435aaa,3,4,17,1,15,0.0003462393125523988,-1,nan,-1,nan,9,0.06621855061983017,-0.000667075268552253,9,0.43398908660393504,-0.000667075268552253,9,0.5586981095431498,-0.000667075268552253,2.3917722448700527,-1,-1.8330741353269029,nan,1,1,1,same_winner,0.0,equal,0,0,0,0
10e0d0cf52855491,3,4,9,1,11,9.073558077221655e-06,15,-4.381986407098193e-05,-1,nan,20,0.4207007276874806,-4.381986407098193e-05,20,0.7340599249157893,-4.381986407098193e-05,20,1.0603289576065003,-4.381986407098193e-05,2.3917722448700527,-1,-1.3314432872635524,nan,1,1,1,same_winner,0.0,equal,0,0,0,0
1fc485893db05d58,3,4,4,0,-1,0.0,-1,nan,-1,nan,-1,nan,nan,16,0.312049292390638,-2.003420515978016e-05,16,0.012663378530090641,-2.003420515978016e-05,2.3917722448700527,-1,-2.379108866339962,nan,1,1,0,same_winner,0.0,equal,0,0,0,1
21870d2397795423,3,4,24,0,-1,0.0,-1,nan,-1,nan,20,0.10690965505378147,0.0,20,0.4486048901737891,0.0,20,1.849165084022176,0.0,2.3917722448700527,-1,-0.5426071608478766,nan,1,1,1,same_winner,0.0,equal,0,0,0,1
538923756bab555f,3,4,17,1,14,0.0011146358903992848,-1,nan,9,0.0007085304721989871,9,0.03289517155359173,0.0007085304721989871,9,0.4331074821395407,0.0007085304721989871,9,1.3097589001263956,0.0007085304721989871,2.3917722448700527,-1,-1.082013344743657,nan,1,1,1,same_winner,0.0,equal,0,0,0,0
5a67404157535f5b,3,4,1,0,-1,0.0,-1,nan,-1,nan,-1,nan,nan,-1,nan,nan,-1,nan,nan,2.3917722448700527,-1,nan,nan,0,0,0,both_abstain,0.0,equal,0,0,0,1
7476e5ad4711587f,3,4,9,0,-1,0.0,-1,nan,-1,nan,3,0.06998995578033093,-9.649557229707284e-05,3,0.48174045537658733,-9.649557229707284e-05,3,0.1949957819185627,-9.649557229707284e-05,2.3917722448700527,-1,-2.19677646295149,nan,1,1,1,same_winner,0.0,equal,0,0,0,1
7fb1a51c02db514e,3,4,18,1,1,0.002515691864109826,1,0.002515691864109826,2,0.0019262016876950838,-1,nan,nan,8,0.41742011204880797,0.0023003055414161366,8,0.18594177429979467,0.0023003055414161366,2.3917722448700527,-1,-2.205830470570258,nan,1,1,0,same_winner,0.0,equal,0,0,0,0
82bcaf16eea459db,3,4,24,1,26,9.736061096191355e-06,25,2.9770851135254217e-06,-1,nan,1,0.06160663968103894,-0.00011574440002441407,1,0.2791704579971347,-0.00011574440002441407,1,1.329182624927202,-0.00011574440002441407,2.3917722448700527,-1,-1.0625896199428506,nan,1,1,1,same_winner,0.0,equal,0,0,0,0
899c5ed91b8c5beb,3,4,17,1,2,6.875734327671523e-06,-1,nan,-1,nan,-1,nan,nan,9,0.37756272400986507,-0.0002436461024863945,9,0.6159789533851701,-0.0002436461024863945,2.3917722448700527,-1,-1.7757932914848826,nan,1,1,0,same_winner,0.0,equal,0,0,0,0
9857fe6079dc5b65,3,4,16,1,9,0.0003742047014063665,-1,nan,-1,nan,9,0.1521741271094596,0.0003742047014063665,18,0.5545590453561178,0.0003724348187794657,9,2.1408103051054024,0.0003742047014063665,2.3917722448700527,-1,-0.2509619397646503,nan,1,1,1,winner_changed,1.7698826269008094e-06,FBCSR_better,0,0,0,0
9c0c9727fc975d7a,3,4,4,1,0,2.0204962633671615,-1,nan,-1,nan,-1,nan,nan,7,0.23465847170148213,-0.28931647521935533,-1,nan,nan,2.3917722448700527,-1,nan,nan,1,0,0,FDSR_to_abstain,0.28931647521935533,FBCSR_better,0,0,0,0
a0cbabab4b2c5345,3,4,17,1,17,9.654006017370542e-05,3,9.026980632914627e-05,-1,nan,-1,nan,nan,6,0.15059717087233843,-0.0017012920792214559,6,0.2664570951309268,-0.0017012920792214559,2.3917722448700527,-1,-2.125315149739126,nan,1,1,0,same_winner,0.0,equal,0,0,0,0
a370a9747c5e599b,3,4,8,1,9,8.288145065307614e-05,-1,nan,-1,nan,1,0.11250661999352035,-1.0564851760864276e-05,1,0.4570672834682732,-1.0564851760864276e-05,1,0.7336766962169543,-1.0564851760864276e-05,2.3917722448700527,-1,-1.6580955486530984,nan,1,1,1,same_winner,0.0,equal,0,0,0,0
b0b57e6ca331564e,3,4,12,1,0,0.012413231590160279,27,-1.2202273336008251,-1,nan,24,0.022096248823083947,0.0,27,0.44066187359189934,-1.2202273336008251,23,0.5909366475686899,3.166528683251624e-05,2.3917722448700527,-1,-1.8008355973013628,nan,1,1,1,winner_changed,1.2202589988876578,FBCSR_better,1,0,0,0
b66edb8535dd5ec1,3,4,11,1,14,3.612233428285094e-05,11,-0.00024853048287321045,11,-0.00024853048287321045,11,0.09660420711036355,-0.00024853048287321045,11,0.46502564161416116,-0.00024853048287321045,11,0.6011982811502143,-0.00024853048287321045,2.3917722448700527,-1,-1.7905739637198383,nan,1,1,1,same_winner,0.0,equal,0,0,0,0
bef88a7c044b5ebe,3,4,29,1,17,0.0009320814080533424,18,0.0008987352035938478,18,0.0008987352035938478,18,0.5154772621046892,0.0008987352035938478,18,0.7143987483112405,0.0008987352035938478,18,2.1319530943984364,0.0008987352035938478,2.3917722448700527,-1,-0.2598191504716163,nan,1,1,1,same_winner,0.0,equal,0,0,0,0
ce41992a83845d8a,3,4,20,1,11,7.706690630875524e-05,-1,nan,-1,nan,-1,nan,nan,18,0.2080160200927646,0.0,18,0.7938347143274234,0.0,2.3917722448700527,-1,-1.5979375305426293,nan,1,1,0,same_winner,0.0,equal,0,0,0,0
e2022a0506df54c7,3,4,11,1,13,5.933594703677603e-05,5,6.829206645520003e-06,-1,nan,15,0.30325679803918204,0.0,15,0.5090082930926199,0.0,-1,nan,nan,2.3917722448700527,-1,nan,nan,1,0,1,FDSR_to_abstain,0.0,equal,0,0,0,0
f88a28f7b54555ea,3,4,30,1,17,0.0007811589144171016,18,0.0006765377013073781,-1,nan,18,0.18184184761159414,0.0006765377013073781,18,0.36750480021863385,0.0006765377013073781,18,2.143266389380036,0.0006765377013073781,2.3917722448700527,-1,-0.2485058554900168,nan,1,1,1,same_winner,0.0,equal,0,0,0,0
034da27cd2f75292,3,4,1,0,-1,0.0,5,-0.004144081055757143,-1,nan,5,0.30464061493402605,-0.004144081055757143,5,0.6262990175162743,-0.004144081055757143,5,0.5235377493470418,-0.004144081055757143,2.3917722448700527,-1,-1.8682344955230108,nan,1,1,1,same_winner,0.0,equal,0,0,0,1
1088d47284565808,3,4,5,0,-1,0.0,3,-2.019699954885617,-1,nan,-1,nan,nan,6,0.2717642042696708,-2.0189832586631473,-1,nan,nan,2.3917722448700527,-1,nan,nan,1,0,0,FDSR_to_abstain,2.0189832586631473,FBCSR_better,1,0,0,1
1a20ae9ff1e05d25,3,4,16,1,21,3.448380082845702e-05,-1,nan,-1,nan,25,0.07274087088546002,-0.00017978684080298987,25,0.49398067630642944,-0.00017978684080298987,25,0.8137868463853815,-0.00017978684080298987,2.3917722448700527,-1,-1.5779853984846712,nan,1,1,1,same_winner,0.0,equal,0,0,0,0
3f51b8b92c3b52cf,3,4,18,1,3,0.0006579378034921035,3,0.0006579378034921035,2,0.00031901608065232345,9,0.37391096922030465,0.0003213510554285204,9,0.6577007842190592,0.0003213510554285204,9,0.9856485290249969,0.0003213510554285204,2.3917722448700527,-1,-1.4061237158450557,nan,1,1,1,same_winner,0.0,equal,0,0,0,0
452d348a65ac59f3,3,4,11,1,3,0.989846841174364,0,0.9886319797948002,-1,nan,-1,nan,nan,3,0.11003628577125896,0.989846841174364,-1,nan,nan,2.3917722448700527,-1,nan,nan,1,0,0,FDSR_to_abstain,-0.989846841174364,FBCSR_worse,0,0,0,0
4a35d5b02394561e,3,4,17,1,6,0.0006356920116776799,-1,nan,-1,nan,-1,nan,nan,2,0.1391891008781544,0.00019508794397138374,2,0.4184754203295631,0.00019508794397138374,2.3917722448700527,-1,-1.9732968245404896,nan,1,1,0,same_winner,0.0,equal,0,0,0,0
4a90f1c8ef895e13,3,4,12,1,22,0.00010064186420640896,22,0.00010064186420640896,-1,nan,2,0.15303088566513948,-0.00028515581056126355,2,0.5270864435423477,-0.00028515581056126355,2,0.5115481674795409,-0.00028515581056126355,2.3917722448700527,-1,-1.880224077390512,nan,1,1,1,same_winner,0.0,equal,0,0,0,0
4cf854e9eadf5084,3,4,2,1,9,0.7863279895533342,-1,nan,-1,nan,-1,nan,nan,-1,nan,nan,-1,nan,nan,2.3917722448700527,-1,nan,nan,0,0,0,both_abstain,0.0,equal,0,0,0,0
54059bb6b643525f,3,4,11,1,7,0.00015321405371651088,7,0.00015321405371651088,-1,nan,24,0.011126935583375491,-0.0005095285788178439,25,0.4286501737358135,-0.0005095285788178439,25,0.2979855330628923,-0.0005095285788178439,2.3917722448700527,-1,-2.0937867118071605,nan,1,1,1,same_winner,0.0,equal,0,0,0,0
588dbd820a135056,3,4,6,1,3,0.0005023064074397565,-1,nan,-1,nan,3,0.16634610202953165,0.0005023064074397565,3,0.5259494379049792,0.0005023064074397565,3,0.6757432053614442,0.0005023064074397565,2.3917722448700527,-1,-1.7160290395086086,nan,1,1,1,same_winner,0.0,equal,0,0,0,0
5a0bd184100f54d5,3,4,3,1,5,0.0003292649709852411,-1,nan,-1,nan,-1,nan,nan,10,0.08840898266874353,-0.0004651572491624393,-1,nan,nan,2.3917722448700527,-1,nan,nan,1,0,0,FDSR_to_abstain,0.0004651572491624393,FBCSR_better,0,0,0,0
8eb1c196434e51ec,3,4,10,1,11,0.0003894370868802177,0,0.00031169277280573837,-1,nan,-1,nan,nan,-1,nan,nan,-1,nan,nan,2.3917722448700527,-1,nan,nan,0,0,0,both_abstain,0.0,equal,0,0,0,0
95e1e30a438d52cd,3,4,6,1,5,0.0006178430732339622,-1,nan,-1,nan,-1,nan,nan,9,0.35839102751454044,-0.0002119967813603578,9,0.5689588742247829,-0.0002119967813603578,2.3917722448700527,-1,-1.8228133706452698,nan,1,1,0,same_winner,0.0,equal,0,0,0,0
9c5700ab41865a07,3,4,12,1,8,0.00010963810160756092,-1,nan,-1,nan,1,0.16348093053266446,-0.00012508269399404527,1,0.49086400005586295,-0.00012508269399404527,21,0.4151323444670123,-0.00012163874655961998,2.3917722448700527,-1,-1.9766399004030404,nan,1,1,1,winner_changed,3.4439474344252936e-06,FBCSR_better,0,0,0,0
aa05025b9a815254,3,4,9,1,4,0.0005679307110608711,-1,nan,-1,nan,-1,nan,nan,2,0.2199687433145574,0.00035398563286292983,2,0.6690050863476836,0.00035398563286292983,2.3917722448700527,-1,-1.7227671585223692,nan,1,1,0,same_winner,0.0,equal,0,0,0,0
ac768eabfa5c5725,3,4,12,0,-1,0.0,3,-0.00040716752316802274,-1,nan,9,0.24002907424053202,-9.121100050396569e-05,9,0.5983179579431064,-9.121100050396569e-05,9,0.44419861559239293,-9.121100050396569e-05,2.3917722448700527,-1,-1.9475736292776598,nan,1,1,1,same_winner,0.0,equal,0,0,0,1
ad963f2915a657a4,3,4,18,1,2,0.0006229478939960842,3,0.000392582243803119,9,0.0004896600965409448,9,0.34079986944338514,0.0004896600965409448,9,0.6541505346562346,0.0004896600965409448,9,0.96324158977923,0.0004896600965409448,2.3917722448700527,-1,-1.4285306550908228,nan,1,1,1,same_winner,0.0,equal,0,0,0,0
ae1909ec83115e90,3,4,2,1,2,1.759520295463446e-05,2,1.759520295463446e-05,-1,nan,9,0.16507343533014832,-0.00036002913136767845,9,0.5214418705519692,-0.00036002913136767845,-1,nan,nan,2.3917722448700527,-1,nan,nan,1,0,1,FDSR_to_abstain,0.00036002913136767845,FBCSR_better,0,0,0,0
be7fe135f5665966,3,4,7,1,8,1.2232441238196567,-1,nan,-1,nan,0,0.16933579442372773,0.006254254332557302,0,0.5955727075867131,0.006254254332557302,0,0.030565029315084938,0.006254254332557302,2.3917722448700527,-1,-2.361207215554968,nan,1,1,1,same_winner,0.0,equal,0,0,0,0
c7bff0705f645b30,3,4,12,1,10,0.0005080161080695672,9,0.00030762157664868117,9,0.00030762157664868117,3,0.3619219615565519,-1.2310663021650163,3,0.6564366345625701,-1.2310663021650163,3,0.5090880149082895,-1.2310663021650163,2.3917722448700527,-1,-1.8826842299617632,nan,1,1,1,same_winner,0.0,equal,1,1,1,0
de432d7c6c6e57a6,3,4,2,0,-1,0.0,2,-1.8366447165645658,-1,nan,-1,nan,nan,2,0.24814996697463404,-1.8366447165645658,-1,nan,nan,2.3917722448700527,-1,nan,nan,1,0,0,FDSR_to_abstain,1.8366447165645658,FBCSR_better,1,0,0,1
e8b724310f7054d0,3,4,17,1,2,0.00031600968298040044,-1,nan,-1,nan,-1,nan,nan,2,0.18316450303216375,0.00031600968298040044,2,0.3053372035836018,0.00031600968298040044,2.3917722448700527,-1,-2.086435041286451,nan,1,1,0,same_winner,0.0,equal,0,0,0,0
ed9b2d124d9d5f5d,3,4,16,1,3,0.00026890349071473363,2,-7.093745488673253e-05,-1,nan,-1,nan,nan,3,0.14658683520801352,0.00026890349071473363,-1,nan,nan,2.3917722448700527,-1,nan,nan,1,0,0,FDSR_to_abstain,-0.00026890349071473363,FBCSR_worse,0,0,0,0
ee0f338b4ebe5cb4,3,4,6,1,5,0.0014881287833362882,-1,nan,-1,nan,-1,nan,nan,9,0.16376708329877554,-0.0009401270854129959,9,0.49890313210655546,-0.0009401270854129959,2.3917722448700527,-1,-1.8928691127634973,nan,1,1,0,same_winner,0.0,equal,0,0,0,0
f2a1763371075e21,3,4,14,0,-1,0.0,9,-0.0008465605694102096,-1,nan,-1,nan,nan,3,0.2900885869860433,-0.0003474631913006343,3,0.191976417522758,-0.0003474631913006343,2.3917722448700527,-1,-2.1997958273472946,nan,1,1,0,same_winner,0.0,equal,0,0,0,1
fe394302690d5074,3,4,16,1,7,0.0001475630575793474,-1,nan,-1,nan,-1,nan,nan,9,0.3656225883614821,-0.0006071518117560792,9,0.5451559414555488,-0.0006071518117560792,2.3917722448700527,-1,-1.8466163034145038,nan,1,1,0,same_winner,0.0,equal,0,0,0,0
3acad4250aca5326,3,4,12,1,20,0.0014307918466620606,18,0.001425225824862153,-1,nan,23,0.10649439236184433,0.0010598421217871135,23,0.4332021990666539,0.0010598421217871135,23,0.272028878209477,0.0010598421217871135,2.3917722448700527,-1,-2.119743366660576,nan,1,1,1,same_winner,0.0,equal,0,0,0,0
418e74ddfb5f5ca0,3,4,12,0,-1,0.0,-1,nan,-1,nan,5,0.01908249575621545,-0.002778525312245428,5,0.37349477606213155,-0.002778525312245428,5,1.1802381482114184,-0.002778525312245428,2.3917722448700527,-1,-1.2115340966586343,nan,1,1,1,same_winner,0.0,equal,0,0,0,1
43f8bc12d54d5cef,3,4,2,1,0,2.1141672455086375,-1,nan,-1,nan,-1,nan,nan,-1,nan,nan,-1,nan,nan,2.3917722448700527,-1,nan,nan,0,0,0,both_abstain,0.0,equal,0,0,0,0
479da12f5f165e29,3,4,17,1,4,0.9918848958069224,1,-0.9303860208285274,-1,nan,-1,nan,nan,5,0.33241432648878605,-0.9270541454714956,5,0.5192824218897274,-0.9270541454714956,2.3917722448700527,-1,-1.8724898229803253,nan,1,1,0,same_winner,0.0,equal,1,1,0,0
4d6b64ad777d51e8,3,4,8,1,2,2.8933771328593094e-05,-1,nan,-1,nan,9,0.13382230526485772,-0.00035497374311091456,9,0.49430661463602266,-0.00035497374311091456,9,0.05939166336381253,-0.00035497374311091456,2.3917722448700527,-1,-2.33238058150624,nan,1,1,1,same_winner,0.0,equal,0,0,0,0
5c0a063437415679,3,4,6,1,7,0.001451561241596937,-1,nan,-1,nan,-1,nan,nan,7,0.0636593888503878,0.001451561241596937,3,0.13814805009152198,0.0004905331067740918,2.3917722448700527,-1,-2.2536241947785305,nan,1,1,0,winner_changed,-0.0009610281348228452,FBCSR_worse,0,0,0,0
7defa49de9415496,3,4,5,1,7,0.0003353891239232325,-1,nan,-1,nan,9,0.04613237535353383,-0.000493478185098047,9,0.43492768990350017,-0.000493478185098047,9,0.7130662367100895,-0.000493478185098047,2.3917722448700527,-1,-1.6787060081599632,nan,1,1,1,same_winner,0.0,equal,0,0,0,0
a849c65f124e5af0,3,4,21,1,9,0.0001067480594851844,-1,nan,-1,nan,-1,nan,nan,8,0.23807519455094583,6.033919423664713e-05,1,3.4357811332027546,6.033919423664713e-05,2.3917722448700527,1,1.044008888332702,6.033919423664713e-05,1,1,0,winner_changed,0.0,equal,0,0,0,0
baef81dee84a5ff1,3,4,7,0,-1,0.0,-1,nan,-1,nan,9,0.0800382702471463,-0.000703174917571589,9,0.4752894945571504,-0.000703174917571589,-1,nan,nan,2.3917722448700527,-1,nan,nan,1,0,1,FDSR_to_abstain,0.000703174917571589,FBCSR_better,0,0,0,1
bce79a86a0b75d48,3,4,3,0,-1,0.0,-1,nan,-1,nan,20,0.21108312002131954,-0.9901073702458292,20,0.5806727126859161,-0.9901073702458292,20,0.41586053115184884,-0.9901073702458292,2.3917722448700527,-1,-1.9759117137182038,nan,1,1,1,same_winner,0.0,equal,1,1,1,1
d1faaed55b75587c,3,4,2,0,-1,0.0,1,-0.0004749490339777118,-1,nan,-1,nan,nan,1,0.23645630074410534,-0.0004749490339777118,-1,nan,nan,2.3917722448700527,-1,nan,nan,1,0,0,FDSR_to_abstain,0.0004749490339777118,FBCSR_better,0,0,0,1
faf6056c372e54f2,3,4,8,1,2,1.246183863767609,-1,nan,-1,nan,2,0.17942306928750834,1.246183863767609,2,0.5315852137199698,1.246183863767609,2,0.652684257375691,1.246183863767609,2.3917722448700527,-1,-1.7390879874943617,nan,1,1,1,same_winner,0.0,equal,0,0,0,0
fb0869a379e05f37,3,4,14,1,17,5.678009688854209e-05,-1,nan,-1,nan,21,0.0944327000451346,-0.000500684989988804,21,0.4326864665616425,-0.000500684989988804,21,0.0735989499930936,-0.000500684989988804,2.3917722448700527,-1,-2.318173294876959,nan,1,1,1,same_winner,0.0,equal,0,0,0,0
054033a129155c88,3,4,9,1,4,4.006057417599553,-1,nan,-1,nan,1,0.1640087550507574,3.994131535741196,1,0.5268594640157499,3.994131535741196,1,0.08370617259870233,3.994131535741196,2.3917722448700527,-1,-2.3080660722713504,nan,1,1,1,same_winner,0.0,equal,0,0,0,0
188773ba51c15df2,3,4,15,1,8,0.0016352059495940985,3,0.000739734908030254,2,0.00021449111085392047,3,0.6043913756965275,0.000739734908030254,3,0.8068430400241084,0.000739734908030254,3,1.748489390355924,0.000739734908030254,2.3917722448700527,-1,-0.6432828545141287,nan,1,1,1,same_winner,0.0,equal,0,0,0,0
2796d5f962875a20,3,4,14,1,3,4.3732888624054e-05,3,4.3732888624054e-05,2,-0.00020220856592059744,9,0.11715548640348261,1.657555662096244e-05,9,0.4475812341296933,1.657555662096244e-05,9,0.30653522892883733,1.657555662096244e-05,2.3917722448700527,-1,-2.0852370159412152,nan,1,1,1,same_winner,0.0,equal,0,0,0,0
2840205769d65c01,3,4,1,0,-1,0.0,-1,nan,-1,nan,-1,nan,nan,-1,nan,nan,-1,nan,nan,2.3917722448700527,-1,nan,nan,0,0,0,both_abstain,0.0,equal,0,0,0,1
2e5568e60278518f,3,4,16,1,14,2.981373401109595,2,0.26603300201445823,-1,nan,-1,nan,nan,0,0.14216979630404292,0.26747487500151623,0,0.303439544713889,0.26747487500151623,2.3917722448700527,-1,-2.0883327001561636,nan,1,1,0,same_winner,0.0,equal,0,0,0,0
3d35dcf889f65305,3,4,14,1,0,0.002026151196868159,-1,nan,-1,nan,-1,nan,nan,0,0.24413897342861585,0.002026151196868159,0,0.6270144608584797,0.002026151196868159,2.3917722448700527,-1,-1.764757784011573,nan,1,1,0,same_winner,0.0,equal,0,0,0,0
3effd9932b505526,3,4,4,1,6,0.0008799872014671565,-1,nan,-1,nan,9,0.016867235875538455,-0.0005002665493637323,9,0.38530378428362577,-0.0005002665493637323,9,0.5376846815723972,-0.0005002665493637323,2.3917722448700527,-1,-1.8540875632976554,nan,1,1,1,same_winner,0.0,equal,0,0,0,0
4f1e4809df7255cd,3,4,3,1,2,2.07385441754011e-05,-1,nan,-1,nan,9,0.11596109120638542,-0.0004685123638249935,9,0.47391904639436344,-0.0004685123638249935,9,0.31602622529435065,-0.0004685123638249935,2.3917722448700527,-1,-2.075746019575702,nan,1,1,1,same_winner,0.0,equal,0,0,0,0
5db6ae467e8f530f,3,4,1,0,-1,0.0,-1,nan,-1,nan,-1,nan,nan,-1,nan,nan,-1,nan,nan,2.3917722448700527,-1,nan,nan,0,0,0,both_abstain,0.0,equal,0,0,0,1
5e6ab34948a9514f,3,4,15,1,0,0.0035852426122873204,2,0.002017144269123694,0,0.0035852426122873204,2,0.4339535235807815,0.002017144269123694,0,0.7321236571754143,0.0035852426122873204,2,0.8965857751324408,0.002017144269123694,2.3917722448700527,-1,-1.4951864697376118,nan,1,1,1,winner_changed,-0.0015680983431636264,FBCSR_worse,0,0,0,0
6004adf688695a08,3,4,17,0,-1,0.0,3,-0.000410470519215167,2,-0.00045863705538184973,9,0.2851985341042844,-0.00019609272740783723,9,0.5960491791260296,-0.00019609272740783723,9,1.1321634628206507,-0.00019609272740783723,2.3917722448700527,-1,-1.259608782049402,nan,1,1,1,same_winner,0.0,equal,0,0,0,1
637d23f7438f50f6,3,4,17,1,9,0.00035218214355414723,-1,nan,-1,nan,9,0.14363493550694809,0.00035218214355414723,9,0.5070807710568971,0.00035218214355414723,9,0.6969033138308418,0.00035218214355414723,2.3917722448700527,-1,-1.6948689310392109,nan,1,1,1,same_winner,0.0,equal,0,0,0,0
6a35a43b5e295b97,3,4,16,1,3,9.041018076239027e-05,3,9.041018076239027e-05,3,9.041018076239027e-05,3,0.09001976382502824,9.041018076239027e-05,3,0.45273282122483743,9.041018076239027e-05,6,0.6738120416185341,-0.0018834220942109958,2.3917722448700527,-1,-1.7179602032515184,nan,1,1,1,winner_changed,-0.001973832274973386,FBCSR_worse,0,0,0,0
2a89f35c7f5e55de,4,0,15,1,9,4.260810092091569e-05,3,-6.618811858352279e-05,-1,nan,3,0.128003345304495,-6.618811858352279e-05,10,0.5000081689165201,-0.00021164536774158469,10,0.9339760242151747,-0.00021164536774158469,2.047834242390592,-1,-1.1138582181754173,nan,1,1,1,same_winner,0.0,equal,0,0,0,0
35695122c3535595,4,0,12,0,-1,0.0,17,-0.0011059949578717254,-1,nan,-1,nan,nan,17,0.2747302833338826,-0.0011059949578717254,17,0.32003507759953864,-0.0011059949578717254,2.047834242390592,-1,-1.7277991647910533,nan,1,1,0,same_winner,0.0,equal,0,0,0,1
5d0c2052e0a35e3f,4,0,17,1,20,0.0022120815036585917,23,0.002148367584822619,23,0.002148367584822619,24,0.39333654800360646,0.0017037782690954018,24,0.6331944618058138,0.0017037782690954018,24,0.5534724605929728,0.0017037782690954018,2.047834242390592,-1,-1.4943617817976191,nan,1,1,1,same_winner,0.0,equal,0,0,0,0
62f95fe3004d54c9,4,0,3,1,3,0.00034877659976473296,-1,nan,-1,nan,26,0.0740367640274621,0.0002856012105940664,3,0.39520535724780914,0.00034877659976473296,-1,nan,nan,2.047834242390592,-1,nan,nan,1,0,1,FDSR_to_abstain,-0.00034877659976473296,FBCSR_worse,0,0,0,0
6a35bb3d0b895433,4,0,24,1,2,0.0034543715589681057,22,0.0033963359457440667,-1,nan,22,0.3630140261194227,0.0033963359457440667,22,0.5930903362780664,0.0033963359457440667,22,1.3182907827857684,0.0033963359457440667,2.047834242390592,-1,-0.7295434596048236,nan,1,1,1,same_winner,0.0,equal,0,0,0,0
761122460ac451ca,4,0,28,1,15,0.002382046714448194,15,0.002382046714448194,-1,nan,17,0.10830056617782644,0.0023181671525582814,17,0.3049710963326622,0.0023181671525582814,17,1.1677532196597777,0.0023181671525582814,2.047834242390592,-1,-0.8800810227308142,nan,1,1,1,same_winner,0.0,equal,0,0,0,0
8a15e547b0d15f42,4,0,5,1,22,0.0003160737425088882,-1,nan,-1,nan,26,0.07001753430146193,-0.0002700675501488149,26,0.3772805783094724,-0.0002700675501488149,-1,nan,nan,2.047834242390592,-1,nan,nan,1,0,1,FDSR_to_abstain,0.0002700675501488149,FBCSR_better,0,0,0,0
9c925a1f1799553e,4,0,2,1,16,0.0001990996306762095,-1,nan,-1,nan,9,0.07159935277549649,-0.9899525742542464,9,0.4364244378003338,-0.9899525742542464,9,0.27109063293376456,-0.9899525742542464,2.047834242390592,-1,-1.7767436094568274,nan,1,1,1,same_winner,0.0,equal,1,1,1,0
b7cc1a0b6eca5a11,4,0,4,1,2,0.0005091481529176239,-1,nan,-1,nan,9,0.15523603162344252,-0.9898243386149406,9,0.4947426031888452,-0.9898243386149406,9,0.496226001864433,-0.9898243386149406,2.047834242390592,-1,-1.5516082405261589,nan,1,1,1,same_winner,0.0,equal,1,1,1,0
0dd2b9715fc65e18,4,0,14,1,1,1.1719600151818246,10,-9.228003919126149e-05,-1,nan,10,0.14221009536783705,-9.228003919126149e-05,10,0.49454738531980097,-9.228003919126149e-05,10,0.5081264908550268,-9.228003919126149e-05,2.047834242390592,-1,-1.5397077515355653,nan,1,1,1,same_winner,0.0,equal,0,0,0,0
6281e79a633155a3,4,0,12,1,1,0.0016695669591839657,-1,nan,-1,nan,24,0.16642656375072692,0.0014172612654294314,25,0.4619740867689619,0.0014172612654294314,25,0.5506486074779142,0.0014172612654294314,2.047834242390592,-1,-1.4971856349126778,nan,1,1,1,same_winner,0.0,equal,0,0,0,0
16549991ac4b53ff,4,0,16,1,4,0.006705930981377506,7,0.0030688398930824867,7,0.0030688398930824867,-1,nan,nan,7,0.6448893511905753,0.0030688398930824867,18,1.4661706662966112,0.001025434497336164,2.047834242390592,-1,-0.5816635760939808,nan,1,1,0,winner_changed,-0.0020434053957463227,FBCSR_worse,0,0,0,0
254e4f21f68554f1,4,0,18,1,18,0.00014344487208873017,-1,nan,-1,nan,21,0.1547909017455164,-0.0001187025191262364,21,0.488878691459501,-0.0001187025191262364,21,0.7956880033027338,-0.0001187025191262364,2.047834242390592,-1,-1.2521462390878582,nan,1,1,1,same_winner,0.0,equal,0,0,0,0
2bdb803d07605094,4,0,6,1,1,0.0004256986551044973,1,0.0004256986551044973,-1,nan,23,0.13880946050030396,-0.00011608423180878161,22,0.490521077625408,-0.00011608423180878161,22,0.17654985644204585,-0.00011608423180878161,2.047834242390592,-1,-1.8712843859485462,nan,1,1,1,same_winner,0.0,equal,0,0,0,0
3d78c0894c67503b,4,0,17,1,15,0.0006724368959665299,16,0.0006688265996053818,-1,nan,19,0.15285940004600523,-6.056209513917443e-06,19,0.48517398529684574,-6.056209513917443e-06,19,1.1746107960346481,-6.056209513917443e-06,2.047834242390592,-1,-0.8732234463559438,nan,1,1,1,same_winner,0.0,equal,0,0,0,0
4d104d17dc625c04,4,0,8,1,0,0.0003866825304923438,1,0.000337903429567632,-1,nan,26,0.19510925533372464,-0.0004376932598653127,26,0.6077866665014731,-0.0004376932598653127,26,0.38149917038887593,-0.0004376932598653127,2.047834242390592,-1,-1.666335072001716,nan,1,1,1,same_winner,0.0,equal,0,0,0,0
70f797bbed2158f6,4,0,17,0,-1,0.0,-1,nan,-1,nan,-1,nan,nan,3,0.20535896773939682,-2.4348268471641177e-05,3,1.5129481787154004,-2.4348268471641177e-05,2.047834242390592,-1,-0.5348860636751915,nan,1,1,0,same_winner,0.0,equal,0,0,0,1
83af8eb803795f59,4,0,16,1,1,0.00024533807598015045,-1,nan,-1,nan,-1,nan,nan,7,0.2512782584338208,4.066478200215329e-05,7,0.3466748413712627,4.066478200215329e-05,2.047834242390592,-1,-1.7011594010193294,nan,1,1,0,same_winner,0.0,equal,0,0,0,0
953f6386bfae55d0,4,0,18,1,5,8.315849304199076e-06,5,8.315849304199076e-06,5,8.315849304199076e-06,17,0.3166235623280228,7.98645019531221e-06,19,0.7613714063314557,-1.1941146850586067e-05,19,0.968594921999921,-1.1941146850586067e-05,2.047834242390592,-1,-1.079239320390671,nan,1,1,1,same_winner,0.0,equal,0,0,0,0
b39ff897a8695a97,4,0,18,1,25,6.430144203761756e-06,16,-6.033429349017183e-06,1,-0.0002832629380362661,11,0.3074438146314735,-0.0001397995856908807,1,0.6151779707624233,-0.0002832629380362661,1,0.5583072107017657,-0.0002832629380362661,2.047834242390592,-1,-1.4895270316888263,nan,1,1,1,same_winner,0.0,equal,0,0,0,0
d5ef40ff0f715517,4,0,26,1,9,5.336352726459381e-05,8,-3.340992517752994e-05,-1,nan,27,0.116301684390159,-7.741929963334115e-06,27,0.4618632874548293,-7.741929963334115e-06,27,1.4071592245409272,-7.741929963334115e-06,2.047834242390592,-1,-0.6406750178496647,nan,1,1,1,same_winner,0.0,equal,0,0,0,0
da9bf29b3087547f,4,0,17,0,-1,0.0,10,-0.0004132861441467073,-1,nan,12,0.265058934822036,-0.0006733096577692943,12,0.4882425507665737,-0.0006733096577692943,12,0.4419350287076353,-0.0006733096577692943,2.047834242390592,-1,-1.6058992136829566,nan,1,1,1,same_winner,0.0,equal,0,0,0,1
eb02028413fb5a92,4,0,16,1,6,0.00015322607718459835,2,0.00010971866548104003,-1,nan,9,0.17074660360760854,-0.0006014981450510604,9,0.44373660656649816,-0.0006014981450510604,9,0.44801914541504023,-0.0006014981450510604,2.047834242390592,-1,-1.5998150969755518,nan,1,1,1,same_winner,0.0,equal,0,0,0,0
ec65e8cddb3d5fbd,4,0,19,1,21,0.00013749113753438015,7,-0.0002423981301486488,-1,nan,23,0.13149130610895893,-7.281030565500259e-05,23,0.4457145571903016,-7.281030565500259e-05,23,0.3653770729017448,-7.281030565500259e-05,2.047834242390592,-1,-1.6824571694888473,nan,1,1,1,same_winner,0.0,equal,0,0,0,0
f2c4bbcda8c650a3,4,0,11,1,22,0.00018737106425703587,22,0.00018737106425703587,-1,nan,26,0.150082631756629,-0.0006146780819484832,26,0.46423270754553936,-0.0006146780819484832,26,0.3362074955194654,-0.0006146780819484832,2.047834242390592,-1,-1.7116267468711266,nan,1,1,1,same_winner,0.0,equal,0,0,0,0
f53a6e7af3825751,4,0,16,1,23,6.96009489009608e-05,21,2.0476601316321563e-05,10,-0.00010759926951720011,3,0.14060777623027695,-2.8481406136426912e-05,10,0.5993915215394531,-0.00010759926951720011,10,1.0509222467156238,-0.00010759926951720011,2.047834242390592,-1,-0.9969119956749681,nan,1,1,1,same_winner,0.0,equal,0,0,0,0
f53af77bf6fa5703,4,0,1,1,7,0.0003615102259442171,-1,nan,-1,nan,-1,nan,nan,7,0.12326101947773939,0.0003615102259442171,-1,nan,nan,2.047834242390592,-1,nan,nan,1,0,0,FDSR_to_abstain,-0.0003615102259442171,FBCSR_worse,0,0,0,0
0be5fd7a2dbb5d87,4,0,14,1,6,0.0003068542699322663,11,-3.5815904569247436e-05,-1,nan,-1,nan,nan,3,0.3369582257256385,0.00015516156740424947,3,0.18531941897357024,0.00015516156740424947,2.047834242390592,-1,-1.8625148234170217,nan,1,1,0,same_winner,0.0,equal,0,0,0,0
25c67c9a53ef53ce,4,0,4,1,18,0.0021180017713457347,22,0.0020756234128028158,-1,nan,22,0.10478030504117138,0.0020756234128028158,22,0.46225912257666235,0.0020756234128028158,22,0.26859325172889215,0.0020756234128028158,2.047834242390592,-1,-1.7792409906617,nan,1,1,1,same_winner,0.0,equal,0,0,0,0
90efa9d50cc8521e,4,0,1,1,0,2.164918419647962,-1,nan,-1,nan,-1,nan,nan,-1,nan,nan,-1,nan,nan,2.047834242390592,-1,nan,nan,0,0,0,both_abstain,0.0,equal,0,0,0,0
ac7fee08538b5bb0,4,0,13,1,22,0.00010143688693631248,22,0.00010143688693631248,-1,nan,24,0.05181172066527805,0.0,26,0.3770902164153583,-0.0001680688397960317,2,0.40952108482088834,5.6455250829756665e-06,2.047834242390592,-1,-1.6383131575697036,nan,1,1,1,winner_changed,0.00017371436487900738,FBCSR_better,0,0,0,0
c4292750158e5a5f,4,0,3,1,6,0.9762204023627215,17,-9.091283213347179e-05,-1,nan,6,0.18790558894166992,0.9762204023627215,6,0.5341803106407166,0.9762204023627215,6,0.08404214404757421,0.9762204023627215,2.047834242390592,-1,-1.9637920983430177,nan,1,1,1,same_winner,0.0,equal,0,0,0,0
cae918485e635e35,4,0,14,0,-1,0.0,9,-0.9828781550706365,-1,nan,-1,nan,nan,8,0.34359473209532365,-0.9809829029003159,8,0.2697133217138642,-0.9809829029003159,2.047834242390592,-1,-1.7781209206767277,nan,1,1,0,same_winner,0.0,equal,1,1,0,1
4b308d5a04d05498,4,0,17,1,7,0.0004376620967114775,-1,nan,-1,nan,-1,nan,nan,7,0.21581676246551756,0.0004376620967114775,7,0.6255416514880365,0.0004376620967114775,2.047834242390592,-1,-1.4222925909025554,nan,1,1,0,same_winner,0.0,equal,0,0,0,0
8fba4b45daa85b15,4,0,19,1,5,0.00019453220814469319,-1,nan,-1,nan,-1,nan,nan,19,0.45092735728079303,-0.00014465077742942256,19,1.1546377261562817,-0.00014465077742942256,2.047834242390592,-1,-0.8931965162343103,nan,1,1,0,same_winner,0.0,equal,0,0,0,0
c9a1d813d64c52d1,4,0,4,0,-1,0.0,15,0.0,-1,nan,15,0.1807867626130011,0.0,15,0.5276324177120819,0.0,15,0.24232725347698555,0.0,2.047834242390592,-1,-1.8055069889136064,nan,1,1,1,same_winner,0.0,equal,0,0,0,1
e747e181d08758c8,4,0,13,1,18,0.00018433779100887485,19,2.3391943844035257e-05,-1,nan,-1,nan,nan,18,0.25794453298137676,0.00018433779100887485,18,0.4800367434224381,0.00018433779100887485,2.047834242390592,-1,-1.567797498968154,nan,1,1,0,same_winner,0.0,equal,0,0,0,0
f6db13314100532b,4,0,13,1,5,0.00012143064937530923,-1,nan,-1,nan,-1,nan,nan,5,0.2550399736559408,0.00012143064937530923,5,0.25013303283938626,0.00012143064937530923,2.047834242390592,-1,-1.7977012095512057,nan,1,1,0,same_winner,0.0,equal,0,0,0,0
0fb7d56584065e6f,4,0,27,1,22,0.0029706021982478514,19,0.0008577479481697292,-1,nan,21,0.45379553284282875,0.0021822822965567035,21,0.5961109150671389,0.0021822822965567035,21,0.9854660255587451,0.0021822822965567035,2.047834242390592,-1,-1.062368216831847,nan,1,1,1,same_winner,0.0,equal,0,0,0,0
2abb6fcc99585318,4,0,20,1,22,0.00020176594825461677,20,-0.0003386890395544462,-1,nan,-1,nan,nan,19,0.2442070348973001,-0.0007548626859672364,22,0.12560377084051583,0.00020176594825461677,2.047834242390592,-1,-1.9222304715500762,nan,1,1,0,winner_changed,0.0009566286342218532,FBCSR_better,0,0,0,0
32b190836fd35675,4,0,7,1,15,0.00018249847514089203,7,-0.00020880867580417564,7,-0.00020880867580417564,17,0.07947725479346503,4.21013753162695e-05,17,0.40425636982801294,4.21013753162695e-05,-1,nan,nan,2.047834242390592,-1,nan,nan,1,0,1,FDSR_to_abstain,-4.21013753162695e-05,FBCSR_worse,0,0,0,0
48428a15cb2d56c8,4,0,5,0,-1,0.0,-1,nan,-1,nan,-1,nan,nan,-1,nan,nan,-1,nan,nan,2.047834242390592,-1,nan,nan,0,0,0,both_abstain,0.0,equal,0,0,0,1
4d08ab0578415b3b,4,0,6,1,2,0.9889344323459256,-1,nan,-1,nan,-1,nan,nan,6,0.18630525303464557,0.9815328457224197,2,0.3467420054715433,0.9889344323459256,2.047834242390592,-1,-1.7010922369190487,nan,1,1,0,winner_changed,0.007401586623505874,FBCSR_better,0,0,0,0
58c0557c53635354,4,0,6,1,6,0.000403144216752844,6,0.000403144216752844,-1,nan,-1,nan,nan,9,0.23025000689628689,-0.0004888357896503295,9,0.26269470032299747,-0.0004888357896503295,2.047834242390592,-1,-1.7851395420675944,nan,1,1,0,same_winner,0.0,equal,0,0,0,0
58e646ea48eb59d3,4,0,18,1,19,0.0006342690001708284,20,0.0006258938424292815,-1,nan,22,0.4074574322979462,0.00030974064748745533,22,0.563589483142468,0.00030974064748745533,22,0.7285755716117224,0.00030974064748745533,2.047834242390592,-1,-1.3192586707788696,nan,1,1,1,same_winner,0.0,equal,0,0,0,0
9d7dd692cec75a40,4,0,17,1,3,1.9796763014895375,-1,nan,-1,nan,6,0.07138450995098608,-0.0009404101041611268,6,0.41332281565050594,-0.0009404101041611268,6,1.0183213241810882,-0.0009404101041611268,2.047834242390592,-1,-1.0295129182095037,nan,1,1,1,same_winner,0.0,equal,0,0,0,0
ad4b812be67052a1,4,0,27,1,9,1.2362622845120725,22,0.000693030046671872,-1,nan,23,0.03257723264871261,0.00019181166812742845,23,0.24363670875790425,0.00019181166812742845,23,0.9605055673794759,0.00019181166812742845,2.047834242390592,-1,-1.0873286750111162,nan,1,1,1,same_winner,0.0,equal,0,0,0,0
de3f8268d1675268,4,0,10,0,-1,0.0,20,-1.1714972390383727,-1,nan,21,0.09764228179680617,0.0,21,0.4353447612849622,0.0,21,0.8560361475949376,0.0,2.047834242390592,-1,-1.1917980947956544,nan,1,1,1,same_winner,0.0,equal,0,0,0,1
f110d20f7a7957b7,4,0,17,1,3,0.000287736806459743,-1,nan,-1,nan,6,0.11059245864265059,-9.978644736091669e-06,6,0.45259404291949806,-9.978644736091669e-06,6,0.9256639281599378,-9.978644736091669e-06,2.047834242390592,-1,-1.122170314230654,nan,1,1,1,same_winner,0.0,equal,0,0,0,0
4fc4718214135eee,4,0,12,1,9,0.989265655384527,-1,nan,-1,nan,9,0.054164516327368156,0.989265655384527,9,0.37512621779377625,0.989265655384527,9,0.3602107011828072,0.989265655384527,2.047834242390592,-1,-1.6876235412077847,nan,1,1,1,same_winner,0.0,equal,0,0,0,0
5d64681dd478516a,4,0,27,1,12,0.0010924539457684013,17,0.0008570625655353048,-1,nan,-1,nan,nan,-1,nan,nan,24,0.8650817286455927,-0.00011281840209864669,2.047834242390592,-1,-1.1827525137449992,nan,0,1,0,abstain_to_FBCSR,-0.00011281840209864669,FBCSR_worse,0,0,0,0
629734efb5f5564c,4,0,20,1,10,0.0004178750086341054,-1,nan,-1,nan,10,0.1707049247538192,0.0004178750086341054,10,0.3654698864316163,0.0004178750086341054,10,2.232620332050585,0.0004178750086341054,2.047834242390592,10,0.1847860896599931,0.0004178750086341054,1,1,1,same_winner,0.0,equal,0,0,0,0
69244009b6eb50bf,4,0,13,1,13,2.086232928566467e-05,-1,nan,-1,nan,17,0.10972137107521789,-4.581917114554468e-05,17,0.42003131600547483,-4.581917114554468e-05,17,0.09357448501979182,-4.581917114554468e-05,2.047834242390592,-1,-1.9542597573708003,nan,1,1,1,same_winner,0.0,equal,0,0,0,0
908340fb165954b2,4,0,14,1,1,2.2217216980598864,9,0.24195385182611642,-1,nan,-1,nan,nan,3,0.2587332997418261,0.2418632370641455,17,0.23226168237515887,1.2319520321615038,2.047834242390592,-1,-1.815572560015433,nan,1,1,0,winner_changed,0.9900887950973584,FBCSR_better,0,0,0,0
9229af9b7f1c5848,4,0,17,1,2,8.604029383277312e-05,-1,nan,-1,nan,-1,nan,nan,2,0.26443692196725643,8.604029383277312e-05,2,0.4816928961212586,8.604029383277312e-05,2.047834242390592,-1,-1.5661413462693334,nan,1,1,0,same_winner,0.0,equal,0,0,0,0
beeb2d538d7f53d8,4,0,18,1,2,0.0003096192132681086,-1,nan,-1,nan,3,0.043088076264370445,0.0002613140884786258,3,0.26183205825990225,0.0002613140884786258,3,1.028636614504021,0.0002613140884786258,2.047834242390592,-1,-1.0191976278865709,nan,1,1,1,same_winner,0.0,equal,0,0,0,0
fbd37ced14a15418,4,0,17,1,11,0.9882327694698587,-1,nan,-1,nan,7,0.09847330136565129,0.0001307986882864709,7,0.4433299682989254,0.0001307986882864709,7,0.8844336618351504,0.0001307986882864709,2.047834242390592,-1,-1.1634005805554417,nan,1,1,1,same_winner,0.0,equal,0,0,0,0
ff54f555627f5338,4,0,14,1,15,5.377799533309857e-05,-1,nan,-1,nan,9,0.11779417641250571,-0.0005246792767196751,9,0.4381122309002422,-0.0005246792767196751,9,0.5163906993118578,-0.0005246792767196751,2.047834242390592,-1,-1.5314435430787343,nan,1,1,1,same_winner,0.0,equal,0,0,0,0
052f0d46a5c059a1,4,0,12,1,0,0.0031051245564599483,3,0.0003842606112360869,-1,nan,0,0.4183251706955458,0.0031051245564599483,0,0.645750871092468,0.0031051245564599483,0,0.657247389338429,0.0031051245564599483,2.047834242390592,-1,-1.390586853052163,nan,1,1,1,same_winner,0.0,equal,0,0,0,0
0af516a5b2725ac6,4,0,12,0,-1,0.0,21,-0.000429710377495951,-1,nan,23,0.07094069994466955,-0.00016150210924070763,23,0.45928112670097465,-0.00016150210924070763,23,1.2368773403193103,-0.00016150210924070763,2.047834242390592,-1,-0.8109569020712817,nan,1,1,1,same_winner,0.0,equal,0,0,0,1
103c7d249ab154af,4,0,17,1,9,0.9936651484772563,16,0.0039698864765465025,-1,nan,9,0.16770787690766137,0.9936651484772563,9,0.5022744440411931,0.9936651484772563,9,0.9145292883345936,0.9936651484772563,2.047834242390592,-1,-1.1333049540559985,nan,1,1,1,same_winner,0.0,equal,0,0,0,0
30c657863dc05485,4,0,9,1,24,2.0204693938518643,-1,nan,-1,nan,2,0.16377853919151208,2.020336450465309,24,0.5155641450251537,2.0204693938518643,2,1.0701075530892075,2.020336450465309,2.047834242390592,-1,-0.9777266893013845,nan,1,1,1,winner_changed,-0.00013294338655533977,FBCSR_worse,0,0,0,0
431f7c6b100d5249,4,0,8,1,15,2.2618670693530518e-05,21,-9.228673037142698e-05,-1,nan,21,0.2740727649917469,-9.228673037142698e-05,21,0.6093739703797841,-9.228673037142698e-05,21,0.38177599295128206,-9.228673037142698e-05,2.047834242390592,-1,-1.66605824943931,nan,1,1,1,same_winner,0.0,equal,0,0,0,0
4ace61964e9f5b4b,4,0,5,1,13,0.00023530808836214057,-1,nan,-1,nan,-1,nan,nan,15,0.18461380171506814,0.00019849640801550272,15,0.24174823128648382,0.00019849640801550272,2.047834242390592,-1,-1.8060860111041082,nan,1,1,0,same_winner,0.0,equal,0,0,0,0
5098ce6b12fa5143,4,0,9,1,2,3.0360953602953655e-05,-1,nan,-1,nan,-1,nan,nan,9,0.3142392913713107,-0.00047123733293263914,9,0.1446326434851219,-0.00047123733293263914,2.047834242390592,-1,-1.90320159890547,nan,1,1,0,same_winner,0.0,equal,0,0,0,0
52092728a1c1574f,4,0,17,1,2,6.557078086810719e-05,-1,nan,-1,nan,-1,nan,nan,4,0.20317084150958253,-0.00013133277608989857,2,0.36705220568716923,6.557078086810719e-05,2.047834242390592,-1,-1.6807820367034227,nan,1,1,0,winner_changed,0.00019690355695800577,FBCSR_better,0,0,0,0
58f2e39eebc65d24,4,0,9,1,4,0.252118583945278,13,0.009804744760598894,-1,nan,0,0.07691635078076954,0.009800787047762327,13,0.4171160838614296,0.009804744760598894,13,0.13196915174129287,0.009804744760598894,2.047834242390592,-1,-1.915865090649299,nan,1,1,1,same_winner,0.0,equal,0,0,0,0
5a917f5bb8815bd0,4,0,2,1,4,1.291429329298646,-1,nan,-1,nan,7,0.1667378500895651,0.23763340743854644,7,0.4753050652976623,0.23763340743854644,7,0.8177211278383336,0.23763340743854644,2.047834242390592,-1,-1.2301131145522584,nan,1,1,1,same_winner,0.0,equal,0,0,0,0
6429eb85b6ba5938,4,0,17,1,3,7.38117248846315e-05,6,-4.805480735781131e-05,-1,nan,6,0.42758568957603904,-4.805480735781131e-05,6,0.7475552597634385,-4.805480735781131e-05,6,1.9777262844822636,-4.805480735781131e-05,2.047834242390592,-1,-0.07010795790832836,nan,1,1,1,same_winner,0.0,equal,0,0,0,0
6b416b289a3b5858,4,0,16,1,14,7.63614745835639e-06,7,-1.2322430411372798,7,-1.2322430411372798,6,0.3068556440334356,-0.00010571956639182645,7,0.9225704873860993,-1.2322430411372798,7,1.1566858449450816,-1.2322430411372798,2.047834242390592,-1,-0.8911483974455103,nan,1,1,1,same_winner,0.0,equal,1,1,0,0
6e9b901524355c0b,4,0,21,1,1,0.9899752547288477,-1,nan,-1,nan,21,0.13540235048749816,-0.00014058176156361846,23,0.4946249843091436,-0.0004152085080578738,22,1.1173118901305168,-0.00014058176156361846,2.047834242390592,-1,-0.9305223522600752,nan,1,1,1,winner_changed,0.00027462674649425534,FBCSR_better,0,0,0,0
8834fc612e1d524c,4,0,8,1,1,0.0023291719868779185,-1,nan,-1,nan,-1,nan,nan,19,0.15042869060438452,0.0023199403867125512,-1,nan,nan,2.047834242390592,-1,nan,nan,1,0,0,FDSR_to_abstain,-0.0023199403867125512,FBCSR_worse,0,0,0,0
9ddade724a6a54e2,4,0,16,1,3,0.9292438401492255,2,1.5740902814975755e-05,-1,nan,3,0.010030732030408579,0.9292438401492255,3,0.2955255428868113,0.9292438401492255,14,0.4701898235427022,-0.00027266200978770527,2.047834242390592,-1,-1.5776444188478898,nan,1,1,1,winner_changed,-0.9295165021590132,FBCSR_worse,0,0,0,0
a5fc167ac3e45fec,4,0,17,0,-1,0.0,-1,nan,-1,nan,0,0.007856870952265421,-0.00012697862088728584,0,0.2321282972736431,-0.00012697862088728584,0,1.6479763343099092,-0.00012697862088728584,2.047834242390592,-1,-0.3998579080806828,nan,1,1,1,same_winner,0.0,equal,0,0,0,1
bcb7ec6d46f45180,4,0,17,0,-1,0.0,-1,nan,-1,nan,4,0.016195732233767773,-0.00023002342972899825,4,0.38464015092089965,-0.00023002342972899825,4,0.7357706596955876,-0.00023002342972899825,2.047834242390592,-1,-1.3120635826950044,nan,1,1,1,same_winner,0.0,equal,0,0,0,1
c25f5ca801be5075,4,0,4,0,-1,0.0,-1,nan,-1,nan,8,0.0834204205911207,-1.538959369074e-05,8,0.3823486791799534,-1.538959369074e-05,8,0.313836576843586,-1.538959369074e-05,2.047834242390592,-1,-1.733997665547006,nan,1,1,1,same_winner,0.0,equal,0,0,0,1
d0da55bb38fb5e83,4,0,3,1,4,0.00024149881601331913,3,0.0001378942131822214,-1,nan,5,0.03138795822962674,0.00018315617061448464,5,0.3907421675091586,0.00018315617061448464,-1,nan,nan,2.047834242390592,-1,nan,nan,1,0,1,FDSR_to_abstain,-0.00018315617061448464,FBCSR_worse,0,0,0,0
e056339b5ad457ea,4,0,17,0,-1,0.0,-1,nan,-1,nan,4,0.014223174556874052,-1.9974818360246616e-05,4,0.38343039944488255,-1.9974818360246616e-05,4,0.7410409571273959,-1.9974818360246616e-05,2.047834242390592,-1,-1.306793285263196,nan,1,1,1,same_winner,0.0,equal,0,0,0,1
03a7c978d0165fa2,4,0,20,1,2,0.0023548710413274776,-1,nan,-1,nan,-1,nan,nan,19,0.1401653189171026,0.0022830143921073187,19,2.046415988311894,0.0022830143921073187,2.047834242390592,-1,-0.0014182540786977782,nan,1,1,0,same_winner,0.0,equal,0,0,0,0
102e8bfe5f555974,4,0,19,1,8,2.545160242561906e-07,10,-0.0001325549672357429,-1,nan,22,0.18133557100197903,-2.479011844847001e-05,22,0.5282828031630229,-2.479011844847001e-05,22,1.933994280382976,-2.479011844847001e-05,2.047834242390592,-1,-0.11383996200761604,nan,1,1,1,same_winner,0.0,equal,0,0,0,0
11579a9c240a5c77,4,0,17,1,11,0.00014484645519405315,6,-0.003460942675417758,10,-1.233043325316906,-1,nan,nan,14,0.30356777220364806,9.115096740423823e-05,-1,nan,nan,2.047834242390592,-1,nan,nan,1,0,0,FDSR_to_abstain,-9.115096740423823e-05,FBCSR_worse,0,0,0,0
1c8a733cea4d5aed,4,0,28,1,17,0.0015456020593643187,11,0.0014269439846277235,-1,nan,11,0.30649903058891037,0.0014269439846277235,11,0.45923644284001186,0.0014269439846277235,11,1.742070339659159,0.0014269439846277235,2.047834242390592,-1,-0.30576390273143295,nan,1,1,1,same_winner,0.0,equal,0,0,0,0
1ed95e82b4f754ff,4,0,4,1,2,0.00022385598802940332,17,0.00021119678653777618,-1,nan,-1,nan,nan,6,0.3294445065445907,8.228855961933679e-05,-1,nan,nan,2.047834242390592,-1,nan,nan,1,0,0,FDSR_to_abstain,-8.228855961933679e-05,FBCSR_worse,0,0,0,0
2067e26ac57b5302,4,0,1,0,-1,0.0,5,-0.00016158222357044033,-1,nan,5,0.10167828932286703,-0.00016158222357044033,5,0.41797149779776066,-0.00016158222357044033,-1,nan,nan,2.047834242390592,-1,nan,nan,1,0,1,FDSR_to_abstain,0.00016158222357044033,FBCSR_better,0,0,0,1
25f5f0c57aea54b9,4,0,21,1,3,0.00010029172897338856,1,9.947190284729005e-05,-1,nan,-1,nan,nan,4,0.38229778513495466,3.5530898114666384e-05,4,1.4802993321870865,3.5530898114666384e-05,2.047834242390592,-1,-0.5675349102035054,nan,1,1,0,same_winner,0.0,equal,0,0,0,0
2b3f24482a765ccc,4,0,5,1,18,4.644495743559671e-05,-1,nan,-1,nan,-1,nan,nan,17,0.16604436206942152,3.0197622452396845e-05,-1,nan,nan,2.047834242390592,-1,nan,nan,1,0,0,FDSR_to_abstain,-3.0197622452396845e-05,FBCSR_worse,0,0,0,0
330fd7f2e3aa5f55,4,0,26,1,11,0.00017696574628353135,19,5.4576332867145496e-05,-1,nan,19,0.10023071414477905,5.4576332867145496e-05,19,0.4274647164745155,5.4576332867145496e-05,19,1.5967139266380246,5.4576332867145496e-05,2.047834242390592,-1,-0.4511203157525674,nan,1,1,1,same_winner,0.0,equal,0,0,0,0
3a46193d097552cd,4,0,16,1,9,0.0008605283550969234,5,-0.0034225447993790903,-1,nan,9,0.2475115152844104,0.0008605283550969234,9,0.5398634305122983,0.0008605283550969234,9,0.6013970408598127,0.0008605283550969234,2.047834242390592,-1,-1.4464372015307791,nan,1,1,1,same_winner,0.0,equal,0,0,0,0
4b7fb448a9f35a56,4,0,18,1,18,0.0008023432063870017,-1,nan,-1,nan,-1,nan,nan,18,0.16495471409468648,0.0008023432063870017,18,0.24714547294467903,0.0008023432063870017,2.047834242390592,-1,-1.8006887694459128,nan,1,1,0,same_winner,0.0,equal,0,0,0,0
642e382b50db5133,4,0,17,1,9,0.9895227806188629,-1,nan,-1,nan,9,0.05015908545687928,0.9895227806188629,9,0.34795935573481496,0.9895227806188629,9,0.6352032941419337,0.9895227806188629,2.047834242390592,-1,-1.4126309482486583,nan,1,1,1,same_winner,0.0,equal,0,0,0,0
669d54218ee75215,4,0,2,1,1,3.765455192187791e-05,-1,nan,-1,nan,1,0.033113706414631565,3.765455192187791e-05,1,0.3542866103268814,3.765455192187791e-05,-1,nan,nan,2.047834242390592,-1,nan,nan,1,0,1,FDSR_to_abstain,-3.765455192187791e-05,FBCSR_worse,0,0,0,0
6715d16e80075f55,4,0,12,1,23,0.00013467648802301113,23,0.00013467648802301113,-1,nan,3,0.16444108994370268,-0.00017848192839853283,3,0.47111762337132335,-0.00017848192839853283,3,0.6501742807074715,-0.00017848192839853283,2.047834242390592,-1,-1.3976599616831205,nan,1,1,1,same_winner,0.0,equal,0,0,0,0
8c7421c1a39954dc,4,0,1,1,10,1.2982800296727104,-1,nan,-1,nan,-1,nan,nan,-1,nan,nan,10,0.10509122676815885,1.2982800296727104,2.047834242390592,-1,-1.9427430156224332,nan,0,1,0,abstain_to_FBCSR,1.2982800296727104,FBCSR_better,0,0,0,0
8e92f84a71e85b42,4,0,9,1,17,0.00010528363287448878,-1,nan,-1,nan,-1,nan,nan,2,0.07070824344535359,9.123484566807738e-05,2,0.4017791207782182,9.123484566807738e-05,2.047834242390592,-1,-1.6460551216123738,nan,1,1,0,same_winner,0.0,equal,0,0,0,0
9389f1437d2b5fad,4,0,12,1,0,5.547304395592256e-05,-1,nan,-1,nan,0,0.11322435855786671,5.547304395592256e-05,0,0.43966345977110444,5.547304395592256e-05,0,1.0772146670034588,5.547304395592256e-05,2.047834242390592,-1,-0.9706195753871332,nan,1,1,1,same_winner,0.0,equal,0,0,0,0
9f109cfcd3695a7c,4,0,18,1,15,0.00029193947762262695,15,0.00029193947762262695,-1,nan,-1,nan,nan,15,0.19736499433834936,0.00029193947762262695,15,0.44301596354300143,0.00029193947762262695,2.047834242390592,-1,-1.6048182788475907,nan,1,1,0,same_winner,0.0,equal,0,0,0,0
ac264ca2d43c52a7,4,0,25,1,19,0.0005987227153033017,3,0.0005578294001519681,-1,nan,-1,nan,nan,26,0.22723324760248542,6.831961683928978e-05,26,0.19934660289570827,6.831961683928978e-05,2.047834242390592,-1,-1.8484876394948837,nan,1,1,0,same_winner,0.0,equal,0,0,0,0
d7018055ca4b5f66,4,0,17,0,-1,0.0,12,-0.005823256220668593,-1,nan,-1,nan,nan,4,0.33997203973643153,-0.00030057613924139304,4,0.19836031052589637,-0.00030057613924139304,2.047834242390592,-1,-1.8494739318646956,nan,1,1,0,same_winner,0.0,equal,0,0,0,1
ddcdcbbd930d5cd4,4,0,1,0,-1,0.0,-1,nan,-1,nan,-1,nan,nan,4,0.31511882360389104,-0.00016591267229504325,-1,nan,nan,2.047834242390592,-1,nan,nan,1,0,0,FDSR_to_abstain,0.00016591267229504325,FBCSR_better,0,0,0,1
e7e3b8bf23835b2a,4,0,3,1,11,1.0504161886736751,-1,nan,-1,nan,16,0.06035528819138819,6.682571023874928e-06,16,0.37455482581074734,6.682571023874928e-06,-1,nan,nan,2.047834242390592,-1,nan,nan,1,0,1,FDSR_to_abstain,-6.682571023874928e-06,FBCSR_worse,0,0,0,0
eae558be27b1587b,4,0,6,1,0,1.9086850546598433,15,-0.33012338700294497,-1,nan,7,0.05629586342371977,-0.22523527703285218,7,0.4329548591539623,-0.22523527703285218,7,0.4151357170087282,-0.22523527703285218,2.047834242390592,-1,-1.6326985253818638,nan,1,1,1,same_winner,0.0,equal,0,0,0,0
ffb77fcdc4bd5e37,4,0,13,1,10,0.00016742769032718208,-1,nan,-1,nan,-1,nan,nan,20,0.1723655235543426,-4.9355735626921415e-05,20,0.10710660157907836,-4.9355735626921415e-05,2.047834242390592,-1,-1.9407276408115135,nan,1,1,0,same_winner,0.0,equal,0,0,0,0
07f8bf05fc975975,4,0,1,0,-1,0.0,-1,nan,-1,nan,1,0.08483501942525248,-7.274440014737316e-05,1,0.40060441968009347,-7.274440014737316e-05,-1,nan,nan,2.047834242390592,-1,nan,nan,1,0,1,FDSR_to_abstain,7.274440014737316e-05,FBCSR_better,0,0,0,1
0fdd878a393d502e,4,0,2,0,-1,0.0,-1,nan,-1,nan,-1,nan,nan,9,0.2791376125968,-0.9829329999518348,9,0.5034541890367281,-0.9829329999518348,2.047834242390592,-1,-1.5443800533538639,nan,1,1,0,same_winner,0.0,equal,1,1,0,1
2b32a9f406845f75,4,0,12,0,-1,0.0,2,-3.806486467696913,-1,nan,2,0.0034219581389365317,-3.806486467696913,2,0.396194968390597,-3.806486467696913,2,1.1522375331663128,-3.806486467696913,2.047834242390592,-1,-0.8955967092242791,nan,1,1,1,same_winner,0.0,equal,1,1,1,1
2c9450a5449e52fa,4,0,9,1,16,0.0005728701010346282,3,0.0005062929466366772,-1,nan,6,0.03524075202430915,-0.0005310452297329904,3,0.4211086374759676,0.0005062929466366772,3,0.18939980727851985,0.0005062929466366772,2.047834242390592,-1,-1.858434435112072,nan,1,1,1,same_winner,0.0,equal,0,0,0,0
447b5889e4005e16,4,0,5,0,-1,0.0,9,-2.2817236246069683,-1,nan,-1,nan,nan,2,0.28649495311927087,-2.2805412398720533,2,0.12018003769878449,-2.2805412398720533,2.047834242390592,-1,-1.9276542046918075,nan,1,1,0,same_winner,0.0,equal,1,1,0,1
5465043a8ae85d79,4,0,2,1,9,0.9894966626687549,-1,nan,-1,nan,9,0.2690886366362399,0.9894966626687549,9,0.5511516416274403,0.9894966626687549,9,0.40503336142150304,0.9894966626687549,2.047834242390592,-1,-1.642800880969089,nan,1,1,1,same_winner,0.0,equal,0,0,0,0
613662b53d9a5ae7,4,0,12,1,3,0.000538983865699269,12,-0.0007119500849395999,-1,nan,-1,nan,nan,3,0.3660615164625912,0.000538983865699269,-1,nan,nan,2.047834242390592,-1,nan,nan,1,0,0,FDSR_to_abstain,-0.000538983865699269,FBCSR_worse,0,0,0,0
66da55b392b45a5d,4,0,21,1,9,0.001489047821610967,16,0.00023764072358600785,7,0.0009394905971245038,17,0.1806756273563497,0.00016681582629662906,17,0.478093099677235,0.00016681582629662906,23,0.295192872025702,-2.35940814019564e-05,2.047834242390592,-1,-1.75264137036489,nan,1,1,1,winner_changed,-0.00019040990769858546,FBCSR_worse,0,0,0,0
78823d4302645d60,4,0,12,1,2,0.0003970535994507335,11,-0.0008800484909676082,-1,nan,-1,nan,nan,2,0.37540840354722205,0.0003970535994507335,-1,nan,nan,2.047834242390592,-1,nan,nan,1,0,0,FDSR_to_abstain,-0.0003970535994507335,FBCSR_worse,0,0,0,0
7a1756cf8f7a566e,4,0,13,1,7,0.018152343195676934,15,-0.024184055066108545,4,-3.3332536464355886,2,0.37353327696376715,-0.002361465603113011,4,1.135141512190267,-3.3332536464355886,4,1.2291801107242974,-3.3332536464355886,2.047834242390592,-1,-0.8186541316662945,nan,1,1,1,same_winner,0.0,equal,1,1,0,0
7c8389cb32f25aed,4,0,10,1,1,1.7302572846444377,-1,nan,-1,nan,1,0.2603238397963863,1.7302572846444377,1,0.5547293266004313,1.7302572846444377,1,0.5143795530948843,1.7302572846444377,2.047834242390592,-1,-1.5334546892957077,nan,1,1,1,same_winner,0.0,equal,0,0,0,0
80bebabe4c6f5627,4,0,14,1,2,3.671335379795693e-05,7,-5.6140835155371605e-05,-1,nan,9,0.11189677267135054,-0.0004784055048858704,9,0.4373029872869637,-0.0004784055048858704,9,0.46810488996046273,-0.0004784055048858704,2.047834242390592,-1,-1.5797293524301292,nan,1,1,1,same_winner,0.0,equal,0,0,0,0
b16054ccc4bd54f9,4,0,11,1,1,1.8926528397743594,7,-0.07566335793621848,4,-3.992495210120268,1,0.24586236696694208,1.8926528397743594,4,0.6036690728736079,-3.992495210120268,1,0.7050367755172297,1.8926528397743594,2.047834242390592,-1,-1.3427974668733622,nan,1,1,1,winner_changed,5.885148049894628,FBCSR_better,1,0,0,0
b3734dd3dc905040,4,0,16,1,16,0.00013616047948605825,6,-0.0009498553425073553,-1,nan,-1,nan,nan,6,0.36443552910680654,-0.0009498553425073553,6,0.34589193494696996,-0.0009498553425073553,2.047834242390592,-1,-1.701942307443622,nan,1,1,0,same_winner,0.0,equal,0,0,0,0
b3c270be7e145adc,4,0,10,1,7,0.012149281695531533,14,-1.2199467135749757,14,-1.2199467135749757,14,2.874996171380168,-1.2199467135749757,14,3.144172391118845,-1.2199467135749757,14,3.3422470954488537,-1.2199467135749757,2.047834242390592,14,1.2944128530582617,-1.2199467135749757,1,1,1,same_winner,0.0,equal,1,1,1,0
b76a132378175658,4,0,17,1,7,0.0003050644607602848,-1,nan,-1,nan,-1,nan,nan,7,0.2694328017844583,0.0003050644607602848,2,0.5443889982303303,6.892389777801711e-06,2.047834242390592,-1,-1.5034452441602617,nan,1,1,0,winner_changed,-0.0002981720709824831,FBCSR_worse,0,0,0,0
c49669e6594c55d7,4,0,24,1,21,3.0697587409811433e-06,-1,nan,-1,nan,24,0.1745995715304889,-4.205154404068878e-05,24,0.4939367954043307,-4.205154404068878e-05,24,1.400017023202337,-4.205154404068878e-05,2.047834242390592,-1,-0.647817219188255,nan,1,1,1,same_winner,0.0,equal,0,0,0,0
d72a6e0e28a159a2,4,0,7,0,-1,0.0,5,-0.011323793392349124,5,-0.011323793392349124,5,0.05116201479233169,-0.011323793392349124,5,0.41601202810849613,-0.011323793392349124,1,0.48671503522049475,-0.0009870950539596635,2.047834242390592,-1,-1.5611192071700972,nan,1,1,1,winner_changed,0.01033669833838946,FBCSR_better,0,0,0,1
da13a4ab1eaf5a07,4,0,17,1,1,0.00039671302214205895,-1,nan,-1,nan,10,0.18023353499991496,4.382104147193644e-05,10,0.37246710203929034,4.382104147193644e-05,10,0.821866012703794,4.382104147193644e-05,2.047834242390592,-1,-1.225968229686798,nan,1,1,1,same_winner,0.0,equal,0,0,0,0
dd2f426104cb5f43,4,0,6,1,2,5.502446359023465e-05,-1,nan,-1,nan,-1,nan,nan,2,0.11915170671968184,5.502446359023465e-05,2,0.3389707927550114,5.502446359023465e-05,2.047834242390592,-1,-1.7088634496355806,nan,1,1,0,same_winner,0.0,equal,0,0,0,0
ea01c4873e9b5cf8,4,0,17,1,3,0.00048050016798084627,2,0.00020749772973349678,-1,nan,9,0.1771561115427936,-0.00010691608004265163,9,0.4015537216726679,-0.00010691608004265163,9,0.5913543583222824,-0.00010691608004265163,2.047834242390592,-1,-1.4564798840683095,nan,1,1,1,same_winner,0.0,equal,0,0,0,0
ea47b3db126a588e,4,0,1,0,-1,0.0,-1,nan,-1,nan,-1,nan,nan,-1,nan,nan,-1,nan,nan,2.047834242390592,-1,nan,nan,0,0,0,both_abstain,0.0,equal,0,0,0,1
023f35fd45755497,4,0,11,1,24,0.00041877800995715475,-1,nan,-1,nan,-1,nan,nan,6,0.13524358228431943,-0.0006446254628127424,6,0.5409800766759367,-0.0006446254628127424,2.047834242390592,-1,-1.5068541657146552,nan,1,1,0,same_winner,0.0,equal,0,0,0,0
07704203d30b5747,4,0,1,0,-1,0.0,-1,nan,-1,nan,-1,nan,nan,-1,nan,nan,-1,nan,nan,2.047834242390592,-1,nan,nan,0,0,0,both_abstain,0.0,equal,0,0,0,1
2daba893c5535189,4,0,4,1,7,0.0006247306026518342,-1,nan,-1,nan,-1,nan,nan,3,0.11968461306985262,0.0002616260133683681,-1,nan,nan,2.047834242390592,-1,nan,nan,1,0,0,FDSR_to_abstain,-0.0002616260133683681,FBCSR_worse,0,0,0,0
2f19f98982615f60,4,0,11,0,-1,0.0,16,-2.6961140978817273,-1,nan,-1,nan,nan,4,0.4244210289335836,-0.01429730122606232,7,0.43223828389014074,-3.8279332883546893,2.047834242390592,-1,-1.6155959585004513,nan,1,1,0,winner_changed,-3.813635987128627,FBCSR_worse,0,1,0,1
36ba502aa1eb5ecd,4,0,14,0,-1,0.0,-1,nan,-1,nan,-1,nan,nan,5,0.2734103317251415,-0.004688203871599406,5,1.8826561390576695,-0.004688203871599406,2.047834242390592,-1,-0.1651781033329225,nan,1,1,0,same_winner,0.0,equal,0,0,0,1
43557bbc55b85aa6,4,0,6,1,18,0.0002805956050524472,20,0.0002683614262615208,-1,nan,-1,nan,nan,23,0.41630054959471513,-0.00015379786475033796,23,0.04957750813206169,-0.00015379786475033796,2.047834242390592,-1,-1.9982567342585302,nan,1,1,0,same_winner,0.0,equal,0,0,0,0
47cdc9127a1e55a7,4,0,11,1,2,3.7098624324327645e-05,-1,nan,-1,nan,9,0.06679106405705612,-0.0004928609021008779,9,0.3520272815105849,-0.0004928609021008779,9,0.9679451043898086,-0.0004928609021008779,2.047834242390592,-1,-1.0798891380007833,nan,1,1,1,same_winner,0.0,equal,0,0,0,0
49677b3a648b58be,4,0,28,1,20,7.587907908046532e-05,-1,nan,-1,nan,-1,nan,nan,21,0.04992080046746633,4.202801797248412e-05,21,1.0954605803785786,4.202801797248412e-05,2.047834242390592,-1,-0.9523736620120133,nan,1,1,0,same_winner,0.0,equal,0,0,0,0
4a1db4bffda6552f,4,0,16,1,8,0.00026572025920224007,-1,nan,-1,nan,-1,nan,nan,1,0.3087526016562939,-2.4032915649563336e-05,1,1.7652046193730229,-2.4032915649563336e-05,2.047834242390592,-1,-0.2826296230175691,nan,1,1,0,same_winner,0.0,equal,0,0,0,0
671ff8b7146358da,4,0,10,1,19,2.02000548436339,20,2.0199987096356575,-1,nan,20,0.32897686925000413,2.0199987096356575,20,0.7364813769025527,2.0199987096356575,20,0.8658600200662085,2.0199987096356575,2.047834242390592,-1,-1.1819742223243834,nan,1,1,1,same_winner,0.0,equal,0,0,0,0
696a489252f453fb,4,0,3,1,7,0.0007102548130322245,3,0.000549616621248424,-1,nan,-1,nan,nan,3,0.27775247906499256,0.000549616621248424,-1,nan,nan,2.047834242390592,-1,nan,nan,1,0,0,FDSR_to_abstain,-0.000549616621248424,FBCSR_worse,0,0,0,0
69f3980cf2db525c,4,0,16,1,20,0.9895940834667685,20,0.9895940834667685,-1,nan,2,0.11385718353497651,-0.00019636941166822908,2,0.4258590143303783,-0.00019636941166822908,2,0.6791289778987365,-0.00019636941166822908,2.047834242390592,-1,-1.3687052644918554,nan,1,1,1,same_winner,0.0,equal,0,0,0,0
6c6d30fe3b6e59f0,4,0,23,1,9,1.0326532647209063e-05,9,1.0326532647209063e-05,-1,nan,9,0.08726149597941253,1.0326532647209063e-05,9,0.4235135043048125,1.0326532647209063e-05,9,3.3222770890134306,1.0326532647209063e-05,2.047834242390592,9,1.2744428466228386,1.0326532647209063e-05,1,1,1,same_winner,0.0,equal,0,0,0,0
7449973a63d255af,4,0,9,0,-1,0.0,-1,nan,-1,nan,-1,nan,nan,2,0.08353209816415302,-0.0004798783322765843,2,0.401527707068134,-0.0004798783322765843,2.047834242390592,-1,-1.646306535322458,nan,1,1,0,same_winner,0.0,equal,0,0,0,1
84130118c5ec5189,4,0,1,0,-1,0.0,-1,nan,1,-0.012462227243202506,-1,nan,nan,-1,nan,nan,-1,nan,nan,2.047834242390592,-1,nan,nan,0,0,0,both_abstain,0.0,equal,0,0,0,1
986bd829651151e2,4,0,27,1,18,0.0005035575749845478,-1,nan,-1,nan,-1,nan,nan,-1,nan,nan,20,1.3000067922263412,0.0004532304486928318,2.047834242390592,-1,-0.7478274501642508,nan,0,1,0,abstain_to_FBCSR,0.0004532304486928318,FBCSR_better,0,0,0,0
c1dbec763983596c,4,0,17,0,-1,0.0,-1,nan,-1,nan,6,0.04431739068851928,-0.0004926864345327076,6,0.41469990587220024,-0.0004926864345327076,6,0.824725943942449,-0.0004926864345327076,2.047834242390592,-1,-1.223108298448143,nan,1,1,1,same_winner,0.0,equal,0,0,0,1
c70954fab4a650c7,4,0,5,0,-1,0.0,13,-1.233023564266786,13,-1.233023564266786,13,3.516119810400146,-1.233023564266786,13,3.721243638339774,-1.233023564266786,13,3.381402526123261,-1.233023564266786,2.047834242390592,13,1.333568283732669,-1.233023564266786,1,1,1,same_winner,0.0,equal,1,1,1,1
d8d6c32be32650ad,4,0,7,1,3,0.0006173326171934335,3,0.0006173326171934335,-1,nan,-1,nan,nan,3,0.34971518192302226,0.0006173326171934335,-1,nan,nan,2.047834242390592,-1,nan,nan,1,0,0,FDSR_to_abstain,-0.0006173326171934335,FBCSR_worse,0,0,0,0
deeae175505b5728,4,0,9,1,3,0.0011523595668379016,22,0.0010859224789778743,22,0.0010859224789778743,23,0.8651766032890484,0.000635542147327417,25,1.1298631893242757,0.0005853276690235276,25,0.4263122728443794,0.0005853276690235276,2.047834242390592,-1,-1.6215219695462126,nan,1,1,1,same_winner,0.0,equal,0,0,0,0
e380b20d49215557,4,0,13,1,2,1.0454592876074837,11,0.79252187629913,-1,nan,-1,nan,nan,2,0.3559306562566127,1.0454592876074837,2,0.16306958455744858,1.0454592876074837,2.047834242390592,-1,-1.8847646578331434,nan,1,1,0,same_winner,0.0,equal,0,0,0,0
e4499494731e5026,4,0,9,1,9,0.0011711783506906936,26,0.0005548425547778901,26,0.0005548425547778901,26,0.22153182701820578,0.0005548425547778901,26,0.8052000289845892,0.0005548425547778901,26,0.26922212872629436,0.0005548425547778901,2.047834242390592,-1,-1.7786121136642976,nan,1,1,1,same_winner,0.0,equal,0,0,0,0
ed710413165b5ca4,4,0,10,0,-1,0.0,-1,nan,-1,nan,1,0.1204755507993103,-0.00019858523067095568,1,0.43412745391769136,-0.00019858523067095568,1,0.23383922786887024,-0.00019858523067095568,2.047834242390592,-1,-1.8139950145217218,nan,1,1,1,same_winner,0.0,equal,0,0,0,1
f9922d29f7ca5693,4,0,9,1,11,6.897547915577906e-05,6,-0.00047983962707221503,-1,nan,21,0.11779663515162574,-8.826512694358815e-05,21,0.4967777603955566,-8.826512694358815e-05,21,0.46040800867635123,-8.826512694358815e-05,2.047834242390592,-1,-1.5874262337142406,nan,1,1,1,same_winner,0.0,equal,0,0,0,0
fbe3cf848a4c5391,4,0,1,0,-1,0.0,2,-0.004617220449447235,-1,nan,2,0.1078436452474513,-0.004617220449447235,2,0.432957272748256,-0.004617220449447235,2,0.6737011250692028,-0.004617220449447235,2.047834242390592,-1,-1.374133117321389,nan,1,1,1,same_winner,0.0,equal,0,0,0,1
fdf3abf3cf375c35,4,0,5,1,17,0.00010396643495187165,-1,nan,-1,nan,-1,nan,nan,2,0.11576961764436966,7.305791340768333e-05,2,0.397526164084942,7.305791340768333e-05,2.047834242390592,-1,-1.6503080783056499,nan,1,1,0,same_winner,0.0,equal,0,0,0,0
00f4aedf9b3c5f65,4,0,16,1,21,3.5336512327194085e-05,6,-0.0006036867231130599,-1,nan,21,0.04909560432574113,3.5336512327194085e-05,21,0.36922524770361326,3.5336512327194085e-05,24,0.08331206948113584,-0.0005765643358230589,2.047834242390592,-1,-1.9645221729094562,nan,1,1,1,winner_changed,-0.000611900848150253,FBCSR_worse,0,0,0,0
3584e6b997845f86,4,0,27,1,9,0.0012791171793224976,-1,nan,-1,nan,-1,nan,nan,6,0.09217442848002744,-0.012847998188858512,6,0.8143449204803097,-0.012847998188858512,2.047834242390592,-1,-1.2334893219102823,nan,1,1,0,same_winner,0.0,equal,0,0,0,0
3d56147a52d550b3,4,0,17,1,9,0.0003609416956082967,-1,nan,-1,nan,3,0.16678064051749308,0.00019048074111349678,9,0.3908910745664529,0.0003609416956082967,3,1.3419427618443382,0.00019048074111349678,2.047834242390592,-1,-0.7058914805462537,nan,1,1,1,winner_changed,-0.00017046095449479992,FBCSR_worse,0,0,0,0
4132da23bf54566f,4,0,17,1,1,0.0012187561772414313,16,0.0004848354852877712,-1,nan,1,0.03983734399063951,0.0012187561772414313,1,0.3641452452581342,0.0012187561772414313,1,0.7243817178564265,0.0012187561772414313,2.047834242390592,-1,-1.3234525245341655,nan,1,1,1,same_winner,0.0,equal,0,0,0,0
44ae005ad8b25d52,4,0,10,0,-1,0.0,14,-0.00025054427977888594,10,-3.5155634811481113,-1,nan,nan,6,0.32782864299268255,-1.6483458038507592e-05,-1,nan,nan,2.047834242390592,-1,nan,nan,1,0,0,FDSR_to_abstain,1.6483458038507592e-05,FBCSR_better,0,0,0,1
48ee2a6b3a4b54cc,4,0,8,0,-1,0.0,1,-0.06105165096865961,-1,nan,-1,nan,nan,1,0.31335083457752017,-0.06105165096865961,1,0.06663386639230245,-0.06105165096865961,2.047834242390592,-1,-1.9812003759982895,nan,1,1,0,same_winner,0.0,equal,0,0,0,1
49f109b9cca4567a,4,0,8,1,3,4.040594254867081,14,4.039883155602961,10,2.8068875166358427,-1,nan,nan,9,0.1755888568681036,4.0404683656364675,-1,nan,nan,2.047834242390592,-1,nan,nan,1,0,0,FDSR_to_abstain,-4.0404683656364675,FBCSR_worse,0,0,0,0
4ac48ad526735073,4,0,15,1,1,0.0003725693814456421,6,-0.001134402232244619,-1,nan,1,0.1935467795769919,0.0003725693814456421,1,0.4739382710563019,0.0003725693814456421,1,0.540962139040438,0.0003725693814456421,2.047834242390592,-1,-1.506872103350154,nan,1,1,1,same_winner,0.0,equal,0,0,0,0
5214a5118acc5d75,4,0,15,1,14,0.0001295385945936367,1,-1.8577690620524834e-05,-1,nan,6,0.07705476928321099,-0.0018463206470360483,6,0.41186187986909734,-0.0018463206470360483,6,0.2513604740259836,-0.0018463206470360483,2.047834242390592,-1,-1.7964737683646084,nan,1,1,1,same_winner,0.0,equal,0,0,0,0
55a7c26fd2d35b8e,4,0,16,1,16,0.0016992274252927153,16,0.0016992274252927153,-1,nan,-1,nan,nan,17,0.2606477482746454,0.0016981283892758547,17,0.6461556382158307,0.0016981283892758547,2.047834242390592,-1,-1.4016786041747613,nan,1,1,0,same_winner,0.0,equal,0,0,0,0
5693aed0af7e548c,4,0,5,0,-1,0.0,9,-2.8394162281440574,9,-2.8394162281440574,17,0.06633656337021299,-2.020414070067741,17,0.45653613702718826,-2.020414070067741,9,0.26575323636325576,-2.8394162281440574,2.047834242390592,-1,-1.7820810060273362,nan,1,1,1,winner_changed,-0.8190021580763163,FBCSR_worse,1,1,1,1
7418da8c04e85efb,4,0,7,1,1,4.00804797271723,-1,nan,-1,nan,1,0.21220641902691778,4.00804797271723,1,0.5068493370236459,4.00804797271723,1,0.7810915195809103,4.00804797271723,2.047834242390592,-1,-1.2667427228096817,nan,1,1,1,same_winner,0.0,equal,0,0,0,0
