scenario_token,outer_test_fold,calibration_fold,candidate_count,positive_opportunity,rsm_selected_action,rsm_selected_score,rsm_selected_teacher_improvement,dense_selected_action,zdelta_selected_action,dnl_selected_action,epv_raw_selected_action,epv_main_selected_action,dense_value,zdelta_value,dnl_value,epv_raw_value,epv_main_value,rsmr_proposal,rsmr_y,zdelta_accepts_rsmr_winner,zdelta_deletes_rsmr_winner,dnl_accepts_rsmr_winner,dnl_deletes_rsmr_winner,epv_raw_accepts_rsmr_winner,epv_raw_deletes_rsmr_winner,epv_main_accepts_rsmr_winner,epv_main_deletes_rsmr_winner,rsmr_outcome_class
30e193cab0fc5a5d,0,1,9,0,-1,,,-1,-1,-1,-1,-1,,,,,,0,,0,0,0,0,0,0,0,0,RSMR_abstain
366e33370f605634,0,1,4,1,28,0.1768938681841109,1.2326923098775555,28,28,-1,28,28,0.1904850688958888,0.2491733319192962,-0.6411611727462626,0.0443555450052759,0.0030749428239022,1,1.2326923098775555,1,0,0,1,1,0,1,0,material_positive_gt_0p2
3fabf2e29e5f5fc4,0,1,18,1,22,0.1364086511968436,0.0002032831884921,22,22,-1,22,22,0.0969791380535447,0.0772213547398359,-0.0499753683736038,0.0616147671500899,0.0203341649687161,1,0.0002032831884921,1,0,0,1,1,0,1,0,near_zero_positive_le_0p01
46f5fac22c0b5cb0,0,1,5,0,5,0.0060178534605635,-0.0008687456113751,-1,-1,-1,-1,-1,-0.0139948135039534,-0.035954805529189,-0.053231705454058,-0.0182971244253789,-0.0595777266067526,1,-0.0008687456113751,0,1,0,1,0,1,0,1,mild_harm
518c0014d1a45ca8,0,1,13,1,12,0.2711649932888276,-0.0001304086467248,12,12,12,-1,-1,0.038710561622988,0.0195168735680914,0.0132137278611165,-0.0001283030146716,-0.0414089051960453,1,-0.0001304086467248,1,0,1,0,0,1,0,1,mild_harm
586dc46118d75100,0,1,14,1,9,0.2774287955593529,-0.0004047478932421,-1,-1,-1,-1,-1,-0.0188280040061411,-0.0414196622024126,-0.0087486550959829,-0.0666306620859454,-0.1079112642673192,1,-0.0004047478932421,0,1,0,1,0,1,0,1,mild_harm
6596827fb10b569a,0,1,23,1,1,0.0822380271686119,0.0005793339748345,1,-1,1,1,1,0.0057937603225926,-0.0412932214082108,0.0774850780706879,0.085506374841875,0.0442257726605013,1,0.0005793339748345,0,1,1,0,1,0,1,0,near_zero_positive_le_0p01
8f79455cf8a85fb9,0,1,4,0,-1,,,-1,-1,-1,-1,-1,,,,,,0,,0,0,0,0,0,0,0,0,RSMR_abstain
b2f2a9a83437555c,0,1,1,0,7,0.1282250643340419,-0.0007529566446319,-1,-1,7,-1,-1,-0.0144863250278289,-0.0348431522758511,0.0411693783275214,-0.128635627553017,-0.1699162297343908,1,-0.0007529566446319,0,1,1,0,0,1,0,1,mild_harm
d1d8fef2f07e554f,0,1,27,1,19,0.2587082015109109,-6.528710596098719e-05,19,19,19,19,19,0.2180412382373967,0.158442037736839,0.0204904196001043,0.0999115190953878,0.058630916914014,1,-6.528710596098719e-05,1,0,1,0,1,0,1,0,mild_harm
d3578202f06d5c62,0,1,25,1,26,0.0756410325747795,8.269424438478445e-05,26,26,-1,26,-1,0.0280336791624671,0.0079563408679706,-0.0652436420946317,0.0283105646459043,-0.0129700375354694,1,8.269424438478445e-05,1,0,0,1,1,0,0,1,near_zero_positive_le_0p01
e7ee1c000ef85255,0,1,16,1,9,0.1387198737497646,0.0005864605173468,-1,-1,-1,-1,-1,-0.002720953584569,-0.0236056120981003,-0.0187281265395763,-0.1010380158235394,-0.1423186180049131,1,0.0005864605173468,0,1,0,1,0,1,0,1,near_zero_positive_le_0p01
e8a90962974f55d3,0,1,12,1,-1,,,-1,-1,-1,-1,-1,,,,,,0,,0,0,0,0,0,0,0,0,RSMR_abstain
f390221c855a53d1,0,1,17,1,23,0.1231167918763268,0.0001769104883706,23,23,-1,23,23,0.0800585133995113,0.0600734979842348,-0.0485582307625279,0.054346768826714,0.0130661666453403,1,0.0001769104883706,1,0,0,1,1,0,1,0,near_zero_positive_le_0p01
f473bc020969511e,0,1,24,1,2,0.3726935804696051,0.002340053756078,2,2,2,2,2,0.1353765686081339,0.0885977959676529,0.073852648869266,0.06081210384837,0.0195315016669963,1,0.002340053756078,1,0,1,0,1,0,1,0,near_zero_positive_le_0p01
5eae283cb1b95a45,0,1,6,1,25,0.168801985923207,0.0002113920846953,25,-1,25,25,-1,0.0073134818096157,-0.0135014652429323,0.0443760894518076,0.0074387229341724,-0.0338418792472013,1,0.0002113920846953,0,1,1,0,1,0,0,1,near_zero_positive_le_0p01
ea5915d23f345a29,0,1,6,1,26,0.253337737852979,-6.736000906726325e-06,26,26,26,-1,-1,0.0631582349836443,0.04334922690685,0.0256604923604723,-0.0093394586648693,-0.050620060846243,1,-6.736000906726325e-06,1,0,1,0,0,1,0,1,mild_harm
190d01845dda5596,0,1,4,0,-1,,,-1,-1,-1,-1,-1,,,,,,0,,0,0,0,0,0,0,0,0,RSMR_abstain
247baf6242815059,0,1,20,1,12,0.1064046111683757,-0.0004707026612013,-1,-1,12,12,-1,-0.0605332271262074,-0.0782910294570429,0.0565610350180696,0.0089594814979398,-0.0323211206834338,1,-0.0004707026612013,0,1,1,0,1,0,0,1,mild_harm
273d4e72b01d53cf,0,1,14,1,8,0.1059558045640616,-1.5629368781690487,8,8,-1,8,-1,0.0484957237368019,0.0306571144289398,-0.0993114484083778,0.0102364925559853,-0.0310441096253884,1,-1.5629368781690487,1,0,0,1,1,0,0,1,catastrophe
275e9cfb52fd59de,0,1,12,1,8,0.9052465347908496,0.1272746219409324,8,8,-1,8,8,0.3429943520581031,0.3734849409245088,-0.1820435997820748,0.4570160666764277,0.4157354644950539,1,0.1272746219409324,1,0,0,1,1,0,1,0,small_positive_0p01_to_0p2
4082f94c512b5d1f,0,1,14,1,23,0.0538410789147204,-0.0001477490439216,-1,-1,23,23,23,-0.0094783329360081,-0.021621800231357,0.1149131999804942,0.0663593032008506,0.0250787010194769,1,-0.0001477490439216,0,1,1,0,1,0,1,0,mild_harm
421dd5398e885a27,0,1,18,1,22,0.1664662853767564,-0.0001146473528817,22,-1,22,-1,-1,0.0065892556913786,-0.0117616177110772,0.0309129068979895,-0.0348168998283497,-0.0760975020097235,1,-0.0001146473528817,0,1,1,0,0,1,0,1,mild_harm
53620555ea3a5d3c,0,1,9,1,21,0.1628050291701029,0.0,21,21,-1,21,-1,0.0367038801926516,0.0151681782791996,-0.0291407564241571,0.0067529051210481,-0.0345276970603255,1,0.0,1,0,0,1,1,0,0,1,mild_harm
60bd62401d0857f9,0,1,15,1,22,0.2339518121083311,-5.674398746347009e-05,22,22,-1,-1,-1,0.0412792888251448,0.0200054908955896,-0.0011868614646908,-0.0081060940654605,-0.0493866962468343,1,-5.674398746347009e-05,1,0,0,1,0,1,0,1,mild_harm
6db53a1807af5a90,0,1,13,0,-1,,,-1,-1,-1,-1,-1,,,,,,0,,0,0,0,0,0,0,0,0,RSMR_abstain
8e6c888a92425ff1,0,1,6,1,1,0.1510891908982271,0.0003081311788877,1,1,-1,1,1,0.0805582614125274,0.0609751439173968,-0.013277018583678,0.0422810654912671,0.0010004633098934,1,0.0003081311788877,1,0,0,1,1,0,1,0,near_zero_positive_le_0p01
9a82cf7a1636581e,0,1,5,0,2,0.0756104859967904,-0.0042642683826388,2,2,-1,-1,-1,0.0698748459828704,0.0474297901531469,-0.021676122331677,-0.0954556431283087,-0.1367362453096824,1,-0.0042642683826388,1,0,0,1,0,1,0,1,mild_harm
c70bcca6e16953d7,0,1,14,1,10,0.0393977324969763,0.0003409750871363,10,10,-1,10,10,0.0851660641975028,0.0681527769258177,-0.011626548925682,0.0702293934817835,0.0289487913004098,1,0.0003409750871363,1,0,0,1,1,0,1,0,near_zero_positive_le_0p01
d04f957744a353ba,0,1,10,1,21,0.1639535399829263,0.0001638741232454,21,21,-1,21,-1,0.0720623228969148,0.05181249279836,-0.0321224737899183,0.0155510512651113,-0.0257295509162623,1,0.0001638741232454,1,0,0,1,1,0,0,1,near_zero_positive_le_0p01
d0c144dfeca55025,0,1,25,1,22,0.0984392131428491,-0.0001029941059838,22,22,-1,22,22,0.0224397609052132,0.0011327272048433,-0.0139601516522572,0.0442397617746864,0.0029591595933126,1,-0.0001029941059838,1,0,0,1,1,0,1,0,mild_harm
f6cbfc9328fd5914,0,1,5,1,15,0.5971377137121933,0.0028377727983173,15,15,15,15,15,0.203105095678648,0.1999842301849313,0.1085617183721212,0.2967600535406446,0.2554794513592708,1,0.0028377727983173,1,0,1,0,1,0,1,0,near_zero_positive_le_0p01
d0ce91bcf7ba557a,0,1,2,1,-1,,,-1,-1,-1,-1,-1,,,,,,0,,0,0,0,0,0,0,0,0,RSMR_abstain
00bf712a8e9e59bf,0,1,1,0,-1,,,-1,-1,-1,-1,-1,,,,,,0,,0,0,0,0,0,0,0,0,RSMR_abstain
07db46e8eac253cf,0,1,12,1,16,0.2530217512025169,0.7593208522055517,16,16,16,16,16,0.0266450634312064,0.0062666948999607,0.0175240198675355,0.1275937187737244,0.0863131165923506,1,0.7593208522055517,1,0,1,0,1,0,1,0,material_positive_gt_0p2
13adf1483845581c,0,1,18,1,21,0.1275596190793776,0.0006412762776015,21,21,-1,21,21,0.0885853517785381,0.0688143097016018,-0.0480551829777538,0.0442965511426143,0.0030159489612406,1,0.0006412762776015,1,0,0,1,1,0,1,0,near_zero_positive_le_0p01
2ffe7083e279569c,0,1,15,1,3,0.0759099948208489,0.000160507233395,3,3,-1,3,3,0.0895149668506138,0.0713326116587795,-0.0535847904374176,0.0599430704906994,0.0186624683093257,1,0.000160507233395,1,0,0,1,1,0,1,0,near_zero_positive_le_0p01
36857cb219845df9,0,1,14,1,7,0.0111505997441622,0.0001324263616466,7,7,-1,7,-1,0.0797355341918155,0.063475476028237,-0.0613023451281449,0.0251526445498311,-0.0161279576315425,1,0.0001324263616466,1,0,0,1,1,0,0,1,near_zero_positive_le_0p01
6f8bc109eabc5ad5,0,1,4,1,19,0.0332843123644923,-4.585174424573402e-06,19,-1,19,-1,-1,0.0056654425628182,-0.0160715341873889,0.0084182356791406,-0.0049259651134421,-0.0462065672948158,1,-4.585174424573402e-06,0,1,1,0,0,1,0,1,mild_harm
8fbfbaa44855539e,0,1,16,0,-1,,,-1,-1,-1,-1,-1,,,,,,0,,0,0,0,0,0,0,0,0,RSMR_abstain
b66888a9942d59ff,0,1,5,1,22,0.0891914892984824,0.0031217700053006,22,22,-1,-1,-1,0.0240766757272372,0.0053747520499268,-0.0061185354426909,-0.0223238523451895,-0.0636044545265632,1,0.0031217700053006,1,0,0,1,0,1,0,1,near_zero_positive_le_0p01
e4f303186cdb50b1,0,1,4,1,19,0.0360059972796644,-4.364564421121576e-06,19,-1,19,-1,-1,0.0075252289386416,-0.0141769072727206,0.0103240711363801,-0.0039950261890313,-0.045275628370405,1,-4.364564421121576e-06,0,1,1,0,0,1,0,1,mild_harm
ee17abab9d83514f,0,1,4,0,17,0.2661902593227762,-5.260109603405505e-05,17,17,17,17,-1,0.0636671408818455,0.0440929989714107,0.008996192678627,0.0296477023286168,-0.0116328998527568,1,-5.260109603405505e-05,1,0,1,0,1,0,0,1,mild_harm
5b4aedf8449c54ca,0,1,4,1,1,0.3036981106646081,0.0013290141742676,-1,-1,1,-1,-1,-0.0399651973206306,-0.0662014661111669,0.0408068743180782,-0.004140683737858,-0.0454212859192317,1,0.0013290141742676,0,1,1,0,0,1,0,1,near_zero_positive_le_0p01
73458ba61f445d19,0,1,16,1,9,0.0692067774063314,-2.754281880346099e-06,9,9,9,-1,-1,0.1112766647659109,0.0713803457529461,0.1828311017916728,-0.0595355450317126,-0.1008161472130864,1,-2.754281880346099e-06,1,0,1,0,0,1,0,1,mild_harm
7647b4788f795d71,0,1,1,1,1,0.2369589393802825,0.0035336643615271,-1,-1,-1,-1,-1,-0.0383726569275902,-0.0603250465365516,-0.0100303576107625,-0.0460254019896939,-0.0873060041710676,1,0.0035336643615271,0,1,0,1,0,1,0,1,near_zero_positive_le_0p01
8f2f7b6da7495074,0,1,22,1,6,0.2750697190322527,-0.0030044126219674,6,6,6,6,-1,0.0316000421529127,0.0098140648747318,0.0074468212292259,0.0110520418402463,-0.0302285603411274,1,-0.0030044126219674,1,0,1,0,1,0,0,1,mild_harm
c23e9cc0ed7e5b21,0,1,17,1,3,0.0494992337730325,0.0016556329336947,3,3,3,3,-1,0.1496204256020849,0.090835706215971,0.0942223681663115,0.0079685524772866,-0.0333120497040871,1,0.0016556329336947,1,0,1,0,1,0,0,1,near_zero_positive_le_0p01
cdfa6ac2b00156d1,0,1,10,0,-1,,,-1,-1,-1,-1,-1,,,,,,0,,0,0,0,0,0,0,0,0,RSMR_abstain
16599b5179df53bb,0,1,7,0,-1,,,-1,-1,-1,-1,-1,,,,,,0,,0,0,0,0,0,0,0,0,RSMR_abstain
181f26554b4b5e75,0,1,15,0,9,0.2131053279119143,-0.0001236836064255,-1,-1,-1,-1,-1,-0.0486384365392545,-0.071105215107418,-0.0219127420990306,-0.0673339965785574,-0.1086145987599311,1,-0.0001236836064255,0,1,0,1,0,1,0,1,mild_harm
21411e892e975adf,0,1,3,0,-1,,,-1,-1,-1,-1,-1,,,,,,0,,0,0,0,0,0,0,0,0,RSMR_abstain
24f940b7a94f5ed7,0,1,17,0,3,0.0788292181613854,-0.0003130765174522,3,3,3,3,3,0.096045237661038,0.072399563848423,0.0299464828347706,0.1136293289256788,0.0723487267443051,1,-0.0003130765174522,1,0,1,0,1,0,1,0,mild_harm
257140a662885e1d,0,1,7,1,3,0.0516886667898204,0.000522074045008,3,3,-1,3,3,0.1224867541545161,0.1052820559246266,-0.0156102747567059,0.0704710447528903,0.0291904425715166,1,0.000522074045008,1,0,0,1,1,0,1,0,near_zero_positive_le_0p01
3e1e8ae126d0578f,0,1,15,1,-1,,,-1,-1,-1,-1,-1,,,,,,0,,0,0,0,0,0,0,0,0,RSMR_abstain
40d5b1af93cf50e4,0,1,12,1,4,0.1144445606696137,8.93150708446977e-05,4,4,-1,-1,-1,0.0339819708396181,0.0141947483327558,-0.0658409795743751,-0.0146102645313374,-0.0558908667127112,1,8.93150708446977e-05,1,0,0,1,0,1,0,1,near_zero_positive_le_0p01
4b30de14589f513c,0,1,14,1,23,0.1239261711985639,0.0002240603599697,23,23,23,23,23,0.0903740138213555,0.0713802191985438,0.0028225745091643,0.0561529673806546,0.0148723651992809,1,0.0002240603599697,1,0,1,0,1,0,1,0,near_zero_positive_le_0p01
648d283b25fa50d1,0,1,4,0,23,0.2530075331405964,-0.0001290052613243,-1,-1,23,-1,-1,-0.0010503038589138,-0.0240932695558929,0.0100552623303113,-0.0306111222700522,-0.071891724451426,1,-0.0001290052613243,0,1,1,0,0,1,0,1,mild_harm
651762602ed854bf,0,1,1,1,-1,,,-1,-1,-1,-1,-1,,,,,,0,,0,0,0,0,0,0,0,0,RSMR_abstain
864541f05d165c97,0,1,2,1,21,0.1935085229851983,7.027299320325284e-05,21,21,21,21,21,0.2494304739001024,0.2093603987130982,0.0754698077936548,0.1463104257538866,0.1050298235725128,1,7.027299320325284e-05,1,0,1,0,1,0,1,0,near_zero_positive_le_0p01
a054dd394e1b559c,0,1,17,1,21,0.4527756639738644,0.0004801966886094,21,21,21,21,-1,0.1123249080932364,0.0689566830449564,0.0655664083381397,0.0276314418480377,-0.0136491603333359,1,0.0004801966886094,1,0,1,0,1,0,0,1,near_zero_positive_le_0p01
b7c6fe6429785952,0,1,15,1,22,0.1393431402315217,6.060907109617375e-05,22,22,-1,22,-1,0.047375007876414,0.0268376488800296,-0.0287425480160226,0.018418054811322,-0.0228625473700516,1,6.060907109617375e-05,1,0,0,1,1,0,0,1,near_zero_positive_le_0p01
c031140da54d502a,0,1,17,1,3,0.1299209399720031,0.9911725879896434,3,3,3,3,-1,0.1449363972397084,0.0911728449207011,0.0990792441501522,0.0235023370808961,-0.0177782651004775,1,0.9911725879896434,1,0,1,0,1,0,0,1,material_positive_gt_0p2
cdabe76a1ba75152,0,1,16,1,3,0.5871673676194018,0.990668047375232,3,3,3,3,3,0.2975005558059906,0.2396444973570002,0.2100241521493926,0.0717401540263996,0.0304595518450259,1,0.990668047375232,1,0,1,0,1,0,1,0,material_positive_gt_0p2
cdccf3dfd4e153cc,0,1,24,1,21,0.4473879834141613,0.0025033863656862,21,21,21,21,21,0.1633665720772282,0.1202203600551859,0.0566427531390642,0.0686410301165733,0.0273604279351995,1,0.0025033863656862,1,0,1,0,1,0,1,0,near_zero_positive_le_0p01
d3e0b427c9095c6f,0,1,17,1,9,0.2384780682024984,0.0002687987604178,-1,-1,-1,-1,-1,-0.0342775652307421,-0.0575735548522561,-0.0197392201432361,-0.0625474802101272,-0.1038280823915009,1,0.0002687987604178,0,1,0,1,0,1,0,1,near_zero_positive_le_0p01
d86f407ee78151b0,0,1,5,1,-1,,,-1,-1,-1,-1,-1,,,,,,0,,0,0,0,0,0,0,0,0,RSMR_abstain
de2c82b474d85dd5,0,1,17,1,9,0.2025328713640982,0.0006124333238229,-1,-1,-1,-1,-1,-0.0611114252943503,-0.0838838414905975,-0.0271765847208825,-0.0871194376628142,-0.128400039844188,1,0.0006124333238229,0,1,0,1,0,1,0,1,near_zero_positive_le_0p01
046577552dd15fc3,0,1,15,1,-1,,,-1,-1,-1,-1,-1,,,,,,0,,0,0,0,0,0,0,0,0,RSMR_abstain
1f8c9456286d59fb,0,1,17,0,9,0.1605581158987417,-0.0006121215932071,-1,-1,-1,-1,-1,-0.0774265226723086,-0.1018754667380164,-0.0333917100197966,-0.0940373579083601,-0.1353179600897338,1,-0.0006121215932071,0,1,0,1,0,1,0,1,mild_harm
369040b3134c5769,0,1,17,1,-1,,,-1,-1,-1,-1,-1,,,,,,0,,0,0,0,0,0,0,0,0,RSMR_abstain
39dca464ed145043,0,1,17,1,3,0.0557550442093209,1.3998703285889036e-05,3,3,3,3,3,0.2041135576548878,0.136623056359069,0.0986986971203627,0.0505874208263644,0.0093068186449907,1,1.3998703285889036e-05,1,0,1,0,1,0,1,0,near_zero_positive_le_0p01
3e940b9ccdf456b7,0,1,17,1,3,0.0558152016575229,-0.0098371612697842,3,3,3,3,3,0.2065860942685823,0.1390623634226731,0.0988858859026982,0.0515289861551445,0.0102483839737708,1,-0.0098371612697842,1,0,1,0,1,0,1,0,mild_harm
4f74e2eb505a5fd0,0,1,9,0,7,0.0179788836892131,-0.2430389412705786,7,7,-1,-1,-1,0.0313370290905094,0.0171620184643422,-0.0739817886821262,-0.0183507841066364,-0.0596313862880102,1,-0.2430389412705786,1,0,0,1,0,1,0,1,mild_harm
524cadd627f25d7f,0,1,8,0,7,0.0439366670846383,-0.2439054437735635,7,7,-1,7,-1,0.0368544229528659,0.0183825942389299,-0.0713455581659826,0.001646920720313,-0.0396336814610607,1,-0.2439054437735635,1,0,0,1,1,0,0,1,mild_harm
70c45003ec3e527b,0,1,1,0,9,0.0495696802295063,-0.0006647571086881,-1,-1,9,-1,-1,-0.1138098134064083,-0.1362170396936442,0.066433277368366,-0.1090600715733469,-0.1503406737547206,1,-0.0006647571086881,0,1,1,0,0,1,0,1,mild_harm
b1bfa52c4bc452b7,0,1,17,1,-1,,,-1,-1,-1,-1,-1,,,,,,0,,0,0,0,0,0,0,0,0,RSMR_abstain
bed9898a4bf45a6b,0,1,17,1,-1,,,-1,-1,-1,-1,-1,,,,,,0,,0,0,0,0,0,0,0,0,RSMR_abstain
db219c4afef9558d,0,1,18,1,3,0.109005171517493,0.0001490208003551,3,3,3,3,-1,0.155470900871786,0.098704568140247,0.0979979739630409,0.0397422902721431,-0.0015383119092306,1,0.0001490208003551,1,0,1,0,1,0,0,1,near_zero_positive_le_0p01
fa1f7200f4ff5651,0,1,16,0,-1,,,-1,-1,-1,-1,-1,,,,,,0,,0,0,0,0,0,0,0,0,RSMR_abstain
04e294754b4d56a6,0,1,7,1,22,0.3005936605354631,4.5298025821094434e-05,22,22,22,22,22,0.0401800416786797,0.0269912586084952,0.0880125192427089,0.073026816021342,0.0317462138399682,1,4.5298025821094434e-05,1,0,1,0,1,0,1,0,near_zero_positive_le_0p01
3a223e65af13545c,0,1,7,1,1,0.7360791112853133,1.6616739350611345,1,1,1,1,1,0.1783972473066191,0.1757490064691174,0.0275951401495997,0.6216938711327661,0.5804132689513923,1,1.6616739350611345,1,0,1,0,1,0,1,0,material_positive_gt_0p2
3e1f06aa9ff354c9,0,1,17,1,3,0.0872942507860932,0.000358076515142,3,3,3,3,-1,0.1437458288376343,0.0855177857033564,0.0479672326884712,0.0248167546377657,-0.016463847543608,1,0.000358076515142,1,0,1,0,1,0,0,1,near_zero_positive_le_0p01
3e3a2d672dfb5b51,0,1,6,1,6,0.1667612122709031,-1.987346634269027e-05,6,6,6,-1,-1,0.0719728067266452,0.0563124083659093,0.0808183637975491,-0.0132964242871142,-0.0545770264684879,1,-1.987346634269027e-05,1,0,1,0,0,1,0,1,mild_harm
6110193eb32f5ad4,0,1,17,1,-1,,,-1,-1,-1,-1,-1,,,,,,0,,0,0,0,0,0,0,0,0,RSMR_abstain
6e075e93bd485b81,0,1,10,1,-1,,,-1,-1,-1,-1,-1,,,,,,0,,0,0,0,0,0,0,0,0,RSMR_abstain
6fc9e653b0ee5565,0,1,12,1,10,0.3179424258286458,-0.0001716095520647,10,10,10,-1,-1,0.0144237258251828,0.0013133263419802,0.061908101129878,-0.0062526663161526,-0.0475332684975263,1,-0.0001716095520647,1,0,1,0,0,1,0,1,mild_harm
99426aa893625f69,0,1,7,0,2,0.0617471534812086,-0.990559431026876,2,2,-1,2,-1,0.0888620312714038,0.0723673755010479,-0.0513928927999881,0.029861616057656,-0.0114189861237177,1,-0.990559431026876,1,0,0,1,1,0,0,1,catastrophe
9fb5b34a36925a6c,0,1,7,0,4,0.1135710824679139,-0.0037563836089917,4,4,-1,4,-1,0.1019921908774264,0.0885854632936083,-0.0467658711449284,0.0168055403826928,-0.0244750617986808,1,-0.0037563836089917,1,0,0,1,1,0,0,1,mild_harm
a1c1a996e52f5c4e,0,1,5,0,9,0.129147507251073,-0.0004672088905239,-1,-1,-1,9,-1,-0.09840914616565,-0.1212328861942608,-0.0477340897768719,0.0025269314533707,-0.0387536707280029,1,-0.0004672088905239,0,1,0,1,1,0,0,1,mild_harm
a657d16d34c3519a,0,1,3,1,20,0.1935592380844824,1.784201655457297,20,20,-1,20,-1,0.1443779706712271,0.1286134147255294,-0.0457718617534855,0.0001158429692525,-0.0411647592121211,1,1.784201655457297,1,0,0,1,1,0,0,1,material_positive_gt_0p2
a68adc1c27615ce9,0,1,13,0,-1,,,-1,-1,-1,-1,-1,,,,,,0,,0,0,0,0,0,0,0,0,RSMR_abstain
a75ce500226f5481,0,1,17,1,4,0.2603494602161748,-0.0008296889021993,4,4,4,-1,-1,0.0534556703399813,0.0340733085571962,0.006349811120793,-0.0353747824324116,-0.0766553846137853,1,-0.0008296889021993,1,0,1,0,0,1,0,1,mild_harm
b95dc2615771588d,0,1,14,1,23,0.232985093688386,1.9696841584348583,23,23,-1,-1,-1,0.0345435830906141,0.0130224407895712,-0.0031567382353652,-0.011447942629769,-0.0527285448111427,1,1.9696841584348583,1,0,0,1,0,1,0,1,material_positive_gt_0p2
c3fd16e5694a5353,0,1,10,1,9,0.02646719507444,0.0044793055554852,9,9,9,9,9,0.02558675452705,0.0058578270682752,0.1563670084043122,0.0525527729950101,0.0112721708136363,1,0.0044793055554852,1,0,1,0,1,0,1,0,near_zero_positive_le_0p01
c8c5d04b848e504c,0,1,16,1,3,0.1659734801915494,0.000295684360573,3,3,3,3,-1,0.1443866742738182,0.1041881980001722,0.1552960096469639,0.0245852905918339,-0.0166953115895397,1,0.000295684360573,1,0,1,0,1,0,0,1,near_zero_positive_le_0p01
c944de45a71e5a38,0,1,14,0,-1,,,-1,-1,-1,-1,-1,,,,,,0,,0,0,0,0,0,0,0,0,RSMR_abstain
f7cbec94d1ff5621,0,1,3,0,-1,,,-1,-1,-1,-1,-1,,,,,,0,,0,0,0,0,0,0,0,0,RSMR_abstain
03dac455f9ec5792,0,1,18,1,23,0.2460258016774534,-0.0001943112442734,23,-1,23,-1,-1,0.0090548839941286,-0.0117550625416847,0.0275496225284842,-0.0391368077303069,-0.0804174099116806,1,-0.0001943112442734,0,1,1,0,0,1,0,1,mild_harm
0966d80519ed5508,0,1,11,1,-1,,,-1,-1,-1,-1,-1,,,,,,0,,0,0,0,0,0,0,0,0,RSMR_abstain
222f2b699516591c,0,1,14,1,-1,,,-1,-1,-1,-1,-1,,,,,,0,,0,0,0,0,0,0,0,0,RSMR_abstain
343925e5442554f5,0,1,4,1,9,0.5838481226295662,-0.0001190353877842,9,9,9,9,9,0.1926075187282643,0.1925926812001834,0.0533577832773496,0.3067341669813045,0.2654535647999307,1,-0.0001190353877842,1,0,1,0,1,0,1,0,mild_harm
650894e30d725ba8,0,1,14,0,-1,,,-1,-1,-1,-1,-1,,,,,,0,,0,0,0,0,0,0,0,0,RSMR_abstain
70a67a5dedae584b,0,1,23,1,22,0.1821758017089497,0.0002050307922065,22,22,-1,22,-1,0.0483894894805593,0.032048237991185,-0.0919934613565783,0.0149023221240774,-0.0263782800572962,1,0.0002050307922065,1,0,0,1,1,0,0,1,near_zero_positive_le_0p01
80c337fb67145ff6,0,1,29,1,20,0.1677480115548473,0.0002089060913768,20,20,20,20,20,0.1923102162231171,0.1503090563305867,0.0394811611182221,0.1145993743290645,0.0733187721476907,1,0.0002089060913768,1,0,1,0,1,0,1,0,near_zero_positive_le_0p01
84ed4f2cc4f057ce,0,1,14,1,25,0.172805776623204,1.8950668792427905e-05,25,25,-1,25,-1,0.0446451628260534,0.0223669534809233,-0.0384436817353239,0.0057095111851954,-0.0355710909961782,1,1.8950668792427905e-05,1,0,0,1,1,0,0,1,near_zero_positive_le_0p01
8bdafd4a1d7c50eb,0,1,21,1,3,0.075166753519983,0.0008188129012006,3,3,3,3,3,0.0771272260532344,0.048725763735745,0.1011283596962529,0.0842629810006092,0.0429823788192355,1,0.0008188129012006,1,0,1,0,1,0,1,0,near_zero_positive_le_0p01
9cb860301c105ca7,0,1,9,1,20,0.5255746113163778,-3.7070147320572566e-05,20,20,20,20,20,0.154224216009822,0.1422893057990329,0.0794673065067989,0.054128929046126,0.0128483268647523,1,-3.7070147320572566e-05,1,0,1,0,1,0,1,0,mild_harm
a1ceb182eb7250a1,0,1,16,1,9,0.2760796406411903,0.0007709787252359,-1,-1,9,-1,-1,-0.0337293133597513,-0.0558804876295415,0.0048873263409132,-0.1148286988585149,-0.1561093010398886,1,0.0007709787252359,0,1,1,0,0,1,0,1,near_zero_positive_le_0p01
b704090abc8d5afe,0,1,30,1,18,0.1553406690888887,0.0007353571400976,18,18,-1,18,18,0.2428806035466392,0.1706565718768329,-0.0266770446312692,0.1181890948509353,0.0769084926695616,1,0.0007353571400976,1,0,0,1,1,0,1,0,near_zero_positive_le_0p01
fd35b4e54a465e54,0,1,1,0,7,0.1122411017486341,-2.0207331793509424,7,7,-1,-1,-1,0.0480940415390945,0.0289655068307459,-0.0461463663014969,-0.0122792240459133,-0.053559826227287,1,-2.0207331793509424,1,0,0,1,0,1,0,1,catastrophe
fe98c3c19baf5ea3,0,1,2,1,4,0.6410420944109576,2.128624531634088,-1,-1,-1,4,4,-0.3125983503322216,-0.3679168991430792,-0.4312147649267283,0.5448071044168696,0.5035265022354959,1,2.128624531634088,0,1,0,1,1,0,1,0,material_positive_gt_0p2
05ba4ac2db9c50d2,0,1,11,1,25,0.1727854607064307,-0.98944860655242,25,25,25,25,-1,0.0331336626397285,0.0120430821628625,0.1399528315315072,0.0032627740449928,-0.0380178281363808,1,-0.98944860655242,1,0,1,0,1,0,0,1,catastrophe
0d399eab6caf5d71,0,1,1,0,-1,,,-1,-1,-1,-1,-1,,,,,,0,,0,0,0,0,0,0,0,0,RSMR_abstain
154c14f381535c43,0,1,1,1,24,0.2305967211942673,7.987478524418279e-05,24,24,24,24,-1,0.040217333795695,0.0190686329441149,0.0080916858678254,0.025511336215136,-0.0157692659662377,1,7.987478524418279e-05,1,0,1,0,1,0,0,1,near_zero_positive_le_0p01
20cd0f5250875606,0,1,5,0,9,0.1943934711475888,-0.0003515167922247,-1,-1,9,-1,-1,-0.0398395694111732,-0.0597868768282645,0.03680620206269,-0.0817648686127735,-0.1230454707941472,1,-0.0003515167922247,0,1,1,0,0,1,0,1,mild_harm
30a3163cf0805a69,0,1,4,0,1,0.2587818534600188,-1.2324926170708386,1,1,1,1,1,0.0194241889830392,0.0052647479338309,0.1183920774423836,0.0917251215193215,0.0504445193379478,1,-1.2324926170708386,1,0,1,0,1,0,1,0,catastrophe
3da38924ebd45f50,0,1,10,1,1,0.2897989109508466,1.728687759304978,-1,-1,-1,-1,-1,-0.0079665861157832,-0.0297829045725513,-0.0024962713089286,-0.0241293314092375,-0.0654099335906112,1,1.728687759304978,0,1,0,1,0,1,0,1,material_positive_gt_0p2
48fd1a7abb7c59a6,0,1,19,1,23,0.2661473623851567,-0.0003539639446881,-1,-1,23,-1,-1,-0.0033295249734401,-0.0219093735299151,0.0425825542080879,-0.02403155033795,-0.0653121525193238,1,-0.0003539639446881,0,1,1,0,0,1,0,1,mild_harm
501128405d13533f,0,1,10,1,-1,,,-1,-1,-1,-1,-1,,,,,,0,,0,0,0,0,0,0,0,0,RSMR_abstain
594c56337e94571b,0,1,14,0,-1,,,-1,-1,-1,-1,-1,,,,,,0,,0,0,0,0,0,0,0,0,RSMR_abstain
5c92fa52c5165a1e,0,1,19,1,10,0.1913259511332679,-7.041046395883654e-05,10,-1,10,-1,-1,0.0030554515099414,-0.0155372478721871,0.0128653752138533,-0.0243888225723708,-0.0656694247537445,1,-7.041046395883654e-05,0,1,1,0,0,1,0,1,mild_harm
83d128720881565a,0,1,17,0,3,0.0524354888181263,-0.0005778864786027,-1,-1,-1,-1,-1,-0.1249182448656026,-0.1454732779086158,-0.0636786882028032,-0.1456757412949807,-0.1869563434763544,1,-0.0005778864786027,0,1,0,1,0,1,0,1,mild_harm
95a810911ba359ec,0,1,11,0,18,0.3655633981867628,-1.2317849212438547,18,18,18,18,18,0.1207343544690172,0.1363993793652895,0.1052812236840874,0.2999102174849742,0.2586296153036005,1,-1.2317849212438547,1,0,1,0,1,0,1,0,catastrophe
9d1adc78bda259ce,0,1,10,1,-1,,,-1,-1,-1,-1,-1,,,,,,0,,0,0,0,0,0,0,0,0,RSMR_abstain
a3b5d1855e7e5d96,0,1,12,1,5,0.8865874639511729,0.1193620606041702,5,5,5,-1,-1,0.3190493646369497,0.3426107814743035,0.084476118416155,-0.0036507200736732,-0.044931322255047,1,0.1193620606041702,1,0,1,0,0,1,0,1,small_positive_0p01_to_0p2
bbc08519add25675,0,1,3,1,9,0.34343464965122,2.284032596921548,9,-1,9,9,-1,0.0023107613452506,-0.0152616673711236,0.0232098777927719,0.0221651448712548,-0.0191154573101188,1,2.284032596921548,0,1,1,0,1,0,0,1,material_positive_gt_0p2
bf75c93832c7569d,0,1,9,1,-1,,,-1,-1,-1,-1,-1,,,,,,0,,0,0,0,0,0,0,0,0,RSMR_abstain
d5b4a2295da55f8c,0,1,5,0,7,2.0232822920408102,-1.2230283835736102,7,7,7,7,7,0.9813746018924504,0.941602470815326,0.4842909227100235,0.9353179686446116,0.894037366463238,1,-1.2230283835736102,1,0,1,0,1,0,1,0,catastrophe
dec7d1a6632a516c,0,1,9,1,1,0.2095299925044658,0.0097562610348436,1,1,1,1,1,0.023127761480382,0.0029097737095533,0.0249987323543417,0.0734685589561282,0.0321879567747544,1,0.0097562610348436,1,0,1,0,1,0,1,0,near_zero_positive_le_0p01
e14c53a47ffc5fe0,0,1,21,1,24,0.2705662984108091,-0.0002950868985615,24,-1,24,-1,-1,0.0058990155140638,-0.0147163031243486,0.0372981322544055,-0.0253826964710458,-0.0666632986524195,1,-0.0002950868985615,0,1,1,0,0,1,0,1,mild_harm
0624fd97bb1d5859,0,1,23,1,22,0.307087604126155,0.0001875565206632,22,22,22,22,22,0.1419688518989592,0.1005462058918258,0.0745652435257398,0.070399065353109,0.0291184631717352,1,0.0001875565206632,1,0,1,0,1,0,1,0,near_zero_positive_le_0p01
1289017760ab5cda,0,1,22,1,23,0.1695696067585175,-0.0001021183120086,-1,-1,23,-1,-1,-0.018039207450306,-0.0358804453843444,0.0284391714693135,-0.0411884732449242,-0.0824690754262979,1,-0.0001021183120086,0,1,1,0,0,1,0,1,mild_harm
15210c5280b851a8,0,1,18,1,24,0.0783254314371099,1.220051444119215,24,24,-1,24,-1,0.0315768028261241,0.0114142741010069,-0.0473867492620419,0.0047761800650484,-0.0365044221163252,1,1.220051444119215,1,0,0,1,1,0,0,1,material_positive_gt_0p2
327472f9f4b755a7,0,1,12,1,-1,,,-1,-1,-1,-1,-1,,,,,,0,,0,0,0,0,0,0,0,0,RSMR_abstain
35c70713d92251fc,0,1,12,1,17,0.1413127678783992,0.0,17,17,17,-1,-1,0.0449619893080849,0.0235777180516099,0.0387554373004594,-0.0025181338176987,-0.0437987359990725,1,0.0,1,0,1,0,0,1,0,1,mild_harm
3a4fd1d48a995545,0,1,12,1,19,0.3629425684112401,0.0142617651462133,19,19,19,19,19,0.0591832817396835,0.0551783937540968,0.0062483236370491,0.1052875011653026,0.0640068989839289,1,0.0142617651462133,1,0,1,0,1,0,1,0,small_positive_0p01_to_0p2
3c9d60b02bfb51c0,0,1,17,0,9,0.2019859033669045,-0.0004975407660006,-1,-1,-1,-1,-1,-0.06521624842846,-0.0899275677550487,-0.0239640749402915,-0.0900059797549511,-0.1312865819363248,1,-0.0004975407660006,0,1,0,1,0,1,0,1,mild_harm
4750b9c4cfbd5d3f,0,1,2,0,-1,,,-1,-1,-1,-1,-1,,,,,,0,,0,0,0,0,0,0,0,0,RSMR_abstain
506ddb4d458f5a70,0,1,1,0,9,0.2129942629495222,-0.9297249210089444,-1,-1,9,-1,-1,-0.0528829134088118,-0.0756810196047875,0.0151803710662032,-0.0336924228187109,-0.0749730250000847,1,-0.9297249210089444,0,1,1,0,0,1,0,1,catastrophe
54dbabed00525444,0,1,17,0,6,0.1129828642843183,-0.0001196603953605,-1,-1,-1,-1,-1,-0.0071237407722798,-0.0265904409199201,-0.0249015682091542,-0.0685019175179703,-0.109782519699344,1,-0.0001196603953605,0,1,0,1,0,1,0,1,mild_harm
77f9220d917b52d0,0,1,12,1,1,0.1751107123164369,0.9964797705322505,1,1,1,1,1,0.0912410640457193,0.0581569152882897,0.1301538361401394,0.06283071699994,0.0215501148185663,1,0.9964797705322505,1,0,1,0,1,0,1,0,material_positive_gt_0p2
7ca96f8e844f56ca,0,1,15,1,20,0.3163398267823767,3.252210966228601,20,20,20,20,20,0.0539080959917234,0.0349808515551655,0.0586702728745484,0.0445966220410409,0.0033160198596671,1,3.252210966228601,1,0,1,0,1,0,1,0,material_positive_gt_0p2
7d363b1db0fc5975,0,1,11,1,5,0.0515535415839632,-0.9769596037015144,5,-1,-1,-1,-1,0.0023679799345624,-0.0174866853408972,-0.0757894717169958,-0.0544285951270214,-0.0957091973083951,1,-0.9769596037015144,0,1,0,1,0,1,0,1,catastrophe
8813e8c6790a59d3,0,1,13,1,22,0.2954325623573707,0.0001085729885146,22,22,-1,22,22,0.0811287626644632,0.0799476775304702,-0.0439372734710553,0.1269286512506129,0.0856480490692392,1,0.0001085729885146,1,0,0,1,1,0,1,0,near_zero_positive_le_0p01
9626975e16725ec8,0,1,20,1,22,0.0387127754169094,0.0008604435924439,22,22,22,22,22,0.0489570869994059,0.0240728534047358,0.1276257416129361,0.0563337120702004,0.0150531098888267,1,0.0008604435924439,1,0,1,0,1,0,1,0,near_zero_positive_le_0p01
9907ad0101c45e09,0,1,1,0,-1,,,-1,-1,-1,-1,-1,,,,,,0,,0,0,0,0,0,0,0,0,RSMR_abstain
9e720f0176b35d63,0,1,24,1,19,0.2363259581218463,-9.262234168127192e-05,19,-1,19,-1,-1,0.0233437677746473,-0.0002576653539395,0.0450833873965286,-0.0987745683431768,-0.1400551705245505,1,-9.262234168127192e-05,0,1,1,0,0,1,0,1,mild_harm
a67f3948c2445760,0,1,3,1,3,0.030472551691319,0.0006509598884731,3,3,3,3,3,0.108885410976374,0.0890783788087801,0.024564282097739,0.0847829433889634,0.0435023412075897,1,0.0006509598884731,1,0,1,0,1,0,1,0,near_zero_positive_le_0p01
a8e99095a8235549,0,1,4,0,16,0.5009691622233208,-1.2318749638779087,16,16,16,16,16,0.4386884357042828,0.2768326253429587,2.386472607810871,2.4031024259549008,2.361821823773527,1,-1.2318749638779087,1,0,1,0,1,0,1,0,catastrophe
aed1237adf57578c,0,1,1,1,0,0.3113336971456892,1.0332035451421078,0,0,0,0,0,0.1439955376041523,0.0947513036760112,0.276369489009164,0.1867993101613492,0.1455187079799755,1,1.0332035451421078,1,0,1,0,1,0,1,0,material_positive_gt_0p2
ba5ddc3d1d5d56ad,0,1,1,0,25,0.2006617011717707,-3.65264862778325e-05,25,25,25,25,-1,0.0515940402595782,0.0332608740101628,0.0960161739385334,0.0154091749230908,-0.0258714272582829,1,-3.65264862778325e-05,1,0,1,0,1,0,0,1,mild_harm
c81dc86e054f566d,0,1,15,1,3,0.0446817022815315,0.0005305072082206,3,3,-1,3,3,0.0931528744394683,0.0741596760233709,-0.0464243476973839,0.0475272511454098,0.0062466489640361,1,0.0005305072082206,1,0,0,1,1,0,1,0,near_zero_positive_le_0p01
cffbf96734fa5f35,0,1,2,0,1,0.0905889789082065,-0.0001211573171431,1,1,-1,-1,-1,0.1044881091706108,0.0873679145356192,-0.0452967373422547,-0.0106100186961276,-0.0518906208775013,1,-0.0001211573171431,1,0,0,1,0,1,0,1,mild_harm
f4ba7c7ca86f5233,0,1,13,1,22,0.3020711472082559,6.64908149863308e-05,22,22,-1,22,22,0.0814907908108935,0.0806935872766547,-0.0471217468891781,0.124466345537311,0.0831857433559373,1,6.64908149863308e-05,1,0,0,1,1,0,1,0,near_zero_positive_le_0p01
045cd7a008c65925,0,1,17,1,9,0.2187556230918365,0.0004271200689487,9,-1,9,-1,-1,0.008633577527114,-0.0330548085491469,0.1063809382762815,-0.040519167601463,-0.0817997697828368,1,0.0004271200689487,0,1,1,0,0,1,0,1,near_zero_positive_le_0p01
0c77a4182a655cf9,0,1,3,1,-1,,,-1,-1,-1,-1,-1,,,,,,0,,0,0,0,0,0,0,0,0,RSMR_abstain
1470dbcb0c415442,0,1,9,1,9,0.0258193396029285,0.0005928187692534,-1,-1,-1,-1,-1,-0.1822604567365227,-0.2081957484679683,-0.0567813708157986,-0.1195789759829932,-0.1608595781643669,1,0.0005928187692534,0,1,0,1,0,1,0,1,near_zero_positive_le_0p01
208da297c61b5a6b,0,1,14,0,9,0.2282433716521233,-0.0002173149178734,-1,-1,-1,-1,-1,-0.0410541832514961,-0.0640142017886482,-0.018965319107908,-0.0772377910517925,-0.1185183932331662,1,-0.0002173149178734,0,1,0,1,0,1,0,1,mild_harm
249837af09305794,0,1,2,0,-1,,,-1,-1,-1,-1,-1,,,,,,0,,0,0,0,0,0,0,0,0,RSMR_abstain
2648d4ed541751cc,0,1,13,1,-1,,,-1,-1,-1,-1,-1,,,,,,0,,0,0,0,0,0,0,0,0,RSMR_abstain
2e3481cf5ec35baa,0,1,14,0,-1,,,-1,-1,-1,-1,-1,,,,,,0,,0,0,0,0,0,0,0,0,RSMR_abstain
31d6d7b013a75d29,0,1,17,1,9,0.1573999275685835,0.00015953127658,-1,-1,-1,-1,-1,-0.0769790061288819,-0.1013276984146689,-0.0392127502042003,-0.0928056050870571,-0.1340862072684308,1,0.00015953127658,0,1,0,1,0,1,0,1,near_zero_positive_le_0p01
45389fbdea6657a0,0,1,10,0,6,0.051154231763046,-0.0003288350688643,6,6,-1,6,-1,0.0727258799555681,0.0521004244529772,-0.0497827108898509,0.0197386020079302,-0.0215420001734435,1,-0.0003288350688643,1,0,0,1,1,0,0,1,mild_harm
46bf28b955d051b1,0,1,29,1,5,0.0061431271667552,-0.0003345792815641,-1,-1,-1,5,-1,-0.0454923238331647,-0.0626600945513762,-0.0116962219764474,0.0035537766833761,-0.0377268254979975,1,-0.0003345792815641,0,1,0,1,1,0,0,1,mild_harm
4efebde6623256df,0,1,6,1,-1,,,-1,-1,-1,-1,-1,,,,,,0,,0,0,0,0,0,0,0,0,RSMR_abstain
5991dfcee3185e01,0,1,15,0,2,0.2289757826230753,-3.552210174457291e-05,2,-1,2,2,-1,0.0183341794977344,-0.0026537322792311,0.0174997453685424,0.0331378705178061,-0.0081427316635676,1,-3.552210174457291e-05,0,1,1,0,1,0,0,1,mild_harm
6c82dcb2637f5ad4,0,1,3,0,9,0.254706379729819,-0.0003719746213523,-1,-1,9,9,-1,-0.0530406764054008,-0.0818893820870803,0.013792313420182,0.0107138720436017,-0.0305667301377719,1,-0.0003719746213523,0,1,1,0,1,0,0,1,mild_harm
1a9e0797610e5da4,1,2,17,1,9,0.067860900177485,-0.0003152008085511,-1,-1,-1,-1,-1,-0.1244812430618131,-0.1407378883625243,-0.0080431622774918,-0.1636194895635085,-0.0306413172836665,1,-0.0003152008085511,0,1,0,1,0,1,0,1,mild_harm
31e5a1e6febd5acb,1,2,12,1,4,0.1001262372180711,0.0022942917462438,4,-1,-1,-1,4,0.0120371316504304,-0.002639262498255,-0.06917732010842,-0.0008894368965056,0.1320887353833363,1,0.0022942917462438,0,1,0,1,0,1,1,0,near_zero_positive_le_0p01
3f0c33142293536e,1,2,11,1,19,0.1759833801899673,0.0,19,19,19,-1,19,0.0242708112672289,0.0044558374614961,0.0013830935333611,-0.0169318384502467,0.1160463338295952,1,0.0,1,0,1,0,0,1,1,0,mild_harm
48fc14e048fb5fe2,1,2,18,1,23,0.1377213293175721,0.0001272183358669,23,23,-1,23,23,0.022666458916853,0.0076478958883452,-0.0559580514648436,0.0120442770708858,0.1450224493507278,1,0.0001272183358669,1,0,0,1,1,0,1,0,near_zero_positive_le_0p01
65f00228b6bc54b5,1,2,17,1,-1,,,-1,-1,-1,-1,-1,,,,,,0,,0,0,0,0,0,0,0,0,RSMR_abstain
d22547ad7061548d,1,2,11,1,26,0.5517393249386024,0.0043491496021159,26,26,26,-1,26,0.070504531805614,0.0438001980148536,0.0877224342205056,-0.101413048502727,0.0315651237771148,1,0.0043491496021159,1,0,1,0,0,1,1,0,near_zero_positive_le_0p01
ebc361211e395b18,1,2,19,0,-1,,,-1,-1,-1,-1,-1,,,,,,0,,0,0,0,0,0,0,0,0,RSMR_abstain
f757646a2d865977,1,2,1,0,5,0.0157890678845987,-0.0002396740362047,-1,-1,5,-1,-1,-0.0580109484299778,-0.0721515799728693,0.0831793224561206,-0.1547429486701216,-0.0217647763902797,1,-0.0002396740362047,0,1,1,0,0,1,0,1,mild_harm
9ca3798eb199579e,1,2,10,0,23,0.1914482223399789,-7.272584703751916e-05,-1,-1,23,-1,23,-0.0883500384164225,-0.1044643210700724,0.077822189872501,-0.0727758710520001,0.0602023012278418,1,-7.272584703751916e-05,0,1,1,0,0,1,1,0,mild_harm
f7050dbcd3c954f3,1,2,6,1,2,0.0975107973028239,1.2324836412908278,2,2,-1,-1,2,0.0243881937161655,0.0102048162938413,-0.0284738716862972,-0.0333401076653433,0.0996380646144985,1,1.2324836412908278,1,0,0,1,0,1,1,0,material_positive_gt_0p2
180f81d1ca5c5ee3,1,2,17,1,23,0.1443417416229646,7.068096973794624e-05,23,-1,-1,-1,23,0.0145036919045063,-0.0007798594824931,-0.050039046730465,-0.0022865085435097,0.1306916637363321,1,7.068096973794624e-05,0,1,0,1,0,1,1,0,near_zero_positive_le_0p01
1bd8ca835d485cd8,1,2,14,1,23,0.0869700583000563,0.0001267136363314,23,23,-1,23,23,0.0156940412197596,0.0007035114899826,-0.0587886679236417,0.0188940477705904,0.1518722200504324,1,0.0001267136363314,1,0,0,1,1,0,1,0,near_zero_positive_le_0p01
291db523bb115ccf,1,2,16,1,24,0.1697532472292033,-8.852075822662897e-05,-1,-1,24,-1,24,-0.0134703655546953,-0.0268766028768242,0.0224837645377973,-0.0582078185994693,0.0747703536803726,1,-8.852075822662897e-05,0,1,1,0,0,1,1,0,mild_harm
2d4f708394ef542e,1,2,2,0,-1,,,-1,-1,-1,-1,-1,,,,,,0,,0,0,0,0,0,0,0,0,RSMR_abstain
39346eef49ad52a6,1,2,16,0,2,0.0003899191943174,-1.8276321345854372,2,2,-1,2,2,0.0486786501004271,0.0359887960473081,-0.1376999297272324,0.0548233285803271,0.1878015008601691,1,-1.8276321345854372,1,0,0,1,1,0,1,0,catastrophe
621fb14952d45fbc,1,2,2,0,2,0.076859351701205,-1.793281329542026,2,2,-1,-1,2,0.0455076289281184,0.0311261757560435,-0.0897244428286732,-0.066302179475636,0.0666759928042058,1,-1.793281329542026,1,0,0,1,0,1,1,0,catastrophe
79a3cfc7d4535d5f,1,2,14,1,25,0.4144419323145974,0.0030683114655256,25,25,25,-1,25,0.0990190765329672,0.0730007704548423,0.129255572812255,-0.0351579158363312,0.0978202564435106,1,0.0030683114655256,1,0,1,0,0,1,1,0,near_zero_positive_le_0p01
7a90e31caaa35114,1,2,11,1,23,0.000844679722542,-0.0002471273148438,-1,-1,23,23,23,-0.0698715424331046,-0.0823958363030921,0.1306834390238351,0.0199795238904312,0.1529576961702732,1,-0.0002471273148438,0,1,1,0,1,0,1,0,mild_harm
9e4525cb8f5e5fcd,1,2,15,0,-1,,,-1,-1,-1,-1,-1,,,,,,0,,0,0,0,0,0,0,0,0,RSMR_abstain
c5e0107671965987,1,2,13,0,-1,,,-1,-1,-1,-1,-1,,,,,,0,,0,0,0,0,0,0,0,0,RSMR_abstain
ca00c31168b252d5,1,2,16,1,-1,,,-1,-1,-1,-1,-1,,,,,,0,,0,0,0,0,0,0,0,0,RSMR_abstain
e2c31e25cb35514d,1,2,14,1,9,0.1786756793643761,-0.0005410650956444,-1,-1,9,-1,-1,-0.0877415899111412,-0.103584701866661,0.034255618376946,-0.1378365183662426,-0.0048583460864006,1,-0.0005410650956444,0,1,1,0,0,1,0,1,mild_harm
114a8e53ec3c5e0d,1,2,3,1,-1,,,-1,-1,-1,-1,-1,,,,,,0,,0,0,0,0,0,0,0,0,RSMR_abstain
1907423ff64a51eb,1,2,9,1,22,0.1844532815796694,4.7492956556399735e-05,-1,-1,22,-1,22,-0.010165917117545,-0.0260663139586213,0.0138868908487471,-0.0775263011303361,0.0554518711495057,1,4.7492956556399735e-05,0,1,1,0,0,1,1,0,near_zero_positive_le_0p01
b8091003cbb95da3,1,2,2,1,21,0.0097189837439082,0.0057995361132896,-1,-1,-1,-1,21,-0.0178310265794374,-0.034607539365165,-0.028489703025216,-0.0619355852138295,0.0710425870660123,1,0.0057995361132896,0,1,0,1,0,1,1,0,near_zero_positive_le_0p01
c9281513f02f50f2,1,2,12,1,23,0.0998620397945753,0.0,-1,-1,-1,-1,23,-0.0145922052571018,-0.0297121709976122,-0.0187301534623544,-0.0300762360215664,0.1029019362582755,1,0.0,0,1,0,1,0,1,1,0,mild_harm
eeb054ac63575b33,1,2,2,1,-1,,,-1,-1,-1,-1,-1,,,,,,0,,0,0,0,0,0,0,0,0,RSMR_abstain
6988613e2a3557be,1,2,17,1,-1,,,-1,-1,-1,-1,-1,,,,,,0,,0,0,0,0,0,0,0,0,RSMR_abstain
b66ea7e3342b533b,1,2,2,0,2,0.1498102374783007,-5.520669647962606e-05,-1,-1,2,-1,-1,-0.0707045752956067,-0.0880695376688812,0.0342560245707553,-0.1782636696001501,-0.0452854973203082,1,-5.520669647962606e-05,0,1,1,0,0,1,0,1,mild_harm
ebdc46dacb5f53f2,1,2,20,1,21,0.059523338066818,7.133007049464624e-07,-1,-1,-1,-1,21,-0.0305939697702962,-0.0456804853278813,-0.0344632853713285,-0.0317868146485289,0.101191357631313,1,7.133007049464624e-07,0,1,0,1,0,1,1,0,near_zero_positive_le_0p01
06a937676ff65c69,1,2,17,1,9,0.1457244736804245,-0.0008672325992258,-1,-1,9,-1,-1,-0.0992704325664083,-0.1159056350040521,0.0179291359024193,-0.134987162126794,-0.002008989846952,1,-0.0008672325992258,0,1,1,0,0,1,0,1,mild_harm
26f611f146275818,1,2,17,1,-1,,,-1,-1,-1,-1,-1,,,,,,0,,0,0,0,0,0,0,0,0,RSMR_abstain
441987f47a6f5784,1,2,9,0,-1,,,-1,-1,-1,-1,-1,,,,,,0,,0,0,0,0,0,0,0,0,RSMR_abstain
5f4392860e5752ce,1,2,6,1,24,0.222149187005187,-0.000464562402782,-1,-1,24,-1,24,-0.0719521295132214,-0.0888817728292295,0.0381981926830539,-0.0862916863270038,0.0466864859528381,1,-0.000464562402782,0,1,1,0,0,1,1,0,mild_harm
5fde760ec9f05c3d,1,2,16,1,22,0.509443486967129,-0.0001297025804172,22,22,22,-1,22,0.14530882121845,0.1135323176780318,0.1255287795202921,-0.0134999725997541,0.1194781996800878,1,-0.0001297025804172,1,0,1,0,0,1,1,0,mild_harm
606e5b5125985e1f,1,2,12,1,-1,,,-1,-1,-1,-1,-1,,,,,,0,,0,0,0,0,0,0,0,0,RSMR_abstain
73cd1e45d87156ee,1,2,18,1,23,0.383533882953274,0.0003884504090763,23,23,23,23,23,0.1634387964003869,0.1332935341218021,0.0826742053052802,0.0105851080391385,0.1435632803189804,1,0.0003884504090763,1,0,1,0,1,0,1,0,near_zero_positive_le_0p01
7a9a7b86210b5dc4,1,2,17,0,3,0.1223014329312727,-0.0001631911307573,3,3,3,3,3,0.1031340994768226,0.0823818079947275,0.0120088409598641,0.1104374465721364,0.2434156188519783,1,-0.0001631911307573,1,0,1,0,1,0,1,0,mild_harm
81195788481d5844,1,2,17,1,-1,,,-1,-1,-1,-1,-1,,,,,,0,,0,0,0,0,0,0,0,0,RSMR_abstain
948d834b78515695,1,2,10,1,22,0.0786345226336342,2.8722488693892767e-05,-1,-1,22,22,22,-0.0075834349203666,-0.0243761230296457,0.0477030966209066,0.0338259957026013,0.1668041679824433,1,2.8722488693892767e-05,0,1,1,0,1,0,1,0,near_zero_positive_le_0p01
a08635adfbc45990,1,2,16,1,-1,,,-1,-1,-1,-1,-1,,,,,,0,,0,0,0,0,0,0,0,0,RSMR_abstain
a5836bf6d71f58f2,1,2,17,1,9,0.0483777762411058,0.000861446211487,-1,-1,9,-1,-1,-0.1289915271488692,-0.1414279366239373,0.0045679957176403,-0.2196345720276649,-0.0866563997478229,1,0.000861446211487,0,1,1,0,0,1,0,1,near_zero_positive_le_0p01
a6e92119ed185a7d,1,2,19,0,-1,,,-1,-1,-1,-1,-1,,,,,,0,,0,0,0,0,0,0,0,0,RSMR_abstain
aeb0da156a7b5426,1,2,3,1,21,0.4016152735521289,8.050889065489182e-05,21,21,21,21,21,0.2016334156799374,0.1619797530006913,0.1167499187280518,0.206437778387181,0.339415950667023,1,8.050889065489182e-05,1,0,1,0,1,0,1,0,near_zero_positive_le_0p01
b024a29a38815f5d,1,2,10,1,-1,,,-1,-1,-1,-1,-1,,,,,,0,,0,0,0,0,0,0,0,0,RSMR_abstain
c0eff628bb5d57f2,1,2,5,0,9,0.1919309276150189,-0.0002712661859579,-1,-1,9,-1,9,-0.0599521339795755,-0.0812340221902077,0.0149146779456292,-0.052931708780735,0.0800464634991069,1,-0.0002712661859579,0,1,1,0,0,1,1,0,mild_harm
c2ef8af22b6b57fa,1,2,16,1,8,0.0314021350363716,0.0006266896873712,-1,-1,-1,-1,-1,-0.1457107838585638,-0.1590230433178957,-0.002124444097537,-0.1759759298495983,-0.0429977575697563,1,0.0006266896873712,0,1,0,1,0,1,0,1,near_zero_positive_le_0p01
e2becee9277c5811,1,2,18,1,22,0.4637404023987865,0.0001367530750111,22,22,22,-1,22,0.148956777937692,0.1187175663123983,0.0863545883335884,-0.0255299239738861,0.1074482483059558,1,0.0001367530750111,1,0,1,0,0,1,1,0,near_zero_positive_le_0p01
e7c6e7ca0bf75a88,1,2,17,1,-1,,,-1,-1,-1,-1,-1,,,,,,0,,0,0,0,0,0,0,0,0,RSMR_abstain
f845609710815b95,1,2,16,1,22,0.5103017594189099,-0.0001336572684111,22,22,22,-1,22,0.14961012157519,0.1149031889124546,0.1447343588950506,-0.0130197656797526,0.1199584066000893,1,-0.0001336572684111,1,0,1,0,0,1,1,0,mild_harm
0e7c79855e005220,1,2,17,1,3,0.1567587199850295,0.989674308249508,-1,-1,3,-1,3,-0.0375843774484785,-0.0487467772992636,0.0482078736230108,-0.0239734105947549,0.109004761685087,1,0.989674308249508,0,1,1,0,0,1,1,0,material_positive_gt_0p2
14dd0d86a4d353af,1,2,1,0,-1,,,-1,-1,-1,-1,-1,,,,,,0,,0,0,0,0,0,0,0,0,RSMR_abstain
2d691673d2a75468,1,2,5,1,9,0.2046044900958258,-0.0005493406044321,-1,-1,9,-1,-1,-0.0441937243984539,-0.0687994813443158,0.0334258832523996,-0.1471122678534638,-0.0141340955736219,1,-0.0005493406044321,0,1,1,0,0,1,0,1,mild_harm
4a475083531f544e,1,2,17,1,5,0.0152957417616315,0.0005351796336472,-1,-1,-1,-1,-1,-0.0796669303079985,-0.0895882919046128,-0.0915784200316685,-0.1373418996030577,-0.0043637273232157,1,0.0005351796336472,0,1,0,1,0,1,0,1,near_zero_positive_le_0p01
4aa6a5b42a9d5a1a,1,2,4,0,-1,,,-1,-1,-1,-1,-1,,,,,,0,,0,0,0,0,0,0,0,0,RSMR_abstain
4f8180de60ff5016,1,2,16,1,-1,,,-1,-1,-1,-1,-1,,,,,,0,,0,0,0,0,0,0,0,0,RSMR_abstain
65f6f0aad1645746,1,2,15,0,-1,,,-1,-1,-1,-1,-1,,,,,,0,,0,0,0,0,0,0,0,0,RSMR_abstain
86935537a5e256bd,1,2,3,1,23,0.1231613475703427,-4.216529144323439e-05,-1,-1,23,-1,23,-0.0276654322241782,-0.0404648277597337,0.0217385316441558,-0.0988203634306667,0.0341578088491752,1,-4.216529144323439e-05,0,1,1,0,0,1,1,0,mild_harm
91dfe4ebf3c25298,1,2,3,0,-1,,,-1,-1,-1,-1,-1,,,,,,0,,0,0,0,0,0,0,0,0,RSMR_abstain
ae93b0cb5f2752c9,1,2,7,1,23,0.2090003092380338,-1.621068492024813e-06,23,23,23,-1,23,0.0145754091193364,0.0001943166178671,0.0067063266234445,-0.0293988606752586,0.1035793116045833,1,-1.621068492024813e-06,1,0,1,0,0,1,1,0,mild_harm
c4b429aa06c65c18,1,2,5,1,27,0.1829648659151209,2.0200232751698115,-1,-1,-1,27,27,-0.0061827092794072,-0.0123098213508058,-0.0382048499513931,0.0696481175134311,0.2026262897932731,1,2.0200232751698115,0,1,0,1,1,0,1,0,material_positive_gt_0p2
d124fe4c82a0504a,1,2,14,0,-1,,,-1,-1,-1,-1,-1,,,,,,0,,0,0,0,0,0,0,0,0,RSMR_abstain
d8a9f79a9b2f5af3,1,2,1,1,22,1.20704336188775,3.149701463542634,22,22,22,22,22,1.4787453663196992,1.441399004954902,1.9982500653113373,2.24438671209342,2.377364884373262,1,3.149701463542634,1,0,1,0,1,0,1,0,material_positive_gt_0p2
d9b829983ef95e41,1,2,17,0,-1,,,-1,-1,-1,-1,-1,,,,,,0,,0,0,0,0,0,0,0,0,RSMR_abstain
dba43762ec9a571c,1,2,3,0,-1,,,-1,-1,-1,-1,-1,,,,,,0,,0,0,0,0,0,0,0,0,RSMR_abstain
fefa06851c7f58a7,1,2,7,1,20,0.2475751952100125,-1.232325807697454,-1,-1,20,-1,20,-0.0159170007664347,-0.0306327564415135,0.0530933681327607,-0.1309449130984702,0.0020332591813717,1,-1.232325807697454,0,1,1,0,0,1,1,0,catastrophe
185ce8f5060f5856,1,2,1,0,-1,,,-1,-1,-1,-1,-1,,,,,,0,,0,0,0,0,0,0,0,0,RSMR_abstain
6b5577a2a92d5e63,1,2,14,1,4,0.1546974795209342,-4.862848371267603e-05,-1,-1,-1,-1,4,-0.0110449358709699,-0.0256969311311358,-0.00234238120717,-0.1229120241685938,0.0100661481112481,1,-4.862848371267603e-05,0,1,0,1,0,1,1,0,mild_harm
6d5d40bcf2f153a8,1,2,28,1,11,0.3056315383103962,0.0014631343937406,11,11,11,11,11,0.1852771191587632,0.1527777333130138,0.0507063295603446,0.0194142600940277,0.1523924323738696,1,0.0014631343937406,1,0,1,0,1,0,1,0,near_zero_positive_le_0p01
8ce184b9fe795518,1,2,12,1,12,0.2697113966484706,0.0,12,-1,-1,-1,-1,0.0166794985311636,-0.005697625495588,-0.0221408559471875,-0.2064090888528929,-0.0734309165730509,1,0.0,0,1,0,1,0,1,0,1,mild_harm
ae75c379fc4f5ac0,1,2,15,1,-1,,,-1,-1,-1,-1,-1,,,,,,0,,0,0,0,0,0,0,0,0,RSMR_abstain
bc30bddda7655472,1,2,17,1,-1,,,-1,-1,-1,-1,-1,,,,,,0,,0,0,0,0,0,0,0,0,RSMR_abstain
ec003315c7f8544e,1,2,13,1,7,0.3000589655082053,1.625132601845264,7,7,-1,7,7,0.0030426839271216,0.0111410244834754,-0.0560121168736405,0.4089808299904866,0.5419590022703286,1,1.625132601845264,1,0,0,1,1,0,1,0,material_positive_gt_0p2
f80967dcb45f5879,1,2,25,1,25,0.2387807976232137,-8.79884749651616e-05,25,25,25,25,25,0.2687040427913708,0.2146780271904671,0.2324333883101094,0.0920014464064152,0.2249796186862572,1,-8.79884749651616e-05,1,0,1,0,1,0,1,0,mild_harm
f8295ad66d0b502a,1,2,18,1,23,0.0323762385235986,0.0001384854522026,-1,-1,-1,23,23,-0.0021952607909702,-0.0161036985233835,-0.0435361235258416,0.0011900468803858,0.1341682191602278,1,0.0001384854522026,0,1,0,1,1,0,1,0,near_zero_positive_le_0p01
00d83b17d1755be3,1,2,7,0,-1,,,-1,-1,-1,-1,-1,,,,,,0,,0,0,0,0,0,0,0,0,RSMR_abstain
07f7850e943e5787,1,2,17,1,9,0.0010526287388362,-0.0003208969734609,-1,-1,-1,-1,-1,-0.1518229549678088,-0.1662291135575481,-0.0144562652726252,-0.1956138837977837,-0.0626357115179417,1,-0.0003208969734609,0,1,0,1,0,1,0,1,mild_harm
0bd45dc9e3a759c2,1,2,17,1,17,0.1101286099339962,0.000105648253858,17,17,-1,-1,17,0.0212386301021899,0.0067746773225896,-0.0993656182785735,-0.0444474664031822,0.0885307058766596,1,0.000105648253858,1,0,0,1,0,1,1,0,near_zero_positive_le_0p01
183eebcd18325090,1,2,12,1,22,0.149891029584383,-2.6754828193224865e-05,-1,-1,22,-1,22,-0.012896606636411,-0.0283152864525613,0.0121043294126928,-0.0701308639437099,0.062847308336132,1,-2.6754828193224865e-05,0,1,1,0,0,1,1,0,mild_harm
19b32f02944d51ad,1,2,19,1,20,0.1436572762248105,4.461837168800997e-05,20,20,-1,20,20,0.0261933299166926,0.01111427037406,-0.0620309708154766,0.0021418827836332,0.1351200550634752,1,4.461837168800997e-05,1,0,0,1,1,0,1,0,near_zero_positive_le_0p01
1de30d88d7e15d70,1,2,11,1,4,0.1436918799428695,0.0004073154002428,4,-1,-1,-1,4,0.0043051327292222,-0.0109939826272064,-0.0394121524497338,-0.1127320161751745,0.0202461561046674,1,0.0004073154002428,0,1,0,1,0,1,1,0,near_zero_positive_le_0p01
351a31864bda5923,1,2,12,1,9,0.1666088868814431,-0.0003158109522206,-1,-1,9,-1,-1,-0.090717985181124,-0.1067495407132165,0.0332035902044181,-0.148346360501113,-0.015368188221271,1,-0.0003158109522206,0,1,1,0,0,1,0,1,mild_harm
42e1302d4d595015,1,2,24,0,23,0.1973050792219317,-3.214230805159701e-05,-1,-1,23,-1,23,-0.0181758392832092,-0.0331634406630945,0.0208936666124635,-0.0278339683821748,0.1051442038976671,1,-3.214230805159701e-05,0,1,1,0,0,1,1,0,mild_harm
436d539f02525dbf,1,2,9,1,-1,,,-1,-1,-1,-1,-1,,,,,,0,,0,0,0,0,0,0,0,0,RSMR_abstain
53791dfcfb555d8b,1,2,13,0,-1,,,-1,-1,-1,-1,-1,,,,,,0,,0,0,0,0,0,0,0,0,RSMR_abstain
5787abf0e35d54cf,1,2,12,1,9,0.1248199085838309,-0.0003529437301916,-1,-1,-1,-1,-1,-0.1172733806158929,-0.129776483766934,-0.0254620502692743,-0.1803732028339349,-0.0473950305540929,1,-0.0003529437301916,0,1,0,1,0,1,0,1,mild_harm
6a860de43c125dbf,1,2,17,1,9,0.2049325584496877,0.0001310493692754,9,9,9,-1,9,0.1775292734848788,0.1467181381843323,0.1847029412380629,-0.0213818304381394,0.1115963418417025,1,0.0001310493692754,1,0,1,0,0,1,1,0,near_zero_positive_le_0p01
7b1eb807d4d95132,1,2,17,0,6,0.0619950175742606,-0.0012438182294368,-1,-1,-1,-1,6,-0.0481639099730722,-0.0620114742170526,-0.0337762824568282,-0.1036066063079872,0.0293715659718547,1,-0.0012438182294368,0,1,0,1,0,1,1,0,mild_harm
89ec4c93349d5b58,1,2,25,1,22,0.5054108353610807,-5.431908551845055e-05,22,22,22,22,22,0.2100485693476486,0.1740599291078149,0.1322999107775943,0.0149062028579821,0.1478843751378241,1,-5.431908551845055e-05,1,0,1,0,1,0,1,0,mild_harm
a3fff53e9f375592,1,2,6,1,-1,,,-1,-1,-1,-1,-1,,,,,,0,,0,0,0,0,0,0,0,0,RSMR_abstain
a6bf958e054951f3,1,2,16,0,7,0.0266739883942886,-0.0005569157022051,-1,-1,-1,-1,-1,-0.0673800311753514,-0.077365687944328,-0.0845539630872566,-0.1405793557642515,-0.0076011834844095,1,-0.0005569157022051,0,1,0,1,0,1,0,1,mild_harm
ad9cdad9769f572f,1,2,15,1,10,0.1477735710132283,-8.041050173335229e-05,-1,-1,10,-1,10,-0.0417711122380273,-0.055028118178102,0.0332112634089415,-0.0865882919859283,0.0463898802939136,1,-8.041050173335229e-05,0,1,1,0,0,1,1,0,mild_harm
c2c39f197ef95b97,1,2,25,1,20,0.1448880799919503,5.784040018896874e-05,20,20,-1,20,20,0.0288905305562278,0.0138561215921947,-0.0640694344814073,0.0028747320325445,0.1358529043123865,1,5.784040018896874e-05,1,0,0,1,1,0,1,0,near_zero_positive_le_0p01
cf7a886f70be5245,1,2,14,1,20,0.1829912191300188,0.0004713724773375,-1,-1,20,20,20,-0.0214476680373678,-0.0275807443299776,0.0378951325911346,0.1455550074586065,0.2785331797384485,1,0.0004713724773375,0,1,1,0,1,0,1,0,near_zero_positive_le_0p01
d7ed9fbf26d0502e,1,2,14,1,9,0.1523826617382438,-0.000349602394551,-1,-1,9,-1,-1,-0.1008007893752697,-0.1176720643861248,0.0304997057463128,-0.1544994712273977,-0.0215212989475558,1,-0.000349602394551,0,1,1,0,0,1,0,1,mild_harm
e9922a266cc35210,1,2,1,0,-1,,,-1,-1,-1,-1,-1,,,,,,0,,0,0,0,0,0,0,0,0,RSMR_abstain
eef9e53ca3eb51a8,1,2,8,0,2,0.0368163456877717,-1.8450037153049488,2,2,-1,2,2,0.0362697138549689,0.023324714075359,-0.1081855070394262,0.0049193214118312,0.1378974936916732,1,-1.8450037153049488,1,0,0,1,1,0,1,0,catastrophe
f19973f839e35f20,1,2,4,1,-1,,,-1,-1,-1,-1,-1,,,,,,0,,0,0,0,0,0,0,0,0,RSMR_abstain
02fca515559f520d,1,2,11,1,0,0.1076566095881033,-5.087164717831882e-05,-1,-1,0,-1,0,-0.0195253228711964,-0.0339567176340206,0.0072336830481102,-0.0851091464382623,0.0478690258415796,1,-5.087164717831882e-05,0,1,1,0,0,1,1,0,mild_harm
115efd50328f5ecc,1,2,18,1,-1,,,-1,-1,-1,-1,-1,,,,,,0,,0,0,0,0,0,0,0,0,RSMR_abstain
117049ed19db55a2,1,2,20,1,25,0.2123565456466162,-0.0005033181324601,-1,-1,25,-1,25,-0.0777878663903207,-0.0921051142554105,0.100275436756385,-0.0416951341719112,0.0912830381079306,1,-0.0005033181324601,0,1,1,0,0,1,1,0,mild_harm
2154d495b9b657a5,1,2,3,0,6,1.4060280125472815,-1.220322729590535,6,6,6,6,6,0.6779734467297736,0.6443617256867,0.3447666054580036,1.0988396223538412,1.2318177946336832,1,-1.220322729590535,1,0,1,0,1,0,1,0,catastrophe
2c572f2c1c485fc0,1,2,16,1,-1,,,-1,-1,-1,-1,-1,,,,,,0,,0,0,0,0,0,0,0,0,RSMR_abstain
3152efff212c51ff,1,2,3,1,1,0.2935946569372989,-0.0102287174349422,1,1,1,1,1,0.0434093675774157,0.0237237352456608,0.0314656499780244,0.0719044260559286,0.2048825983357706,1,-0.0102287174349422,1,0,1,0,1,0,1,0,mild_harm
327d5cdfdd695e7e,1,2,17,1,3,0.176566180637329,0.0001152485769475,3,3,3,3,3,0.2096066036758944,0.1725343754326459,0.1406463831271376,0.0621604004098091,0.1951385726896511,1,0.0001152485769475,1,0,1,0,1,0,1,0,near_zero_positive_le_0p01
64fe109ec6a858ec,1,2,24,1,14,0.1030903321181174,-0.0001836422961903,14,14,-1,-1,14,0.0256796218054872,0.0089711373527502,-0.0813193641391307,-0.0278974948276895,0.1050806774521523,1,-0.0001836422961903,1,0,0,1,0,1,1,0,mild_harm
6c95d9b03b7a5944,1,2,6,1,10,0.0965010350228222,-0.0025507494289427,-1,-1,10,-1,-1,-0.1157338572432118,-0.1309047366611931,0.015027478046326,-0.1339907293416908,-0.0010125570618488,1,-0.0025507494289427,0,1,1,0,0,1,0,1,mild_harm
73963278f6eb5002,1,2,10,1,18,0.1413580756368672,0.0,18,-1,-1,-1,18,0.0086113170950354,-0.0074234508454097,-0.0380276462280207,-0.0246932967652138,0.108284875514628,1,0.0,0,1,0,1,0,1,1,0,mild_harm
799dcf813dba5d8a,1,2,6,0,4,0.0180210547767016,-0.0031884899966418,4,4,-1,-1,4,0.0179436363713069,0.0044849579062839,-0.1109990613811803,-0.042604299887819,0.0903738723920229,1,-0.0031884899966418,1,0,0,1,0,1,1,0,mild_harm
7b6dfa3d4bc553a9,1,2,15,1,15,0.1407745227683244,0.0,15,-1,-1,-1,15,0.006025614427062,-0.0104060772962504,-0.0413334526276276,-0.0201149192399834,0.1128632530398585,1,0.0,0,1,0,1,0,1,1,0,mild_harm
842b7f0b68fc5245,1,2,16,1,20,0.2373164256761826,1.2322185659539886,-1,-1,20,-1,20,-0.0057452502393927,-0.0191705746393077,0.0525609808525473,-0.0215158660371735,0.1114623062426684,1,1.2322185659539886,0,1,1,0,0,1,1,0,material_positive_gt_0p2
86839ab67df151f2,1,2,9,1,1,0.1533425829309448,7.329354990481818e-05,1,1,-1,-1,1,0.0185978479477557,0.0031717704142961,-0.0493379857967381,-0.0358692568505705,0.0971089154292713,1,7.329354990481818e-05,1,0,0,1,0,1,1,0,near_zero_positive_le_0p01
9a3e4f2df62b54fa,1,2,14,0,22,0.1087206653252855,-0.000212181274418,-1,-1,-1,-1,22,-0.0021148490164157,-0.0171960564599117,-0.0380477524874922,-0.0551697510254159,0.077808421254426,1,-0.000212181274418,0,1,0,1,0,1,1,0,mild_harm
a7c4607a69e55039,1,2,17,1,23,0.1311335441940994,-0.0001578706935048,-1,-1,23,-1,23,-0.000937173236054,-0.016816065464593,0.1143839650022425,-0.0073677667610895,0.1256104055187523,1,-0.0001578706935048,0,1,1,0,0,1,1,0,mild_harm
c608632e83a659ca,1,2,27,1,-1,,,-1,-1,-1,-1,-1,,,,,,0,,0,0,0,0,0,0,0,0,RSMR_abstain
d022d382b3aa5fa1,1,2,10,1,-1,,,-1,-1,-1,-1,-1,,,,,,0,,0,0,0,0,0,0,0,0,RSMR_abstain
d07acbfa3a6e55b0,1,2,17,1,3,0.0036022067530751,-0.0001263671795837,3,3,3,-1,3,0.0570583202144566,0.0383283512335913,0.088434459482901,-0.0889485393440946,0.0440296329357473,1,-0.0001263671795837,1,0,1,0,0,1,1,0,mild_harm
e88d31e512eb52aa,1,2,23,1,20,0.3143507173025226,0.0001063138395562,20,20,20,-1,20,0.1505156650057605,0.12421604350346,0.0763574534302756,-0.0015350243978015,0.1314431478820403,1,0.0001063138395562,1,0,1,0,0,1,1,0,near_zero_positive_le_0p01
fc25adef73d35a71,1,2,6,1,9,0.1449706006304333,-0.0005650871805846,-1,-1,9,-1,9,-0.0997958766316788,-0.1151971860975401,0.0269610968785194,-0.1250522991154457,0.0079258731643962,1,-0.0005650871805846,0,1,1,0,0,1,1,0,mild_harm
06f2c0171372558e,1,2,14,0,9,0.1788165425554677,-0.0002192424658685,-1,-1,9,-1,9,-0.0793156013717621,-0.0947955908561438,0.0304832076219017,-0.1306879460112792,0.0022902262685627,1,-0.0002192424658685,0,1,1,0,0,1,1,0,mild_harm
1139bbb1cfe35d48,1,2,2,1,1,0.2045598402354911,0.0015995440794149,-1,-1,1,-1,1,-0.0623891539055954,-0.0828704200177473,0.0618875968581771,-0.1182330387356955,0.0147451335441464,1,0.0015995440794149,0,1,1,0,0,1,1,0,near_zero_positive_le_0p01
190db336fe0e515f,1,2,4,0,9,0.1299149026015991,-0.000611153855361,9,-1,9,-1,9,0.0053600173376228,-0.0074431491352845,0.1660673434865955,-0.0152277906330091,0.1177503816468328,1,-0.000611153855361,0,1,1,0,0,1,1,0,mild_harm
1bf5b342d1b052c3,1,2,3,0,11,0.0679980424190023,-0.0001951636242678,11,-1,-1,-1,11,0.0049863557855172,-0.0081976177786503,-0.0538359829736819,-0.0417111406963824,0.0912670315834594,1,-0.0001951636242678,0,1,0,1,0,1,1,0,mild_harm
1da0d8dce4485189,1,2,12,0,4,0.0354712576723474,-0.009133773411857,4,-1,-1,-1,4,0.0124885832340969,-0.002448960423366,-0.1058328643319201,-0.0275927034215912,0.1053854688582507,1,-0.009133773411857,0,1,0,1,0,1,1,0,mild_harm
21f2c3689d765b09,1,2,1,1,-1,,,-1,-1,-1,-1,-1,,,,,,0,,0,0,0,0,0,0,0,0,RSMR_abstain
234440ab79d55e59,1,2,18,0,-1,,,-1,-1,-1,-1,-1,,,,,,0,,0,0,0,0,0,0,0,0,RSMR_abstain
2ababb1ca1ba5637,1,2,17,1,3,0.0662434635992207,0.0001287251278991,3,3,3,3,3,0.1732252654808171,0.1341639828322418,0.1490130410577894,0.0293776144000217,0.1623557866798637,1,0.0001287251278991,1,0,1,0,1,0,1,0,near_zero_positive_le_0p01
3c6c3ba8c08e581a,1,2,16,1,-1,,,-1,-1,-1,-1,-1,,,,,,0,,0,0,0,0,0,0,0,0,RSMR_abstain
59b8dea90c1b5499,1,2,17,1,3,0.1315731938029783,0.001022456206428,3,3,3,3,3,0.1569133606266159,0.1216379247426313,0.1391777993693529,0.0201571887836159,0.1531353610634578,1,0.001022456206428,1,0,1,0,1,0,1,0,near_zero_positive_le_0p01
68e20734e9415e24,1,2,4,1,9,0.1098865271516235,-8.91803213395187e-05,9,-1,-1,-1,9,0.0135959732429786,-0.0012050044413056,-0.0727645107058115,-0.0769517038608703,0.0560264684189716,1,-8.91803213395187e-05,0,1,0,1,0,1,1,0,mild_harm
742976289d405b0d,1,2,17,0,-1,,,-1,-1,-1,-1,-1,,,,,,0,,0,0,0,0,0,0,0,0,RSMR_abstain
091cae980d54535d,2,3,17,0,20,0.0143570900148686,-0.0001110662376973,-1,-1,20,-1,20,-0.118762294744458,-0.1231719842816402,0.0787599612113867,-0.0849225377735018,0.0168389282016955,1,-0.0001110662376973,0,1,1,0,0,1,1,0,mild_harm
0aea8543e71b5712,2,3,15,1,22,0.1013848030140113,0.0,-1,-1,22,-1,22,-0.0125096184836343,-0.0166252773283339,0.0173973599197356,-0.0435978229130641,0.0581636430621332,1,0.0,0,1,1,0,0,1,1,0,mild_harm
122436b1207258bf,2,3,19,1,2,0.0399785615020017,1.2323318207158476,2,2,-1,2,2,0.0080625569624557,0.003734639780073,-0.0800706806403795,0.0047693275762415,0.106530793551439,1,1.2323318207158476,1,0,0,1,1,0,1,0,material_positive_gt_0p2
1bd7b3ce5adf5826,2,3,17,1,-1,,,-1,-1,-1,-1,-1,,,,,,0,,0,0,0,0,0,0,0,0,RSMR_abstain
581836f4f4365cc8,2,3,18,1,1,0.6314680991488936,-0.0003538411187793,1,1,1,1,1,0.1725673126162725,0.1658656348503933,0.0687228890798603,0.1150924802103802,0.2168539461855776,1,-0.0003538411187793,1,0,1,0,1,0,1,0,mild_harm
70b54ac4d8ae56de,2,3,1,1,-1,,,-1,-1,-1,-1,-1,,,,,,0,,0,0,0,0,0,0,0,0,RSMR_abstain
72eb13d3a4255179,2,3,1,0,-1,,,-1,-1,-1,-1,-1,,,,,,0,,0,0,0,0,0,0,0,0,RSMR_abstain
7fc2b30cb72a5d56,2,3,9,0,-1,,,-1,-1,-1,-1,-1,,,,,,0,,0,0,0,0,0,0,0,0,RSMR_abstain
83aa0b7439d45dd8,2,3,5,1,-1,,,-1,-1,-1,-1,-1,,,,,,0,,0,0,0,0,0,0,0,0,RSMR_abstain
8675d815740a5a0b,2,3,22,1,-1,,,-1,-1,-1,-1,-1,,,,,,0,,0,0,0,0,0,0,0,0,RSMR_abstain
9070daa02ad0542c,2,3,3,1,-1,,,-1,-1,-1,-1,-1,,,,,,0,,0,0,0,0,0,0,0,0,RSMR_abstain
9771a60ee60a5d27,2,3,5,0,-1,,,-1,-1,-1,-1,-1,,,,,,0,,0,0,0,0,0,0,0,0,RSMR_abstain
9c2eb9c5b45f522b,2,3,29,1,25,0.073651212373821,3.822718737644948e-05,-1,-1,-1,25,25,-0.0102595338194996,-0.0145660844644423,-0.0464413082176343,0.0326620654375194,0.1344235314127169,1,3.822718737644948e-05,0,1,0,1,1,0,1,0,near_zero_positive_le_0p01
bb1419c18f39553e,2,3,21,1,22,0.1391845165006192,0.0,22,-1,22,-1,22,0.0006013362323248,-0.0035405493609148,0.0036783080482123,-0.0163203631149918,0.0854411028602055,1,0.0,0,1,1,0,0,1,1,0,mild_harm
c56712e13eb759f5,2,3,1,0,-1,,,-1,-1,-1,-1,-1,,,,,,0,,0,0,0,0,0,0,0,0,RSMR_abstain
b003a3bfbdb252e3,2,3,10,1,26,0.1487912521164641,0.9897842141886242,-1,-1,26,-1,26,-0.0042129317684796,-0.0082369215892333,0.0403774957509536,-0.0468697190643805,0.0548917469108168,1,0.9897842141886242,0,1,1,0,0,1,1,0,material_positive_gt_0p2
0f9ba65f3e2e5c1d,2,3,2,0,25,0.1375998380641172,-0.000127998102426,-1,-1,25,-1,25,-0.0152927018517836,-0.0194845354773541,0.0267218540227686,-0.0489721655507206,0.0527893004244767,1,-0.000127998102426,0,1,1,0,0,1,1,0,mild_harm
2709051d421d536a,2,3,26,1,27,0.1563648694025691,-1.0131592304229995e-05,-1,-1,27,-1,27,-0.010344706849368,-0.0140467539253757,0.0189776486272195,-0.0242394131589555,0.0775220528162418,1,-1.0131592304229995e-05,0,1,1,0,0,1,1,0,mild_harm
2bf633d593a957ad,2,3,11,1,-1,,,-1,-1,-1,-1,-1,,,,,,0,,0,0,0,0,0,0,0,0,RSMR_abstain
2cfe30b626795e99,2,3,7,1,10,0.2991193499749825,-0.1894030885848565,-1,-1,10,-1,-1,-0.1654027583867793,-0.1631270103109558,0.0662468023167937,-0.1174585954281391,-0.0156971294529417,1,-0.1894030885848565,0,1,1,0,0,1,0,1,mild_harm
4a42412827f55dc1,2,3,16,1,24,0.0519914090775093,0.0,-1,-1,24,-1,24,-0.0302041619649976,-0.0337880083697331,0.0314623981807347,-0.0513179274493684,0.0504435385258289,1,0.0,0,1,1,0,0,1,1,0,mild_harm
60183447caa4548b,2,3,17,1,3,0.081899214436054,-6.448373179882786e-05,-1,-1,3,-1,3,-0.0292228362112731,-0.0333434663986937,0.023765970611344,-0.0379714561873712,0.0637900097878262,1,-6.448373179882786e-05,0,1,1,0,0,1,1,0,mild_harm
618892326e0c530e,2,3,24,0,17,0.075314314514665,-1.1183486133825582e-05,-1,-1,17,-1,17,-0.0308474961129174,-0.0347322359266744,0.0122152029388758,-0.0238586334439664,0.0779028325312309,1,-1.1183486133825582e-05,0,1,1,0,0,1,1,0,mild_harm
63d0c4a8acfa5fc2,2,3,1,0,-1,,,-1,-1,-1,-1,-1,,,,,,0,,0,0,0,0,0,0,0,0,RSMR_abstain
8aeb517756f55681,2,3,14,1,15,0.0511970865472726,1.1431345063428466e-05,-1,-1,15,15,15,-0.0120271855222591,-0.0150724798278968,0.006061998400259,0.0135288989410035,0.1152903649162009,1,1.1431345063428466e-05,0,1,1,0,1,0,1,0,near_zero_positive_le_0p01
ab77602df4a154f7,2,3,11,1,10,0.0393448809408223,-0.0001715479505914,-1,-1,-1,-1,10,-0.0091625930224556,-0.0132947682260692,-0.0521815455121883,-0.0030607460142605,0.0987007199609368,1,-0.0001715479505914,0,1,0,1,0,1,1,0,mild_harm
acdcf9be0fc85495,2,3,23,1,13,0.1510483237136072,1.6302977381565595e-05,-1,-1,13,-1,13,-0.0311675253083982,-0.0350630013959381,0.0136102607427045,-0.0459404640614529,0.0558210019137444,1,1.6302977381565595e-05,0,1,1,0,0,1,1,0,near_zero_positive_le_0p01
be58ded948ea5c00,2,3,4,0,2,0.0501064163029145,-0.0012929431468249,2,2,-1,2,2,0.2312110816096863,0.2172897247194396,-0.0083746747535595,0.2400612268423934,0.3418226928175908,1,-0.0012929431468249,1,0,0,1,1,0,1,0,mild_harm
d74df20dba705137,2,3,19,1,23,0.0858643709150893,-8.57298430055383e-05,-1,-1,23,-1,23,-0.0462615218365733,-0.0505927366057621,0.047804474849286,-0.0720074212477347,0.0297540447274626,1,-8.57298430055383e-05,0,1,1,0,0,1,1,0,mild_harm
ec0f4f7c37615b20,2,3,5,0,2,0.0954451167856291,-0.7737388310596343,2,2,-1,-1,2,0.0347725328656698,0.0316890448912995,-0.171969744137469,-0.0687990632144783,0.032962402760719,1,-0.7737388310596343,1,0,0,1,0,1,1,0,catastrophe
ec57eef8dffd515e,2,3,1,0,-1,,,-1,-1,-1,-1,-1,,,,,,0,,0,0,0,0,0,0,0,0,RSMR_abstain
f73c53f115a550d5,2,3,17,1,-1,,,-1,-1,-1,-1,-1,,,,,,0,,0,0,0,0,0,0,0,0,RSMR_abstain
06f8d2f6dca3537c,2,3,6,0,-1,,,-1,-1,-1,-1,-1,,,,,,0,,0,0,0,0,0,0,0,0,RSMR_abstain
79e0120026c25eed,2,3,2,1,-1,,,-1,-1,-1,-1,-1,,,,,,0,,0,0,0,0,0,0,0,0,RSMR_abstain
884e1c90e87b5fab,2,3,16,1,7,0.1830596053222681,-2.0925029926001974e-05,7,7,7,-1,7,0.1176221123495985,0.1122452379854023,0.0124258319842894,-0.0070839833321004,0.0946774826430969,1,-2.0925029926001974e-05,1,0,1,0,0,1,1,0,mild_harm
8c1a6d183a275d96,2,3,12,0,-1,,,-1,-1,-1,-1,-1,,,,,,0,,0,0,0,0,0,0,0,0,RSMR_abstain
bd8986c6178e5d2a,2,3,1,0,-1,,,-1,-1,-1,-1,-1,,,,,,0,,0,0,0,0,0,0,0,0,RSMR_abstain
c1dd6c577b0f573a,2,3,5,0,1,0.0776118871430176,-0.2477531754664172,1,1,-1,1,1,0.0076671917235462,0.0037317367124062,-0.0520993388346877,0.0032667796734444,0.1050282456486418,1,-0.2477531754664172,1,0,0,1,1,0,1,0,mild_harm
d1d6c7f48e6d5708,2,3,15,0,-1,,,-1,-1,-1,-1,-1,,,,,,0,,0,0,0,0,0,0,0,0,RSMR_abstain
0fd565e4e40058b8,2,3,15,1,-1,,,-1,-1,-1,-1,-1,,,,,,0,,0,0,0,0,0,0,0,0,RSMR_abstain
25708e54a75c59eb,2,3,17,0,-1,,,-1,-1,-1,-1,-1,,,,,,0,,0,0,0,0,0,0,0,0,RSMR_abstain
321b3f53510c5059,2,3,7,1,-1,,,-1,-1,-1,-1,-1,,,,,,0,,0,0,0,0,0,0,0,0,RSMR_abstain
3e07748ebae855b8,2,3,12,1,23,0.1816544829710277,-2.1420662570744223e-05,23,23,23,-1,23,0.0072133816200226,0.0036361654301551,0.0852896773874904,-0.0296408033875371,0.0721206625876602,1,-2.1420662570744223e-05,1,0,1,0,0,1,1,0,mild_harm
46f297276986585b,2,3,4,0,-1,,,-1,-1,-1,-1,-1,,,,,,0,,0,0,0,0,0,0,0,0,RSMR_abstain
4d6fb0d27a0f51ce,2,3,7,1,-1,,,-1,-1,-1,-1,-1,,,,,,0,,0,0,0,0,0,0,0,0,RSMR_abstain
5583fb05984f5685,2,3,17,0,2,0.1166510411835945,-0.0004475013362128,2,2,2,-1,2,0.0265999321737507,0.0207689867222154,0.0320893536374307,-0.065994501407971,0.0357669645672263,1,-0.0004475013362128,1,0,1,0,0,1,1,0,mild_harm
97b8db1dfd4f5fb3,2,3,18,1,-1,,,-1,-1,-1,-1,-1,,,,,,0,,0,0,0,0,0,0,0,0,RSMR_abstain
edf9d12992c9551c,2,3,16,1,13,0.145948148399534,0.0,13,-1,-1,-1,13,0.004006409023781,-0.0011311365356974,-0.0314461929755628,-0.0381130042309453,0.063648461744252,1,0.0,0,1,0,1,0,1,1,0,mild_harm
f94f2bcde8345a9a,2,3,3,0,15,0.1621689269535773,0.0,15,15,15,-1,15,0.0044601086846657,0.0004784623021641,0.1259093839895859,-0.0521806319378804,0.0495808340373169,1,0.0,1,0,1,0,0,1,1,0,mild_harm
0bb64f8f31ba5310,2,3,17,1,-1,,,-1,-1,-1,-1,-1,,,,,,0,,0,0,0,0,0,0,0,0,RSMR_abstain
440a7c7dd1395be4,2,3,17,1,22,0.3464565185401473,0.0054980933307104,22,22,22,22,22,0.0968270947802354,0.0912189920978398,0.074925278681643,0.0006001280366684,0.1023615940118658,1,0.0054980933307104,1,0,1,0,1,0,1,0,near_zero_positive_le_0p01
630c3828efa0518a,2,3,17,0,-1,,,-1,-1,-1,-1,-1,,,,,,0,,0,0,0,0,0,0,0,0,RSMR_abstain
66a39f4cabc85bc4,2,3,14,1,6,0.3664261797426085,-1.1789312648981811,6,6,6,-1,6,0.0450076989184093,0.0408543342016148,0.1655585727350166,-0.0453324353353317,0.0564290306398657,1,-1.1789312648981811,1,0,1,0,0,1,1,0,catastrophe
684af4044c445d01,2,3,4,1,9,0.0782435659244217,-6.066455971449631e-05,-1,-1,9,-1,9,-0.1276501190631372,-0.1316125518669126,0.1169313816827689,-0.084205307687734,0.0175561582874633,1,-6.066455971449631e-05,0,1,1,0,0,1,1,0,mild_harm
69f12cf621135ce3,2,3,17,1,-1,,,-1,-1,-1,-1,-1,,,,,,0,,0,0,0,0,0,0,0,0,RSMR_abstain
71589a780d925ed6,2,3,17,1,3,0.1988127549864715,0.9912868022998796,3,3,3,-1,3,0.0478102438198542,0.0425714509011323,0.0586837943972871,-0.032816616284051,0.0689448496911463,1,0.9912868022998796,1,0,1,0,0,1,1,0,material_positive_gt_0p2
7c39359aaa345e52,2,3,11,1,9,0.1375659597353667,0.0004377499253883,9,9,9,-1,9,0.0642756997263687,0.0598902615752597,0.027364683209743,-0.0901127655447805,0.0116487004304168,1,0.0004377499253883,1,0,1,0,0,1,1,0,near_zero_positive_le_0p01
93ccd00db2005d2d,2,3,17,1,-1,,,-1,-1,-1,-1,-1,,,,,,0,,0,0,0,0,0,0,0,0,RSMR_abstain
a1c64a274ecc54b0,2,3,1,1,20,0.0672836229915809,9.327751190868484e-05,-1,-1,-1,-1,20,-0.001680973545002,-0.0059865532390873,-0.0270149251537078,-0.0332001533568049,0.0685613126183924,1,9.327751190868484e-05,0,1,0,1,0,1,1,0,near_zero_positive_le_0p01
a71d387393a559d4,2,3,17,1,-1,,,-1,-1,-1,-1,-1,,,,,,0,,0,0,0,0,0,0,0,0,RSMR_abstain
c65275d1d5af5014,2,3,17,0,3,0.1100294316323377,-0.0002589660743251,3,3,-1,3,3,0.0915400690266045,0.0877662174350454,-0.0517757156092278,0.0898409575933138,0.1916024235685112,1,-0.0002589660743251,1,0,0,1,1,0,1,0,mild_harm
cd7aee35baa65cec,2,3,16,1,-1,,,-1,-1,-1,-1,-1,,,,,,0,,0,0,0,0,0,0,0,0,RSMR_abstain
dc6d75a4555c5fd6,2,3,10,1,21,0.0346460631531994,3.0565711064264086e-05,-1,-1,21,-1,21,-0.0500139805115681,-0.0541030355257523,0.0398538666488684,-0.078628877021059,0.0231325889541383,1,3.0565711064264086e-05,0,1,1,0,0,1,1,0,near_zero_positive_le_0p01
24e5d608f799503b,2,3,17,1,-1,,,-1,-1,-1,-1,-1,,,,,,0,,0,0,0,0,0,0,0,0,RSMR_abstain
2fdb08ec2f205723,2,3,17,1,-1,,,-1,-1,-1,-1,-1,,,,,,0,,0,0,0,0,0,0,0,0,RSMR_abstain
77e69dcde5805f89,2,3,17,1,-1,,,-1,-1,-1,-1,-1,,,,,,0,,0,0,0,0,0,0,0,0,RSMR_abstain
79a429b2a2b450e7,2,3,17,1,3,0.1811866113655169,4.5840236171379445e-05,3,3,3,-1,3,0.0389501477163127,0.0330271209363641,0.0638880876592009,-0.0589647464933666,0.0427967194818307,1,4.5840236171379445e-05,1,0,1,0,0,1,1,0,near_zero_positive_le_0p01
8724d825e1c15a99,2,3,18,1,3,0.1498366784107047,0.0005389120473116,3,3,3,-1,3,0.0571688960016413,0.0505235043766089,0.033140255640271,-0.0757215162756815,0.0260399496995158,1,0.0005389120473116,1,0,1,0,0,1,1,0,near_zero_positive_le_0p01
dd63e7a132215419,2,3,9,1,-1,,,-1,-1,-1,-1,-1,,,,,,0,,0,0,0,0,0,0,0,0,RSMR_abstain
0e59b30dfd9d5121,2,3,19,1,21,0.0242202976862277,0.000267652710434,21,21,-1,-1,21,0.0154181491322609,0.011056850416205,-0.0751553324336393,-0.0087959103923308,0.0929655555828665,1,0.000267652710434,1,0,0,1,0,1,1,0,near_zero_positive_le_0p01
38eeabce6a485364,2,3,15,1,-1,,,-1,-1,-1,-1,-1,,,,,,0,,0,0,0,0,0,0,0,0,RSMR_abstain
5aa3112549445a00,2,3,4,0,20,0.0754684755646449,-5.174224078752232e-06,-1,-1,-1,-1,20,-0.0083473635700626,-0.0126914473298778,-0.0296853814917475,-0.0247927122692047,0.0769687537059926,1,-5.174224078752232e-06,0,1,0,1,0,1,1,0,mild_harm
683e8d239bf75a5d,2,3,17,1,22,0.0382279740013438,-0.0001595440631732,22,22,-1,-1,22,0.0091496154067868,0.0047898947258617,-0.0910845735615377,-0.0437432645985841,0.0580182013766132,1,-0.0001595440631732,1,0,0,1,0,1,1,0,mild_harm
713177596893526a,2,3,23,1,1,0.3351266791047002,0.9896099772717104,1,1,1,-1,1,0.0993538900184242,0.0926726135061675,0.0558454202819228,-0.0430090548691549,0.0587524111060425,1,0.9896099772717104,1,0,1,0,0,1,1,0,material_positive_gt_0p2
8be5348ca3425c10,2,3,10,0,-1,,,-1,-1,-1,-1,-1,,,,,,0,,0,0,0,0,0,0,0,0,RSMR_abstain
90244d4079fe5582,2,3,13,1,1,0.528581605465504,0.0010825669911689,1,1,1,-1,1,0.1533005229807903,0.1480366613497596,0.2251492252647286,-0.0214474852379827,0.0803139807372146,1,0.0010825669911689,1,0,1,0,0,1,1,0,near_zero_positive_le_0p01
a63aaf23916e5f10,2,3,8,1,0,0.126020086422877,-9.402019237750216e-05,-1,-1,0,-1,0,-0.0446759348103279,-0.0488157039726379,0.0660935275515931,-0.0648130003947532,0.0369484655804442,1,-9.402019237750216e-05,0,1,1,0,0,1,1,0,mild_harm
ac29e7c780d75eee,2,3,3,0,17,0.0513032791634178,-1.1126175523124004e-06,-1,-1,-1,-1,17,-0.0301127600278416,-0.034566647100522,-0.0079496730559074,-0.0466819634356293,0.055079502539568,1,-1.1126175523124004e-06,0,1,0,1,0,1,1,0,mild_harm
b4a3828e9a685c84,2,3,1,0,16,0.073244073087613,0.0,-1,-1,-1,-1,16,-0.0214751804684617,-0.0258776134723462,-0.0190143038025517,-0.0372104772870941,0.0645509886881033,1,0.0,0,1,0,1,0,1,1,0,mild_harm
b9b7f27d456b5e0b,2,3,1,1,-1,,,-1,-1,-1,-1,-1,,,,,,0,,0,0,0,0,0,0,0,0,RSMR_abstain
c6eebddd3a955416,2,3,16,0,3,0.2206431298405776,-0.0003261594811454,3,3,3,-1,3,0.1033348446214258,0.0987988026230855,0.1557307750480934,-0.0385620067495478,0.0631994592256495,1,-0.0003261594811454,1,0,1,0,0,1,1,0,mild_harm
e06039dcbccd55a0,2,3,17,1,-1,,,-1,-1,-1,-1,-1,,,,,,0,,0,0,0,0,0,0,0,0,RSMR_abstain
ee1f7084ec1a54cf,2,3,11,0,-1,,,-1,-1,-1,-1,-1,,,,,,0,,0,0,0,0,0,0,0,0,RSMR_abstain
fa243f63e0525715,2,3,15,0,-1,,,-1,-1,-1,-1,-1,,,,,,0,,0,0,0,0,0,0,0,0,RSMR_abstain
1c3f933be722564d,2,3,2,0,7,0.0163772575546554,-2.020616720138795,7,7,-1,-1,7,0.0059654325299876,0.0019040683036009,-0.0767249675666524,-0.0151108935558927,0.0866505724193047,1,-2.020616720138795,1,0,0,1,0,1,1,0,catastrophe
27d3a84b2d335113,2,3,13,1,0,0.0710031756706808,3.223411133512874e-06,-1,-1,-1,-1,0,-0.0132382262881788,-0.0176879990840356,-0.0454434871310942,-0.0180682594041784,0.0836932065710189,1,3.223411133512874e-06,0,1,0,1,0,1,1,0,near_zero_positive_le_0p01
37c65539bccb5da7,2,3,18,1,19,0.3096755280489328,3.19452974479645e-05,19,19,-1,19,19,0.1698728220505014,0.1642109571949793,-0.031542243475528,0.1205215572250299,0.2222830232002273,1,3.19452974479645e-05,1,0,0,1,1,0,1,0,near_zero_positive_le_0p01
3dae82a193c9501b,2,3,17,0,-1,,,-1,-1,-1,-1,-1,,,,,,0,,0,0,0,0,0,0,0,0,RSMR_abstain
69a069b9a6985aaf,2,3,15,1,7,0.1634119045513961,0.0001744541430845,-1,-1,7,-1,7,-0.0204335484977881,-0.0238573327746639,0.0630190066042592,-0.0762342443437783,0.025527221631419,1,0.0001744541430845,0,1,1,0,0,1,1,0,near_zero_positive_le_0p01
7d8759e340975895,2,3,12,1,14,0.1369317555161481,0.0001328599065542,-1,-1,14,14,14,-0.004714592337447,-0.0087209202538271,0.0142727896933891,0.0258446008426332,0.1276060668178306,1,0.0001328599065542,0,1,1,0,1,0,1,0,near_zero_positive_le_0p01
a99fbe3c63d15894,2,3,23,1,21,0.150472348272085,-3.527703285222117e-05,-1,-1,21,-1,21,-0.0209178849741101,-0.0248129629167372,0.0517044252799686,-0.0068705048046669,0.0948909611705304,1,-3.527703285222117e-05,0,1,1,0,0,1,1,0,mild_harm
aaf8a6e715785915,2,3,19,1,21,0.0851857097933432,1.1295703612024257e-05,-1,-1,-1,-1,21,-0.0101148651473342,-0.014472549945148,-0.0313110739264919,-0.0208184247239167,0.0809430412512806,1,1.1295703612024257e-05,0,1,0,1,0,1,1,0,near_zero_positive_le_0p01
adb358cddcdf5ad4,2,3,17,1,-1,,,-1,-1,-1,-1,-1,,,,,,0,,0,0,0,0,0,0,0,0,RSMR_abstain
ae3f167434e35c78,2,3,4,1,-1,,,-1,-1,-1,-1,-1,,,,,,0,,0,0,0,0,0,0,0,0,RSMR_abstain
ae62df1371af5474,2,3,9,0,-1,,,-1,-1,-1,-1,-1,,,,,,0,,0,0,0,0,0,0,0,0,RSMR_abstain
f0a54058d2af5c6c,2,3,16,1,4,0.0989469088352006,0.0006539796369151,-1,-1,4,-1,4,-0.0248469524406888,-0.028735759546498,0.0282505362977726,-0.0752302199753376,0.0265312459998598,1,0.0006539796369151,0,1,1,0,0,1,1,0,near_zero_positive_le_0p01
f533a754e0245b89,2,3,7,1,10,0.0597686301894117,-0.0028522905766963,-1,-1,-1,-1,10,-0.0067444856864501,-0.0108764400043387,-0.0528180367328185,-0.0031355787575322,0.0986258872176651,1,-0.0028522905766963,0,1,0,1,0,1,1,0,mild_harm
f9c3f5c430be54aa,2,3,2,1,2,0.1548735680896494,1.5646017807097174,-1,-1,2,-1,2,-0.023940650526818,-0.0276659530975377,0.0632040876744332,-0.0124446446764356,0.0893168212987617,1,1.5646017807097174,0,1,1,0,0,1,1,0,material_positive_gt_0p2
02bb7e4c3012543c,2,3,8,1,-1,,,-1,-1,-1,-1,-1,,,,,,0,,0,0,0,0,0,0,0,0,RSMR_abstain
105b657c237a5c20,2,3,11,1,-1,,,-1,-1,-1,-1,-1,,,,,,0,,0,0,0,0,0,0,0,0,RSMR_abstain
11aaf0aadcfb5861,2,3,17,0,-1,,,-1,-1,-1,-1,-1,,,,,,0,,0,0,0,0,0,0,0,0,RSMR_abstain
22b187e4a9c25c9b,2,3,14,0,-1,,,-1,-1,-1,-1,-1,,,,,,0,,0,0,0,0,0,0,0,0,RSMR_abstain
2f2543566c675f13,2,3,11,1,1,0.0920906217169804,4.081237241626568e-05,1,1,-1,-1,1,0.0065198835450911,0.0022399394036898,-0.0454444829291321,-0.0106513566277958,0.0911101093474016,1,4.081237241626568e-05,1,0,0,1,0,1,1,0,near_zero_positive_le_0p01
359105de514f5258,2,3,12,1,9,0.0199806584066202,-0.0003807342187269,-1,-1,9,-1,9,-0.1286178863775783,-0.1319715024208545,0.1288257030149945,-0.0975128724912441,0.0042485934839533,1,-0.0003807342187269,0,1,1,0,0,1,1,0,mild_harm
5740c711ed2d5d2f,2,3,17,1,-1,,,-1,-1,-1,-1,-1,,,,,,0,,0,0,0,0,0,0,0,0,RSMR_abstain
5f01892cbea95932,2,3,14,0,-1,,,-1,-1,-1,-1,-1,,,,,,0,,0,0,0,0,0,0,0,0,RSMR_abstain
75fd8a14d25350e5,2,3,12,1,14,0.0451435252879411,6.06032689663456,14,14,14,14,14,0.1446957925101061,0.1403795305833689,0.0318542913071124,0.1154229961755299,0.2171844621507273,1,6.06032689663456,1,0,1,0,1,0,1,0,material_positive_gt_0p2
78dae1caad5656a7,2,3,15,1,17,0.0083001771523453,0.0001282766357064,17,17,-1,17,17,0.04063788769334,0.0364144802504991,-0.1037764825699223,0.0548271982141852,0.1565886641893826,1,0.0001282766357064,1,0,0,1,1,0,1,0,near_zero_positive_le_0p01
a9e5024892425a19,2,3,10,1,9,0.1413417836220566,0.1097359060698885,-1,-1,9,9,9,-0.0457586454411168,-0.0475257260082275,0.1147214128515653,0.0308670846792876,0.132628550654485,1,0.1097359060698885,0,1,1,0,1,0,1,0,small_positive_0p01_to_0p2
aaddf9a720325142,2,3,11,0,-1,,,-1,-1,-1,-1,-1,,,,,,0,,0,0,0,0,0,0,0,0,RSMR_abstain
d32e31e6812d546f,2,3,9,1,-1,,,-1,-1,-1,-1,-1,,,,,,0,,0,0,0,0,0,0,0,0,RSMR_abstain
e034837cf84e5081,2,3,8,1,-1,,,-1,-1,-1,-1,-1,,,,,,0,,0,0,0,0,0,0,0,0,RSMR_abstain
e865980d1e455826,2,3,16,1,-1,,,-1,-1,-1,-1,-1,,,,,,0,,0,0,0,0,0,0,0,0,RSMR_abstain
f125490e18b15e5c,2,3,21,1,19,0.083432429385926,2.2940688254813324e-05,-1,-1,-1,-1,19,-0.0040409400874055,-0.0083619854094389,-0.0422093908093069,-0.000481442816307,0.1012800231588903,1,2.2940688254813324e-05,0,1,0,1,0,1,1,0,near_zero_positive_le_0p01
f1d77af4b7285825,2,3,7,1,9,0.1941999423083564,-0.0001714905660601,-1,-1,9,9,9,-0.0431400830765064,-0.0457976567002492,0.1433824706730447,0.0360792188870717,0.1378406848622691,1,-0.0001714905660601,0,1,1,0,1,0,1,0,mild_harm
2d8cf993fd4159e2,2,3,12,1,2,0.234862503030595,-0.0050927070549839,2,2,2,-1,2,0.0888590405606065,0.0837435024171712,0.112094920004407,-0.0307288740745864,0.0710325919006109,1,-0.0050927070549839,1,0,1,0,0,1,1,0,mild_harm
470e191769275e16,2,3,9,1,-1,,,-1,-1,-1,-1,-1,,,,,,0,,0,0,0,0,0,0,0,0,RSMR_abstain
549a8da7bb0b5e8a,2,3,2,0,2,0.0738383346804003,-0.9131117959951052,2,2,-1,-1,2,0.0581521327190367,0.0550809619557923,-0.1736670643890736,-0.0816774821384629,0.0200839838367344,1,-0.9131117959951052,1,0,0,1,0,1,1,0,catastrophe
5c921b6094c95071,2,3,2,1,-1,,,-1,-1,-1,-1,-1,,,,,,0,,0,0,0,0,0,0,0,0,RSMR_abstain
698c37f393b852d6,2,3,14,0,-1,,,-1,-1,-1,-1,-1,,,,,,0,,0,0,0,0,0,0,0,0,RSMR_abstain
71dfd904537f5299,2,3,6,1,-1,,,-1,-1,-1,-1,-1,,,,,,0,,0,0,0,0,0,0,0,0,RSMR_abstain
7ef659e1786d5ef0,2,3,1,0,-1,,,-1,-1,-1,-1,-1,,,,,,0,,0,0,0,0,0,0,0,0,RSMR_abstain
893f5457b66f5c0a,2,3,4,0,-1,,,-1,-1,-1,-1,-1,,,,,,0,,0,0,0,0,0,0,0,0,RSMR_abstain
8f090017c0c45c30,2,3,13,1,2,0.1395255199667619,0.980162891490938,2,2,2,-1,2,0.0821260052298017,0.0767096334895551,0.0644719969333829,-0.0513127902791223,0.050448675696075,1,0.980162891490938,1,0,1,0,0,1,1,0,material_positive_gt_0p2
90003a4fe9855d90,2,3,21,1,-1,,,-1,-1,-1,-1,-1,,,,,,0,,0,0,0,0,0,0,0,0,RSMR_abstain
9d6b57b25d0e5698,2,3,29,1,28,0.0780187847273103,-4.430631548166253e-05,-1,-1,28,-1,28,-0.0248702757678878,-0.0291071651593439,0.0040118347212792,-0.037978706259573,0.0637827597156243,1,-4.430631548166253e-05,0,1,1,0,0,1,1,0,mild_harm
a5a77a41a5d4527c,2,3,17,1,2,0.0567539327919885,-0.0001227254013267,-1,-1,2,-1,2,-0.0705305808770386,-0.0742664054708066,0.0795049270154003,-0.0619162476751036,0.0398452183000937,1,-0.0001227254013267,0,1,1,0,0,1,1,0,mild_harm
b86d04e1e9105474,2,3,3,0,-1,,,-1,-1,-1,-1,-1,,,,,,0,,0,0,0,0,0,0,0,0,RSMR_abstain
c4a7fbc6d1e35668,2,3,6,1,21,0.30506643197648,1.9843287469431443,-1,-1,21,21,21,-0.015479607642218,-0.0174469892581097,0.0879444278170433,0.0732552973782315,0.1750167633534289,1,1.9843287469431443,0,1,1,0,1,0,1,0,material_positive_gt_0p2
db167c9f01af53f1,2,3,17,0,9,0.0069559904076055,-0.00040012851879,-1,-1,9,-1,-1,-0.1550081597067582,-0.1591753424687209,0.0848634465479516,-0.1091477270233296,-0.0073862610481322,1,-0.00040012851879,0,1,1,0,0,1,0,1,mild_harm
e19f348970f556d2,2,3,5,0,-1,,,-1,-1,-1,-1,-1,,,,,,0,,0,0,0,0,0,0,0,0,RSMR_abstain
e1c764e511515749,2,3,10,1,20,0.4556764919016465,0.0004805833668912,20,20,20,20,20,0.1879156815126774,0.1819800253231489,0.05664138417497,0.1425477896749725,0.2443092556501699,1,0.0004805833668912,1,0,1,0,1,0,1,0,near_zero_positive_le_0p01
e75b5a59035b5493,2,3,9,1,22,0.03279656586801,1.9060943658999463e-05,-1,-1,-1,-1,22,-0.0158790760383349,-0.0201997514449326,-0.0349935921124685,-0.053209817842733,0.0485516481324643,1,1.9060943658999463e-05,0,1,0,1,0,1,1,0,near_zero_positive_le_0p01
e86d2d8665685c70,2,3,11,1,-1,,,-1,-1,-1,-1,-1,,,,,,0,,0,0,0,0,0,0,0,0,RSMR_abstain
e9c39cd0c047561f,2,3,29,1,-1,,,-1,-1,-1,-1,-1,,,,,,0,,0,0,0,0,0,0,0,0,RSMR_abstain
0612f5d26b32561d,2,3,15,1,-1,,,-1,-1,-1,-1,-1,,,,,,0,,0,0,0,0,0,0,0,0,RSMR_abstain
07003d3990e35817,2,3,2,1,-1,,,-1,-1,-1,-1,-1,,,,,,0,,0,0,0,0,0,0,0,0,RSMR_abstain
0938c742dd0159e8,2,3,4,0,-1,,,-1,-1,-1,-1,-1,,,,,,0,,0,0,0,0,0,0,0,0,RSMR_abstain
097a309009705384,2,3,9,1,3,0.0945879986853262,0.0004824268192052,3,3,-1,3,3,0.096873348554579,0.0930950211101565,-0.1093576320317437,0.0900051305112585,0.1917665964864559,1,0.0004824268192052,1,0,0,1,1,0,1,0,near_zero_positive_le_0p01
12db610090455243,2,3,15,1,-1,,,-1,-1,-1,-1,-1,,,,,,0,,0,0,0,0,0,0,0,0,RSMR_abstain
1b2ded48330b5b03,2,3,17,1,5,0.102286105147456,0.0020229374388232,5,5,-1,5,5,0.0744339561251697,0.071262230867445,-0.0029641724214789,0.0734976278921347,0.1752590938673321,1,0.0020229374388232,1,0,0,1,1,0,1,0,near_zero_positive_le_0p01
2322ed0c8d8e5d5f,2,3,12,1,25,0.3004723276941828,0.0026175350087694,25,25,25,25,25,0.2172131592978684,0.2112751261788953,0.0316145571606864,0.0783523978328329,0.1801138638080303,1,0.0026175350087694,1,0,1,0,1,0,1,0,near_zero_positive_le_0p01
253b0edab17c5d6d,2,3,17,0,-1,,,-1,-1,-1,-1,-1,,,,,,0,,0,0,0,0,0,0,0,0,RSMR_abstain
326079b8c9395f39,2,3,1,0,23,0.0981394250108717,-0.0004300676556301,-1,-1,23,-1,23,-0.0706389531177565,-0.0749179995477308,0.09316583870447,-0.0476776549294619,0.0540838110457354,1,-0.0004300676556301,0,1,1,0,0,1,1,0,mild_harm
460cfd36104e5450,2,3,16,1,6,0.177870682733008,-0.0017542777046561,-1,-1,6,-1,6,-0.0153371483942192,-0.019238026948237,0.122729355087326,-0.0504307832952948,0.0513306826799025,1,-0.0017542777046561,0,1,1,0,0,1,1,0,mild_harm
5b06ed05f63a5554,2,3,14,1,3,0.0942051171985382,0.0001472774073248,3,3,-1,3,3,0.1023724142519809,0.098462047879917,-0.1212135416982133,0.1002490889280457,0.2020105549032431,1,0.0001472774073248,1,0,0,1,1,0,1,0,near_zero_positive_le_0p01
5da895ba0a415a80,2,3,16,1,6,0.0769295070032463,-0.002026025418937,-1,-1,6,-1,6,-0.0269096478115363,-0.0310099358105489,0.0144417335753407,-0.0598040413427054,0.0419574246324919,1,-0.002026025418937,0,1,1,0,0,1,1,0,mild_harm
5e16781ce6685597,2,3,12,1,9,0.1119610757494009,0.9893989870341496,-1,-1,9,-1,9,-0.1098059068832361,-0.1138102984944872,0.1604625443404541,-0.082289200345654,0.0194722656295433,1,0.9893989870341496,0,1,1,0,0,1,1,0,material_positive_gt_0p2
5f9c0089a0a355fe,2,3,1,1,-1,,,-1,-1,-1,-1,-1,,,,,,0,,0,0,0,0,0,0,0,0,RSMR_abstain
628e147a02bf5128,2,3,15,1,2,0.0364822886640526,0.0001771564187642,-1,-1,2,-1,2,-0.1222767028528591,-0.1264806464016105,0.0749636335006014,-0.0888782119276776,0.0128832540475197,1,0.0001771564187642,0,1,1,0,0,1,1,0,near_zero_positive_le_0p01
767b810b38de5665,2,3,10,1,-1,,,-1,-1,-1,-1,-1,,,,,,0,,0,0,0,0,0,0,0,0,RSMR_abstain
1fd9a12a263556d8,3,4,4,0,-1,,,-1,-1,-1,-1,-1,,,,,,0,,0,0,0,0,0,0,0,0,RSMR_abstain
399cc87ac7c55646,3,4,16,1,22,0.2928596543067295,0.0005082323875802,22,22,-1,-1,22,0.1706304256128696,0.1676933287549595,-0.064075978312074,-0.0201554843356557,0.1453149151268202,1,0.0005082323875802,1,0,0,1,0,1,1,0,near_zero_positive_le_0p01
41fdae5fd40d5324,3,4,19,1,22,0.1220973388524979,-4.641914139513759e-05,-1,-1,22,-1,22,-0.0026131259742899,-0.0055506225583277,0.0088791456179399,-0.0003065748436029,0.1651638246188729,1,-4.641914139513759e-05,0,1,1,0,0,1,1,0,mild_harm
46eb37ed09fc5718,3,4,22,1,-1,,,-1,-1,-1,-1,-1,,,,,,0,,0,0,0,0,0,0,0,0,RSMR_abstain
538f3eb865185615,3,4,26,0,19,0.3564730712372098,-9.282299746971034e-05,19,19,19,-1,19,0.1015703024173527,0.0995147069957924,0.0340729989702803,-0.017873660044903,0.1475967394175728,1,-9.282299746971034e-05,1,0,1,0,0,1,1,0,mild_harm
667054412512521b,3,4,11,0,9,0.0352653553706854,-0.0001064360320568,-1,-1,9,-1,9,-0.1328384396043946,-0.1359427822546831,0.0649946030120941,-0.0210276550339121,0.1444427444285638,1,-0.0001064360320568,0,1,1,0,0,1,1,0,mild_harm
86f569f804fb5848,3,4,8,1,-1,,,-1,-1,-1,-1,-1,,,,,,0,,0,0,0,0,0,0,0,0,RSMR_abstain
98dbc922be205d29,3,4,16,1,26,0.5185924505967953,0.0002245069518684,26,26,26,26,26,0.0806943821578261,0.0796693467883381,0.0622313307206396,0.0750496238689934,0.2405200233314693,1,0.0002245069518684,1,0,1,0,1,0,1,0,near_zero_positive_le_0p01
ba95a132236555b4,3,4,9,0,25,0.2761618716830546,-0.0004200205574278,-1,-1,25,25,25,-0.0769067127132998,-0.0787753406994771,0.2297058638515101,0.021851002394195,0.1873214018566709,1,-0.0004200205574278,0,1,1,0,1,0,1,0,mild_harm
bc346dea1bcd5cc3,3,4,29,1,28,0.0546752111961481,-9.483449810643307e-05,28,-1,-1,-1,28,0.0021376548800902,-0.003727844808962,-0.0661220264127479,-0.1313950452502936,0.0340753542121822,1,-9.483449810643307e-05,0,1,0,1,0,1,1,0,mild_harm
c0426fcae01a50cf,3,4,17,1,-1,,,-1,-1,-1,-1,-1,,,,,,0,,0,0,0,0,0,0,0,0,RSMR_abstain
c075c65bf21d5842,3,4,14,1,9,0.2148766836622629,-0.0004111885782156,-1,-1,9,9,9,-0.0660201285526415,-0.0695089809401391,0.1056480352337227,0.0187536572041501,0.1842240566666261,1,-0.0004111885782156,0,1,1,0,1,0,1,0,mild_harm
d1f387a440e25adc,3,4,17,1,26,0.0897864051838182,-0.0001685254469512,-1,-1,26,26,26,-0.0396846757201043,-0.0419671159509767,0.0980726332989447,0.0087252284606329,0.1741956279231089,1,-0.0001685254469512,0,1,1,0,1,0,1,0,mild_harm
f462fca7c1f8594c,3,4,5,1,20,0.0344900477082446,-7.948029409162718e-05,-1,-1,20,-1,20,-0.0611498350073419,-0.0637339342698829,0.0666486225290841,-0.0593482868400675,0.1061221126224084,1,-7.948029409162718e-05,0,1,1,0,0,1,1,0,mild_harm
f5b6478d00565e99,3,4,2,1,-1,,,-1,-1,-1,-1,-1,,,,,,0,,0,0,0,0,0,0,0,0,RSMR_abstain
258a909f4194587f,3,4,14,1,24,0.2065552985850331,-0.0001065721827559,-1,-1,24,24,24,-0.104299850062101,-0.1076544875432277,0.1682736846316359,0.005848677573914,0.17131907703639,1,-0.0001065721827559,0,1,1,0,1,0,1,0,mild_harm
09be490c13cb56b6,3,4,19,1,23,0.1040684484915912,-8.767266422510158e-05,-1,-1,23,-1,23,-0.0335752993609472,-0.0370133237452615,0.0322448474232187,-0.0419493964509395,0.1235210030115363,1,-8.767266422510158e-05,0,1,1,0,0,1,1,0,mild_harm
2f4a06067a6f5d7f,3,4,3,1,-1,,,-1,-1,-1,-1,-1,,,,,,0,,0,0,0,0,0,0,0,0,RSMR_abstain
33cd12f0c4a75e41,3,4,16,1,-1,,,-1,-1,-1,-1,-1,,,,,,0,,0,0,0,0,0,0,0,0,RSMR_abstain
3cd8e7898e005bc4,3,4,8,1,-1,,,-1,-1,-1,-1,-1,,,,,,0,,0,0,0,0,0,0,0,0,RSMR_abstain
3f68aa4cebd65ce8,3,4,21,1,23,0.1727381425291408,-0.0006958824434317,-1,-1,23,-1,23,-0.1225689727743185,-0.1260496402298057,0.1584061376595442,-0.0233788203435072,0.1420915791189687,1,-0.0006958824434317,0,1,1,0,0,1,1,0,mild_harm
420b77ddd4f052b3,3,4,18,1,-1,,,-1,-1,-1,-1,-1,,,,,,0,,0,0,0,0,0,0,0,0,RSMR_abstain
56e384e4189f536f,3,4,19,1,3,0.1176736695860186,-1.771524733840124e-05,3,3,-1,-1,3,0.0105326291662167,0.0088413766602093,-0.0415073022929707,-0.0030360585127661,0.1624343409497097,1,-1.771524733840124e-05,1,0,0,1,0,1,1,0,mild_harm
7f9f132592f45a84,3,4,25,0,14,0.5086064863817903,-0.0006534868726856,14,14,14,14,14,0.0636287101635907,0.0586637773007942,0.0906452761938552,0.090364014453643,0.2558344139161189,1,-0.0006534868726856,1,0,1,0,1,0,1,0,mild_harm
9d81a9a1677354a1,3,4,10,1,26,0.1085999698418506,-0.000407588063553,-1,-1,26,26,26,-0.0527265226156672,-0.0534466668450903,0.31366463705876,0.02060602134718,0.186076420809656,1,-0.000407588063553,0,1,1,0,1,0,1,0,mild_harm
b0f9569dfe425d61,3,4,9,0,-1,,,-1,-1,-1,-1,-1,,,,,,0,,0,0,0,0,0,0,0,0,RSMR_abstain
e516f368a8fb5a16,3,4,3,1,11,0.0151999004754628,-0.0004473697791341,-1,-1,11,-1,11,-0.1858540743016161,-0.190476081187445,0.0896233219920041,-0.0908882896772116,0.0745821097852643,1,-0.0004473697791341,0,1,1,0,0,1,1,0,mild_harm
f997536112085ece,3,4,17,1,24,0.1085091570393512,-8.260559672490508e-05,-1,-1,24,-1,24,-0.0235587446255353,-0.0266377437641328,0.0184298399007695,-0.0266673864998912,0.1388030129625847,1,-8.260559672490508e-05,0,1,1,0,0,1,1,0,mild_harm
925cbce83b0c5797,3,4,16,1,-1,,,-1,-1,-1,-1,-1,,,,,,0,,0,0,0,0,0,0,0,0,RSMR_abstain
050392bdc27a5f5c,3,4,1,1,-1,,,-1,-1,-1,-1,-1,,,,,,0,,0,0,0,0,0,0,0,0,RSMR_abstain
1ae7a63963375f27,3,4,2,1,-1,,,-1,-1,-1,-1,-1,,,,,,0,,0,0,0,0,0,0,0,0,RSMR_abstain
1bd0f4142cdc52f5,3,4,10,1,0,0.2889227713411633,-2.8255283832552547e-06,0,0,0,-1,0,0.0436688587241707,0.0416580343570571,0.0665462332675422,-0.0351610817965381,0.1303093176659378,1,-2.8255283832552547e-06,1,0,1,0,0,1,1,0,mild_harm
2e91c253ccb958d1,3,4,16,1,3,0.0639125743880689,-6.759409550577411e-05,-1,-1,3,-1,3,-0.0410067100980355,-0.043938762650452,0.010430324097377,-0.0423745602300369,0.123095839232439,1,-6.759409550577411e-05,0,1,1,0,0,1,1,0,mild_harm
63464806708f5d70,3,4,3,1,-1,,,-1,-1,-1,-1,-1,,,,,,0,,0,0,0,0,0,0,0,0,RSMR_abstain
67a57ae417045162,3,4,4,0,-1,,,-1,-1,-1,-1,-1,,,,,,0,,0,0,0,0,0,0,0,0,RSMR_abstain
6ed7b0d3fc715d28,3,4,11,1,8,0.5592998637577578,0.0009856917359167,8,8,-1,-1,8,0.2926011866301716,0.2918642404763356,-0.5815855772137977,-0.0816092758829609,0.083861123579515,1,0.0009856917359167,1,0,0,1,0,1,1,0,near_zero_positive_le_0p01
78a96b59eca751e7,3,4,16,1,5,0.0309033475270032,0.0035972677305342,-1,-1,-1,-1,5,-0.0242798276742108,-0.0252771735592546,-0.0918718030093753,-0.0479314354226304,0.1175389640398455,1,0.0035972677305342,0,1,0,1,0,1,1,0,near_zero_positive_le_0p01
986b52e5fc685833,3,4,17,1,25,0.1554460997651751,-0.0001533661117778,-1,-1,25,-1,25,-0.0846693121335851,-0.0876198454828406,0.1181454341085755,-0.022572746913856,0.1428976525486199,1,-0.0001533661117778,0,1,1,0,0,1,1,0,mild_harm
9f32f8bd95195212,3,4,4,0,26,0.0288047950986548,-0.0002767197914421,-1,-1,26,-1,26,-0.0245791813754596,-0.0264941644953127,0.0751615409774606,-0.0341884519943675,0.1312819474681083,1,-0.0002767197914421,0,1,1,0,0,1,1,0,mild_harm
b4c84a922cb957a8,3,4,19,1,22,0.0882435172987736,-0.000144931913248,-1,-1,22,-1,22,-0.0724624762542179,-0.0770487339195191,0.1296494678681909,-0.0631719283664386,0.1022984710960373,1,-0.000144931913248,0,1,1,0,0,1,1,0,mild_harm
b8c14f4001735d94,3,4,1,0,7,0.1187524706604721,-0.0021207949011702,-1,-1,7,-1,7,-0.0076013959838785,-0.0100000467221562,0.0625457515361277,-0.032815479072555,0.1326549203899209,1,-0.0021207949011702,0,1,1,0,0,1,1,0,mild_harm
bd29c544e8035592,3,4,2,1,-1,,,-1,-1,-1,-1,-1,,,,,,0,,0,0,0,0,0,0,0,0,RSMR_abstain
c34206b68ee6576f,3,4,11,1,1,0.0356502641264642,-4.7573717791848935e-06,-1,-1,1,-1,1,-0.0143360765861318,-0.0161620567743846,0.092861415617016,-0.0114938814814547,0.1539765179810212,1,-4.7573717791848935e-06,0,1,1,0,0,1,1,0,mild_harm
efc9ce296b1955e3,3,4,12,1,25,0.218784921514385,0.0001197258479893,-1,-1,25,-1,25,-0.0258421822003989,-0.0289223372239116,0.079344070139186,-0.0271451742642381,0.1383252251982378,1,0.0001197258479893,0,1,1,0,0,1,1,0,near_zero_positive_le_0p01
0831e7eae1365d56,3,4,5,1,9,0.0454030205190284,-0.000454077412188,-1,-1,9,-1,9,-0.1588768196663403,-0.161807848069012,0.1647255857948597,-0.0329675834389223,0.1325028160235535,1,-0.000454077412188,0,1,1,0,0,1,1,0,mild_harm
174ebef468f65cc9,3,4,15,1,-1,,,-1,-1,-1,-1,-1,,,,,,0,,0,0,0,0,0,0,0,0,RSMR_abstain
40e3009527ee5be5,3,4,16,1,5,0.0372938980704864,0.0004074828368609,-1,-1,5,-1,5,-0.0186719160365607,-0.0222860278179254,0.0098729841545994,-0.0114047650514078,0.154065634411068,1,0.0004074828368609,0,1,1,0,0,1,1,0,near_zero_positive_le_0p01
4f48d8ce00c3509c,3,4,16,1,6,0.0378809676349311,0.0004191477632149,-1,-1,6,-1,6,-0.019289333589922,-0.0228922528368352,0.0105417635869582,-0.0102849055494815,0.1551854939129943,1,0.0004191477632149,0,1,1,0,0,1,1,0,near_zero_positive_le_0p01
5979437fa70f5fd8,3,4,2,0,9,0.1133785350342759,-0.0001650322461967,-1,-1,9,-1,9,-0.1394643969579376,-0.1397342422561952,0.0574258199124094,-0.0940570299511398,0.071413369511336,1,-0.0001650322461967,0,1,1,0,0,1,1,0,mild_harm
87237d7e0ff25ebb,3,4,1,0,-1,,,-1,-1,-1,-1,-1,,,,,,0,,0,0,0,0,0,0,0,0,RSMR_abstain
9bcb80a60af853a2,3,4,12,1,12,0.2697116658870999,-0.0004041901597287,12,12,12,-1,12,0.0537843026832863,0.0528081874609146,0.058788933167719,-0.017272361329676,0.1481980381327998,1,-0.0004041901597287,1,0,1,0,0,1,1,0,mild_harm
a2326fd4694d5191,3,4,2,0,9,0.0914734952301084,-0.0003037672139702,-1,-1,9,-1,9,-0.0945201765419186,-0.0976089126235969,0.0982408869565182,-0.0258077071441484,0.1396626923183275,1,-0.0003037672139702,0,1,1,0,0,1,1,0,mild_harm
bc50e785e5cf5d5e,3,4,14,0,3,0.0046605179939849,-0.0001464746225625,3,3,3,-1,3,0.0331187418930148,0.0347799074244926,0.0316208717931602,-0.0682296384682377,0.0972407609942381,1,-0.0001464746225625,1,0,1,0,0,1,1,0,mild_harm
be3f5af9cebd56a0,3,4,7,1,8,0.2565206817211672,7.009943267322072e-05,8,8,8,-1,8,0.0136260744733295,0.0154996321364309,0.0753359813492886,-0.0628030769887544,0.1026673224737215,1,7.009943267322072e-05,1,0,1,0,0,1,1,0,near_zero_positive_le_0p01
ccb8e05950fc5fca,3,4,19,1,23,0.1053961359803062,-0.000183020631969,-1,-1,23,23,23,-0.045759535112603,-0.0457361388107782,0.2071424331095585,0.0224744535417137,0.1879448530041896,1,-0.000183020631969,0,1,1,0,1,0,1,0,mild_harm
faf0ce0d2dc95076,3,4,7,1,-1,,,-1,-1,-1,-1,-1,,,,,,0,,0,0,0,0,0,0,0,0,RSMR_abstain
0395a156348a5041,3,4,8,1,24,0.0578667543811341,-0.0003903797159903,-1,-1,24,-1,24,-0.0804851997098748,-0.0812497347736597,0.2792374779844781,-0.0042223178435293,0.1612480816189466,1,-0.0003903797159903,0,1,1,0,0,1,1,0,mild_harm
0d99f7ef1331585c,3,4,2,0,-1,,,-1,-1,-1,-1,-1,,,,,,0,,0,0,0,0,0,0,0,0,RSMR_abstain
1a775b7a88eb5558,3,4,12,1,21,0.0438683582306958,0.0,-1,-1,-1,-1,21,-0.0347918090894504,-0.0368784421484084,-0.0579690982401354,-0.0425426761245876,0.1229277233378882,1,0.0,0,1,0,1,0,1,1,0,mild_harm
2777ce9cfe665ad6,3,4,19,1,20,0.7017357375583403,-0.0003108637665398,20,20,20,20,20,0.0687406251777994,0.0683849957267258,0.1192361754001984,0.0881165186248965,0.2535869180873724,1,-0.0003108637665398,1,0,1,0,1,0,1,0,mild_harm
4db8527b43a95f0d,3,4,17,0,11,0.0947552042199292,-0.0003200179014353,-1,-1,11,11,11,-0.1124014309323049,-0.113115215052426,0.0229895432766398,0.0226056149029927,0.1880760143654687,1,-0.0003200179014353,0,1,1,0,1,0,1,0,mild_harm
5d00c83bfb0c508d,3,4,12,1,-1,,,-1,-1,-1,-1,-1,,,,,,0,,0,0,0,0,0,0,0,0,RSMR_abstain
5f60684cc6045646,3,4,17,1,2,0.0299469729123501,-0.9895701892308892,2,2,2,-1,2,0.0121311301533633,0.0143162366717764,0.01828317571163,-0.0198314329613119,0.145638966501164,1,-0.9895701892308892,1,0,1,0,0,1,1,0,catastrophe
633d93f8f6bc51b5,3,4,5,0,-1,,,-1,-1,-1,-1,-1,,,,,,0,,0,0,0,0,0,0,0,0,RSMR_abstain
6f319806306450c0,3,4,17,0,9,0.1436213995102266,-0.0001257457367667,-1,-1,9,-1,9,-0.1032143251290602,-0.1069885362681272,0.0608104572805248,-0.0083952296032716,0.1570751698592043,1,-0.0001257457367667,0,1,1,0,0,1,1,0,mild_harm
74bb5ba3f6a75df3,3,4,8,1,-1,,,-1,-1,-1,-1,-1,,,,,,0,,0,0,0,0,0,0,0,0,RSMR_abstain
8515fe3938815bd1,3,4,17,0,9,0.1763813119286015,-0.0001239293869381,-1,-1,9,9,9,-0.0890042313329857,-0.0925521315562645,0.0816437772976655,0.0169930831077661,0.182463482570242,1,-0.0001239293869381,0,1,1,0,1,0,1,0,mild_harm
9a807a00fda657be,3,4,4,1,9,0.1868845466003021,-7.209880230948321e-05,-1,-1,9,-1,9,-0.0939685026693422,-0.0973812325203326,0.1190572372104326,-0.0140608071310558,0.1514095923314201,1,-7.209880230948321e-05,0,1,1,0,0,1,1,0,mild_harm
bb77e9686029538d,3,4,18,1,22,0.5400424241763673,0.0002012102944777,22,22,-1,22,22,0.0988858574692837,0.0962472056124639,-0.0061628271308707,0.0119667428748489,0.1774371423373248,1,0.0002012102944777,1,0,0,1,1,0,1,0,near_zero_positive_le_0p01
d97f7fc3e5a35f1e,3,4,16,1,-1,,,-1,-1,-1,-1,-1,,,,,,0,,0,0,0,0,0,0,0,0,RSMR_abstain
fee89379e3375727,3,4,17,1,2,0.5196400216842526,0.0002513909440491,2,2,2,2,2,0.0961946000156521,0.0926909444730529,0.0158869575872239,0.0665385186753843,0.2320089181378602,1,0.0002513909440491,1,0,1,0,1,0,1,0,near_zero_positive_le_0p01
0f6992119fc759c4,3,4,4,1,9,0.0660328831046773,0.9896811794601964,-1,-1,-1,-1,-1,-0.2643831589875029,-0.2579611163325638,-0.031150863195937,-0.1981264788533034,-0.0326560793908274,1,0.9896811794601964,0,1,0,1,0,1,0,1,material_positive_gt_0p2
147b934bc401590e,3,4,18,1,1,0.1563545786358181,0.9893352683567442,1,1,-1,-1,1,0.0815282880562643,0.0778530133163472,-0.0365071010310039,-0.0465632320349632,0.1189071674275127,1,0.9893352683567442,1,0,0,1,0,1,1,0,material_positive_gt_0p2
1f19613acc175257,3,4,17,0,3,0.2000326452355238,-0.0001153716588855,3,3,-1,-1,3,0.035730392381289,0.0321183199450316,-0.0272286621785958,-0.0371115755116019,0.1283588239508739,1,-0.0001153716588855,1,0,0,1,0,1,1,0,mild_harm
28a9f1a2abfe555c,3,4,4,1,0,0.1565967492322981,0.0001118290149955,-1,-1,0,-1,0,-0.10299015260693,-0.1068179337160443,0.070957745718742,-0.0409353170857818,0.124535082376694,1,0.0001118290149955,0,1,1,0,0,1,1,0,near_zero_positive_le_0p01
59d1bd367a965623,3,4,19,1,9,0.3956876854675589,0.0002097983349114,9,9,9,-1,9,0.1120446376519186,0.1085837846103955,0.0555728001194574,-0.0291497171410038,0.1363206823214721,1,0.0002097983349114,1,0,1,0,0,1,1,0,near_zero_positive_le_0p01
86abbd3f53575fd5,3,4,17,1,9,0.047458457586582,1.9791943842181936,-1,-1,9,9,9,-0.1090851070989278,-0.1112834694180445,0.1124830604793616,0.0549643230802301,0.2204347225427061,1,1.9791943842181936,0,1,1,0,1,0,1,0,material_positive_gt_0p2
8ad88f000c1750a0,3,4,17,1,9,0.0871011249793017,-0.0005808805376524,-1,-1,9,-1,9,-0.122229190155585,-0.1262086451992768,0.0264329623835093,-0.0242793133379586,0.1411910861245172,1,-0.0005808805376524,0,1,1,0,0,1,1,0,mild_harm
b183aa1eebac52fc,3,4,17,1,7,0.1376034804178827,0.0001314637799514,-1,-1,7,7,7,-0.0152270552007408,-0.01786884761746,0.0530951010598326,0.01634790107516,0.1818183005376359,1,0.0001314637799514,0,1,1,0,1,0,1,0,near_zero_positive_le_0p01
e06dab45945a571c,3,4,17,1,-1,,,-1,-1,-1,-1,-1,,,,,,0,,0,0,0,0,0,0,0,0,RSMR_abstain
15c64c983b935d86,3,4,5,1,-1,,,-1,-1,-1,-1,-1,,,,,,0,,0,0,0,0,0,0,0,0,RSMR_abstain
1fad9f3e334d5e4e,3,4,16,0,3,0.0841944703083496,-5.923158902421122e-05,3,3,3,-1,3,0.042947094817836,0.0430555764035,0.0451294315553791,-0.0506074343941803,0.1148629650682956,1,-5.923158902421122e-05,1,0,1,0,0,1,1,0,mild_harm
2d79aaf4c8d6582e,3,4,9,1,21,0.0393558657693903,0.0,-1,-1,-1,-1,21,-0.0193493412622017,-0.0226036526476551,-0.0445567572375263,-0.0420391120384691,0.1234312874240068,1,0.0,0,1,0,1,0,1,1,0,mild_harm
3d5f4f15e1f053cd,3,4,4,1,-1,,,-1,-1,-1,-1,-1,,,,,,0,,0,0,0,0,0,0,0,0,RSMR_abstain
4f547ba1d6e953b1,3,4,17,0,3,0.0965188241437179,-4.712445205079519e-05,3,3,-1,-1,3,0.0346314309849554,0.0316170856045137,-0.0044143085446875,-0.071410668352788,0.0940597311096879,1,-4.712445205079519e-05,1,0,0,1,0,1,1,0,mild_harm
57a59636cde25b02,3,4,10,1,2,0.3003703531729843,1.5957976206366964,-1,-1,2,-1,2,-0.0164681009664449,-0.0189985216059065,0.1015387362631291,-0.0418047877817631,0.1236656116807127,1,1.5957976206366964,0,1,1,0,0,1,1,0,material_positive_gt_0p2
77d52cd328e05b79,3,4,6,0,12,0.2025715040412954,-0.0012133296082392,-1,-1,12,12,12,-0.1367753278304477,-0.1366794634979064,0.1074413984825012,0.0056022080471634,0.1710726075096393,1,-0.0012133296082392,0,1,1,0,1,0,1,0,mild_harm
7c467941fb3d5524,3,4,11,1,19,0.0205142260771262,0.0,-1,-1,-1,-1,19,-0.0306665329502364,-0.0339211349287195,-0.040509233602137,-0.0422588933099736,0.1232115061525023,1,0.0,0,1,0,1,0,1,1,0,mild_harm
855d4a2e69115db2,3,4,1,0,-1,,,-1,-1,-1,-1,-1,,,,,,0,,0,0,0,0,0,0,0,0,RSMR_abstain
949849ded44f514f,3,4,5,1,-1,,,-1,-1,-1,-1,-1,,,,,,0,,0,0,0,0,0,0,0,0,RSMR_abstain
a74ab03d0fb05d72,3,4,12,0,-1,,,-1,-1,-1,-1,-1,,,,,,0,,0,0,0,0,0,0,0,0,RSMR_abstain
c0815ea46b825526,3,4,12,0,-1,,,-1,-1,-1,-1,-1,,,,,,0,,0,0,0,0,0,0,0,0,RSMR_abstain
cfdc02dc40405e6f,3,4,2,1,9,0.3349356557440434,2.019834518898582,9,9,9,-1,9,0.0409717846777438,0.0393664421569514,0.1697089720104191,-0.0397549278419452,0.1257154716205306,1,2.019834518898582,1,0,1,0,0,1,1,0,material_positive_gt_0p2
de3c0c52e7815332,3,4,1,1,22,0.802083150890449,3.1496425274491777,22,22,22,22,22,1.2011541698190578,1.197581510861316,2.4885319092272216,2.6311466642670864,2.7966170637295624,1,3.1496425274491777,1,0,1,0,1,0,1,0,material_positive_gt_0p2
f26eb5a6f93c50b4,3,4,16,1,17,0.2173821609332621,0.0022419899821281,-1,-1,17,-1,17,-0.0533941909870651,-0.057176208268261,0.0498708286736286,-0.009470867413244,0.1559995320492318,1,0.0022419899821281,0,1,1,0,0,1,1,0,near_zero_positive_le_0p01
f28c5026aff854cb,3,4,26,1,22,0.1652665989126248,0.92972289563152,22,22,-1,-1,22,0.1326387419101725,0.1251012702971349,-0.1326427176918286,-0.091933224855358,0.0735371746071179,1,0.92972289563152,1,0,0,1,0,1,1,0,material_positive_gt_0p2
faf93d61f8bd5238,3,4,18,0,24,0.0687673816029543,-9.455366143940049e-05,-1,-1,24,-1,24,-0.0282498058848486,-0.0314411346772386,0.0692825959243201,-0.0354626200597316,0.1300077794027442,1,-9.455366143940049e-05,0,1,1,0,0,1,1,0,mild_harm
073ef4e9c6185fdd,3,4,2,1,-1,,,-1,-1,-1,-1,-1,,,,,,0,,0,0,0,0,0,0,0,0,RSMR_abstain
09884abf58435aaa,3,4,17,1,9,0.0662185506198301,-0.0006670752685522,-1,-1,9,-1,9,-0.1088987233641279,-0.1139102272684722,0.0345579462205486,-0.0148368966951218,0.150633502767354,1,-0.0006670752685522,0,1,1,0,0,1,1,0,mild_harm
10e0d0cf52855491,3,4,9,1,20,0.4207007276874806,-4.381986407098193e-05,20,20,20,20,20,0.0929131057878023,0.0903673648747995,0.0725364848899193,0.0106787532385487,0.1761491527010246,1,-4.381986407098193e-05,1,0,1,0,1,0,1,0,mild_harm
1fc485893db05d58,3,4,4,0,-1,,,-1,-1,-1,-1,-1,,,,,,0,,0,0,0,0,0,0,0,0,RSMR_abstain
21870d2397795423,3,4,24,0,20,0.1069096550537814,0.0,-1,-1,-1,20,20,-0.0004074540103968,-0.0032632769566753,-0.0028788864200148,0.0185728327371967,0.1840432321996726,1,0.0,0,1,0,1,1,0,1,0,mild_harm
538923756bab555f,3,4,17,1,9,0.0328951715535917,0.0007085304721989,-1,-1,9,9,9,-0.0904901082397617,-0.0895259356721366,0.0084041596912278,0.0247415096733683,0.1902119091358443,1,0.0007085304721989,0,1,1,0,1,0,1,0,near_zero_positive_le_0p01
5a67404157535f5b,3,4,1,0,-1,,,-1,-1,-1,-1,-1,,,,,,0,,0,0,0,0,0,0,0,0,RSMR_abstain
7476e5ad4711587f,3,4,9,0,3,0.0699899557803309,-9.649557229707284e-05,-1,-1,3,-1,3,-0.128480777503534,-0.1272809807193645,0.0777357117779208,-0.0229229616295584,0.1425474378329174,1,-9.649557229707284e-05,0,1,1,0,0,1,1,0,mild_harm
7fb1a51c02db514e,3,4,18,1,-1,,,-1,-1,-1,-1,-1,,,,,,0,,0,0,0,0,0,0,0,0,RSMR_abstain
82bcaf16eea459db,3,4,24,1,1,0.0616066396810389,-0.0001157444000244,1,1,-1,-1,-1,0.0315744395920484,0.0225545772825546,-0.0775135438869521,-0.2039128238127724,-0.0384424243502964,1,-0.0001157444000244,1,0,0,1,0,1,0,1,mild_harm
899c5ed91b8c5beb,3,4,17,1,-1,,,-1,-1,-1,-1,-1,,,,,,0,,0,0,0,0,0,0,0,0,RSMR_abstain
9857fe6079dc5b65,3,4,16,1,9,0.1521741271094596,0.0003742047014063,-1,-1,9,9,9,-0.0270566908921547,-0.0292844436686461,0.1080449053770012,0.0469746674347516,0.2124450668972275,1,0.0003742047014063,0,1,1,0,1,0,1,0,near_zero_positive_le_0p01
9c0c9727fc975d7a,3,4,4,1,-1,,,-1,-1,-1,-1,-1,,,,,,0,,0,0,0,0,0,0,0,0,RSMR_abstain
a0cbabab4b2c5345,3,4,17,1,-1,,,-1,-1,-1,-1,-1,,,,,,0,,0,0,0,0,0,0,0,0,RSMR_abstain
a370a9747c5e599b,3,4,8,1,1,0.1125066199935203,-1.0564851760864276e-05,-1,-1,1,-1,1,-0.0469458771792385,-0.049595674449956,0.080237081341419,-0.0553649938211406,0.1101054056413352,1,-1.0564851760864276e-05,0,1,1,0,0,1,1,0,mild_harm
b0b57e6ca331564e,3,4,12,1,24,0.0220962488230839,0.0,24,24,24,24,24,0.0103765504475025,0.0064439939055365,0.0089627690652319,0.0023408636038411,0.1678112630663171,1,0.0,1,0,1,0,1,0,1,0,mild_harm
b66edb8535dd5ec1,3,4,11,1,11,0.0966042071103635,-0.0002485304828732,11,11,11,-1,11,0.0689730156838059,0.0681822704365393,0.0371609677642949,-0.0690514951464375,0.0964189043160383,1,-0.0002485304828732,1,0,1,0,0,1,1,0,mild_harm
bef88a7c044b5ebe,3,4,29,1,18,0.5154772621046892,0.0008987352035938,18,18,18,18,18,0.2192010509949196,0.2118598889440391,0.0015189026371824,0.0228573195789239,0.1883277190413999,1,0.0008987352035938,1,0,1,0,1,0,1,0,near_zero_positive_le_0p01
ce41992a83845d8a,3,4,20,1,-1,,,-1,-1,-1,-1,-1,,,,,,0,,0,0,0,0,0,0,0,0,RSMR_abstain
e2022a0506df54c7,3,4,11,1,15,0.303256798039182,0.0,15,-1,-1,-1,15,0.0001753567220596,-0.0047239477284012,-0.1622373282975534,-0.1654425325377825,2.7866924693364936e-05,1,0.0,0,1,0,1,0,1,1,0,mild_harm
f88a28f7b54555ea,3,4,30,1,18,0.1818418476115941,0.0006765377013073,18,18,-1,-1,18,0.0842407975660231,0.0743117086834849,-0.1446262576381015,-0.1445368264933916,0.0209335729690842,1,0.0006765377013073,1,0,0,1,0,1,1,0,near_zero_positive_le_0p01
034da27cd2f75292,3,4,1,0,5,0.304640614934026,-0.0041440810557571,5,5,5,5,5,0.1060708844805294,0.1012814384085119,0.0989878937956291,0.2274747314806376,0.3929451309431136,1,-0.0041440810557571,1,0,1,0,1,0,1,0,mild_harm
1088d47284565808,3,4,5,0,-1,,,-1,-1,-1,-1,-1,,,,,,0,,0,0,0,0,0,0,0,0,RSMR_abstain
1a20ae9ff1e05d25,3,4,16,1,25,0.07274087088546,-0.0001797868408029,-1,-1,25,25,25,-0.0480674079718401,-0.0497404622270856,0.1840382381017757,0.0194907901541713,0.1849611896166472,1,-0.0001797868408029,0,1,1,0,1,0,1,0,mild_harm
3f51b8b92c3b52cf,3,4,18,1,9,0.3739109692203046,0.0003213510554285,-1,-1,9,9,9,-0.0058532184420344,-0.0087860189135756,0.0860228521387642,0.0223806366370799,0.1878510360995558,1,0.0003213510554285,0,1,1,0,1,0,1,0,near_zero_positive_le_0p01
452d348a65ac59f3,3,4,11,1,-1,,,-1,-1,-1,-1,-1,,,,,,0,,0,0,0,0,0,0,0,0,RSMR_abstain
4a35d5b02394561e,3,4,17,1,-1,,,-1,-1,-1,-1,-1,,,,,,0,,0,0,0,0,0,0,0,0,RSMR_abstain
4a90f1c8ef895e13,3,4,12,1,2,0.1530308856651394,-0.0002851558105612,-1,-1,2,-1,2,-0.0612887350055281,-0.0641997670189278,0.160773530685709,-0.0142709734336192,0.1511994260288567,1,-0.0002851558105612,0,1,1,0,0,1,1,0,mild_harm
4cf854e9eadf5084,3,4,2,1,-1,,,-1,-1,-1,-1,-1,,,,,,0,,0,0,0,0,0,0,0,0,RSMR_abstain
54059bb6b643525f,3,4,11,1,24,0.0111269355833754,-0.0005095285788178,-1,-1,24,-1,24,-0.1679738212024769,-0.1707103231615507,0.2839206622496891,-0.0515554088269234,0.1139149906355525,1,-0.0005095285788178,0,1,1,0,0,1,1,0,mild_harm
588dbd820a135056,3,4,6,1,3,0.1663461020295316,0.0005023064074397,-1,-1,3,-1,3,-0.1069971983736938,-0.1104413532711277,0.1177044179808524,-0.0189500220959929,0.1465203773664829,1,0.0005023064074397,0,1,1,0,0,1,1,0,near_zero_positive_le_0p01
5a0bd184100f54d5,3,4,3,1,-1,,,-1,-1,-1,-1,-1,,,,,,0,,0,0,0,0,0,0,0,0,RSMR_abstain
8eb1c196434e51ec,3,4,10,1,-1,,,-1,-1,-1,-1,-1,,,,,,0,,0,0,0,0,0,0,0,0,RSMR_abstain
95e1e30a438d52cd,3,4,6,1,-1,,,-1,-1,-1,-1,-1,,,,,,0,,0,0,0,0,0,0,0,0,RSMR_abstain
9c5700ab41865a07,3,4,12,1,1,0.1634809305326644,-0.000125082693994,-1,-1,1,-1,1,-0.0357143189259887,-0.0422259653727366,0.1187124090006633,-0.0658189166666849,0.0996514827957909,1,-0.000125082693994,0,1,1,0,0,1,1,0,mild_harm
aa05025b9a815254,3,4,9,1,-1,,,-1,-1,-1,-1,-1,,,,,,0,,0,0,0,0,0,0,0,0,RSMR_abstain
ac768eabfa5c5725,3,4,12,0,9,0.240029074240532,-9.121100050396568e-05,-1,-1,9,9,9,-0.0754259712109991,-0.0790121686337847,0.1184555154401317,0.0257499488867744,0.1912203483492504,1,-9.121100050396568e-05,0,1,1,0,1,0,1,0,mild_harm
ad963f2915a657a4,3,4,18,1,9,0.3407998694433851,0.0004896600965409,9,9,9,9,9,0.0202637760112859,0.0196219740174034,0.1013665156434595,0.0283385434299829,0.1938089428924588,1,0.0004896600965409,1,0,1,0,1,0,1,0,near_zero_positive_le_0p01
ae1909ec83115e90,3,4,2,1,9,0.1650734353301483,-0.0003600291313676,-1,-1,9,-1,9,-0.0836276359708594,-0.0873651358283249,0.0760210191429722,-0.0307332141236585,0.1347371853388173,1,-0.0003600291313676,0,1,1,0,0,1,1,0,mild_harm
be7fe135f5665966,3,4,7,1,0,0.1693357944237277,0.0062542543325573,-1,-1,0,0,0,-0.0243329224704381,-0.0256632644673502,0.1918497624033883,0.0808667669376724,0.2463371664001483,1,0.0062542543325573,0,1,1,0,1,0,1,0,near_zero_positive_le_0p01
c7bff0705f645b30,3,4,12,1,3,0.3619219615565519,-1.2310663021650163,3,3,3,3,3,0.0377354922804376,0.038906154881386,0.0949314018484296,0.0119147578873216,0.1773851573497975,1,-1.2310663021650163,1,0,1,0,1,0,1,0,catastrophe
de432d7c6c6e57a6,3,4,2,0,-1,,,-1,-1,-1,-1,-1,,,,,,0,,0,0,0,0,0,0,0,0,RSMR_abstain
e8b724310f7054d0,3,4,17,1,-1,,,-1,-1,-1,-1,-1,,,,,,0,,0,0,0,0,0,0,0,0,RSMR_abstain
ed9b2d124d9d5f5d,3,4,16,1,-1,,,-1,-1,-1,-1,-1,,,,,,0,,0,0,0,0,0,0,0,0,RSMR_abstain
ee0f338b4ebe5cb4,3,4,6,1,-1,,,-1,-1,-1,-1,-1,,,,,,0,,0,0,0,0,0,0,0,0,RSMR_abstain
f2a1763371075e21,3,4,14,0,-1,,,-1,-1,-1,-1,-1,,,,,,0,,0,0,0,0,0,0,0,0,RSMR_abstain
fe394302690d5074,3,4,16,1,-1,,,-1,-1,-1,-1,-1,,,,,,0,,0,0,0,0,0,0,0,0,RSMR_abstain
3acad4250aca5326,3,4,12,1,23,0.1064943923618443,0.0010598421217871,23,23,23,23,23,0.073914918076537,0.0735147772367674,0.1081890410087532,0.0158878373596109,0.1813582368220868,1,0.0010598421217871,1,0,1,0,1,0,1,0,near_zero_positive_le_0p01
418e74ddfb5f5ca0,3,4,12,0,5,0.0190824957562154,-0.0027785253122454,-1,-1,-1,5,5,-0.0019308785155407,-0.0048901636319299,-0.0586128572742256,0.0010611381890754,0.1665315376515514,1,-0.0027785253122454,0,1,0,1,1,0,1,0,mild_harm
43f8bc12d54d5cef,3,4,2,1,-1,,,-1,-1,-1,-1,-1,,,,,,0,,0,0,0,0,0,0,0,0,RSMR_abstain
479da12f5f165e29,3,4,17,1,-1,,,-1,-1,-1,-1,-1,,,,,,0,,0,0,0,0,0,0,0,0,RSMR_abstain
4d6b64ad777d51e8,3,4,8,1,9,0.1338223052648577,-0.0003549737431109,-1,-1,9,-1,9,-0.1100027373411712,-0.1138914091316575,0.0583175218016392,-0.0395265285926103,0.1259438708698656,1,-0.0003549737431109,0,1,1,0,0,1,1,0,mild_harm
5c0a063437415679,3,4,6,1,-1,,,-1,-1,-1,-1,-1,,,,,,0,,0,0,0,0,0,0,0,0,RSMR_abstain
7defa49de9415496,3,4,5,1,9,0.0461323753535338,-0.000493478185098,-1,-1,9,-1,9,-0.1835721167871113,-0.1856233684001613,0.1579878935185535,-0.049467528875503,0.1160028705869728,1,-0.000493478185098,0,1,1,0,0,1,1,0,mild_harm
a849c65f124e5af0,3,4,21,1,-1,,,-1,-1,-1,-1,-1,,,,,,0,,0,0,0,0,0,0,0,0,RSMR_abstain
baef81dee84a5ff1,3,4,7,0,9,0.0800382702471463,-0.0007031749175715,-1,-1,9,-1,9,-0.1131702757630834,-0.1162272591139781,0.0939126711131011,-0.0302647587020086,0.1352056407604673,1,-0.0007031749175715,0,1,1,0,0,1,1,0,mild_harm
bce79a86a0b75d48,3,4,3,0,20,0.2110831200213195,-0.9901073702458292,-1,-1,20,-1,20,-0.112325477415862,-0.1159746223513054,0.2029130658082751,-0.0415828436272935,0.1238875558351824,1,-0.9901073702458292,0,1,1,0,0,1,1,0,catastrophe
d1faaed55b75587c,3,4,2,0,-1,,,-1,-1,-1,-1,-1,,,,,,0,,0,0,0,0,0,0,0,0,RSMR_abstain
faf6056c372e54f2,3,4,8,1,2,0.1794230692875083,1.246183863767609,-1,-1,2,-1,2,-0.0317533079034116,-0.0348041936617996,0.0777213383484444,-0.0053298159400181,0.1601405835224577,1,1.246183863767609,0,1,1,0,0,1,1,0,material_positive_gt_0p2
fb0869a379e05f37,3,4,14,1,21,0.0944327000451346,-0.0005006849899888,-1,-1,21,-1,21,-0.1548490350416768,-0.1597251621640804,0.1654359526192261,-0.0711460856211164,0.0943243138413594,1,-0.0005006849899888,0,1,1,0,0,1,1,0,mild_harm
054033a129155c88,3,4,9,1,1,0.1640087550507574,3.994131535741196,-1,-1,1,-1,1,-0.0746756106064754,-0.0779440730837752,0.0811796961559,-0.0086694673496554,0.1568009321128205,1,3.994131535741196,0,1,1,0,0,1,1,0,material_positive_gt_0p2
188773ba51c15df2,3,4,15,1,3,0.6043913756965275,0.0007397349080302,3,3,3,3,3,0.1643757320116282,0.1591950653744268,0.1640406916463214,0.0230407565526157,0.1885111560150916,1,0.0007397349080302,1,0,1,0,1,0,1,0,near_zero_positive_le_0p01
2796d5f962875a20,3,4,14,1,9,0.1171554864034826,1.657555662096244e-05,-1,-1,9,-1,9,-0.0222057434712014,-0.0214469273928366,0.0487253159032852,-0.0663953188696735,0.0990750805928023,1,1.657555662096244e-05,0,1,1,0,0,1,1,0,near_zero_positive_le_0p01
2840205769d65c01,3,4,1,0,-1,,,-1,-1,-1,-1,-1,,,,,,0,,0,0,0,0,0,0,0,0,RSMR_abstain
2e5568e60278518f,3,4,16,1,-1,,,-1,-1,-1,-1,-1,,,,,,0,,0,0,0,0,0,0,0,0,RSMR_abstain
3d35dcf889f65305,3,4,14,1,-1,,,-1,-1,-1,-1,-1,,,,,,0,,0,0,0,0,0,0,0,0,RSMR_abstain
3effd9932b505526,3,4,4,1,9,0.0168672358755384,-0.0005002665493637,-1,-1,9,-1,9,-0.1571845949125045,-0.1618385592589432,0.1129999909718061,-0.0634315106496613,0.1020388888128145,1,-0.0005002665493637,0,1,1,0,0,1,1,0,mild_harm
4f1e4809df7255cd,3,4,3,1,9,0.1159610912063854,-0.0004685123638249,-1,-1,9,-1,9,-0.1457527667620992,-0.1491942874334651,0.1353856392164542,-0.0468688054961986,0.1186015939662773,1,-0.0004685123638249,0,1,1,0,0,1,1,0,mild_harm
5db6ae467e8f530f,3,4,1,0,-1,,,-1,-1,-1,-1,-1,,,,,,0,,0,0,0,0,0,0,0,0,RSMR_abstain
5e6ab34948a9514f,3,4,15,1,2,0.4339535235807815,0.0020171442691236,2,2,2,2,2,0.1139314184579798,0.1148412046634123,0.1711586162530373,0.0160418470847442,0.1815122465472201,1,0.0020171442691236,1,0,1,0,1,0,1,0,near_zero_positive_le_0p01
6004adf688695a08,3,4,17,0,9,0.2851985341042844,-0.0001960927274078,-1,-1,9,9,9,-0.0402333435452654,-0.0423210267214227,0.0765888409475306,0.0016760521084848,0.1671464515709607,1,-0.0001960927274078,0,1,1,0,1,0,1,0,mild_harm
637d23f7438f50f6,3,4,17,1,9,0.143634935506948,0.0003521821435541,-1,-1,9,-1,9,-0.1107090397707733,-0.1145030646269982,0.0605474471940358,-0.0045545595739143,0.1609158398885616,1,0.0003521821435541,0,1,1,0,0,1,1,0,near_zero_positive_le_0p01
6a35a43b5e295b97,3,4,16,1,3,0.0900197638250282,9.041018076239028e-05,3,3,3,-1,3,0.0284036344116014,0.0301228067540106,0.0589588107209,-0.0353281973259475,0.1301422021365283,1,9.041018076239028e-05,1,0,1,0,0,1,1,0,near_zero_positive_le_0p01
2a89f35c7f5e55de,4,0,15,1,3,0.128003345304495,-6.618811858352279e-05,3,-1,3,3,3,0.0050420542307714,-0.0033910998640971,0.0539021249162474,0.0157575213891222,0.0882292217848079,1,-6.618811858352279e-05,0,1,1,0,1,0,1,0,mild_harm
35695122c3535595,4,0,12,0,-1,,,-1,-1,-1,-1,-1,,,,,,0,,0,0,0,0,0,0,0,0,RSMR_abstain
5d0c2052e0a35e3f,4,0,17,1,24,0.3933365480036064,0.0017037782690954,24,24,-1,24,24,0.1694419841831515,0.1636227133351344,-0.0303338768535713,0.0732685108281699,0.1457402112238556,1,0.0017037782690954,1,0,0,1,1,0,1,0,near_zero_positive_le_0p01
62f95fe3004d54c9,4,0,3,1,26,0.0740367640274621,0.000285601210594,-1,-1,26,-1,26,-0.0621414392142303,-0.0708108245621201,0.0904390448287903,-0.0668836768302995,0.0055880235653861,1,0.000285601210594,0,1,1,0,0,1,1,0,near_zero_positive_le_0p01
6a35bb3d0b895433,4,0,24,1,22,0.3630140261194227,0.003396335945744,22,22,22,22,22,0.1135230679593782,0.0980445371731542,0.0296014787062435,0.0025276613587531,0.0749993617544387,1,0.003396335945744,1,0,1,0,1,0,1,0,near_zero_positive_le_0p01
761122460ac451ca,4,0,28,1,17,0.1083005661778264,0.0023181671525582,17,17,-1,-1,-1,0.0389519480936803,0.018780823672465,-0.1646257060933149,-0.0820418112682506,-0.0095701108725649,1,0.0023181671525582,1,0,0,1,0,1,0,1,near_zero_positive_le_0p01
8a15e547b0d15f42,4,0,5,1,26,0.0700175343014619,-0.0002700675501488,-1,-1,26,-1,-1,-0.0654459178103735,-0.0741981262900589,0.0456561732067401,-0.074858315712825,-0.0023866153171394,1,-0.0002700675501488,0,1,1,0,0,1,0,1,mild_harm
9c925a1f1799553e,4,0,2,1,9,0.0715993527754964,-0.9899525742542464,-1,-1,9,-1,9,-0.0293689664050079,-0.03911567380691,0.0664359460411609,-0.0188383739931578,0.0536333264025277,1,-0.9899525742542464,0,1,1,0,0,1,1,0,catastrophe
b7cc1a0b6eca5a11,4,0,4,1,9,0.1552360316234425,-0.9898243386149406,-1,-1,9,-1,9,-0.0554451186692776,-0.0647825008203318,0.0340014769307808,-0.0047201489218216,0.0677515514738639,1,-0.9898243386149406,0,1,1,0,0,1,1,0,catastrophe
0dd2b9715fc65e18,4,0,14,1,10,0.142210095367837,-9.228003919126147e-05,10,10,10,10,10,0.0307674244483199,0.021724184331616,0.0178344099133178,0.027627657937262,0.1000993583329476,1,-9.228003919126147e-05,1,0,1,0,1,0,1,0,mild_harm
6281e79a633155a3,4,0,12,1,24,0.1664265637507269,0.0014172612654294,-1,-1,-1,-1,24,-0.1190894877100937,-0.1288231511744317,-0.0180402164452351,-0.0373606774243741,0.0351110229713114,1,0.0014172612654294,0,1,0,1,0,1,1,0,near_zero_positive_le_0p01
16549991ac4b53ff,4,0,16,1,-1,,,-1,-1,-1,-1,-1,,,,,,0,,0,0,0,0,0,0,0,0,RSMR_abstain
254e4f21f68554f1,4,0,18,1,21,0.1547909017455164,-0.0001187025191262,-1,-1,21,21,21,-0.0058582575061902,-0.0147638018692082,0.0250680672294399,0.0132261665767439,0.0856978669724296,1,-0.0001187025191262,0,1,1,0,1,0,1,0,mild_harm
2bdb803d07605094,4,0,6,1,23,0.1388094605003039,-0.0001160842318087,23,23,23,23,23,0.0103590994045871,0.0025662733941956,0.0975115467542011,0.0067976289938369,0.0792693293895225,1,-0.0001160842318087,1,0,1,0,1,0,1,0,mild_harm
3d78c0894c67503b,4,0,17,1,19,0.1528594000460052,-6.056209513917443e-06,19,19,19,19,19,0.0235328833703426,0.0140426376198343,0.0233877020716865,0.0227506463299289,0.0952223467256146,1,-6.056209513917443e-06,1,0,1,0,1,0,1,0,mild_harm
4d104d17dc625c04,4,0,8,1,26,0.1951092553337246,-0.0004376932598653,26,26,26,26,26,0.025733415336704,0.0216881777900487,0.2128874157053721,0.0703638511894367,0.1428355515851223,1,-0.0004376932598653,1,0,1,0,1,0,1,0,mild_harm
70f797bbed2158f6,4,0,17,0,-1,,,-1,-1,-1,-1,-1,,,,,,0,,0,0,0,0,0,0,0,0,RSMR_abstain
83af8eb803795f59,4,0,16,1,-1,,,-1,-1,-1,-1,-1,,,,,,0,,0,0,0,0,0,0,0,0,RSMR_abstain
953f6386bfae55d0,4,0,18,1,17,0.3166235623280228,7.98645019531221e-06,17,17,17,17,17,0.148471843341058,0.1396530627505192,0.0648358992259294,0.1502462868559645,0.2227179872516501,1,7.98645019531221e-06,1,0,1,0,1,0,1,0,near_zero_positive_le_0p01
b39ff897a8695a97,4,0,18,1,11,0.3074438146314735,-0.0001397995856908,11,11,-1,-1,11,0.2224824241440709,0.2166637570717041,-0.0158642623665396,-0.0326680612754001,0.0398036391202855,1,-0.0001397995856908,1,0,0,1,0,1,1,0,mild_harm
d5ef40ff0f715517,4,0,26,1,27,0.116301684390159,-7.741929963334115e-06,27,-1,27,27,27,0.0058382958580202,-0.0033060439231607,0.0381411863615933,0.0112853480002616,0.0837570483959472,1,-7.741929963334115e-06,0,1,1,0,1,0,1,0,mild_harm
da9bf29b3087547f,4,0,17,0,12,0.265058934822036,-0.0006733096577692,12,-1,12,12,12,0.0091167833330104,-0.000351592046233,0.0451788451110558,0.0610621948260627,0.1335338952217483,1,-0.0006733096577692,0,1,1,0,1,0,1,0,mild_harm
eb02028413fb5a92,4,0,16,1,9,0.1707466036076085,-0.000601498145051,-1,-1,-1,-1,9,-0.1187558026421117,-0.1298838810306978,-0.0881901569679537,-0.0411285020062942,0.0313431983893914,1,-0.000601498145051,0,1,0,1,0,1,1,0,mild_harm
ec65e8cddb3d5fbd,4,0,19,1,23,0.1314913061089589,-7.281030565500259e-05,-1,-1,-1,-1,23,-0.0098205724003599,-0.0201622818741816,-0.0045737706381187,-0.0226278161642703,0.0498438842314152,1,-7.281030565500259e-05,0,1,0,1,0,1,1,0,mild_harm
f2c4bbcda8c650a3,4,0,11,1,26,0.150082631756629,-0.0006146780819484,-1,-1,26,-1,26,-0.0997123239404619,-0.1076565367633046,0.0527240350934506,-0.0211372192011728,0.0513344811945128,1,-0.0006146780819484,0,1,1,0,0,1,1,0,mild_harm
f53a6e7af3825751,4,0,16,1,3,0.1406077762302769,-2.8481406136426912e-05,3,3,3,3,3,0.028827963955312,0.02174490075162,0.1163308910647562,0.044728653585269,0.1172003539809546,1,-2.8481406136426912e-05,1,0,1,0,1,0,1,0,mild_harm
f53af77bf6fa5703,4,0,1,1,-1,,,-1,-1,-1,-1,-1,,,,,,0,,0,0,0,0,0,0,0,0,RSMR_abstain
0be5fd7a2dbb5d87,4,0,14,1,-1,,,-1,-1,-1,-1,-1,,,,,,0,,0,0,0,0,0,0,0,0,RSMR_abstain
25c67c9a53ef53ce,4,0,4,1,22,0.1047803050411713,0.0020756234128028,22,22,22,22,22,0.016948839034077,0.0085989377924067,0.0214109483240032,0.0043346120270795,0.0768063124227651,1,0.0020756234128028,1,0,1,0,1,0,1,0,near_zero_positive_le_0p01
90efa9d50cc8521e,4,0,1,1,-1,,,-1,-1,-1,-1,-1,,,,,,0,,0,0,0,0,0,0,0,0,RSMR_abstain
ac7fee08538b5bb0,4,0,13,1,24,0.051811720665278,0.0,-1,-1,-1,-1,24,-0.0324764847716843,-0.0419569757366027,-0.0460422151607691,-0.0371971370074272,0.0352745633882584,1,0.0,0,1,0,1,0,1,1,0,mild_harm
c4292750158e5a5f,4,0,3,1,6,0.1879055889416699,0.9762204023627216,6,6,6,6,6,0.0400515687719335,0.031199245379863,0.0557273969555555,0.026430498701848,0.0989021990975337,1,0.9762204023627216,1,0,1,0,1,0,1,0,material_positive_gt_0p2
cae918485e635e35,4,0,14,0,-1,,,-1,-1,-1,-1,-1,,,,,,0,,0,0,0,0,0,0,0,0,RSMR_abstain
4b308d5a04d05498,4,0,17,1,-1,,,-1,-1,-1,-1,-1,,,,,,0,,0,0,0,0,0,0,0,0,RSMR_abstain
8fba4b45daa85b15,4,0,19,1,-1,,,-1,-1,-1,-1,-1,,,,,,0,,0,0,0,0,0,0,0,0,RSMR_abstain
c9a1d813d64c52d1,4,0,4,0,15,0.1807867626130011,0.0,15,15,15,15,15,0.0506451228352458,0.0411611974011475,0.0754199332744175,0.0090669096029058,0.0815386099985914,1,0.0,1,0,1,0,1,0,1,0,mild_harm
e747e181d08758c8,4,0,13,1,-1,,,-1,-1,-1,-1,-1,,,,,,0,,0,0,0,0,0,0,0,0,RSMR_abstain
f6db13314100532b,4,0,13,1,-1,,,-1,-1,-1,-1,-1,,,,,,0,,0,0,0,0,0,0,0,0,RSMR_abstain
0fb7d56584065e6f,4,0,27,1,21,0.4537955328428287,0.0021822822965567,21,21,-1,-1,21,0.1275270206969095,0.1108485178761166,-0.0763869505378736,-0.0115036085361475,0.060968091859538,1,0.0021822822965567,1,0,0,1,0,1,1,0,near_zero_positive_le_0p01
2abb6fcc99585318,4,0,20,1,-1,,,-1,-1,-1,-1,-1,,,,,,0,,0,0,0,0,0,0,0,0,RSMR_abstain
32b190836fd35675,4,0,7,1,17,0.079477254793465,4.21013753162695e-05,17,17,-1,-1,17,0.0180029459467494,0.0102104732100611,-0.0036928657447927,-0.0195938313732984,0.0528778690223871,1,4.21013753162695e-05,1,0,0,1,0,1,1,0,near_zero_positive_le_0p01
48428a15cb2d56c8,4,0,5,0,-1,,,-1,-1,-1,-1,-1,,,,,,0,,0,0,0,0,0,0,0,0,RSMR_abstain
4d08ab0578415b3b,4,0,6,1,-1,,,-1,-1,-1,-1,-1,,,,,,0,,0,0,0,0,0,0,0,0,RSMR_abstain
58c0557c53635354,4,0,6,1,-1,,,-1,-1,-1,-1,-1,,,,,,0,,0,0,0,0,0,0,0,0,RSMR_abstain
58e646ea48eb59d3,4,0,18,1,22,0.4074574322979462,0.0003097406474874,22,22,-1,-1,22,0.1465894508607216,0.1334164447060484,-0.0893176170259643,-0.0276869459726313,0.0447847544230543,1,0.0003097406474874,1,0,0,1,0,1,1,0,near_zero_positive_le_0p01
9d7dd692cec75a40,4,0,17,1,6,0.071384509950986,-0.0009404101041611,-1,-1,-1,-1,6,-0.0304778591653025,-0.0399273287218164,-0.0187637450526532,-0.008455418764606,0.0640162816310795,1,-0.0009404101041611,0,1,0,1,0,1,1,0,mild_harm
ad4b812be67052a1,4,0,27,1,23,0.0325772326487126,0.0001918116681274,23,23,-1,-1,-1,0.0462037771613088,0.0286266910068967,-0.1214654331722003,-0.1060987700509426,-0.033627069655257,1,0.0001918116681274,1,0,0,1,0,1,0,1,near_zero_positive_le_0p01
de3f8268d1675268,4,0,10,0,21,0.0976422817968061,0.0,21,-1,-1,21,21,0.0009991315725146,-0.0079038114035921,-0.0212505035426163,0.0156455401028937,0.0881172404985794,1,0.0,0,1,0,1,1,0,1,0,mild_harm
f110d20f7a7957b7,4,0,17,1,6,0.1105924586426505,-9.978644736091669e-06,-1,-1,6,-1,6,-0.0184958618154005,-0.0275679426833822,0.0041605366432818,-0.0025345286211138,0.0699371717745718,1,-9.978644736091669e-06,0,1,1,0,0,1,1,0,mild_harm
4fc4718214135eee,4,0,12,1,9,0.0541645163273681,0.989265655384527,-1,-1,-1,-1,9,-0.1402151715236243,-0.1491391170239029,-0.1023339474624831,-0.0557243371005438,0.0167473632951418,1,0.989265655384527,0,1,0,1,0,1,1,0,material_positive_gt_0p2
5d64681dd478516a,4,0,27,1,-1,,,-1,-1,-1,-1,-1,,,,,,0,,0,0,0,0,0,0,0,0,RSMR_abstain
629734efb5f5564c,4,0,20,1,10,0.1707049247538192,0.0004178750086341,-1,-1,10,-1,10,-0.0038629584993671,-0.0249855988642605,0.0371588576053072,-0.0251470031562547,0.0473246972394309,1,0.0004178750086341,0,1,1,0,0,1,1,0,near_zero_positive_le_0p01
69244009b6eb50bf,4,0,13,1,17,0.1097213710752178,-4.581917114554468e-05,-1,-1,-1,-1,17,-0.0402898294923072,-0.0518417716600862,-0.0194266655035331,-0.0512001920864743,0.0212715083092112,1,-4.581917114554468e-05,0,1,0,1,0,1,1,0,mild_harm
908340fb165954b2,4,0,14,1,-1,,,-1,-1,-1,-1,-1,,,,,,0,,0,0,0,0,0,0,0,0,RSMR_abstain
9229af9b7f1c5848,4,0,17,1,-1,,,-1,-1,-1,-1,-1,,,,,,0,,0,0,0,0,0,0,0,0,RSMR_abstain
beeb2d538d7f53d8,4,0,18,1,3,0.0430880762643704,0.0002613140884786,-1,-1,3,-1,3,-0.0164534009519335,-0.0352777591988985,0.0676899971186694,-0.0380014132476555,0.03447028714803,1,0.0002613140884786,0,1,1,0,0,1,1,0,near_zero_positive_le_0p01
fbd37ced14a15418,4,0,17,1,7,0.0984733013656512,0.0001307986882864,-1,-1,7,-1,7,-0.0126557727539727,-0.021779279707751,0.0031244279210344,-0.0008731134110494,0.0715985869846361,1,0.0001307986882864,0,1,1,0,0,1,1,0,near_zero_positive_le_0p01
ff54f555627f5338,4,0,14,1,9,0.1177941764125057,-0.0005246792767196,-1,-1,-1,-1,9,-0.107321451667574,-0.1163497651548365,-0.0692367805474175,-0.0155806385911127,0.0568910618045728,1,-0.0005246792767196,0,1,0,1,0,1,1,0,mild_harm
052f0d46a5c059a1,4,0,12,1,0,0.4183251706955458,0.0031051245564599,0,-1,0,0,0,0.0003605234502299,-0.0111773322605588,0.1995911581877481,0.081600159720178,0.1540718601158637,1,0.0031051245564599,0,1,1,0,1,0,1,0,near_zero_positive_le_0p01
0af516a5b2725ac6,4,0,12,0,23,0.0709406999446695,-0.0001615021092407,-1,-1,23,-1,-1,-0.1201654302039345,-0.1197601638619113,0.0056807960834358,-0.1120397137330365,-0.0395680133373509,1,-0.0001615021092407,0,1,1,0,0,1,0,1,mild_harm
103c7d249ab154af,4,0,17,1,9,0.1677078769076613,0.9936651484772564,9,-1,9,9,9,0.0045686852374808,-0.0048992011175806,0.0207648519478915,0.0231698893765807,0.0956415897722663,1,0.9936651484772564,0,1,1,0,1,0,1,0,material_positive_gt_0p2
30c657863dc05485,4,0,9,1,2,0.163778539191512,2.020336450465309,-1,-1,2,-1,2,-0.0512401904187939,-0.0595720449571498,0.0433476785543935,-0.0357218764394888,0.0367498239561968,1,2.020336450465309,0,1,1,0,0,1,1,0,material_positive_gt_0p2
431f7c6b100d5249,4,0,8,1,21,0.2740727649917469,-9.228673037142698e-05,21,21,21,21,21,0.0352705901848053,0.0257563370372631,0.0828467302196474,0.027441155188321,0.0999128555840066,1,-9.228673037142698e-05,1,0,1,0,1,0,1,0,mild_harm
4ace61964e9f5b4b,4,0,5,1,-1,,,-1,-1,-1,-1,-1,,,,,,0,,0,0,0,0,0,0,0,0,RSMR_abstain
5098ce6b12fa5143,4,0,9,1,-1,,,-1,-1,-1,-1,-1,,,,,,0,,0,0,0,0,0,0,0,0,RSMR_abstain
52092728a1c1574f,4,0,17,1,-1,,,-1,-1,-1,-1,-1,,,,,,0,,0,0,0,0,0,0,0,0,RSMR_abstain
58f2e39eebc65d24,4,0,9,1,0,0.0769163507807695,0.0098007870477623,-1,-1,-1,-1,0,-0.0208208741807864,-0.0323468231635757,-0.0605559077174202,-0.0476359373992408,0.0248357629964447,1,0.0098007870477623,0,1,0,1,0,1,1,0,near_zero_positive_le_0p01
5a917f5bb8815bd0,4,0,2,1,7,0.1667378500895651,0.2376334074385464,-1,-1,-1,-1,7,-0.0065937817897573,-0.0175746935954539,-0.0018901748130254,-0.0169288390249554,0.0555428613707301,1,0.2376334074385464,0,1,0,1,0,1,1,0,material_positive_gt_0p2
6429eb85b6ba5938,4,0,17,1,6,0.427585689576039,-4.805480735781131e-05,6,6,-1,6,6,0.0438010236360466,0.040077215470473,-0.0247422764580181,0.0605309331329751,0.1330026335286607,1,-4.805480735781131e-05,1,0,0,1,1,0,1,0,mild_harm
6b416b289a3b5858,4,0,16,1,6,0.3068556440334356,-0.0001057195663918,6,6,6,6,6,0.1521823832795071,0.1458319057803173,0.1380310358930103,0.1625828108766341,0.2350545112723198,1,-0.0001057195663918,1,0,1,0,1,0,1,0,mild_harm
6e9b901524355c0b,4,0,21,1,21,0.1354023504874981,-0.0001405817615636,-1,-1,21,-1,21,-0.0381993785051661,-0.0478734848321309,0.0078642862849719,-0.0194735068970549,0.0529981934986306,1,-0.0001405817615636,0,1,1,0,0,1,1,0,mild_harm
8834fc612e1d524c,4,0,8,1,-1,,,-1,-1,-1,-1,-1,,,,,,0,,0,0,0,0,0,0,0,0,RSMR_abstain
9ddade724a6a54e2,4,0,16,1,3,0.0100307320304085,0.9292438401492256,3,3,3,3,3,0.0231269964201101,0.0122637200555279,0.1857950348919808,0.0018151415012841,0.0742868418969697,1,0.9292438401492256,1,0,1,0,1,0,1,0,material_positive_gt_0p2
a5fc167ac3e45fec,4,0,17,0,0,0.0078568709522654,-0.0001269786208872,-1,-1,0,-1,0,-0.030702146082059,-0.0532883348114002,0.0205290449406701,-0.0020452737249664,0.0704264266707191,1,-0.0001269786208872,0,1,1,0,0,1,1,0,mild_harm
bcb7ec6d46f45180,4,0,17,0,4,0.0161957322337677,-0.0002300234297289,-1,-1,-1,-1,4,-0.0162426740237946,-0.0258329140709268,-0.0583357100039328,-0.0185621742964722,0.0539095260992134,1,-0.0002300234297289,0,1,0,1,0,1,1,0,mild_harm
c25f5ca801be5075,4,0,4,0,8,0.0834204205911207,-1.538959369074e-05,-1,-1,-1,-1,8,-0.037560195951918,-0.0477257912509199,-0.0071881779899977,-0.0324143102420639,0.0400573901536217,1,-1.538959369074e-05,0,1,0,1,0,1,1,0,mild_harm
d0da55bb38fb5e83,4,0,3,1,5,0.0313879582296267,0.0001831561706144,5,5,-1,5,5,0.043281504001932,0.034938431771827,-0.0199167532555595,0.0168475300843501,0.0893192304800357,1,0.0001831561706144,1,0,0,1,1,0,1,0,near_zero_positive_le_0p01
e056339b5ad457ea,4,0,17,0,4,0.014223174556874,-1.9974818360246616e-05,-1,-1,-1,-1,4,-0.0180470026837422,-0.027578195522343,-0.0580512680447371,-0.0201995397087465,0.0522721606869391,1,-1.9974818360246616e-05,0,1,0,1,0,1,1,0,mild_harm
03a7c978d0165fa2,4,0,20,1,-1,,,-1,-1,-1,-1,-1,,,,,,0,,0,0,0,0,0,0,0,0,RSMR_abstain
102e8bfe5f555974,4,0,19,1,22,0.181335571001979,-2.479011844847001e-05,22,22,22,22,22,0.0221771331477028,0.0131809457466765,0.0752625841303344,0.0399152794858606,0.1123869798815463,1,-2.479011844847001e-05,1,0,1,0,1,0,1,0,mild_harm
11579a9c240a5c77,4,0,17,1,-1,,,-1,-1,-1,-1,-1,,,,,,0,,0,0,0,0,0,0,0,0,RSMR_abstain
1c8a733cea4d5aed,4,0,28,1,11,0.3064990305889103,0.0014269439846277,11,11,-1,-1,11,0.0764000252896651,0.0558549534314775,-0.0823181570804932,-0.0346358763421104,0.0378358240535751,1,0.0014269439846277,1,0,0,1,0,1,1,0,near_zero_positive_le_0p01
1ed95e82b4f754ff,4,0,4,1,-1,,,-1,-1,-1,-1,-1,,,,,,0,,0,0,0,0,0,0,0,0,RSMR_abstain
2067e26ac57b5302,4,0,1,0,5,0.101678289322867,-0.0001615822235704,5,5,-1,-1,5,0.0315396859317696,0.0216542871398175,-0.0681387932275328,-0.0096726085544219,0.0627990918412636,1,-0.0001615822235704,1,0,0,1,0,1,1,0,mild_harm
25f5f0c57aea54b9,4,0,21,1,-1,,,-1,-1,-1,-1,-1,,,,,,0,,0,0,0,0,0,0,0,0,RSMR_abstain
2b3f24482a765ccc,4,0,5,1,-1,,,-1,-1,-1,-1,-1,,,,,,0,,0,0,0,0,0,0,0,0,RSMR_abstain
330fd7f2e3aa5f55,4,0,26,1,19,0.100230714144779,5.4576332867145496e-05,19,19,-1,19,19,0.0147085041553021,0.0051015480533715,-0.0282959490481175,0.0305310510464513,0.1030027514421369,1,5.4576332867145496e-05,1,0,0,1,1,0,1,0,near_zero_positive_le_0p01
3a46193d097552cd,4,0,16,1,9,0.2475115152844104,0.0008605283550969,-1,-1,-1,9,9,-0.0669686211351056,-0.0775987213728716,-0.0158322469037087,7.082003213143193e-06,0.0724787823988987,1,0.0008605283550969,0,1,0,1,1,0,1,0,near_zero_positive_le_0p01
4b7fb448a9f35a56,4,0,18,1,-1,,,-1,-1,-1,-1,-1,,,,,,0,,0,0,0,0,0,0,0,0,RSMR_abstain
642e382b50db5133,4,0,17,1,9,0.0501590854568792,0.9895227806188628,-1,-1,-1,-1,9,-0.1556294972892087,-0.1668878060155888,-0.1823493677312171,-0.0687361972043526,0.003735503191333,1,0.9895227806188628,0,1,0,1,0,1,1,0,material_positive_gt_0p2
669d54218ee75215,4,0,2,1,1,0.0331137064146315,3.765455192187791e-05,-1,-1,-1,-1,1,-0.0034915118261711,-0.0131800732994335,-0.0669144975182614,-0.0251021621668732,0.0473695382288124,1,3.765455192187791e-05,0,1,0,1,0,1,1,0,near_zero_positive_le_0p01
6715d16e80075f55,4,0,12,1,3,0.1644410899437026,-0.0001784819283985,-1,-1,-1,-1,3,-0.0277123387592784,-0.0377859484803601,-0.0134596741389764,-0.01690414571798,0.0555675546777055,1,-0.0001784819283985,0,1,0,1,0,1,1,0,mild_harm
8c7421c1a39954dc,4,0,1,1,-1,,,-1,-1,-1,-1,-1,,,,,,0,,0,0,0,0,0,0,0,0,RSMR_abstain
8e92f84a71e85b42,4,0,9,1,-1,,,-1,-1,-1,-1,-1,,,,,,0,,0,0,0,0,0,0,0,0,RSMR_abstain
9389f1437d2b5fad,4,0,12,1,0,0.1132243585578667,5.547304395592256e-05,-1,-1,0,-1,0,-0.0358703739613026,-0.0451777055925717,0.0055456753605105,-0.0179698386893213,0.0545018617063643,1,5.547304395592256e-05,0,1,1,0,0,1,1,0,near_zero_positive_le_0p01
9f109cfcd3695a7c,4,0,18,1,-1,,,-1,-1,-1,-1,-1,,,,,,0,,0,0,0,0,0,0,0,0,RSMR_abstain
ac264ca2d43c52a7,4,0,25,1,-1,,,-1,-1,-1,-1,-1,,,,,,0,,0,0,0,0,0,0,0,0,RSMR_abstain
d7018055ca4b5f66,4,0,17,0,-1,,,-1,-1,-1,-1,-1,,,,,,0,,0,0,0,0,0,0,0,0,RSMR_abstain
ddcdcbbd930d5cd4,4,0,1,0,-1,,,-1,-1,-1,-1,-1,,,,,,0,,0,0,0,0,0,0,0,0,RSMR_abstain
e7e3b8bf23835b2a,4,0,3,1,16,0.0603552881913881,6.682571023874928e-06,-1,-1,-1,-1,16,-0.024175755054516,-0.0346822469896116,-0.0370189524939846,-0.0470569460699221,0.0254147543257634,1,6.682571023874928e-06,0,1,0,1,0,1,1,0,near_zero_positive_le_0p01
eae558be27b1587b,4,0,6,1,7,0.0562958634237197,-0.2252352770328521,7,-1,7,-1,7,0.00038703219674,-0.0003116203835863,0.0066331539311876,-0.0291826989504791,0.0432890014452064,1,-0.2252352770328521,0,1,1,0,0,1,1,0,mild_harm
ffb77fcdc4bd5e37,4,0,13,1,-1,,,-1,-1,-1,-1,-1,,,,,,0,,0,0,0,0,0,0,0,0,RSMR_abstain
07f8bf05fc975975,4,0,1,0,1,0.0848350194252524,-7.274440014737316e-05,-1,-1,1,-1,1,-0.0407639763487699,-0.0498812542110962,0.0630515773317945,-0.0633665919329207,0.0091051084627649,1,-7.274440014737316e-05,0,1,1,0,0,1,1,0,mild_harm
0fdd878a393d502e,4,0,2,0,-1,,,-1,-1,-1,-1,-1,,,,,,0,,0,0,0,0,0,0,0,0,RSMR_abstain
2b32a9f406845f75,4,0,12,0,2,0.0034219581389365,-3.806486467696913,2,2,2,2,2,0.090896734826775,0.0832724630798627,0.0285726914417493,0.1001822811981678,0.1726539815938534,1,-3.806486467696913,1,0,1,0,1,0,1,0,catastrophe
2c9450a5449e52fa,4,0,9,1,6,0.0352407520243091,-0.0005310452297329,6,6,6,6,6,0.0819377718069973,0.0739946108956073,0.0187754816169607,0.0639779883430934,0.1364496887387791,1,-0.0005310452297329,1,0,1,0,1,0,1,0,mild_harm
447b5889e4005e16,4,0,5,0,-1,,,-1,-1,-1,-1,-1,,,,,,0,,0,0,0,0,0,0,0,0,RSMR_abstain
5465043a8ae85d79,4,0,2,1,9,0.2690886366362399,0.9894966626687548,-1,-1,-1,9,9,-0.0588954353074498,-0.0695271214575455,-0.0213852243074015,0.0198726081246891,0.0923443085203748,1,0.9894966626687548,0,1,0,1,1,0,1,0,material_positive_gt_0p2
613662b53d9a5ae7,4,0,12,1,-1,,,-1,-1,-1,-1,-1,,,,,,0,,0,0,0,0,0,0,0,0,RSMR_abstain
66da55b392b45a5d,4,0,21,1,17,0.1806756273563497,0.0001668158262966,17,17,17,17,17,0.1235992674374991,0.1224623029079363,0.0229756483696251,0.1586959405910918,0.2311676409867774,1,0.0001668158262966,1,0,1,0,1,0,1,0,near_zero_positive_le_0p01
78823d4302645d60,4,0,12,1,-1,,,-1,-1,-1,-1,-1,,,,,,0,,0,0,0,0,0,0,0,0,RSMR_abstain
7a1756cf8f7a566e,4,0,13,1,2,0.3735332769637671,-0.002361465603113,2,2,2,2,2,0.3118281848659253,0.314751176634554,0.1520737785824322,0.2261944716220862,0.2986661720177718,1,-0.002361465603113,1,0,1,0,1,0,1,0,mild_harm
7c8389cb32f25aed,4,0,10,1,1,0.2603238397963863,1.7302572846444375,-1,-1,-1,1,1,-0.0437621792342491,-0.0539978060656759,-0.005607804117768,0.0146886947492281,0.0871603951449138,1,1.7302572846444375,0,1,0,1,1,0,1,0,material_positive_gt_0p2
80bebabe4c6f5627,4,0,14,1,9,0.1118967726713505,-0.0004784055048858,-1,-1,-1,-1,9,-0.1048227280729301,-0.1146551293136826,-0.1162812949049636,-0.0250198208227508,0.0474518795729347,1,-0.0004784055048858,0,1,0,1,0,1,1,0,mild_harm
b16054ccc4bd54f9,4,0,11,1,1,0.245862366966942,1.8926528397743596,-1,-1,-1,1,1,-0.0456007185973336,-0.0557610398928082,-0.0090301364772913,0.0132563954874017,0.0857280958830873,1,1.8926528397743596,0,1,0,1,1,0,1,0,material_positive_gt_0p2
b3734dd3dc905040,4,0,16,1,-1,,,-1,-1,-1,-1,-1,,,,,,0,,0,0,0,0,0,0,0,0,RSMR_abstain
b3c270be7e145adc,4,0,10,1,14,2.874996171380168,-1.2199467135749755,14,14,14,14,14,2.201219381863515,2.149464857090321,1.0261407415663912,1.7162106206290273,1.788682321024713,1,-1.2199467135749755,1,0,1,0,1,0,1,0,catastrophe
b76a132378175658,4,0,17,1,-1,,,-1,-1,-1,-1,-1,,,,,,0,,0,0,0,0,0,0,0,0,RSMR_abstain
c49669e6594c55d7,4,0,24,1,24,0.1745995715304889,-4.205154404068878e-05,-1,-1,24,24,24,-0.010842014896883,-0.0206626252306698,0.0142558768457398,0.0077780466626008,0.0802497470582865,1,-4.205154404068878e-05,0,1,1,0,1,0,1,0,mild_harm
d72a6e0e28a159a2,4,0,7,0,5,0.0511620147923316,-0.0113237933923491,5,5,5,5,5,0.4889578183875116,0.4771183846836155,0.0204209741073261,0.068480885760418,0.1409525861561036,1,-0.0113237933923491,1,0,1,0,1,0,1,0,mild_harm
da13a4ab1eaf5a07,4,0,17,1,10,0.1802335349999149,4.382104147193644e-05,-1,-1,10,-1,10,-0.0847685400662855,-0.1005492761415968,0.0427335069192915,-0.0530292424647146,0.0194424579309709,1,4.382104147193644e-05,0,1,1,0,0,1,1,0,near_zero_positive_le_0p01
dd2f426104cb5f43,4,0,6,1,-1,,,-1,-1,-1,-1,-1,,,,,,0,,0,0,0,0,0,0,0,0,RSMR_abstain
ea01c4873e9b5cf8,4,0,17,1,9,0.1771561115427936,-0.0001069160800426,-1,-1,9,9,9,-0.0517856173744151,-0.0648664302992948,0.0699054161170905,0.0532959653163957,0.1257676657120813,1,-0.0001069160800426,0,1,1,0,1,0,1,0,mild_harm
ea47b3db126a588e,4,0,1,0,-1,,,-1,-1,-1,-1,-1,,,,,,0,,0,0,0,0,0,0,0,0,RSMR_abstain
023f35fd45755497,4,0,11,1,-1,,,-1,-1,-1,-1,-1,,,,,,0,,0,0,0,0,0,0,0,0,RSMR_abstain
07704203d30b5747,4,0,1,0,-1,,,-1,-1,-1,-1,-1,,,,,,0,,0,0,0,0,0,0,0,0,RSMR_abstain
2daba893c5535189,4,0,4,1,-1,,,-1,-1,-1,-1,-1,,,,,,0,,0,0,0,0,0,0,0,0,RSMR_abstain
2f19f98982615f60,4,0,11,0,-1,,,-1,-1,-1,-1,-1,,,,,,0,,0,0,0,0,0,0,0,0,RSMR_abstain
36ba502aa1eb5ecd,4,0,14,0,-1,,,-1,-1,-1,-1,-1,,,,,,0,,0,0,0,0,0,0,0,0,RSMR_abstain
43557bbc55b85aa6,4,0,6,1,-1,,,-1,-1,-1,-1,-1,,,,,,0,,0,0,0,0,0,0,0,0,RSMR_abstain
47cdc9127a1e55a7,4,0,11,1,9,0.0667910640570561,-0.0004928609021008,-1,-1,-1,-1,9,-0.1748622937729275,-0.1853617235657827,-0.1224554237503316,-0.0672898672657068,0.0051818331299788,1,-0.0004928609021008,0,1,0,1,0,1,1,0,mild_harm
49677b3a648b58be,4,0,28,1,-1,,,-1,-1,-1,-1,-1,,,,,,0,,0,0,0,0,0,0,0,0,RSMR_abstain
4a1db4bffda6552f,4,0,16,1,-1,,,-1,-1,-1,-1,-1,,,,,,0,,0,0,0,0,0,0,0,0,RSMR_abstain
671ff8b7146358da,4,0,10,1,20,0.3289768692500041,2.019998709635657,20,20,20,20,20,0.0568295727199901,0.0549350707663277,0.1887807591400298,0.0502460118668141,0.1227177122624997,1,2.019998709635657,1,0,1,0,1,0,1,0,material_positive_gt_0p2
696a489252f453fb,4,0,3,1,-1,,,-1,-1,-1,-1,-1,,,,,,0,,0,0,0,0,0,0,0,0,RSMR_abstain
69f3980cf2db525c,4,0,16,1,2,0.1138571835349765,-0.0001963694116682,-1,-1,-1,-1,2,-0.0780665342754058,-0.0871740371925276,-0.0148046678115097,-0.0342251640664511,0.0382465363292345,1,-0.0001963694116682,0,1,0,1,0,1,1,0,mild_harm
6c6d30fe3b6e59f0,4,0,23,1,9,0.0872614959794125,1.0326532647209063e-05,9,-1,-1,9,9,0.0038421966163505,-0.0056905550539156,-0.05762317310863,0.065654337149663,0.1381260375453486,1,1.0326532647209063e-05,0,1,0,1,1,0,1,0,near_zero_positive_le_0p01
7449973a63d255af,4,0,9,0,-1,,,-1,-1,-1,-1,-1,,,,,,0,,0,0,0,0,0,0,0,0,RSMR_abstain
84130118c5ec5189,4,0,1,0,-1,,,-1,-1,-1,-1,-1,,,,,,0,,0,0,0,0,0,0,0,0,RSMR_abstain
986bd829651151e2,4,0,27,1,-1,,,-1,-1,-1,-1,-1,,,,,,0,,0,0,0,0,0,0,0,0,RSMR_abstain
c1dbec763983596c,4,0,17,0,6,0.0443173906885192,-0.0004926864345327,-1,-1,-1,-1,6,-0.0129196970162158,-0.0218583914188572,-0.0443387191612945,-0.004912445351353,0.0675592550443325,1,-0.0004926864345327,0,1,0,1,0,1,1,0,mild_harm
c70954fab4a650c7,4,0,5,0,13,3.516119810400146,-1.233023564266786,13,13,13,13,13,2.5851866495581923,2.537112093043125,1.5535404559206196,1.7207918832778353,1.793263583673521,1,-1.233023564266786,1,0,1,0,1,0,1,0,catastrophe
d8d6c32be32650ad,4,0,7,1,-1,,,-1,-1,-1,-1,-1,,,,,,0,,0,0,0,0,0,0,0,0,RSMR_abstain
deeae175505b5728,4,0,9,1,23,0.8651766032890484,0.0006355421473274,23,23,-1,23,23,0.6556884071331995,0.6583399648128471,-0.1459969223704202,0.3724846878190485,0.4449563882147341,1,0.0006355421473274,1,0,0,1,1,0,1,0,near_zero_positive_le_0p01
e380b20d49215557,4,0,13,1,-1,,,-1,-1,-1,-1,-1,,,,,,0,,0,0,0,0,0,0,0,0,RSMR_abstain
e4499494731e5026,4,0,9,1,26,0.2215318270182057,0.0005548425547778,26,26,26,26,26,0.7313836667262402,0.7562386975586289,0.497456070015211,0.4918546403764584,0.564326340772144,1,0.0005548425547778,1,0,1,0,1,0,1,0,near_zero_positive_le_0p01
ed710413165b5ca4,4,0,10,0,1,0.1204755507993103,-0.0001985852306709,-1,-1,-1,-1,1,-0.1146794504370563,-0.1236788121715,-0.0736137840387152,-0.0358837480879648,0.0365879523077208,1,-0.0001985852306709,0,1,0,1,0,1,1,0,mild_harm
f9922d29f7ca5693,4,0,9,1,21,0.1177966351516257,-8.826512694358815e-05,-1,-1,21,-1,21,-0.0220352413100278,-0.0318193228001001,0.0708962562598267,-0.0186893868422694,0.0537823135534161,1,-8.826512694358815e-05,0,1,1,0,0,1,1,0,mild_harm
fbe3cf848a4c5391,4,0,1,0,2,0.1078436452474513,-0.0046172204494472,2,-1,-1,2,2,0.0007561199128068,-0.0086413807007638,-0.0422929660410422,0.0157209284420753,0.0881926288377609,1,-0.0046172204494472,0,1,0,1,1,0,1,0,mild_harm
fdf3abf3cf375c35,4,0,5,1,-1,,,-1,-1,-1,-1,-1,,,,,,0,,0,0,0,0,0,0,0,0,RSMR_abstain
00f4aedf9b3c5f65,4,0,16,1,21,0.0490956043257411,3.5336512327194085e-05,-1,-1,-1,-1,21,-0.0259936672190096,-0.036358636493392,-0.016769277776512,-0.0439434529487677,0.0285282474469178,1,3.5336512327194085e-05,0,1,0,1,0,1,1,0,near_zero_positive_le_0p01
3584e6b997845f86,4,0,27,1,-1,,,-1,-1,-1,-1,-1,,,,,,0,,0,0,0,0,0,0,0,0,RSMR_abstain
3d56147a52d550b3,4,0,17,1,3,0.166780640517493,0.0001904807411134,-1,-1,3,-1,3,-0.0046824300865426,-0.0218742513424736,0.0607438856847433,-0.0461811572662831,0.0262905431294024,1,0.0001904807411134,0,1,1,0,0,1,1,0,near_zero_positive_le_0p01
4132da23bf54566f,4,0,17,1,1,0.0398373439906395,0.0012187561772414,-1,-1,-1,-1,1,-0.030328423376472,-0.0401343933596356,-0.0855046664826696,-0.0130440890352023,0.0594276113604833,1,0.0012187561772414,0,1,0,1,0,1,1,0,near_zero_positive_le_0p01
44ae005ad8b25d52,4,0,10,0,-1,,,-1,-1,-1,-1,-1,,,,,,0,,0,0,0,0,0,0,0,0,RSMR_abstain
48ee2a6b3a4b54cc,4,0,8,0,-1,,,-1,-1,-1,-1,-1,,,,,,0,,0,0,0,0,0,0,0,0,RSMR_abstain
49f109b9cca4567a,4,0,8,1,-1,,,-1,-1,-1,-1,-1,,,,,,0,,0,0,0,0,0,0,0,0,RSMR_abstain
4ac48ad526735073,4,0,15,1,1,0.1935467795769919,0.0003725693814456,-1,-1,-1,-1,1,-0.0944365860413526,-0.1053529239712593,-0.0657740135616161,-0.0238547842693529,0.0486169161263327,1,0.0003725693814456,0,1,0,1,0,1,1,0,near_zero_positive_le_0p01
5214a5118acc5d75,4,0,15,1,6,0.0770547692832109,-0.001846320647036,6,6,-1,6,6,0.0171631623348896,0.007918266877424,-0.0439065544602032,0.0131148408944927,0.0855865412901784,1,-0.001846320647036,1,0,0,1,1,0,1,0,mild_harm
55a7c26fd2d35b8e,4,0,16,1,-1,,,-1,-1,-1,-1,-1,,,,,,0,,0,0,0,0,0,0,0,0,RSMR_abstain
5693aed0af7e548c,4,0,5,0,17,0.0663365633702129,-2.020414070067741,17,17,-1,17,17,0.1480147182263578,0.1412785081169247,-0.0856101147653251,0.0838948159741019,0.1563665163697875,1,-2.020414070067741,1,0,0,1,1,0,1,0,catastrophe
7418da8c04e85efb,4,0,7,1,1,0.2122064190269177,4.00804797271723,-1,-1,-1,-1,1,-0.0686218840253227,-0.0789944775528068,-0.0224460121810319,-0.01021771472588,0.0622539856698055,1,4.00804797271723,0,1,0,1,0,1,1,0,material_positive_gt_0p2
