scenario_token,outer_test_fold,calibration_fold,candidate_count,positive_opportunity,mean_selected_action,mean_selected_score,mean_selected_teacher_improvement,pair_selected_action,pair_selected_score,pair_selected_teacher_improvement,selected_policy_conformal_q,main_selected_action,main_selected_lower_bound,main_selected_teacher_improvement,pair_changes_mean_winner,mean_selected,pair_selected,mean_outcome_class,pair_outcome_class,transition_class,pair_minus_mean_teacher_improvement
30e193cab0fc5a5d,0,1,9,0,-1,nan,nan,-1,nan,nan,inf,-1,nan,nan,0,0,0,abstain,abstain,both_abstain,
366e33370f605634,0,1,4,1,27,0.1915479428216904,1.2326923098775557,27,0.14892281244996897,1.2326923098775557,inf,-1,nan,nan,0,1,1,positive,positive,same_winner,0.0
3fabf2e29e5f5fc4,0,1,18,1,22,0.09697913805354474,0.00020328318849216487,-1,nan,nan,inf,-1,nan,nan,1,1,0,positive,abstain,mean_to_abstain,
46f5fac22c0b5cb0,0,1,5,0,9,0.0033822977618594985,-8.506107760786023e-05,-1,nan,nan,inf,-1,nan,nan,1,1,0,nonpositive,abstain,mean_to_abstain,
518c0014d1a45ca8,0,1,13,1,23,0.07073040294863708,9.361144062136617e-05,-1,nan,nan,inf,-1,nan,nan,1,1,0,positive,abstain,mean_to_abstain,
586dc46118d75100,0,1,14,1,2,0.04428261215414886,6.1239467142149e-05,-1,nan,nan,inf,-1,nan,nan,1,1,0,positive,abstain,mean_to_abstain,
6596827fb10b569a,0,1,23,1,16,0.0737383953697977,-0.00025827139809564414,-1,nan,nan,inf,-1,nan,nan,1,1,0,nonpositive,abstain,mean_to_abstain,
8f79455cf8a85fb9,0,1,4,0,2,0.11315014762279446,-0.001960379399235535,-1,nan,nan,inf,-1,nan,nan,1,1,0,nonpositive,abstain,mean_to_abstain,
b2f2a9a83437555c,0,1,1,0,-1,nan,nan,-1,nan,nan,inf,-1,nan,nan,0,0,0,abstain,abstain,both_abstain,
d1d8fef2f07e554f,0,1,27,1,19,0.21804123823739674,-6.528710596098719e-05,-1,nan,nan,inf,-1,nan,nan,1,1,0,nonpositive,abstain,mean_to_abstain,
d3578202f06d5c62,0,1,25,1,26,0.028033679162467184,8.269424438478445e-05,-1,nan,nan,inf,-1,nan,nan,1,1,0,positive,abstain,mean_to_abstain,
e7ee1c000ef85255,0,1,16,1,16,0.02226791904833758,0.0007797487317584562,-1,nan,nan,inf,-1,nan,nan,1,1,0,positive,abstain,mean_to_abstain,
e8a90962974f55d3,0,1,12,1,-1,nan,nan,-1,nan,nan,inf,-1,nan,nan,0,0,0,abstain,abstain,both_abstain,
f390221c855a53d1,0,1,17,1,23,0.08005851339951131,0.00017691048837065182,-1,nan,nan,inf,-1,nan,nan,1,1,0,positive,abstain,mean_to_abstain,
f473bc020969511e,0,1,24,1,20,0.1815028307321061,0.002488068208759131,-1,nan,nan,inf,-1,nan,nan,1,1,0,positive,abstain,mean_to_abstain,
5eae283cb1b95a45,0,1,6,1,24,0.06740810829604321,-0.0005279554278589786,-1,nan,nan,inf,-1,nan,nan,1,1,0,nonpositive,abstain,mean_to_abstain,
ea5915d23f345a29,0,1,6,1,23,0.11519613478557128,-0.00014573692362762625,-1,nan,nan,inf,-1,nan,nan,1,1,0,nonpositive,abstain,mean_to_abstain,
190d01845dda5596,0,1,4,0,-1,nan,nan,-1,nan,nan,inf,-1,nan,nan,0,0,0,abstain,abstain,both_abstain,
247baf6242815059,0,1,20,1,13,0.03830345131321039,-0.00036880981139838717,-1,nan,nan,inf,-1,nan,nan,1,1,0,nonpositive,abstain,mean_to_abstain,
273d4e72b01d53cf,0,1,14,1,10,0.05430970129637486,-1.600505558684422,-1,nan,nan,inf,-1,nan,nan,1,1,0,catastrophic,abstain,mean_to_abstain,
275e9cfb52fd59de,0,1,12,1,0,0.5349252033628411,3.495505400518321,0,1.2261373654197398,3.495505400518321,inf,-1,nan,nan,0,1,1,positive,positive,same_winner,0.0
4082f94c512b5d1f,0,1,14,1,21,0.08561081101544205,0.0005595678238314861,-1,nan,nan,inf,-1,nan,nan,1,1,0,positive,abstain,mean_to_abstain,
421dd5398e885a27,0,1,18,1,2,0.032398172261472624,5.4842675477266394e-05,-1,nan,nan,inf,-1,nan,nan,1,1,0,positive,abstain,mean_to_abstain,
53620555ea3a5d3c,0,1,9,1,19,0.059070654732076344,0.00018146185590683928,-1,nan,nan,inf,-1,nan,nan,1,1,0,positive,abstain,mean_to_abstain,
60bd62401d0857f9,0,1,15,1,22,0.041279288825144866,-5.674398746347009e-05,-1,nan,nan,inf,-1,nan,nan,1,1,0,nonpositive,abstain,mean_to_abstain,
6db53a1807af5a90,0,1,13,0,2,0.03632275183161143,-1.5162776317190207e-05,-1,nan,nan,inf,-1,nan,nan,1,1,0,nonpositive,abstain,mean_to_abstain,
8e6c888a92425ff1,0,1,6,1,1,0.08055826141252748,0.00030813117888772723,-1,nan,nan,inf,-1,nan,nan,1,1,0,positive,abstain,mean_to_abstain,
9a82cf7a1636581e,0,1,5,0,2,0.06987484598287041,-0.004264268382638825,-1,nan,nan,inf,-1,nan,nan,1,1,0,nonpositive,abstain,mean_to_abstain,
c70bcca6e16953d7,0,1,14,1,10,0.08516606419750289,0.0003409750871363748,-1,nan,nan,inf,-1,nan,nan,1,1,0,positive,abstain,mean_to_abstain,
d04f957744a353ba,0,1,10,1,21,0.07206232289691489,0.00016387412324547768,-1,nan,nan,inf,-1,nan,nan,1,1,0,positive,abstain,mean_to_abstain,
d0c144dfeca55025,0,1,25,1,22,0.022439760905213213,-0.00010299410598381756,-1,nan,nan,inf,-1,nan,nan,1,1,0,nonpositive,abstain,mean_to_abstain,
f6cbfc9328fd5914,0,1,5,1,15,0.20310509567864804,0.0028377727983173173,15,0.4281482417656892,0.0028377727983173173,inf,-1,nan,nan,0,1,1,positive,positive,same_winner,0.0
d0ce91bcf7ba557a,0,1,2,1,2,0.007635400155828587,0.24257259491190777,-1,nan,nan,inf,-1,nan,nan,1,1,0,positive,abstain,mean_to_abstain,
00bf712a8e9e59bf,0,1,1,0,2,0.006885665557712195,-2.6145104679828512,-1,nan,nan,inf,-1,nan,nan,1,1,0,catastrophic,abstain,mean_to_abstain,
07db46e8eac253cf,0,1,12,1,16,0.02664506343120643,0.7593208522055517,-1,nan,nan,inf,-1,nan,nan,1,1,0,positive,abstain,mean_to_abstain,
13adf1483845581c,0,1,18,1,21,0.08858535177853816,0.0006412762776015768,-1,nan,nan,inf,-1,nan,nan,1,1,0,positive,abstain,mean_to_abstain,
2ffe7083e279569c,0,1,15,1,3,0.08951496685061389,0.00016050723339500195,-1,nan,nan,inf,-1,nan,nan,1,1,0,positive,abstain,mean_to_abstain,
36857cb219845df9,0,1,14,1,7,0.0797355341918155,0.00013242636164667587,-1,nan,nan,inf,-1,nan,nan,1,1,0,positive,abstain,mean_to_abstain,
6f8bc109eabc5ad5,0,1,4,1,19,0.005665442562818257,-4.585174424573402e-06,-1,nan,nan,inf,-1,nan,nan,1,1,0,nonpositive,abstain,mean_to_abstain,
8fbfbaa44855539e,0,1,16,0,-1,nan,nan,-1,nan,nan,inf,-1,nan,nan,0,0,0,abstain,abstain,both_abstain,
b66888a9942d59ff,0,1,5,1,20,0.044845182015828544,0.0031616590492427347,-1,nan,nan,inf,-1,nan,nan,1,1,0,positive,abstain,mean_to_abstain,
e4f303186cdb50b1,0,1,4,1,19,0.007525228938641659,-4.3645644211215764e-06,-1,nan,nan,inf,-1,nan,nan,1,1,0,nonpositive,abstain,mean_to_abstain,
ee17abab9d83514f,0,1,4,0,7,0.8819264104701066,-1.98244095368525,7,0.8313715904837852,-1.98244095368525,inf,-1,nan,nan,0,1,1,catastrophic,catastrophic,same_winner,0.0
5b4aedf8449c54ca,0,1,4,1,3,0.05274671318238611,-0.0011265146814285476,-1,nan,nan,inf,-1,nan,nan,1,1,0,nonpositive,abstain,mean_to_abstain,
73458ba61f445d19,0,1,16,1,9,0.11127666476591097,-2.754281880346099e-06,-1,nan,nan,inf,-1,nan,nan,1,1,0,nonpositive,abstain,mean_to_abstain,
7647b4788f795d71,0,1,1,1,-1,nan,nan,-1,nan,nan,inf,-1,nan,nan,0,0,0,abstain,abstain,both_abstain,
8f2f7b6da7495074,0,1,22,1,19,0.05757445087373514,0.00015492076352252582,-1,nan,nan,inf,-1,nan,nan,1,1,0,positive,abstain,mean_to_abstain,
c23e9cc0ed7e5b21,0,1,17,1,3,0.14962042560208494,0.0016556329336947506,-1,nan,nan,inf,-1,nan,nan,1,1,0,positive,abstain,mean_to_abstain,
cdfa6ac2b00156d1,0,1,10,0,-1,nan,nan,-1,nan,nan,inf,-1,nan,nan,0,0,0,abstain,abstain,both_abstain,
16599b5179df53bb,0,1,7,0,-1,nan,nan,-1,nan,nan,inf,-1,nan,nan,0,0,0,abstain,abstain,both_abstain,
181f26554b4b5e75,0,1,15,0,2,0.04590297686615569,-7.666432450204042e-06,-1,nan,nan,inf,-1,nan,nan,1,1,0,nonpositive,abstain,mean_to_abstain,
21411e892e975adf,0,1,3,0,-1,nan,nan,-1,nan,nan,inf,-1,nan,nan,0,0,0,abstain,abstain,both_abstain,
24f940b7a94f5ed7,0,1,17,0,3,0.09604523766103806,-0.0003130765174522987,-1,nan,nan,inf,-1,nan,nan,1,1,0,nonpositive,abstain,mean_to_abstain,
257140a662885e1d,0,1,7,1,2,0.12481470682813767,0.0005732820384669601,-1,nan,nan,inf,-1,nan,nan,1,1,0,positive,abstain,mean_to_abstain,
3e1e8ae126d0578f,0,1,15,1,7,0.12807206610095628,-0.0015343082074075938,-1,nan,nan,inf,-1,nan,nan,1,1,0,nonpositive,abstain,mean_to_abstain,
40d5b1af93cf50e4,0,1,12,1,4,0.033981970839618125,8.93150708446977e-05,-1,nan,nan,inf,-1,nan,nan,1,1,0,positive,abstain,mean_to_abstain,
4b30de14589f513c,0,1,14,1,6,0.0984465499710167,-0.0006676835825666786,-1,nan,nan,inf,-1,nan,nan,1,1,0,nonpositive,abstain,mean_to_abstain,
648d283b25fa50d1,0,1,4,0,-1,nan,nan,-1,nan,nan,inf,-1,nan,nan,0,0,0,abstain,abstain,both_abstain,
651762602ed854bf,0,1,1,1,13,0.07495135190800395,0.0005464716681715803,-1,nan,nan,inf,-1,nan,nan,1,1,0,positive,abstain,mean_to_abstain,
864541f05d165c97,0,1,2,1,21,0.24943047390010248,7.027299320325284e-05,21,0.054237322619304425,7.027299320325284e-05,inf,-1,nan,nan,0,1,1,positive,positive,same_winner,0.0
a054dd394e1b559c,0,1,17,1,19,0.14869814603369635,0.0008117835176117971,-1,nan,nan,inf,-1,nan,nan,1,1,0,positive,abstain,mean_to_abstain,
b7c6fe6429785952,0,1,15,1,21,0.06156567725992046,0.00013186896652861435,-1,nan,nan,inf,-1,nan,nan,1,1,0,positive,abstain,mean_to_abstain,
c031140da54d502a,0,1,17,1,3,0.14493639723970847,0.9911725879896434,-1,nan,nan,inf,-1,nan,nan,1,1,0,positive,abstain,mean_to_abstain,
cdabe76a1ba75152,0,1,16,1,3,0.2975005558059906,0.9906680473752321,3,0.02671134553883063,0.9906680473752321,inf,-1,nan,nan,0,1,1,positive,positive,same_winner,0.0
cdccf3dfd4e153cc,0,1,24,1,19,0.1857556234661884,0.0011230520552452106,-1,nan,nan,inf,-1,nan,nan,1,1,0,positive,abstain,mean_to_abstain,
d3e0b427c9095c6f,0,1,17,1,5,0.012369739186947115,0.00014757037917151328,-1,nan,nan,inf,-1,nan,nan,1,1,0,positive,abstain,mean_to_abstain,
d86f407ee78151b0,0,1,5,1,1,0.05847753052003973,-0.9291437838989309,-1,nan,nan,inf,-1,nan,nan,1,1,0,catastrophic,abstain,mean_to_abstain,
de2c82b474d85dd5,0,1,17,1,2,0.018088819890139274,-0.0006743428357876835,-1,nan,nan,inf,-1,nan,nan,1,1,0,nonpositive,abstain,mean_to_abstain,
046577552dd15fc3,0,1,15,1,3,0.07639785842223545,0.00031031498312950045,-1,nan,nan,inf,-1,nan,nan,1,1,0,positive,abstain,mean_to_abstain,
1f8c9456286d59fb,0,1,17,0,2,0.025368716274818348,-0.00024940564567232926,-1,nan,nan,inf,-1,nan,nan,1,1,0,nonpositive,abstain,mean_to_abstain,
369040b3134c5769,0,1,17,1,2,0.012763246687714558,8.364603845692486e-05,-1,nan,nan,inf,-1,nan,nan,1,1,0,positive,abstain,mean_to_abstain,
39dca464ed145043,0,1,17,1,3,0.20411355765488787,1.3998703285889036e-05,-1,nan,nan,inf,-1,nan,nan,1,1,0,positive,abstain,mean_to_abstain,
3e940b9ccdf456b7,0,1,17,1,3,0.20658609426858232,-0.00983716126978429,-1,nan,nan,inf,-1,nan,nan,1,1,0,nonpositive,abstain,mean_to_abstain,
4f74e2eb505a5fd0,0,1,9,0,7,0.03133702909050945,-0.24303894127057868,-1,nan,nan,inf,-1,nan,nan,1,1,0,nonpositive,abstain,mean_to_abstain,
524cadd627f25d7f,0,1,8,0,7,0.03685442295286595,-0.2439054437735635,-1,nan,nan,inf,-1,nan,nan,1,1,0,nonpositive,abstain,mean_to_abstain,
70c45003ec3e527b,0,1,1,0,-1,nan,nan,-1,nan,nan,inf,-1,nan,nan,0,0,0,abstain,abstain,both_abstain,
b1bfa52c4bc452b7,0,1,17,1,3,0.009914643779085353,0.0003829283017662277,-1,nan,nan,inf,-1,nan,nan,1,1,0,positive,abstain,mean_to_abstain,
bed9898a4bf45a6b,0,1,17,1,3,0.1052351858281736,1.4568283385862912e-05,-1,nan,nan,inf,-1,nan,nan,1,1,0,positive,abstain,mean_to_abstain,
db219c4afef9558d,0,1,18,1,3,0.15547090087178606,0.00014902080035517073,-1,nan,nan,inf,-1,nan,nan,1,1,0,positive,abstain,mean_to_abstain,
fa1f7200f4ff5651,0,1,16,0,2,0.013526325795574556,-0.00014718964491039488,-1,nan,nan,inf,-1,nan,nan,1,1,0,nonpositive,abstain,mean_to_abstain,
04e294754b4d56a6,0,1,7,1,23,0.04991742843673708,4.5298025821094434e-05,22,0.011438690875803216,4.5298025821094434e-05,inf,-1,nan,nan,1,1,1,positive,positive,different_winner_equal_teacher,0.0
3a223e65af13545c,0,1,7,1,6,0.1796478832603669,0.11440042549293716,1,0.33883398271808335,1.6616739350611343,inf,-1,nan,nan,1,1,1,positive,positive,different_winner_pair_better,1.547273509568197
3e1f06aa9ff354c9,0,1,17,1,3,0.14374582883763437,0.0003580765151420806,-1,nan,nan,inf,-1,nan,nan,1,1,0,positive,abstain,mean_to_abstain,
3e3a2d672dfb5b51,0,1,6,1,6,0.07197280672664524,-1.987346634269027e-05,6,0.06348448504999314,-1.987346634269027e-05,inf,-1,nan,nan,0,1,1,nonpositive,nonpositive,same_winner,0.0
6110193eb32f5ad4,0,1,17,1,3,0.035363667124280906,-4.4033554047917534e-05,-1,nan,nan,inf,-1,nan,nan,1,1,0,nonpositive,abstain,mean_to_abstain,
6e075e93bd485b81,0,1,10,1,22,0.011121821980912772,0.5333196029574498,-1,nan,nan,inf,-1,nan,nan,1,1,0,positive,abstain,mean_to_abstain,
6fc9e653b0ee5565,0,1,12,1,23,0.058255824748075946,7.308054529531205e-06,28,0.03794140576068343,-0.00026946702231622766,inf,-1,nan,nan,1,1,1,positive,nonpositive,good_to_bad_winner_change,-0.00027677507684575886
99426aa893625f69,0,1,7,0,2,0.08886203127140385,-0.990559431026876,-1,nan,nan,inf,-1,nan,nan,1,1,0,catastrophic,abstain,mean_to_abstain,
9fb5b34a36925a6c,0,1,7,0,4,0.10199219087742645,-0.0037563836089917757,-1,nan,nan,inf,-1,nan,nan,1,1,0,nonpositive,abstain,mean_to_abstain,
a1c1a996e52f5c4e,0,1,5,0,2,0.01089785377425645,-4.041263536178889,-1,nan,nan,inf,-1,nan,nan,1,1,0,catastrophic,abstain,mean_to_abstain,
a657d16d34c3519a,0,1,3,1,1,0.17547647273904504,1.7842007715892396,1,0.07703566997581526,1.7842007715892396,inf,-1,nan,nan,0,1,1,positive,positive,same_winner,0.0
a68adc1c27615ce9,0,1,13,0,2,0.04967050161284531,-0.0003269563222303984,-1,nan,nan,inf,-1,nan,nan,1,1,0,nonpositive,abstain,mean_to_abstain,
a75ce500226f5481,0,1,17,1,4,0.05345567033998139,-0.0008296889021993104,-1,nan,nan,inf,-1,nan,nan,1,1,0,nonpositive,abstain,mean_to_abstain,
b95dc2615771588d,0,1,14,1,21,0.05683981749397021,-0.1210931115172803,-1,nan,nan,inf,-1,nan,nan,1,1,0,nonpositive,abstain,mean_to_abstain,
c3fd16e5694a5353,0,1,10,1,3,0.12046760719252153,0.005157053496875008,-1,nan,nan,inf,-1,nan,nan,1,1,0,positive,abstain,mean_to_abstain,
c8c5d04b848e504c,0,1,16,1,3,0.14438667427381824,0.00029568436057303416,-1,nan,nan,inf,-1,nan,nan,1,1,0,positive,abstain,mean_to_abstain,
c944de45a71e5a38,0,1,14,0,2,0.019957378720107943,-1.579888735432633e-05,-1,nan,nan,inf,-1,nan,nan,1,1,0,nonpositive,abstain,mean_to_abstain,
f7cbec94d1ff5621,0,1,3,0,6,0.07728593347369894,-0.0007099613890051842,-1,nan,nan,inf,-1,nan,nan,1,1,0,nonpositive,abstain,mean_to_abstain,
03dac455f9ec5792,0,1,18,1,19,0.017724369312140442,7.577102212241726e-05,-1,nan,nan,inf,-1,nan,nan,1,1,0,positive,abstain,mean_to_abstain,
0966d80519ed5508,0,1,11,1,6,0.09030012211697441,0.0009220502038020642,-1,nan,nan,inf,-1,nan,nan,1,1,0,positive,abstain,mean_to_abstain,
222f2b699516591c,0,1,14,1,25,0.19459891297362059,-1.0518735647169208e-05,10,0.005252411040450905,-0.0002557319551707016,inf,-1,nan,nan,1,1,1,nonpositive,nonpositive,different_winner_pair_worse,-0.00024521321952353237
343925e5442554f5,0,1,4,1,17,0.1934317470532842,-0.00019431640431277764,17,0.3578768008268849,-0.00019431640431277764,inf,-1,nan,nan,0,1,1,nonpositive,nonpositive,same_winner,0.0
650894e30d725ba8,0,1,14,0,14,0.056091274186772344,-0.0032331318099244524,-1,nan,nan,inf,-1,nan,nan,1,1,0,nonpositive,abstain,mean_to_abstain,
70a67a5dedae584b,0,1,23,1,13,0.08188320526111043,0.00017503621224313978,-1,nan,nan,inf,-1,nan,nan,1,1,0,positive,abstain,mean_to_abstain,
80c337fb67145ff6,0,1,29,1,20,0.19231021622311717,0.00020890609137680372,-1,nan,nan,inf,-1,nan,nan,1,1,0,positive,abstain,mean_to_abstain,
84ed4f2cc4f057ce,0,1,14,1,21,0.047812367663680855,0.9801659668493785,27,0.05922903228167978,-0.00025902655910448047,inf,-1,nan,nan,1,1,1,positive,nonpositive,good_to_bad_winner_change,-0.980424993408483
8bdafd4a1d7c50eb,0,1,21,1,23,0.08620951088566009,0.0007238137360662256,-1,nan,nan,inf,-1,nan,nan,1,1,0,positive,abstain,mean_to_abstain,
9cb860301c105ca7,0,1,9,1,20,0.154224216009822,-3.7070147320572566e-05,20,0.256289367771393,-3.7070147320572566e-05,inf,-1,nan,nan,0,1,1,nonpositive,nonpositive,same_winner,0.0
a1ceb182eb7250a1,0,1,16,1,2,0.04737771809577768,-0.00047298199683432074,-1,nan,nan,inf,-1,nan,nan,1,1,0,nonpositive,abstain,mean_to_abstain,
b704090abc8d5afe,0,1,30,1,18,0.24288060354663926,0.0007353571400976477,-1,nan,nan,inf,-1,nan,nan,1,1,0,positive,abstain,mean_to_abstain,
fd35b4e54a465e54,0,1,1,0,7,0.04809404153909458,-2.0207331793509424,-1,nan,nan,inf,-1,nan,nan,1,1,0,catastrophic,abstain,mean_to_abstain,
fe98c3c19baf5ea3,0,1,2,1,-1,nan,nan,-1,nan,nan,inf,-1,nan,nan,0,0,0,abstain,abstain,both_abstain,
05ba4ac2db9c50d2,0,1,11,1,21,0.0846390048368249,-0.9894043804722809,-1,nan,nan,inf,-1,nan,nan,1,1,0,catastrophic,abstain,mean_to_abstain,
0d399eab6caf5d71,0,1,1,0,-1,nan,nan,-1,nan,nan,inf,-1,nan,nan,0,0,0,abstain,abstain,both_abstain,
154c14f381535c43,0,1,1,1,24,0.04021733379569503,7.987478524418279e-05,-1,nan,nan,inf,-1,nan,nan,1,1,0,positive,abstain,mean_to_abstain,
20cd0f5250875606,0,1,5,0,17,0.023568747408434065,-0.0007432220146525647,-1,nan,nan,inf,-1,nan,nan,1,1,0,nonpositive,abstain,mean_to_abstain,
30a3163cf0805a69,0,1,4,0,24,0.03829073211936446,0.0,-1,nan,nan,inf,-1,nan,nan,1,1,0,nonpositive,abstain,mean_to_abstain,
3da38924ebd45f50,0,1,10,1,-1,nan,nan,-1,nan,nan,inf,-1,nan,nan,0,0,0,abstain,abstain,both_abstain,
48fd1a7abb7c59a6,0,1,19,1,20,0.04918747346643987,9.257317371691443e-05,-1,nan,nan,inf,-1,nan,nan,1,1,0,positive,abstain,mean_to_abstain,
501128405d13533f,0,1,10,1,5,0.002751601889183164,0.0006175347519805658,-1,nan,nan,inf,-1,nan,nan,1,1,0,positive,abstain,mean_to_abstain,
594c56337e94571b,0,1,14,0,3,0.058697773703126455,-0.001155877960449997,-1,nan,nan,inf,-1,nan,nan,1,1,0,nonpositive,abstain,mean_to_abstain,
5c92fa52c5165a1e,0,1,19,1,21,0.0577642732867924,2.6677810028186144e-05,-1,nan,nan,inf,-1,nan,nan,1,1,0,positive,abstain,mean_to_abstain,
83d128720881565a,0,1,17,0,1,0.008372382815175716,-0.00017347736358619414,-1,nan,nan,inf,-1,nan,nan,1,1,0,nonpositive,abstain,mean_to_abstain,
95a810911ba359ec,0,1,11,0,20,0.12374371487394292,-1.2317919820233691,20,0.5088428557901651,-1.2317919820233691,inf,-1,nan,nan,0,1,1,catastrophic,catastrophic,same_winner,0.0
9d1adc78bda259ce,0,1,10,1,16,0.11672135095881259,0.989390559457801,-1,nan,nan,inf,-1,nan,nan,1,1,0,positive,abstain,mean_to_abstain,
a3b5d1855e7e5d96,0,1,12,1,0,0.4549551393590307,-1.1104694041938434,0,0.7470819692309767,-1.1104694041938434,inf,-1,nan,nan,0,1,1,catastrophic,catastrophic,same_winner,0.0
bbc08519add25675,0,1,3,1,3,0.06843772076558913,0.0016385450839995208,-1,nan,nan,inf,-1,nan,nan,1,1,0,positive,abstain,mean_to_abstain,
bf75c93832c7569d,0,1,9,1,-1,nan,nan,-1,nan,nan,inf,-1,nan,nan,0,0,0,abstain,abstain,both_abstain,
d5b4a2295da55f8c,0,1,5,0,13,1.4178625874575828,-1.2230175262318923,13,1.9538259912600984,-1.2230175262318923,inf,-1,nan,nan,0,1,1,catastrophic,catastrophic,same_winner,0.0
dec7d1a6632a516c,0,1,9,1,1,0.023127761480382036,0.009756261034843616,-1,nan,nan,inf,-1,nan,nan,1,1,0,positive,abstain,mean_to_abstain,
e14c53a47ffc5fe0,0,1,21,1,20,0.04446072842027765,9.726131521165362e-05,-1,nan,nan,inf,-1,nan,nan,1,1,0,positive,abstain,mean_to_abstain,
0624fd97bb1d5859,0,1,23,1,22,0.14196885189895925,0.0001875565206632679,-1,nan,nan,inf,-1,nan,nan,1,1,0,positive,abstain,mean_to_abstain,
1289017760ab5cda,0,1,22,1,19,0.044659837182759454,1.5281987189919022e-05,-1,nan,nan,inf,-1,nan,nan,1,1,0,positive,abstain,mean_to_abstain,
15210c5280b851a8,0,1,18,1,8,0.033383494524547974,1.2200536691841322,-1,nan,nan,inf,-1,nan,nan,1,1,0,positive,abstain,mean_to_abstain,
327472f9f4b755a7,0,1,12,1,2,0.011177487657868912,6.967344586739088e-05,-1,nan,nan,inf,-1,nan,nan,1,1,0,positive,abstain,mean_to_abstain,
35c70713d92251fc,0,1,12,1,16,0.1269813748843595,5.6691353023052404e-05,-1,nan,nan,inf,-1,nan,nan,1,1,0,positive,abstain,mean_to_abstain,
3a4fd1d48a995545,0,1,12,1,19,0.05918328173968351,0.014261765146213357,19,0.17634764308876283,0.014261765146213357,inf,-1,nan,nan,0,1,1,positive,positive,same_winner,0.0
3c9d60b02bfb51c0,0,1,17,0,2,0.051373550210751906,-0.00024523607227022737,-1,nan,nan,inf,-1,nan,nan,1,1,0,nonpositive,abstain,mean_to_abstain,
4750b9c4cfbd5d3f,0,1,2,0,4,0.023709539188688844,-6.735376818865747,-1,nan,nan,inf,-1,nan,nan,1,1,0,catastrophic,abstain,mean_to_abstain,
506ddb4d458f5a70,0,1,1,0,-1,nan,nan,-1,nan,nan,inf,-1,nan,nan,0,0,0,abstain,abstain,both_abstain,
54dbabed00525444,0,1,17,0,3,0.07536484659468806,-9.26424650009583e-05,-1,nan,nan,inf,-1,nan,nan,1,1,0,nonpositive,abstain,mean_to_abstain,
77f9220d917b52d0,0,1,12,1,1,0.0912410640457193,0.9964797705322503,-1,nan,nan,inf,-1,nan,nan,1,1,0,positive,abstain,mean_to_abstain,
7ca96f8e844f56ca,0,1,15,1,20,0.053908095991723415,3.252210966228601,19,0.04775856419431751,3.252210966228601,inf,-1,nan,nan,1,1,1,positive,positive,different_winner_equal_teacher,0.0
7d363b1db0fc5975,0,1,11,1,3,0.015836426716804797,0.013301340210687851,-1,nan,nan,inf,-1,nan,nan,1,1,0,positive,abstain,mean_to_abstain,
8813e8c6790a59d3,0,1,13,1,20,0.14077966578526102,0.0005376298925838796,-1,nan,nan,inf,-1,nan,nan,1,1,0,positive,abstain,mean_to_abstain,
9626975e16725ec8,0,1,20,1,18,0.08803132680088482,0.0010747945629061562,-1,nan,nan,inf,-1,nan,nan,1,1,0,positive,abstain,mean_to_abstain,
9907ad0101c45e09,0,1,1,0,-1,nan,nan,-1,nan,nan,inf,-1,nan,nan,0,0,0,abstain,abstain,both_abstain,
9e720f0176b35d63,0,1,24,1,5,0.08980336668492328,1.6583766508847415e-05,18,0.04152356514411133,-9.262234168127192e-05,inf,-1,nan,nan,1,1,1,positive,nonpositive,good_to_bad_winner_change,-0.00010920610819011934
a67f3948c2445760,0,1,3,1,3,0.108885410976374,0.0006509598884731531,-1,nan,nan,inf,-1,nan,nan,1,1,0,positive,abstain,mean_to_abstain,
a8e99095a8235549,0,1,4,0,16,0.4386884357042828,-1.2318749638779087,16,0.029727738327172126,-1.2318749638779087,inf,-1,nan,nan,0,1,1,catastrophic,catastrophic,same_winner,0.0
aed1237adf57578c,0,1,1,1,0,0.1439955376041523,1.0332035451421078,0,0.12118616182077198,1.0332035451421078,inf,-1,nan,nan,0,1,1,positive,positive,same_winner,0.0
ba5ddc3d1d5d56ad,0,1,1,0,25,0.051594040259578255,-3.6526486277832504e-05,-1,nan,nan,inf,-1,nan,nan,1,1,0,nonpositive,abstain,mean_to_abstain,
c81dc86e054f566d,0,1,15,1,3,0.09315287443946835,0.0005305072082206763,-1,nan,nan,inf,-1,nan,nan,1,1,0,positive,abstain,mean_to_abstain,
cffbf96734fa5f35,0,1,2,0,1,0.10448810917061085,-0.00012115731714312794,-1,nan,nan,inf,-1,nan,nan,1,1,0,nonpositive,abstain,mean_to_abstain,
f4ba7c7ca86f5233,0,1,13,1,20,0.14072023989209992,0.000496528893252357,-1,nan,nan,inf,-1,nan,nan,1,1,0,positive,abstain,mean_to_abstain,
045cd7a008c65925,0,1,17,1,3,0.09205237395893762,0.0002655468061565358,-1,nan,nan,inf,-1,nan,nan,1,1,0,positive,abstain,mean_to_abstain,
0c77a4182a655cf9,0,1,3,1,-1,nan,nan,-1,nan,nan,inf,-1,nan,nan,0,0,0,abstain,abstain,both_abstain,
1470dbcb0c415442,0,1,9,1,2,0.012842627737487067,-2.7527673915450634e-05,-1,nan,nan,inf,-1,nan,nan,1,1,0,nonpositive,abstain,mean_to_abstain,
208da297c61b5a6b,0,1,14,0,2,0.022454271676479398,-0.0001454900316892882,-1,nan,nan,inf,-1,nan,nan,1,1,0,nonpositive,abstain,mean_to_abstain,
249837af09305794,0,1,2,0,-1,nan,nan,-1,nan,nan,inf,-1,nan,nan,0,0,0,abstain,abstain,both_abstain,
2648d4ed541751cc,0,1,13,1,3,0.04164995597021626,0.00015299002230165226,-1,nan,nan,inf,-1,nan,nan,1,1,0,positive,abstain,mean_to_abstain,
2e3481cf5ec35baa,0,1,14,0,3,0.05814857202275381,-0.00036169656319540167,-1,nan,nan,inf,-1,nan,nan,1,1,0,nonpositive,abstain,mean_to_abstain,
31d6d7b013a75d29,0,1,17,1,2,0.01627945752008031,-0.00025768281682392313,-1,nan,nan,inf,-1,nan,nan,1,1,0,nonpositive,abstain,mean_to_abstain,
45389fbdea6657a0,0,1,10,0,3,0.08253387268338747,-9.76101109875227e-05,-1,nan,nan,inf,-1,nan,nan,1,1,0,nonpositive,abstain,mean_to_abstain,
46bf28b955d051b1,0,1,29,1,-1,nan,nan,-1,nan,nan,inf,-1,nan,nan,0,0,0,abstain,abstain,both_abstain,
4efebde6623256df,0,1,6,1,-1,nan,nan,-1,nan,nan,inf,-1,nan,nan,0,0,0,abstain,abstain,both_abstain,
5991dfcee3185e01,0,1,15,0,22,0.020902021619259192,0.0,-1,nan,nan,inf,-1,nan,nan,1,1,0,nonpositive,abstain,mean_to_abstain,
6c82dcb2637f5ad4,0,1,3,0,6,0.028218776551234115,-0.002434998204396105,-1,nan,nan,inf,-1,nan,nan,1,1,0,nonpositive,abstain,mean_to_abstain,
1a9e0797610e5da4,1,2,17,1,-1,nan,nan,-1,nan,nan,inf,-1,nan,nan,0,0,0,abstain,abstain,both_abstain,
31e5a1e6febd5acb,1,2,12,1,4,0.012037131650430466,0.0022942917462438484,-1,nan,nan,inf,-1,nan,nan,1,1,0,positive,abstain,mean_to_abstain,
3f0c33142293536e,1,2,11,1,6,0.07548505682320306,-0.004419000643878901,-1,nan,nan,inf,-1,nan,nan,1,1,0,nonpositive,abstain,mean_to_abstain,
48fc14e048fb5fe2,1,2,18,1,23,0.022666458916853094,0.00012721833586692988,-1,nan,nan,inf,-1,nan,nan,1,1,0,positive,abstain,mean_to_abstain,
65f00228b6bc54b5,1,2,17,1,-1,nan,nan,-1,nan,nan,inf,-1,nan,nan,0,0,0,abstain,abstain,both_abstain,
d22547ad7061548d,1,2,11,1,22,0.16269721311762864,0.004789317346434174,23,0.03293260636049454,0.004789317346434174,inf,-1,nan,nan,1,1,1,positive,positive,different_winner_equal_teacher,0.0
ebc361211e395b18,1,2,19,0,14,0.04196041847044896,-0.001957534239996672,-1,nan,nan,inf,-1,nan,nan,1,1,0,nonpositive,abstain,mean_to_abstain,
f757646a2d865977,1,2,1,0,-1,nan,nan,-1,nan,nan,inf,-1,nan,nan,0,0,0,abstain,abstain,both_abstain,
9ca3798eb199579e,1,2,10,0,-1,nan,nan,-1,nan,nan,inf,-1,nan,nan,0,0,0,abstain,abstain,both_abstain,
f7050dbcd3c954f3,1,2,6,1,23,0.026208181428440558,1.2228804792242125,-1,nan,nan,inf,-1,nan,nan,1,1,0,positive,abstain,mean_to_abstain,
180f81d1ca5c5ee3,1,2,17,1,23,0.014503691904506344,7.068096973794624e-05,-1,nan,nan,inf,-1,nan,nan,1,1,0,positive,abstain,mean_to_abstain,
1bd8ca835d485cd8,1,2,14,1,23,0.015694041219759647,0.0001267136363314325,-1,nan,nan,inf,-1,nan,nan,1,1,0,positive,abstain,mean_to_abstain,
291db523bb115ccf,1,2,16,1,3,0.006647299928216721,1.590520776817428e-05,-1,nan,nan,inf,-1,nan,nan,1,1,0,positive,abstain,mean_to_abstain,
2d4f708394ef542e,1,2,2,0,-1,nan,nan,-1,nan,nan,inf,-1,nan,nan,0,0,0,abstain,abstain,both_abstain,
39346eef49ad52a6,1,2,16,0,2,0.0486786501004271,-1.8276321345854374,-1,nan,nan,inf,-1,nan,nan,1,1,0,catastrophic,abstain,mean_to_abstain,
621fb14952d45fbc,1,2,2,0,2,0.04550762892811849,-1.793281329542026,-1,nan,nan,inf,-1,nan,nan,1,1,0,catastrophic,abstain,mean_to_abstain,
79a3cfc7d4535d5f,1,2,14,1,22,0.11492688707467397,0.003259013999387328,-1,nan,nan,inf,-1,nan,nan,1,1,0,positive,abstain,mean_to_abstain,
7a90e31caaa35114,1,2,11,1,-1,nan,nan,-1,nan,nan,inf,-1,nan,nan,0,0,0,abstain,abstain,both_abstain,
9e4525cb8f5e5fcd,1,2,15,0,-1,nan,nan,-1,nan,nan,inf,-1,nan,nan,0,0,0,abstain,abstain,both_abstain,
c5e0107671965987,1,2,13,0,-1,nan,nan,-1,nan,nan,inf,-1,nan,nan,0,0,0,abstain,abstain,both_abstain,
ca00c31168b252d5,1,2,16,1,3,0.07238744051555152,-8.024468859657574e-05,-1,nan,nan,inf,-1,nan,nan,1,1,0,nonpositive,abstain,mean_to_abstain,
e2c31e25cb35514d,1,2,14,1,-1,nan,nan,-1,nan,nan,inf,-1,nan,nan,0,0,0,abstain,abstain,both_abstain,
114a8e53ec3c5e0d,1,2,3,1,-1,nan,nan,-1,nan,nan,inf,-1,nan,nan,0,0,0,abstain,abstain,both_abstain,
1907423ff64a51eb,1,2,9,1,20,0.03795227706006665,-0.0002998982892371549,-1,nan,nan,inf,-1,nan,nan,1,1,0,nonpositive,abstain,mean_to_abstain,
b8091003cbb95da3,1,2,2,1,20,0.0062074620432244765,0.005847989658487495,-1,nan,nan,inf,-1,nan,nan,1,1,0,positive,abstain,mean_to_abstain,
c9281513f02f50f2,1,2,12,1,21,0.008533624983189159,0.0001164957925676724,-1,nan,nan,inf,-1,nan,nan,1,1,0,positive,abstain,mean_to_abstain,
eeb054ac63575b33,1,2,2,1,3,0.023025060256498364,0.00022565341983016296,-1,nan,nan,inf,-1,nan,nan,1,1,0,positive,abstain,mean_to_abstain,
6988613e2a3557be,1,2,17,1,-1,nan,nan,-1,nan,nan,inf,-1,nan,nan,0,0,0,abstain,abstain,both_abstain,
b66ea7e3342b533b,1,2,2,0,-1,nan,nan,-1,nan,nan,inf,-1,nan,nan,0,0,0,abstain,abstain,both_abstain,
ebdc46dacb5f53f2,1,2,20,1,-1,nan,nan,-1,nan,nan,inf,-1,nan,nan,0,0,0,abstain,abstain,both_abstain,
06a937676ff65c69,1,2,17,1,-1,nan,nan,-1,nan,nan,inf,-1,nan,nan,0,0,0,abstain,abstain,both_abstain,
26f611f146275818,1,2,17,1,3,0.145321721349156,0.00011789943836637562,-1,nan,nan,inf,-1,nan,nan,1,1,0,positive,abstain,mean_to_abstain,
441987f47a6f5784,1,2,9,0,2,0.0694775489559813,-0.9286990923102945,-1,nan,nan,inf,-1,nan,nan,1,1,0,catastrophic,abstain,mean_to_abstain,
5f4392860e5752ce,1,2,6,1,21,0.009503119456638176,2.856343034651765e-05,-1,nan,nan,inf,-1,nan,nan,1,1,0,positive,abstain,mean_to_abstain,
5fde760ec9f05c3d,1,2,16,1,19,0.19589590367674825,0.0001907036799879691,21,0.013354902602404815,6.991243225051846e-05,inf,-1,nan,nan,1,1,1,positive,positive,different_winner_pair_worse,-0.00012079124773745065
606e5b5125985e1f,1,2,12,1,-1,nan,nan,-1,nan,nan,inf,-1,nan,nan,0,0,0,abstain,abstain,both_abstain,
73cd1e45d87156ee,1,2,18,1,21,0.1815204875197967,0.00041150524839750346,-1,nan,nan,inf,-1,nan,nan,1,1,0,positive,abstain,mean_to_abstain,
7a9a7b86210b5dc4,1,2,17,0,3,0.10313409947682267,-0.0001631911307573286,-1,nan,nan,inf,-1,nan,nan,1,1,0,nonpositive,abstain,mean_to_abstain,
81195788481d5844,1,2,17,1,-1,nan,nan,-1,nan,nan,inf,-1,nan,nan,0,0,0,abstain,abstain,both_abstain,
948d834b78515695,1,2,10,1,6,0.02985318560487632,-0.004016842871904373,-1,nan,nan,inf,-1,nan,nan,1,1,0,nonpositive,abstain,mean_to_abstain,
a08635adfbc45990,1,2,16,1,3,0.007035607670593469,1.03484295751201,-1,nan,nan,inf,-1,nan,nan,1,1,0,positive,abstain,mean_to_abstain,
a5836bf6d71f58f2,1,2,17,1,-1,nan,nan,-1,nan,nan,inf,-1,nan,nan,0,0,0,abstain,abstain,both_abstain,
a6e92119ed185a7d,1,2,19,0,11,0.11487149841073568,-0.0001042747385802123,-1,nan,nan,inf,-1,nan,nan,1,1,0,nonpositive,abstain,mean_to_abstain,
aeb0da156a7b5426,1,2,3,1,21,0.20163341567993748,8.050889065489182e-05,-1,nan,nan,inf,-1,nan,nan,1,1,0,positive,abstain,mean_to_abstain,
b024a29a38815f5d,1,2,10,1,-1,nan,nan,-1,nan,nan,inf,-1,nan,nan,0,0,0,abstain,abstain,both_abstain,
c0eff628bb5d57f2,1,2,5,0,2,0.028602795694899597,-0.0003161320409737489,-1,nan,nan,inf,-1,nan,nan,1,1,0,nonpositive,abstain,mean_to_abstain,
c2ef8af22b6b57fa,1,2,16,1,-1,nan,nan,-1,nan,nan,inf,-1,nan,nan,0,0,0,abstain,abstain,both_abstain,
e2becee9277c5811,1,2,18,1,20,0.17219288475077227,0.00037816441580673654,-1,nan,nan,inf,-1,nan,nan,1,1,0,positive,abstain,mean_to_abstain,
e7c6e7ca0bf75a88,1,2,17,1,-1,nan,nan,-1,nan,nan,inf,-1,nan,nan,0,0,0,abstain,abstain,both_abstain,
f845609710815b95,1,2,16,1,19,0.2019388879634469,0.00018563175499508588,21,0.03132390971864759,6.555417294151766e-05,inf,-1,nan,nan,1,1,1,positive,positive,different_winner_pair_worse,-0.00012007758205356822
0e7c79855e005220,1,2,17,1,21,0.014713646344437947,-0.9897585825078985,-1,nan,nan,inf,-1,nan,nan,1,1,0,catastrophic,abstain,mean_to_abstain,
14dd0d86a4d353af,1,2,1,0,-1,nan,nan,-1,nan,nan,inf,-1,nan,nan,0,0,0,abstain,abstain,both_abstain,
2d691673d2a75468,1,2,5,1,15,0.07052969570466316,-2.0204578191693194,-1,nan,nan,inf,-1,nan,nan,1,1,0,catastrophic,abstain,mean_to_abstain,
4a475083531f544e,1,2,17,1,3,0.08301156579510677,-1.0448784753647189e-05,-1,nan,nan,inf,-1,nan,nan,1,1,0,nonpositive,abstain,mean_to_abstain,
4aa6a5b42a9d5a1a,1,2,4,0,2,0.03252972710587693,-0.9968931171692909,-1,nan,nan,inf,-1,nan,nan,1,1,0,catastrophic,abstain,mean_to_abstain,
4f8180de60ff5016,1,2,16,1,1,0.0737403954104412,0.0008375573793424351,-1,nan,nan,inf,-1,nan,nan,1,1,0,positive,abstain,mean_to_abstain,
65f6f0aad1645746,1,2,15,0,-1,nan,nan,-1,nan,nan,inf,-1,nan,nan,0,0,0,abstain,abstain,both_abstain,
86935537a5e256bd,1,2,3,1,2,0.008604310968078621,3.4407792150159024e-05,-1,nan,nan,inf,-1,nan,nan,1,1,0,positive,abstain,mean_to_abstain,
91dfe4ebf3c25298,1,2,3,0,-1,nan,nan,-1,nan,nan,inf,-1,nan,nan,0,0,0,abstain,abstain,both_abstain,
ae93b0cb5f2752c9,1,2,7,1,23,0.014575409119336413,-1.621068492024813e-06,-1,nan,nan,inf,-1,nan,nan,1,1,0,nonpositive,abstain,mean_to_abstain,
c4b429aa06c65c18,1,2,5,1,-1,nan,nan,-1,nan,nan,inf,-1,nan,nan,0,0,0,abstain,abstain,both_abstain,
d124fe4c82a0504a,1,2,14,0,-1,nan,nan,-1,nan,nan,inf,-1,nan,nan,0,0,0,abstain,abstain,both_abstain,
d8a9f79a9b2f5af3,1,2,1,1,22,1.4787453663196992,3.149701463542634,22,1.6093275465120953,3.149701463542634,inf,-1,nan,nan,0,1,1,positive,positive,same_winner,0.0
d9b829983ef95e41,1,2,17,0,-1,nan,nan,-1,nan,nan,inf,-1,nan,nan,0,0,0,abstain,abstain,both_abstain,
dba43762ec9a571c,1,2,3,0,-1,nan,nan,-1,nan,nan,inf,-1,nan,nan,0,0,0,abstain,abstain,both_abstain,
fefa06851c7f58a7,1,2,7,1,14,0.01452313472853034,0.9898329082925921,-1,nan,nan,inf,-1,nan,nan,1,1,0,positive,abstain,mean_to_abstain,
185ce8f5060f5856,1,2,1,0,-1,nan,nan,-1,nan,nan,inf,-1,nan,nan,0,0,0,abstain,abstain,both_abstain,
6b5577a2a92d5e63,1,2,14,1,0,0.09765526908031391,0.0002589048057795029,-1,nan,nan,inf,-1,nan,nan,1,1,0,positive,abstain,mean_to_abstain,
6d5d40bcf2f153a8,1,2,28,1,11,0.18527711915876327,0.00146313439374062,-1,nan,nan,inf,-1,nan,nan,1,1,0,positive,abstain,mean_to_abstain,
8ce184b9fe795518,1,2,12,1,12,0.016679498531163628,0.0,-1,nan,nan,inf,-1,nan,nan,1,1,0,nonpositive,abstain,mean_to_abstain,
ae75c379fc4f5ac0,1,2,15,1,3,0.03985586871222563,0.00044269215201486745,-1,nan,nan,inf,-1,nan,nan,1,1,0,positive,abstain,mean_to_abstain,
bc30bddda7655472,1,2,17,1,10,0.019869651817150502,0.0002641428634524434,-1,nan,nan,inf,-1,nan,nan,1,1,0,positive,abstain,mean_to_abstain,
ec003315c7f8544e,1,2,13,1,3,0.0044329504135668385,0.03068662334382477,7,0.21933750769066282,1.625132601845264,inf,-1,nan,nan,1,1,1,positive,positive,different_winner_pair_better,1.5944459785014393
f80967dcb45f5879,1,2,25,1,24,0.2725180386187898,-6.025773286832958e-05,4,0.2469838046301785,-0.0024380035112727683,inf,-1,nan,nan,1,1,1,nonpositive,nonpositive,different_winner_pair_worse,-0.0023777457784044387
f8295ad66d0b502a,1,2,18,1,-1,nan,nan,-1,nan,nan,inf,-1,nan,nan,0,0,0,abstain,abstain,both_abstain,
00d83b17d1755be3,1,2,7,0,-1,nan,nan,-1,nan,nan,inf,-1,nan,nan,0,0,0,abstain,abstain,both_abstain,
07f7850e943e5787,1,2,17,1,-1,nan,nan,-1,nan,nan,inf,-1,nan,nan,0,0,0,abstain,abstain,both_abstain,
0bd45dc9e3a759c2,1,2,17,1,6,0.10612119648775753,-1.9806460030913353,6,0.02154825739282709,-1.9806460030913353,inf,-1,nan,nan,0,1,1,catastrophic,catastrophic,same_winner,0.0
183eebcd18325090,1,2,12,1,20,0.029855072860234866,7.535703303292391e-05,-1,nan,nan,inf,-1,nan,nan,1,1,0,positive,abstain,mean_to_abstain,
19b32f02944d51ad,1,2,19,1,20,0.026193329916692654,4.461837168800997e-05,-1,nan,nan,inf,-1,nan,nan,1,1,0,positive,abstain,mean_to_abstain,
1de30d88d7e15d70,1,2,11,1,4,0.0043051327292222275,0.00040731540024285806,12,0.03676084921143393,-1.21955611349307,inf,-1,nan,nan,1,1,1,positive,catastrophic,good_to_bad_winner_change,-1.2199634288933128
351a31864bda5923,1,2,12,1,2,0.0025412966794362557,1.553113559205066e-06,-1,nan,nan,inf,-1,nan,nan,1,1,0,positive,abstain,mean_to_abstain,
42e1302d4d595015,1,2,24,0,-1,nan,nan,-1,nan,nan,inf,-1,nan,nan,0,0,0,abstain,abstain,both_abstain,
436d539f02525dbf,1,2,9,1,-1,nan,nan,-1,nan,nan,inf,-1,nan,nan,0,0,0,abstain,abstain,both_abstain,
53791dfcfb555d8b,1,2,13,0,-1,nan,nan,-1,nan,nan,inf,-1,nan,nan,0,0,0,abstain,abstain,both_abstain,
5787abf0e35d54cf,1,2,12,1,2,0.013416092988108419,4.151929654172548e-05,-1,nan,nan,inf,-1,nan,nan,1,1,0,positive,abstain,mean_to_abstain,
6a860de43c125dbf,1,2,17,1,9,0.1775292734848788,0.00013104936927543775,-1,nan,nan,inf,-1,nan,nan,1,1,0,positive,abstain,mean_to_abstain,
7b1eb807d4d95132,1,2,17,0,3,0.10525475080310043,-3.3801279961942488e-06,-1,nan,nan,inf,-1,nan,nan,1,1,0,nonpositive,abstain,mean_to_abstain,
89ec4c93349d5b58,1,2,25,1,22,0.2100485693476486,-5.431908551845055e-05,22,0.026084278896337236,-5.431908551845055e-05,inf,-1,nan,nan,0,1,1,nonpositive,nonpositive,same_winner,0.0
a3fff53e9f375592,1,2,6,1,-1,nan,nan,-1,nan,nan,inf,-1,nan,nan,0,0,0,abstain,abstain,both_abstain,
a6bf958e054951f3,1,2,16,0,3,0.08361259223731327,-9.312073504563756e-05,-1,nan,nan,inf,-1,nan,nan,1,1,0,nonpositive,abstain,mean_to_abstain,
ad9cdad9769f572f,1,2,15,1,23,0.015728621129968257,2.9634527862087978e-05,-1,nan,nan,inf,-1,nan,nan,1,1,0,positive,abstain,mean_to_abstain,
c2c39f197ef95b97,1,2,25,1,20,0.028890530556227867,5.7840400188968744e-05,-1,nan,nan,inf,-1,nan,nan,1,1,0,positive,abstain,mean_to_abstain,
cf7a886f70be5245,1,2,14,1,5,0.0030049815592372298,0.0004412469528616292,19,0.06921309075467605,0.0005705458469686953,inf,-1,nan,nan,1,1,1,positive,positive,different_winner_pair_better,0.00012929889410706608
d7ed9fbf26d0502e,1,2,14,1,-1,nan,nan,-1,nan,nan,inf,-1,nan,nan,0,0,0,abstain,abstain,both_abstain,
e9922a266cc35210,1,2,1,0,-1,nan,nan,-1,nan,nan,inf,-1,nan,nan,0,0,0,abstain,abstain,both_abstain,
eef9e53ca3eb51a8,1,2,8,0,2,0.036269713854968966,-1.8450037153049488,-1,nan,nan,inf,-1,nan,nan,1,1,0,catastrophic,abstain,mean_to_abstain,
f19973f839e35f20,1,2,4,1,-1,nan,nan,-1,nan,nan,inf,-1,nan,nan,0,0,0,abstain,abstain,both_abstain,
02fca515559f520d,1,2,11,1,25,0.025651510577982373,0.00010637173426264468,-1,nan,nan,inf,-1,nan,nan,1,1,0,positive,abstain,mean_to_abstain,
115efd50328f5ecc,1,2,18,1,-1,nan,nan,-1,nan,nan,inf,-1,nan,nan,0,0,0,abstain,abstain,both_abstain,
117049ed19db55a2,1,2,20,1,22,0.0001665151912876861,0.0,-1,nan,nan,inf,-1,nan,nan,1,1,0,nonpositive,abstain,mean_to_abstain,
2154d495b9b657a5,1,2,3,0,13,0.8568454395042517,-1.2203506151586772,13,1.325690883157955,-1.2203506151586772,inf,-1,nan,nan,0,1,1,catastrophic,catastrophic,same_winner,0.0
2c572f2c1c485fc0,1,2,16,1,-1,nan,nan,-1,nan,nan,inf,-1,nan,nan,0,0,0,abstain,abstain,both_abstain,
3152efff212c51ff,1,2,3,1,7,0.07425028874615358,0.0018142741702611431,-1,nan,nan,inf,-1,nan,nan,1,1,0,positive,abstain,mean_to_abstain,
327d5cdfdd695e7e,1,2,17,1,3,0.20960660367589445,0.00011524857694755752,-1,nan,nan,inf,-1,nan,nan,1,1,0,positive,abstain,mean_to_abstain,
64fe109ec6a858ec,1,2,24,1,14,0.02567962180548722,-0.0001836422961903738,-1,nan,nan,inf,-1,nan,nan,1,1,0,nonpositive,abstain,mean_to_abstain,
6c95d9b03b7a5944,1,2,6,1,-1,nan,nan,-1,nan,nan,inf,-1,nan,nan,0,0,0,abstain,abstain,both_abstain,
73963278f6eb5002,1,2,10,1,17,0.056292963919879646,5.0503118336200784e-05,-1,nan,nan,inf,-1,nan,nan,1,1,0,positive,abstain,mean_to_abstain,
799dcf813dba5d8a,1,2,6,0,4,0.01794363637130697,-0.003188489996641869,-1,nan,nan,inf,-1,nan,nan,1,1,0,nonpositive,abstain,mean_to_abstain,
7b6dfa3d4bc553a9,1,2,15,1,14,0.05130940046868149,3.826256439763264e-05,-1,nan,nan,inf,-1,nan,nan,1,1,0,positive,abstain,mean_to_abstain,
842b7f0b68fc5245,1,2,16,1,-1,nan,nan,-1,nan,nan,inf,-1,nan,nan,0,0,0,abstain,abstain,both_abstain,
86839ab67df151f2,1,2,9,1,30,0.0281267605936954,0.00022879556154364877,-1,nan,nan,inf,-1,nan,nan,1,1,0,positive,abstain,mean_to_abstain,
9a3e4f2df62b54fa,1,2,14,0,21,0.0034716106194404017,-0.00016801613924322112,-1,nan,nan,inf,-1,nan,nan,1,1,0,nonpositive,abstain,mean_to_abstain,
a7c4607a69e55039,1,2,17,1,22,0.046388543933357396,0.0004345029205083846,-1,nan,nan,inf,-1,nan,nan,1,1,0,positive,abstain,mean_to_abstain,
c608632e83a659ca,1,2,27,1,19,0.06205370225750301,0.00043901287128722544,-1,nan,nan,inf,-1,nan,nan,1,1,0,positive,abstain,mean_to_abstain,
d022d382b3aa5fa1,1,2,10,1,-1,nan,nan,-1,nan,nan,inf,-1,nan,nan,0,0,0,abstain,abstain,both_abstain,
d07acbfa3a6e55b0,1,2,17,1,3,0.057058320214456615,-0.00012636717958378063,-1,nan,nan,inf,-1,nan,nan,1,1,0,nonpositive,abstain,mean_to_abstain,
e88d31e512eb52aa,1,2,23,1,20,0.15051566500576058,0.00010631383955628237,-1,nan,nan,inf,-1,nan,nan,1,1,0,positive,abstain,mean_to_abstain,
fc25adef73d35a71,1,2,6,1,-1,nan,nan,-1,nan,nan,inf,-1,nan,nan,0,0,0,abstain,abstain,both_abstain,
06f2c0171372558e,1,2,14,0,-1,nan,nan,-1,nan,nan,inf,-1,nan,nan,0,0,0,abstain,abstain,both_abstain,
1139bbb1cfe35d48,1,2,2,1,-1,nan,nan,-1,nan,nan,inf,-1,nan,nan,0,0,0,abstain,abstain,both_abstain,
190db336fe0e515f,1,2,4,0,3,0.10296057691098931,-0.00015093207880889636,-1,nan,nan,inf,-1,nan,nan,1,1,0,nonpositive,abstain,mean_to_abstain,
1bf5b342d1b052c3,1,2,3,0,11,0.004986355785517205,-0.00019516362426785783,-1,nan,nan,inf,-1,nan,nan,1,1,0,nonpositive,abstain,mean_to_abstain,
1da0d8dce4485189,1,2,12,0,4,0.012488583234096962,-0.00913377341185706,-1,nan,nan,inf,-1,nan,nan,1,1,0,nonpositive,abstain,mean_to_abstain,
21f2c3689d765b09,1,2,1,1,-1,nan,nan,-1,nan,nan,inf,-1,nan,nan,0,0,0,abstain,abstain,both_abstain,
234440ab79d55e59,1,2,18,0,3,0.1601791123451179,-0.00045463804826173515,-1,nan,nan,inf,-1,nan,nan,1,1,0,nonpositive,abstain,mean_to_abstain,
2ababb1ca1ba5637,1,2,17,1,3,0.17322526548081713,0.00012872512789918744,-1,nan,nan,inf,-1,nan,nan,1,1,0,positive,abstain,mean_to_abstain,
3c6c3ba8c08e581a,1,2,16,1,1,0.026409617655228923,0.005536593863740613,-1,nan,nan,inf,-1,nan,nan,1,1,0,positive,abstain,mean_to_abstain,
59b8dea90c1b5499,1,2,17,1,3,0.15691336062661593,0.0010224562064280462,-1,nan,nan,inf,-1,nan,nan,1,1,0,positive,abstain,mean_to_abstain,
68e20734e9415e24,1,2,4,1,16,0.04914631958577692,-1.5958865044726758,-1,nan,nan,inf,-1,nan,nan,1,1,0,catastrophic,abstain,mean_to_abstain,
742976289d405b0d,1,2,17,0,3,0.10077295094340194,-0.0005360335323967291,-1,nan,nan,inf,-1,nan,nan,1,1,0,nonpositive,abstain,mean_to_abstain,
091cae980d54535d,2,3,17,0,-1,nan,nan,-1,nan,nan,inf,-1,nan,nan,0,0,0,abstain,abstain,both_abstain,
0aea8543e71b5712,2,3,15,1,-1,nan,nan,-1,nan,nan,inf,-1,nan,nan,0,0,0,abstain,abstain,both_abstain,
122436b1207258bf,2,3,19,1,19,0.00940571944841756,1.2323696249266156,-1,nan,nan,inf,-1,nan,nan,1,1,0,positive,abstain,mean_to_abstain,
1bd7b3ce5adf5826,2,3,17,1,-1,nan,nan,-1,nan,nan,inf,-1,nan,nan,0,0,0,abstain,abstain,both_abstain,
581836f4f4365cc8,2,3,18,1,22,0.20879185198740013,9.720725091887051e-05,1,0.1117426289164773,-0.00035384111877938274,inf,-1,nan,nan,1,1,1,positive,nonpositive,good_to_bad_winner_change,-0.00045104836969825325
70b54ac4d8ae56de,2,3,1,1,-1,nan,nan,-1,nan,nan,inf,-1,nan,nan,0,0,0,abstain,abstain,both_abstain,
72eb13d3a4255179,2,3,1,0,-1,nan,nan,-1,nan,nan,inf,-1,nan,nan,0,0,0,abstain,abstain,both_abstain,
7fc2b30cb72a5d56,2,3,9,0,-1,nan,nan,-1,nan,nan,inf,-1,nan,nan,0,0,0,abstain,abstain,both_abstain,
83aa0b7439d45dd8,2,3,5,1,-1,nan,nan,-1,nan,nan,inf,-1,nan,nan,0,0,0,abstain,abstain,both_abstain,
8675d815740a5a0b,2,3,22,1,15,0.019325860696310038,0.00035312048068747437,-1,nan,nan,inf,-1,nan,nan,1,1,0,positive,abstain,mean_to_abstain,
9070daa02ad0542c,2,3,3,1,-1,nan,nan,-1,nan,nan,inf,-1,nan,nan,0,0,0,abstain,abstain,both_abstain,
9771a60ee60a5d27,2,3,5,0,-1,nan,nan,-1,nan,nan,inf,-1,nan,nan,0,0,0,abstain,abstain,both_abstain,
9c2eb9c5b45f522b,2,3,29,1,-1,nan,nan,-1,nan,nan,inf,-1,nan,nan,0,0,0,abstain,abstain,both_abstain,
bb1419c18f39553e,2,3,21,1,22,0.0006013362323248339,0.0,-1,nan,nan,inf,-1,nan,nan,1,1,0,nonpositive,abstain,mean_to_abstain,
c56712e13eb759f5,2,3,1,0,-1,nan,nan,-1,nan,nan,inf,-1,nan,nan,0,0,0,abstain,abstain,both_abstain,
b003a3bfbdb252e3,2,3,10,1,23,0.07781947440710985,-9.41812655888552e-05,-1,nan,nan,inf,-1,nan,nan,1,1,0,nonpositive,abstain,mean_to_abstain,
0f9ba65f3e2e5c1d,2,3,2,0,-1,nan,nan,-1,nan,nan,inf,-1,nan,nan,0,0,0,abstain,abstain,both_abstain,
2709051d421d536a,2,3,26,1,-1,nan,nan,-1,nan,nan,inf,-1,nan,nan,0,0,0,abstain,abstain,both_abstain,
2bf633d593a957ad,2,3,11,1,21,0.0016891103015317932,-0.000471189234405589,-1,nan,nan,inf,-1,nan,nan,1,1,0,nonpositive,abstain,mean_to_abstain,
2cfe30b626795e99,2,3,7,1,-1,nan,nan,-1,nan,nan,inf,-1,nan,nan,0,0,0,abstain,abstain,both_abstain,
4a42412827f55dc1,2,3,16,1,21,0.016727847453846312,0.00012423746250567191,-1,nan,nan,inf,-1,nan,nan,1,1,0,positive,abstain,mean_to_abstain,
60183447caa4548b,2,3,17,1,17,0.05147781496787779,0.0005301294214092194,-1,nan,nan,inf,-1,nan,nan,1,1,0,positive,abstain,mean_to_abstain,
618892326e0c530e,2,3,24,0,4,0.010475466191942173,-0.0007907008510084079,-1,nan,nan,inf,-1,nan,nan,1,1,0,nonpositive,abstain,mean_to_abstain,
63d0c4a8acfa5fc2,2,3,1,0,-1,nan,nan,-1,nan,nan,inf,-1,nan,nan,0,0,0,abstain,abstain,both_abstain,
8aeb517756f55681,2,3,14,1,8,0.047462135727431576,-0.00011959207337408628,8,0.08745870290946567,-0.00011959207337408628,inf,-1,nan,nan,0,1,1,nonpositive,nonpositive,same_winner,0.0
ab77602df4a154f7,2,3,11,1,-1,nan,nan,-1,nan,nan,inf,-1,nan,nan,0,0,0,abstain,abstain,both_abstain,
acdcf9be0fc85495,2,3,23,1,-1,nan,nan,-1,nan,nan,inf,-1,nan,nan,0,0,0,abstain,abstain,both_abstain,
be58ded948ea5c00,2,3,4,0,3,0.328059526799389,-0.002376665484905338,-1,nan,nan,inf,-1,nan,nan,1,1,0,nonpositive,abstain,mean_to_abstain,
d74df20dba705137,2,3,19,1,-1,nan,nan,-1,nan,nan,inf,-1,nan,nan,0,0,0,abstain,abstain,both_abstain,
ec0f4f7c37615b20,2,3,5,0,2,0.034772532865669836,-0.7737388310596343,-1,nan,nan,inf,-1,nan,nan,1,1,0,catastrophic,abstain,mean_to_abstain,
ec57eef8dffd515e,2,3,1,0,-1,nan,nan,-1,nan,nan,inf,-1,nan,nan,0,0,0,abstain,abstain,both_abstain,
f73c53f115a550d5,2,3,17,1,-1,nan,nan,-1,nan,nan,inf,-1,nan,nan,0,0,0,abstain,abstain,both_abstain,
06f8d2f6dca3537c,2,3,6,0,1,0.05705803429463785,-0.000358822239515888,-1,nan,nan,inf,-1,nan,nan,1,1,0,nonpositive,abstain,mean_to_abstain,
79e0120026c25eed,2,3,2,1,-1,nan,nan,-1,nan,nan,inf,-1,nan,nan,0,0,0,abstain,abstain,both_abstain,
884e1c90e87b5fab,2,3,16,1,7,0.11762211234959857,-2.0925029926001978e-05,-1,nan,nan,inf,-1,nan,nan,1,1,0,nonpositive,abstain,mean_to_abstain,
8c1a6d183a275d96,2,3,12,0,2,0.04576012362286985,-1.860835845118249,-1,nan,nan,inf,-1,nan,nan,1,1,0,catastrophic,abstain,mean_to_abstain,
bd8986c6178e5d2a,2,3,1,0,-1,nan,nan,-1,nan,nan,inf,-1,nan,nan,0,0,0,abstain,abstain,both_abstain,
c1dd6c577b0f573a,2,3,5,0,7,0.02831453461000244,-1.9031534062852646,-1,nan,nan,inf,-1,nan,nan,1,1,0,catastrophic,abstain,mean_to_abstain,
d1d6c7f48e6d5708,2,3,15,0,2,0.011720603608504132,-0.0010312189533143723,-1,nan,nan,inf,-1,nan,nan,1,1,0,nonpositive,abstain,mean_to_abstain,
0fd565e4e40058b8,2,3,15,1,9,0.06832072575881959,1.4693383132424742e-07,9,0.08472922838476371,1.4693383132424742e-07,inf,-1,nan,nan,0,1,1,positive,positive,same_winner,0.0
25708e54a75c59eb,2,3,17,0,-1,nan,nan,-1,nan,nan,inf,-1,nan,nan,0,0,0,abstain,abstain,both_abstain,
321b3f53510c5059,2,3,7,1,-1,nan,nan,-1,nan,nan,inf,-1,nan,nan,0,0,0,abstain,abstain,both_abstain,
3e07748ebae855b8,2,3,12,1,23,0.0072133816200226075,-2.1420662570744223e-05,-1,nan,nan,inf,-1,nan,nan,1,1,0,nonpositive,abstain,mean_to_abstain,
46f297276986585b,2,3,4,0,3,0.05734397903908717,-0.0006632306687068823,-1,nan,nan,inf,-1,nan,nan,1,1,0,nonpositive,abstain,mean_to_abstain,
4d6fb0d27a0f51ce,2,3,7,1,-1,nan,nan,-1,nan,nan,inf,-1,nan,nan,0,0,0,abstain,abstain,both_abstain,
5583fb05984f5685,2,3,17,0,2,0.026599932173750784,-0.00044750133621285215,-1,nan,nan,inf,-1,nan,nan,1,1,0,nonpositive,abstain,mean_to_abstain,
97b8db1dfd4f5fb3,2,3,18,1,-1,nan,nan,-1,nan,nan,inf,-1,nan,nan,0,0,0,abstain,abstain,both_abstain,
edf9d12992c9551c,2,3,16,1,13,0.004006409023781021,0.0,-1,nan,nan,inf,-1,nan,nan,1,1,0,nonpositive,abstain,mean_to_abstain,
f94f2bcde8345a9a,2,3,3,0,15,0.004460108684665731,0.0,15,0.04129960441364533,0.0,inf,-1,nan,nan,0,1,1,nonpositive,nonpositive,same_winner,0.0
0bb64f8f31ba5310,2,3,17,1,-1,nan,nan,-1,nan,nan,inf,-1,nan,nan,0,0,0,abstain,abstain,both_abstain,
440a7c7dd1395be4,2,3,17,1,20,0.15111603007136276,-1.226950428916795,-1,nan,nan,inf,-1,nan,nan,1,1,0,catastrophic,abstain,mean_to_abstain,
630c3828efa0518a,2,3,17,0,-1,nan,nan,-1,nan,nan,inf,-1,nan,nan,0,0,0,abstain,abstain,both_abstain,
66a39f4cabc85bc4,2,3,14,1,2,0.16764427793682835,-0.0001536196351051844,3,0.05886063865133209,-0.0004653942766715824,inf,-1,nan,nan,1,1,1,nonpositive,nonpositive,different_winner_pair_worse,-0.000311774641566398
684af4044c445d01,2,3,4,1,-1,nan,nan,-1,nan,nan,inf,-1,nan,nan,0,0,0,abstain,abstain,both_abstain,
69f12cf621135ce3,2,3,17,1,-1,nan,nan,-1,nan,nan,inf,-1,nan,nan,0,0,0,abstain,abstain,both_abstain,
71589a780d925ed6,2,3,17,1,3,0.047810243819854215,0.9912868022998795,-1,nan,nan,inf,-1,nan,nan,1,1,0,positive,abstain,mean_to_abstain,
7c39359aaa345e52,2,3,11,1,9,0.06427569972636876,0.00043774992538837994,-1,nan,nan,inf,-1,nan,nan,1,1,0,positive,abstain,mean_to_abstain,
93ccd00db2005d2d,2,3,17,1,9,0.006993378247470372,4.8513787338722025e-05,-1,nan,nan,inf,-1,nan,nan,1,1,0,positive,abstain,mean_to_abstain,
a1c64a274ecc54b0,2,3,1,1,-1,nan,nan,-1,nan,nan,inf,-1,nan,nan,0,0,0,abstain,abstain,both_abstain,
a71d387393a559d4,2,3,17,1,3,0.00962606771222052,0.0002378853145987847,-1,nan,nan,inf,-1,nan,nan,1,1,0,positive,abstain,mean_to_abstain,
c65275d1d5af5014,2,3,17,0,3,0.09154006902660455,-0.00025896607432512875,-1,nan,nan,inf,-1,nan,nan,1,1,0,nonpositive,abstain,mean_to_abstain,
cd7aee35baa65cec,2,3,16,1,3,0.006329341279759537,2.0246859603986143,-1,nan,nan,inf,-1,nan,nan,1,1,0,positive,abstain,mean_to_abstain,
dc6d75a4555c5fd6,2,3,10,1,-1,nan,nan,-1,nan,nan,inf,-1,nan,nan,0,0,0,abstain,abstain,both_abstain,
24e5d608f799503b,2,3,17,1,-1,nan,nan,-1,nan,nan,inf,-1,nan,nan,0,0,0,abstain,abstain,both_abstain,
2fdb08ec2f205723,2,3,17,1,-1,nan,nan,-1,nan,nan,inf,-1,nan,nan,0,0,0,abstain,abstain,both_abstain,
77e69dcde5805f89,2,3,17,1,9,0.041720890727896864,0.0002186685764231644,-1,nan,nan,inf,-1,nan,nan,1,1,0,positive,abstain,mean_to_abstain,
79a429b2a2b450e7,2,3,17,1,3,0.03895014771631278,4.5840236171379445e-05,-1,nan,nan,inf,-1,nan,nan,1,1,0,positive,abstain,mean_to_abstain,
8724d825e1c15a99,2,3,18,1,3,0.05716889600164132,0.0005389120473116016,-1,nan,nan,inf,-1,nan,nan,1,1,0,positive,abstain,mean_to_abstain,
dd63e7a132215419,2,3,9,1,-1,nan,nan,-1,nan,nan,inf,-1,nan,nan,0,0,0,abstain,abstain,both_abstain,
0e59b30dfd9d5121,2,3,19,1,21,0.015418149132260972,0.00026765271043404943,-1,nan,nan,inf,-1,nan,nan,1,1,0,positive,abstain,mean_to_abstain,
38eeabce6a485364,2,3,15,1,-1,nan,nan,-1,nan,nan,inf,-1,nan,nan,0,0,0,abstain,abstain,both_abstain,
5aa3112549445a00,2,3,4,0,-1,nan,nan,-1,nan,nan,inf,-1,nan,nan,0,0,0,abstain,abstain,both_abstain,
683e8d239bf75a5d,2,3,17,1,22,0.009149615406786826,-0.00015954406317320036,-1,nan,nan,inf,-1,nan,nan,1,1,0,nonpositive,abstain,mean_to_abstain,
713177596893526a,2,3,23,1,0,0.13216105510638088,-5.5375219450759516e-05,-1,nan,nan,inf,-1,nan,nan,1,1,0,nonpositive,abstain,mean_to_abstain,
8be5348ca3425c10,2,3,10,0,-1,nan,nan,-1,nan,nan,inf,-1,nan,nan,0,0,0,abstain,abstain,both_abstain,
90244d4079fe5582,2,3,13,1,1,0.15330052298079033,0.0010825669911689317,3,0.06544910886306698,0.000440689604822353,inf,-1,nan,nan,1,1,1,positive,positive,different_winner_pair_worse,-0.0006418773863465788
a63aaf23916e5f10,2,3,8,1,-1,nan,nan,-1,nan,nan,inf,-1,nan,nan,0,0,0,abstain,abstain,both_abstain,
ac29e7c780d75eee,2,3,3,0,-1,nan,nan,-1,nan,nan,inf,-1,nan,nan,0,0,0,abstain,abstain,both_abstain,
b4a3828e9a685c84,2,3,1,0,-1,nan,nan,-1,nan,nan,inf,-1,nan,nan,0,0,0,abstain,abstain,both_abstain,
b9b7f27d456b5e0b,2,3,1,1,-1,nan,nan,-1,nan,nan,inf,-1,nan,nan,0,0,0,abstain,abstain,both_abstain,
c6eebddd3a955416,2,3,16,0,3,0.10333484462142589,-0.00032615948114544935,9,0.05330263015623238,-0.0008299901787189867,inf,-1,nan,nan,1,1,1,nonpositive,nonpositive,different_winner_pair_worse,-0.0005038306975735374
e06039dcbccd55a0,2,3,17,1,-1,nan,nan,-1,nan,nan,inf,-1,nan,nan,0,0,0,abstain,abstain,both_abstain,
ee1f7084ec1a54cf,2,3,11,0,-1,nan,nan,-1,nan,nan,inf,-1,nan,nan,0,0,0,abstain,abstain,both_abstain,
fa243f63e0525715,2,3,15,0,-1,nan,nan,-1,nan,nan,inf,-1,nan,nan,0,0,0,abstain,abstain,both_abstain,
1c3f933be722564d,2,3,2,0,7,0.005965432529987658,-2.020616720138795,-1,nan,nan,inf,-1,nan,nan,1,1,0,catastrophic,abstain,mean_to_abstain,
27d3a84b2d335113,2,3,13,1,-1,nan,nan,-1,nan,nan,inf,-1,nan,nan,0,0,0,abstain,abstain,both_abstain,
37c65539bccb5da7,2,3,18,1,19,0.16987282205050142,3.19452974479645e-05,-1,nan,nan,inf,-1,nan,nan,1,1,0,positive,abstain,mean_to_abstain,
3dae82a193c9501b,2,3,17,0,-1,nan,nan,-1,nan,nan,inf,-1,nan,nan,0,0,0,abstain,abstain,both_abstain,
69a069b9a6985aaf,2,3,15,1,1,0.0827049607014968,0.0012525444069877295,1,0.21195683549152727,0.0012525444069877295,inf,-1,nan,nan,0,1,1,positive,positive,same_winner,0.0
7d8759e340975895,2,3,12,1,-1,nan,nan,-1,nan,nan,inf,-1,nan,nan,0,0,0,abstain,abstain,both_abstain,
a99fbe3c63d15894,2,3,23,1,-1,nan,nan,-1,nan,nan,inf,-1,nan,nan,0,0,0,abstain,abstain,both_abstain,
aaf8a6e715785915,2,3,19,1,6,0.12744896822885626,-9.605649828481333e-05,6,0.1685104389035959,-9.605649828481333e-05,inf,-1,nan,nan,0,1,1,nonpositive,nonpositive,same_winner,0.0
adb358cddcdf5ad4,2,3,17,1,-1,nan,nan,-1,nan,nan,inf,-1,nan,nan,0,0,0,abstain,abstain,both_abstain,
ae3f167434e35c78,2,3,4,1,3,0.03065818841479101,0.00034339852984995034,-1,nan,nan,inf,-1,nan,nan,1,1,0,positive,abstain,mean_to_abstain,
ae62df1371af5474,2,3,9,0,-1,nan,nan,-1,nan,nan,inf,-1,nan,nan,0,0,0,abstain,abstain,both_abstain,
f0a54058d2af5c6c,2,3,16,1,1,0.07860277932030368,0.0002653000397607741,-1,nan,nan,inf,-1,nan,nan,1,1,0,positive,abstain,mean_to_abstain,
f533a754e0245b89,2,3,7,1,-1,nan,nan,-1,nan,nan,inf,-1,nan,nan,0,0,0,abstain,abstain,both_abstain,
f9c3f5c430be54aa,2,3,2,1,-1,nan,nan,-1,nan,nan,inf,-1,nan,nan,0,0,0,abstain,abstain,both_abstain,
02bb7e4c3012543c,2,3,8,1,-1,nan,nan,-1,nan,nan,inf,-1,nan,nan,0,0,0,abstain,abstain,both_abstain,
105b657c237a5c20,2,3,11,1,3,0.06332403520963098,0.9776590389899095,-1,nan,nan,inf,-1,nan,nan,1,1,0,positive,abstain,mean_to_abstain,
11aaf0aadcfb5861,2,3,17,0,3,0.01666742103995994,-6.401519821958024e-05,-1,nan,nan,inf,-1,nan,nan,1,1,0,nonpositive,abstain,mean_to_abstain,
22b187e4a9c25c9b,2,3,14,0,-1,nan,nan,-1,nan,nan,inf,-1,nan,nan,0,0,0,abstain,abstain,both_abstain,
2f2543566c675f13,2,3,11,1,21,0.0380207196047288,-0.00040563892025979875,-1,nan,nan,inf,-1,nan,nan,1,1,0,nonpositive,abstain,mean_to_abstain,
359105de514f5258,2,3,12,1,-1,nan,nan,-1,nan,nan,inf,-1,nan,nan,0,0,0,abstain,abstain,both_abstain,
5740c711ed2d5d2f,2,3,17,1,-1,nan,nan,-1,nan,nan,inf,-1,nan,nan,0,0,0,abstain,abstain,both_abstain,
5f01892cbea95932,2,3,14,0,-1,nan,nan,-1,nan,nan,inf,-1,nan,nan,0,0,0,abstain,abstain,both_abstain,
75fd8a14d25350e5,2,3,12,1,13,0.19691125647652763,6.0602147196955976,-1,nan,nan,inf,-1,nan,nan,1,1,0,positive,abstain,mean_to_abstain,
78dae1caad5656a7,2,3,15,1,17,0.04063788769334009,0.00012827663570642465,-1,nan,nan,inf,-1,nan,nan,1,1,0,positive,abstain,mean_to_abstain,
a9e5024892425a19,2,3,10,1,14,0.022208612238365566,0.1097346117342588,-1,nan,nan,inf,-1,nan,nan,1,1,0,positive,abstain,mean_to_abstain,
aaddf9a720325142,2,3,11,0,3,0.10404202534036822,-0.0010124568271690781,-1,nan,nan,inf,-1,nan,nan,1,1,0,nonpositive,abstain,mean_to_abstain,
d32e31e6812d546f,2,3,9,1,-1,nan,nan,-1,nan,nan,inf,-1,nan,nan,0,0,0,abstain,abstain,both_abstain,
e034837cf84e5081,2,3,8,1,-1,nan,nan,-1,nan,nan,inf,-1,nan,nan,0,0,0,abstain,abstain,both_abstain,
e865980d1e455826,2,3,16,1,-1,nan,nan,-1,nan,nan,inf,-1,nan,nan,0,0,0,abstain,abstain,both_abstain,
f125490e18b15e5c,2,3,21,1,18,0.029961784459608176,8.97285602521336e-05,-1,nan,nan,inf,-1,nan,nan,1,1,0,positive,abstain,mean_to_abstain,
f1d77af4b7285825,2,3,7,1,-1,nan,nan,-1,nan,nan,inf,-1,nan,nan,0,0,0,abstain,abstain,both_abstain,
2d8cf993fd4159e2,2,3,12,1,2,0.08885904056060656,-0.0050927070549839915,-1,nan,nan,inf,-1,nan,nan,1,1,0,nonpositive,abstain,mean_to_abstain,
470e191769275e16,2,3,9,1,2,0.06582905048900661,0.0005666931518353291,-1,nan,nan,inf,-1,nan,nan,1,1,0,positive,abstain,mean_to_abstain,
549a8da7bb0b5e8a,2,3,2,0,2,0.05815213271903674,-0.9131117959951052,-1,nan,nan,inf,-1,nan,nan,1,1,0,catastrophic,abstain,mean_to_abstain,
5c921b6094c95071,2,3,2,1,-1,nan,nan,-1,nan,nan,inf,-1,nan,nan,0,0,0,abstain,abstain,both_abstain,
698c37f393b852d6,2,3,14,0,3,0.06196537906452798,-5.399297096300715e-05,-1,nan,nan,inf,-1,nan,nan,1,1,0,nonpositive,abstain,mean_to_abstain,
71dfd904537f5299,2,3,6,1,-1,nan,nan,-1,nan,nan,inf,-1,nan,nan,0,0,0,abstain,abstain,both_abstain,
7ef659e1786d5ef0,2,3,1,0,-1,nan,nan,-1,nan,nan,inf,-1,nan,nan,0,0,0,abstain,abstain,both_abstain,
893f5457b66f5c0a,2,3,4,0,2,0.025014464384383095,-0.0012851024791598054,-1,nan,nan,inf,-1,nan,nan,1,1,0,nonpositive,abstain,mean_to_abstain,
8f090017c0c45c30,2,3,13,1,2,0.08212600522980179,0.9801628914909379,-1,nan,nan,inf,-1,nan,nan,1,1,0,positive,abstain,mean_to_abstain,
90003a4fe9855d90,2,3,21,1,-1,nan,nan,-1,nan,nan,inf,-1,nan,nan,0,0,0,abstain,abstain,both_abstain,
9d6b57b25d0e5698,2,3,29,1,2,0.044388947699499415,-6.439244151115742e-05,-1,nan,nan,inf,-1,nan,nan,1,1,0,nonpositive,abstain,mean_to_abstain,
a5a77a41a5d4527c,2,3,17,1,20,0.01185475897582261,-0.0002340606202135831,-1,nan,nan,inf,-1,nan,nan,1,1,0,nonpositive,abstain,mean_to_abstain,
b86d04e1e9105474,2,3,3,0,-1,nan,nan,-1,nan,nan,inf,-1,nan,nan,0,0,0,abstain,abstain,both_abstain,
c4a7fbc6d1e35668,2,3,6,1,-1,nan,nan,-1,nan,nan,inf,-1,nan,nan,0,0,0,abstain,abstain,both_abstain,
db167c9f01af53f1,2,3,17,0,-1,nan,nan,-1,nan,nan,inf,-1,nan,nan,0,0,0,abstain,abstain,both_abstain,
e19f348970f556d2,2,3,5,0,17,0.07369123882031686,-1.5644987166379463,-1,nan,nan,inf,-1,nan,nan,1,1,0,catastrophic,abstain,mean_to_abstain,
e1c764e511515749,2,3,10,1,18,0.2626611694282026,0.0008504654588357141,2,0.14223703379391184,0.0008264897334102628,inf,-1,nan,nan,1,1,1,positive,positive,different_winner_pair_worse,-2.3975725425451344e-05
e75b5a59035b5493,2,3,9,1,21,0.0042576451993325826,-0.0001553025154863441,-1,nan,nan,inf,-1,nan,nan,1,1,0,nonpositive,abstain,mean_to_abstain,
e86d2d8665685c70,2,3,11,1,-1,nan,nan,-1,nan,nan,inf,-1,nan,nan,0,0,0,abstain,abstain,both_abstain,
e9c39cd0c047561f,2,3,29,1,-1,nan,nan,-1,nan,nan,inf,-1,nan,nan,0,0,0,abstain,abstain,both_abstain,
0612f5d26b32561d,2,3,15,1,3,0.028887262152236082,0.0001302557921509795,-1,nan,nan,inf,-1,nan,nan,1,1,0,positive,abstain,mean_to_abstain,
07003d3990e35817,2,3,2,1,-1,nan,nan,-1,nan,nan,inf,-1,nan,nan,0,0,0,abstain,abstain,both_abstain,
0938c742dd0159e8,2,3,4,0,-1,nan,nan,-1,nan,nan,inf,-1,nan,nan,0,0,0,abstain,abstain,both_abstain,
097a309009705384,2,3,9,1,2,0.10695996000906127,0.000491745157353618,-1,nan,nan,inf,-1,nan,nan,1,1,0,positive,abstain,mean_to_abstain,
12db610090455243,2,3,15,1,3,0.07572488047896209,4.0419002787104805,-1,nan,nan,inf,-1,nan,nan,1,1,0,positive,abstain,mean_to_abstain,
1b2ded48330b5b03,2,3,17,1,2,0.08942918991681909,-0.002889570005331521,-1,nan,nan,inf,-1,nan,nan,1,1,0,nonpositive,abstain,mean_to_abstain,
2322ed0c8d8e5d5f,2,3,12,1,22,0.21915121367153767,-0.11840499508380897,25,0.10951220846984808,0.0026175350087694893,inf,-1,nan,nan,1,1,1,nonpositive,positive,bad_to_good_winner_change,0.12102253009257846
253b0edab17c5d6d,2,3,17,0,3,0.0611103594735522,-0.003411719744776054,-1,nan,nan,inf,-1,nan,nan,1,1,0,nonpositive,abstain,mean_to_abstain,
326079b8c9395f39,2,3,1,0,-1,nan,nan,-1,nan,nan,inf,-1,nan,nan,0,0,0,abstain,abstain,both_abstain,
460cfd36104e5450,2,3,16,1,3,0.032686011572831075,1.6840276773955054e-05,3,0.02874824808081211,1.6840276773955054e-05,inf,-1,nan,nan,0,1,1,positive,positive,same_winner,0.0
5b06ed05f63a5554,2,3,14,1,3,0.1023724142519809,0.0001472774073248695,-1,nan,nan,inf,-1,nan,nan,1,1,0,positive,abstain,mean_to_abstain,
5da895ba0a415a80,2,3,16,1,3,0.02572170438449628,8.441190216679217e-05,-1,nan,nan,inf,-1,nan,nan,1,1,0,positive,abstain,mean_to_abstain,
5e16781ce6685597,2,3,12,1,2,0.004565069306549097,2.009114613765739e-05,-1,nan,nan,inf,-1,nan,nan,1,1,0,positive,abstain,mean_to_abstain,
5f9c0089a0a355fe,2,3,1,1,3,0.05845022041658293,2.2543221819583934,-1,nan,nan,inf,-1,nan,nan,1,1,0,positive,abstain,mean_to_abstain,
628e147a02bf5128,2,3,15,1,-1,nan,nan,-1,nan,nan,inf,-1,nan,nan,0,0,0,abstain,abstain,both_abstain,
767b810b38de5665,2,3,10,1,-1,nan,nan,-1,nan,nan,inf,-1,nan,nan,0,0,0,abstain,abstain,both_abstain,
1fd9a12a263556d8,3,4,4,0,-1,nan,nan,-1,nan,nan,inf,-1,nan,nan,0,0,0,abstain,abstain,both_abstain,
399cc87ac7c55646,3,4,16,1,21,0.17330153981362822,0.0005813873671926557,-1,nan,nan,inf,-1,nan,nan,1,1,0,positive,abstain,mean_to_abstain,
41fdae5fd40d5324,3,4,19,1,-1,nan,nan,-1,nan,nan,inf,-1,nan,nan,0,0,0,abstain,abstain,both_abstain,
46eb37ed09fc5718,3,4,22,1,-1,nan,nan,-1,nan,nan,inf,-1,nan,nan,0,0,0,abstain,abstain,both_abstain,
538f3eb865185615,3,4,26,0,19,0.10157030241735271,-9.282299746971034e-05,19,0.06425181213813028,-9.282299746971034e-05,inf,-1,nan,nan,0,1,1,nonpositive,nonpositive,same_winner,0.0
667054412512521b,3,4,11,0,-1,nan,nan,-1,nan,nan,inf,-1,nan,nan,0,0,0,abstain,abstain,both_abstain,
86f569f804fb5848,3,4,8,1,-1,nan,nan,-1,nan,nan,inf,-1,nan,nan,0,0,0,abstain,abstain,both_abstain,
98dbc922be205d29,3,4,16,1,23,0.17458361107655812,0.0006469780296087801,23,0.12163622222501635,0.0006469780296087801,inf,-1,nan,nan,0,1,1,positive,positive,same_winner,0.0
ba95a132236555b4,3,4,9,0,-1,nan,nan,-1,nan,nan,inf,-1,nan,nan,0,0,0,abstain,abstain,both_abstain,
bc346dea1bcd5cc3,3,4,29,1,28,0.0021376548800902673,-9.483449810643307e-05,-1,nan,nan,inf,-1,nan,nan,1,1,0,nonpositive,abstain,mean_to_abstain,
c0426fcae01a50cf,3,4,17,1,3,0.05535302192912256,6.599369290150037e-06,9,0.03513065655766856,-0.0004124789287045516,inf,-1,nan,nan,1,1,1,positive,nonpositive,good_to_bad_winner_change,-0.00041907829799470164
c075c65bf21d5842,3,4,14,1,-1,nan,nan,-1,nan,nan,inf,-1,nan,nan,0,0,0,abstain,abstain,both_abstain,
d1f387a440e25adc,3,4,17,1,23,0.019326570197398696,9.959389120339779e-05,-1,nan,nan,inf,-1,nan,nan,1,1,0,positive,abstain,mean_to_abstain,
f462fca7c1f8594c,3,4,5,1,18,0.017056924145719077,0.00018964126333594284,-1,nan,nan,inf,-1,nan,nan,1,1,0,positive,abstain,mean_to_abstain,
f5b6478d00565e99,3,4,2,1,-1,nan,nan,-1,nan,nan,inf,-1,nan,nan,0,0,0,abstain,abstain,both_abstain,
258a909f4194587f,3,4,14,1,-1,nan,nan,-1,nan,nan,inf,-1,nan,nan,0,0,0,abstain,abstain,both_abstain,
09be490c13cb56b6,3,4,19,1,-1,nan,nan,-1,nan,nan,inf,-1,nan,nan,0,0,0,abstain,abstain,both_abstain,
2f4a06067a6f5d7f,3,4,3,1,3,0.05134847994389624,0.00021399705917568568,-1,nan,nan,inf,-1,nan,nan,1,1,0,positive,abstain,mean_to_abstain,
33cd12f0c4a75e41,3,4,16,1,2,0.02221133274374465,-1.801679306273651,-1,nan,nan,inf,-1,nan,nan,1,1,0,catastrophic,abstain,mean_to_abstain,
3cd8e7898e005bc4,3,4,8,1,11,0.005713577326010411,0.25258236902564546,-1,nan,nan,inf,-1,nan,nan,1,1,0,positive,abstain,mean_to_abstain,
3f68aa4cebd65ce8,3,4,21,1,24,0.007228072223865956,-0.0006958824434317649,-1,nan,nan,inf,-1,nan,nan,1,1,0,nonpositive,abstain,mean_to_abstain,
420b77ddd4f052b3,3,4,18,1,21,0.08530876902527007,8.52977834641935e-05,-1,nan,nan,inf,-1,nan,nan,1,1,0,positive,abstain,mean_to_abstain,
56e384e4189f536f,3,4,19,1,3,0.010532629166216723,-1.771524733840124e-05,3,0.0195667755113631,-1.771524733840124e-05,inf,-1,nan,nan,0,1,1,nonpositive,nonpositive,same_winner,0.0
7f9f132592f45a84,3,4,25,0,13,0.13943719339398047,-0.00038678148182808014,-1,nan,nan,inf,-1,nan,nan,1,1,0,nonpositive,abstain,mean_to_abstain,
9d81a9a1677354a1,3,4,10,1,22,0.021814243586091964,0.0004219845463870886,-1,nan,nan,inf,-1,nan,nan,1,1,0,positive,abstain,mean_to_abstain,
b0f9569dfe425d61,3,4,9,0,2,0.017246260277768932,-0.00454796047975492,-1,nan,nan,inf,-1,nan,nan,1,1,0,nonpositive,abstain,mean_to_abstain,
e516f368a8fb5a16,3,4,3,1,-1,nan,nan,-1,nan,nan,inf,-1,nan,nan,0,0,0,abstain,abstain,both_abstain,
f997536112085ece,3,4,17,1,-1,nan,nan,-1,nan,nan,inf,-1,nan,nan,0,0,0,abstain,abstain,both_abstain,
925cbce83b0c5797,3,4,16,1,5,0.006807795565611563,0.0030797749766464655,-1,nan,nan,inf,-1,nan,nan,1,1,0,positive,abstain,mean_to_abstain,
050392bdc27a5f5c,3,4,1,1,-1,nan,nan,-1,nan,nan,inf,-1,nan,nan,0,0,0,abstain,abstain,both_abstain,
1ae7a63963375f27,3,4,2,1,-1,nan,nan,-1,nan,nan,inf,-1,nan,nan,0,0,0,abstain,abstain,both_abstain,
1bd0f4142cdc52f5,3,4,10,1,0,0.0436688587241707,-2.8255283832552547e-06,-1,nan,nan,inf,-1,nan,nan,1,1,0,nonpositive,abstain,mean_to_abstain,
2e91c253ccb958d1,3,4,16,1,-1,nan,nan,-1,nan,nan,inf,-1,nan,nan,0,0,0,abstain,abstain,both_abstain,
63464806708f5d70,3,4,3,1,-1,nan,nan,-1,nan,nan,inf,-1,nan,nan,0,0,0,abstain,abstain,both_abstain,
67a57ae417045162,3,4,4,0,-1,nan,nan,-1,nan,nan,inf,-1,nan,nan,0,0,0,abstain,abstain,both_abstain,
6ed7b0d3fc715d28,3,4,11,1,8,0.2926011866301716,0.0009856917359167827,4,0.34170283699026893,-1.230240422105021,inf,-1,nan,nan,1,1,1,positive,catastrophic,good_to_bad_winner_change,-1.2312261138409377
78a96b59eca751e7,3,4,16,1,-1,nan,nan,-1,nan,nan,inf,-1,nan,nan,0,0,0,abstain,abstain,both_abstain,
986b52e5fc685833,3,4,17,1,-1,nan,nan,-1,nan,nan,inf,-1,nan,nan,0,0,0,abstain,abstain,both_abstain,
9f32f8bd95195212,3,4,4,0,-1,nan,nan,-1,nan,nan,inf,-1,nan,nan,0,0,0,abstain,abstain,both_abstain,
b4c84a922cb957a8,3,4,19,1,19,0.0021181370600490967,4.153288900852212e-05,-1,nan,nan,inf,-1,nan,nan,1,1,0,positive,abstain,mean_to_abstain,
b8c14f4001735d94,3,4,1,0,-1,nan,nan,-1,nan,nan,inf,-1,nan,nan,0,0,0,abstain,abstain,both_abstain,
bd29c544e8035592,3,4,2,1,-1,nan,nan,-1,nan,nan,inf,-1,nan,nan,0,0,0,abstain,abstain,both_abstain,
c34206b68ee6576f,3,4,11,1,-1,nan,nan,-1,nan,nan,inf,-1,nan,nan,0,0,0,abstain,abstain,both_abstain,
efc9ce296b1955e3,3,4,12,1,22,0.008435705685451322,-0.00011442493945360184,-1,nan,nan,inf,-1,nan,nan,1,1,0,nonpositive,abstain,mean_to_abstain,
0831e7eae1365d56,3,4,5,1,-1,nan,nan,-1,nan,nan,inf,-1,nan,nan,0,0,0,abstain,abstain,both_abstain,
174ebef468f65cc9,3,4,15,1,3,0.022516815334346463,-0.000124439314473479,9,0.0386418357504037,-0.0006035279097151847,inf,-1,nan,nan,1,1,1,nonpositive,nonpositive,different_winner_pair_worse,-0.00047908859524170566
40e3009527ee5be5,3,4,16,1,3,0.04671766204366051,0.00028099160604178053,9,0.12528352690921896,-1.3401190564144017e-05,inf,-1,nan,nan,1,1,1,positive,nonpositive,good_to_bad_winner_change,-0.00029439279660592454
4f48d8ce00c3509c,3,4,16,1,3,0.04717873000628148,0.0002534782018512871,9,0.12024293556349447,-9.505941309040367e-05,inf,-1,nan,nan,1,1,1,positive,nonpositive,good_to_bad_winner_change,-0.0003485376149416908
5979437fa70f5fd8,3,4,2,0,-1,nan,nan,-1,nan,nan,inf,-1,nan,nan,0,0,0,abstain,abstain,both_abstain,
87237d7e0ff25ebb,3,4,1,0,-1,nan,nan,-1,nan,nan,inf,-1,nan,nan,0,0,0,abstain,abstain,both_abstain,
9bcb80a60af853a2,3,4,12,1,12,0.05378430268328632,-0.0004041901597287012,12,0.07110199465783495,-0.0004041901597287012,inf,-1,nan,nan,0,1,1,nonpositive,nonpositive,same_winner,0.0
a2326fd4694d5191,3,4,2,0,-1,nan,nan,-1,nan,nan,inf,-1,nan,nan,0,0,0,abstain,abstain,both_abstain,
bc50e785e5cf5d5e,3,4,14,0,3,0.03311874189301489,-0.0001464746225625646,9,0.0717714027677891,-0.0008699917801191503,inf,-1,nan,nan,1,1,1,nonpositive,nonpositive,different_winner_pair_worse,-0.0007235171575565857
be3f5af9cebd56a0,3,4,7,1,8,0.01362607447332953,7.009943267322072e-05,8,0.12645447413882333,7.009943267322072e-05,inf,-1,nan,nan,0,1,1,positive,positive,same_winner,0.0
ccb8e05950fc5fca,3,4,19,1,20,0.0049278257894742605,9.204592555756008e-05,-1,nan,nan,inf,-1,nan,nan,1,1,0,positive,abstain,mean_to_abstain,
faf0ce0d2dc95076,3,4,7,1,-1,nan,nan,-1,nan,nan,inf,-1,nan,nan,0,0,0,abstain,abstain,both_abstain,
0395a156348a5041,3,4,8,1,23,0.02482663831334797,0.9294160898988135,-1,nan,nan,inf,-1,nan,nan,1,1,0,positive,abstain,mean_to_abstain,
0d99f7ef1331585c,3,4,2,0,-1,nan,nan,-1,nan,nan,inf,-1,nan,nan,0,0,0,abstain,abstain,both_abstain,
1a775b7a88eb5558,3,4,12,1,-1,nan,nan,-1,nan,nan,inf,-1,nan,nan,0,0,0,abstain,abstain,both_abstain,
2777ce9cfe665ad6,3,4,19,1,17,0.13269529851209266,4.237377364102457e-06,20,0.20774492761158622,-0.0003108637665398817,inf,-1,nan,nan,1,1,1,positive,nonpositive,good_to_bad_winner_change,-0.00031510114390398414
4db8527b43a95f0d,3,4,17,0,-1,nan,nan,-1,nan,nan,inf,-1,nan,nan,0,0,0,abstain,abstain,both_abstain,
5d00c83bfb0c508d,3,4,12,1,-1,nan,nan,-1,nan,nan,inf,-1,nan,nan,0,0,0,abstain,abstain,both_abstain,
5f60684cc6045646,3,4,17,1,2,0.012131130153363368,-0.9895701892308891,2,0.04965832298380299,-0.9895701892308891,inf,-1,nan,nan,0,1,1,catastrophic,catastrophic,same_winner,0.0
633d93f8f6bc51b5,3,4,5,0,-1,nan,nan,-1,nan,nan,inf,-1,nan,nan,0,0,0,abstain,abstain,both_abstain,
6f319806306450c0,3,4,17,0,-1,nan,nan,-1,nan,nan,inf,-1,nan,nan,0,0,0,abstain,abstain,both_abstain,
74bb5ba3f6a75df3,3,4,8,1,-1,nan,nan,-1,nan,nan,inf,-1,nan,nan,0,0,0,abstain,abstain,both_abstain,
8515fe3938815bd1,3,4,17,0,-1,nan,nan,-1,nan,nan,inf,-1,nan,nan,0,0,0,abstain,abstain,both_abstain,
9a807a00fda657be,3,4,4,1,-1,nan,nan,-1,nan,nan,inf,-1,nan,nan,0,0,0,abstain,abstain,both_abstain,
bb77e9686029538d,3,4,18,1,20,0.1279518042710403,-0.9893587527852505,22,0.09714918584613288,0.0002012102944777272,inf,-1,nan,nan,1,1,1,catastrophic,positive,bad_to_good_winner_change,0.9895599630797283
d97f7fc3e5a35f1e,3,4,16,1,3,0.02044273949945752,2.168968289098216,3,0.01667939619642292,2.168968289098216,inf,-1,nan,nan,0,1,1,positive,positive,same_winner,0.0
fee89379e3375727,3,4,17,1,21,0.17407259923210333,0.0005453348394484081,22,0.10036634743107142,0.00066948446165771,inf,-1,nan,nan,1,1,1,positive,positive,different_winner_pair_better,0.00012414962220930192
0f6992119fc759c4,3,4,4,1,-1,nan,nan,-1,nan,nan,inf,-1,nan,nan,0,0,0,abstain,abstain,both_abstain,
147b934bc401590e,3,4,18,1,1,0.08152828805626439,0.9893352683567442,2,0.005730783595036815,0.9888894938315265,inf,-1,nan,nan,1,1,1,positive,positive,different_winner_pair_worse,-0.00044577452521776806
1f19613acc175257,3,4,17,0,3,0.035730392381289056,-0.00011537165888553247,-1,nan,nan,inf,-1,nan,nan,1,1,0,nonpositive,abstain,mean_to_abstain,
28a9f1a2abfe555c,3,4,4,1,-1,nan,nan,-1,nan,nan,inf,-1,nan,nan,0,0,0,abstain,abstain,both_abstain,
59d1bd367a965623,3,4,19,1,9,0.11204463765191869,0.0002097983349114152,11,0.0005574031994005496,-0.0005215788427748169,inf,-1,nan,nan,1,1,1,positive,nonpositive,good_to_bad_winner_change,-0.0007313771776862321
86abbd3f53575fd5,3,4,17,1,-1,nan,nan,-1,nan,nan,inf,-1,nan,nan,0,0,0,abstain,abstain,both_abstain,
8ad88f000c1750a0,3,4,17,1,-1,nan,nan,-1,nan,nan,inf,-1,nan,nan,0,0,0,abstain,abstain,both_abstain,
b183aa1eebac52fc,3,4,17,1,3,0.02634513929123322,0.0002508426291170096,3,0.05892736705744442,0.0002508426291170096,inf,-1,nan,nan,0,1,1,positive,positive,same_winner,0.0
e06dab45945a571c,3,4,17,1,-1,nan,nan,-1,nan,nan,inf,-1,nan,nan,0,0,0,abstain,abstain,both_abstain,
15c64c983b935d86,3,4,5,1,-1,nan,nan,-1,nan,nan,inf,-1,nan,nan,0,0,0,abstain,abstain,both_abstain,
1fad9f3e334d5e4e,3,4,16,0,3,0.042947094817836096,-5.923158902421122e-05,-1,nan,nan,inf,-1,nan,nan,1,1,0,nonpositive,abstain,mean_to_abstain,
2d79aaf4c8d6582e,3,4,9,1,-1,nan,nan,-1,nan,nan,inf,-1,nan,nan,0,0,0,abstain,abstain,both_abstain,
3d5f4f15e1f053cd,3,4,4,1,-1,nan,nan,-1,nan,nan,inf,-1,nan,nan,0,0,0,abstain,abstain,both_abstain,
4f547ba1d6e953b1,3,4,17,0,3,0.03463143098495547,-4.7124452050795185e-05,-1,nan,nan,inf,-1,nan,nan,1,1,0,nonpositive,abstain,mean_to_abstain,
57a59636cde25b02,3,4,10,1,-1,nan,nan,-1,nan,nan,inf,-1,nan,nan,0,0,0,abstain,abstain,both_abstain,
77d52cd328e05b79,3,4,6,0,-1,nan,nan,-1,nan,nan,inf,-1,nan,nan,0,0,0,abstain,abstain,both_abstain,
7c467941fb3d5524,3,4,11,1,-1,nan,nan,-1,nan,nan,inf,-1,nan,nan,0,0,0,abstain,abstain,both_abstain,
855d4a2e69115db2,3,4,1,0,-1,nan,nan,-1,nan,nan,inf,-1,nan,nan,0,0,0,abstain,abstain,both_abstain,
949849ded44f514f,3,4,5,1,-1,nan,nan,-1,nan,nan,inf,-1,nan,nan,0,0,0,abstain,abstain,both_abstain,
a74ab03d0fb05d72,3,4,12,0,2,0.004156554542545043,-0.00027042720587924785,-1,nan,nan,inf,-1,nan,nan,1,1,0,nonpositive,abstain,mean_to_abstain,
c0815ea46b825526,3,4,12,0,3,0.005059154053449033,-0.0004932486692443422,-1,nan,nan,inf,-1,nan,nan,1,1,0,nonpositive,abstain,mean_to_abstain,
cfdc02dc40405e6f,3,4,2,1,9,0.04097178467774387,2.019834518898582,-1,nan,nan,inf,-1,nan,nan,1,1,0,positive,abstain,mean_to_abstain,
de3c0c52e7815332,3,4,1,1,22,1.2011541698190578,3.1496425274491777,22,1.2181808041552216,3.1496425274491777,inf,-1,nan,nan,0,1,1,positive,positive,same_winner,0.0
f26eb5a6f93c50b4,3,4,16,1,16,0.10153499129864507,0.002665002655237913,-1,nan,nan,inf,-1,nan,nan,1,1,0,positive,abstain,mean_to_abstain,
f28c5026aff854cb,3,4,26,1,22,0.1326387419101725,0.92972289563152,-1,nan,nan,inf,-1,nan,nan,1,1,0,positive,abstain,mean_to_abstain,
faf93d61f8bd5238,3,4,18,0,6,0.06547227470659528,-0.9312953477424568,-1,nan,nan,inf,-1,nan,nan,1,1,0,catastrophic,abstain,mean_to_abstain,
073ef4e9c6185fdd,3,4,2,1,-1,nan,nan,-1,nan,nan,inf,-1,nan,nan,0,0,0,abstain,abstain,both_abstain,
09884abf58435aaa,3,4,17,1,-1,nan,nan,-1,nan,nan,inf,-1,nan,nan,0,0,0,abstain,abstain,both_abstain,
10e0d0cf52855491,3,4,9,1,15,0.0980296161778968,-4.381986407098193e-05,-1,nan,nan,inf,-1,nan,nan,1,1,0,nonpositive,abstain,mean_to_abstain,
1fc485893db05d58,3,4,4,0,-1,nan,nan,-1,nan,nan,inf,-1,nan,nan,0,0,0,abstain,abstain,both_abstain,
21870d2397795423,3,4,24,0,-1,nan,nan,-1,nan,nan,inf,-1,nan,nan,0,0,0,abstain,abstain,both_abstain,
538923756bab555f,3,4,17,1,-1,nan,nan,9,0.009237068418399413,0.0007085304721989871,inf,-1,nan,nan,1,0,1,abstain,positive,abstain_to_pair,
5a67404157535f5b,3,4,1,0,-1,nan,nan,-1,nan,nan,inf,-1,nan,nan,0,0,0,abstain,abstain,both_abstain,
7476e5ad4711587f,3,4,9,0,-1,nan,nan,-1,nan,nan,inf,-1,nan,nan,0,0,0,abstain,abstain,both_abstain,
7fb1a51c02db514e,3,4,18,1,1,0.14583694681654374,0.002515691864109826,2,0.05202223709003706,0.0019262016876950838,inf,-1,nan,nan,1,1,1,positive,positive,different_winner_pair_worse,-0.000589490176414742
82bcaf16eea459db,3,4,24,1,25,0.06630560475672881,2.9770851135254217e-06,-1,nan,nan,inf,-1,nan,nan,1,1,0,positive,abstain,mean_to_abstain,
899c5ed91b8c5beb,3,4,17,1,-1,nan,nan,-1,nan,nan,inf,-1,nan,nan,0,0,0,abstain,abstain,both_abstain,
9857fe6079dc5b65,3,4,16,1,-1,nan,nan,-1,nan,nan,inf,-1,nan,nan,0,0,0,abstain,abstain,both_abstain,
9c0c9727fc975d7a,3,4,4,1,-1,nan,nan,-1,nan,nan,inf,-1,nan,nan,0,0,0,abstain,abstain,both_abstain,
a0cbabab4b2c5345,3,4,17,1,3,0.023765684696708922,9.026980632914627e-05,-1,nan,nan,inf,-1,nan,nan,1,1,0,positive,abstain,mean_to_abstain,
a370a9747c5e599b,3,4,8,1,-1,nan,nan,-1,nan,nan,inf,-1,nan,nan,0,0,0,abstain,abstain,both_abstain,
b0b57e6ca331564e,3,4,12,1,27,0.01630537889070044,-1.2202273336008251,-1,nan,nan,inf,-1,nan,nan,1,1,0,catastrophic,abstain,mean_to_abstain,
b66edb8535dd5ec1,3,4,11,1,11,0.06897301568380593,-0.00024853048287321045,11,0.0004640027978332073,-0.00024853048287321045,inf,-1,nan,nan,0,1,1,nonpositive,nonpositive,same_winner,0.0
bef88a7c044b5ebe,3,4,29,1,18,0.21920105099491966,0.0008987352035938478,18,0.029435962730646317,0.0008987352035938478,inf,-1,nan,nan,0,1,1,positive,positive,same_winner,0.0
ce41992a83845d8a,3,4,20,1,-1,nan,nan,-1,nan,nan,inf,-1,nan,nan,0,0,0,abstain,abstain,both_abstain,
e2022a0506df54c7,3,4,11,1,5,0.08765163766691131,6.829206645520003e-06,-1,nan,nan,inf,-1,nan,nan,1,1,0,positive,abstain,mean_to_abstain,
f88a28f7b54555ea,3,4,30,1,18,0.08424079756602315,0.0006765377013073781,-1,nan,nan,inf,-1,nan,nan,1,1,0,positive,abstain,mean_to_abstain,
034da27cd2f75292,3,4,1,0,5,0.10607088448052943,-0.004144081055757143,-1,nan,nan,inf,-1,nan,nan,1,1,0,nonpositive,abstain,mean_to_abstain,
1088d47284565808,3,4,5,0,3,0.03522839401447253,-2.019699954885617,-1,nan,nan,inf,-1,nan,nan,1,1,0,catastrophic,abstain,mean_to_abstain,
1a20ae9ff1e05d25,3,4,16,1,-1,nan,nan,-1,nan,nan,inf,-1,nan,nan,0,0,0,abstain,abstain,both_abstain,
3f51b8b92c3b52cf,3,4,18,1,3,0.09751926263337157,0.0006579378034921035,2,0.021432055008473783,0.00031901608065232345,inf,-1,nan,nan,1,1,1,positive,positive,different_winner_pair_worse,-0.00033892172283978006
452d348a65ac59f3,3,4,11,1,0,0.059851439833442266,0.9886319797948002,-1,nan,nan,inf,-1,nan,nan,1,1,0,positive,abstain,mean_to_abstain,
4a35d5b02394561e,3,4,17,1,-1,nan,nan,-1,nan,nan,inf,-1,nan,nan,0,0,0,abstain,abstain,both_abstain,
4a90f1c8ef895e13,3,4,12,1,22,0.01098620444158821,0.00010064186420640896,-1,nan,nan,inf,-1,nan,nan,1,1,0,positive,abstain,mean_to_abstain,
4cf854e9eadf5084,3,4,2,1,-1,nan,nan,-1,nan,nan,inf,-1,nan,nan,0,0,0,abstain,abstain,both_abstain,
54059bb6b643525f,3,4,11,1,7,0.006080613450734629,0.00015321405371651088,-1,nan,nan,inf,-1,nan,nan,1,1,0,positive,abstain,mean_to_abstain,
588dbd820a135056,3,4,6,1,-1,nan,nan,-1,nan,nan,inf,-1,nan,nan,0,0,0,abstain,abstain,both_abstain,
5a0bd184100f54d5,3,4,3,1,-1,nan,nan,-1,nan,nan,inf,-1,nan,nan,0,0,0,abstain,abstain,both_abstain,
8eb1c196434e51ec,3,4,10,1,0,0.0647955384037151,0.00031169277280573837,-1,nan,nan,inf,-1,nan,nan,1,1,0,positive,abstain,mean_to_abstain,
95e1e30a438d52cd,3,4,6,1,-1,nan,nan,-1,nan,nan,inf,-1,nan,nan,0,0,0,abstain,abstain,both_abstain,
9c5700ab41865a07,3,4,12,1,-1,nan,nan,-1,nan,nan,inf,-1,nan,nan,0,0,0,abstain,abstain,both_abstain,
aa05025b9a815254,3,4,9,1,-1,nan,nan,-1,nan,nan,inf,-1,nan,nan,0,0,0,abstain,abstain,both_abstain,
ac768eabfa5c5725,3,4,12,0,3,0.013153783986010192,-0.00040716752316802274,-1,nan,nan,inf,-1,nan,nan,1,1,0,nonpositive,abstain,mean_to_abstain,
ad963f2915a657a4,3,4,18,1,3,0.10540963571728967,0.000392582243803119,9,0.04236969635909038,0.0004896600965409448,inf,-1,nan,nan,1,1,1,positive,positive,different_winner_pair_better,9.707785273782576e-05
ae1909ec83115e90,3,4,2,1,2,0.00877378098988818,1.759520295463446e-05,-1,nan,nan,inf,-1,nan,nan,1,1,0,positive,abstain,mean_to_abstain,
be7fe135f5665966,3,4,7,1,-1,nan,nan,-1,nan,nan,inf,-1,nan,nan,0,0,0,abstain,abstain,both_abstain,
c7bff0705f645b30,3,4,12,1,9,0.15857443715180414,0.00030762157664868117,9,0.024846316909511557,0.00030762157664868117,inf,-1,nan,nan,0,1,1,positive,positive,same_winner,0.0
de432d7c6c6e57a6,3,4,2,0,2,0.05133231598592258,-1.8366447165645658,-1,nan,nan,inf,-1,nan,nan,1,1,0,catastrophic,abstain,mean_to_abstain,
e8b724310f7054d0,3,4,17,1,-1,nan,nan,-1,nan,nan,inf,-1,nan,nan,0,0,0,abstain,abstain,both_abstain,
ed9b2d124d9d5f5d,3,4,16,1,2,0.04984545244281757,-7.093745488673253e-05,-1,nan,nan,inf,-1,nan,nan,1,1,0,nonpositive,abstain,mean_to_abstain,
ee0f338b4ebe5cb4,3,4,6,1,-1,nan,nan,-1,nan,nan,inf,-1,nan,nan,0,0,0,abstain,abstain,both_abstain,
f2a1763371075e21,3,4,14,0,9,0.04977576392691685,-0.0008465605694102096,-1,nan,nan,inf,-1,nan,nan,1,1,0,nonpositive,abstain,mean_to_abstain,
fe394302690d5074,3,4,16,1,-1,nan,nan,-1,nan,nan,inf,-1,nan,nan,0,0,0,abstain,abstain,both_abstain,
3acad4250aca5326,3,4,12,1,18,0.15016191474465518,0.001425225824862153,-1,nan,nan,inf,-1,nan,nan,1,1,0,positive,abstain,mean_to_abstain,
418e74ddfb5f5ca0,3,4,12,0,-1,nan,nan,-1,nan,nan,inf,-1,nan,nan,0,0,0,abstain,abstain,both_abstain,
43f8bc12d54d5cef,3,4,2,1,-1,nan,nan,-1,nan,nan,inf,-1,nan,nan,0,0,0,abstain,abstain,both_abstain,
479da12f5f165e29,3,4,17,1,1,0.043789920016281625,-0.9303860208285274,-1,nan,nan,inf,-1,nan,nan,1,1,0,catastrophic,abstain,mean_to_abstain,
4d6b64ad777d51e8,3,4,8,1,-1,nan,nan,-1,nan,nan,inf,-1,nan,nan,0,0,0,abstain,abstain,both_abstain,
5c0a063437415679,3,4,6,1,-1,nan,nan,-1,nan,nan,inf,-1,nan,nan,0,0,0,abstain,abstain,both_abstain,
7defa49de9415496,3,4,5,1,-1,nan,nan,-1,nan,nan,inf,-1,nan,nan,0,0,0,abstain,abstain,both_abstain,
a849c65f124e5af0,3,4,21,1,-1,nan,nan,-1,nan,nan,inf,-1,nan,nan,0,0,0,abstain,abstain,both_abstain,
baef81dee84a5ff1,3,4,7,0,-1,nan,nan,-1,nan,nan,inf,-1,nan,nan,0,0,0,abstain,abstain,both_abstain,
bce79a86a0b75d48,3,4,3,0,-1,nan,nan,-1,nan,nan,inf,-1,nan,nan,0,0,0,abstain,abstain,both_abstain,
d1faaed55b75587c,3,4,2,0,1,0.046386753804914416,-0.0004749490339777118,-1,nan,nan,inf,-1,nan,nan,1,1,0,nonpositive,abstain,mean_to_abstain,
faf6056c372e54f2,3,4,8,1,-1,nan,nan,-1,nan,nan,inf,-1,nan,nan,0,0,0,abstain,abstain,both_abstain,
fb0869a379e05f37,3,4,14,1,-1,nan,nan,-1,nan,nan,inf,-1,nan,nan,0,0,0,abstain,abstain,both_abstain,
054033a129155c88,3,4,9,1,-1,nan,nan,-1,nan,nan,inf,-1,nan,nan,0,0,0,abstain,abstain,both_abstain,
188773ba51c15df2,3,4,15,1,3,0.1643757320116282,0.000739734908030254,2,0.13931448464385285,0.00021449111085392047,inf,-1,nan,nan,1,1,1,positive,positive,different_winner_pair_worse,-0.0005252437971763335
2796d5f962875a20,3,4,14,1,3,0.04351819176751831,4.3732888624054e-05,2,0.014464037046221012,-0.00020220856592059744,inf,-1,nan,nan,1,1,1,positive,nonpositive,good_to_bad_winner_change,-0.00024594145454465144
2840205769d65c01,3,4,1,0,-1,nan,nan,-1,nan,nan,inf,-1,nan,nan,0,0,0,abstain,abstain,both_abstain,
2e5568e60278518f,3,4,16,1,2,0.04600034994997332,0.26603300201445823,-1,nan,nan,inf,-1,nan,nan,1,1,0,positive,abstain,mean_to_abstain,
3d35dcf889f65305,3,4,14,1,-1,nan,nan,-1,nan,nan,inf,-1,nan,nan,0,0,0,abstain,abstain,both_abstain,
3effd9932b505526,3,4,4,1,-1,nan,nan,-1,nan,nan,inf,-1,nan,nan,0,0,0,abstain,abstain,both_abstain,
4f1e4809df7255cd,3,4,3,1,-1,nan,nan,-1,nan,nan,inf,-1,nan,nan,0,0,0,abstain,abstain,both_abstain,
5db6ae467e8f530f,3,4,1,0,-1,nan,nan,-1,nan,nan,inf,-1,nan,nan,0,0,0,abstain,abstain,both_abstain,
5e6ab34948a9514f,3,4,15,1,2,0.11393141845797988,0.002017144269123694,0,0.199416939583846,0.0035852426122873204,inf,-1,nan,nan,1,1,1,positive,positive,different_winner_pair_better,0.0015680983431636264
6004adf688695a08,3,4,17,0,3,0.028272165152275652,-0.000410470519215167,2,0.024809220369899687,-0.00045863705538184973,inf,-1,nan,nan,1,1,1,nonpositive,nonpositive,different_winner_pair_worse,-4.816653616668276e-05
637d23f7438f50f6,3,4,17,1,-1,nan,nan,-1,nan,nan,inf,-1,nan,nan,0,0,0,abstain,abstain,both_abstain,
6a35a43b5e295b97,3,4,16,1,3,0.028403634411601486,9.041018076239027e-05,3,0.03412569414910324,9.041018076239027e-05,inf,-1,nan,nan,0,1,1,positive,positive,same_winner,0.0
2a89f35c7f5e55de,4,0,15,1,3,0.0050420542307714755,-6.618811858352279e-05,-1,nan,nan,inf,-1,nan,nan,1,1,0,nonpositive,abstain,mean_to_abstain,
35695122c3535595,4,0,12,0,17,0.014536024421554161,-0.0011059949578717254,-1,nan,nan,inf,-1,nan,nan,1,1,0,nonpositive,abstain,mean_to_abstain,
5d0c2052e0a35e3f,4,0,17,1,23,0.2491245753449154,0.002148367584822619,23,0.022411692887909784,0.002148367584822619,inf,-1,nan,nan,0,1,1,positive,positive,same_winner,0.0
62f95fe3004d54c9,4,0,3,1,-1,nan,nan,-1,nan,nan,inf,-1,nan,nan,0,0,0,abstain,abstain,both_abstain,
6a35bb3d0b895433,4,0,24,1,22,0.11352306795937828,0.0033963359457440667,-1,nan,nan,inf,-1,nan,nan,1,1,0,positive,abstain,mean_to_abstain,
761122460ac451ca,4,0,28,1,15,0.06035923158214529,0.002382046714448194,-1,nan,nan,inf,-1,nan,nan,1,1,0,positive,abstain,mean_to_abstain,
8a15e547b0d15f42,4,0,5,1,-1,nan,nan,-1,nan,nan,inf,-1,nan,nan,0,0,0,abstain,abstain,both_abstain,
9c925a1f1799553e,4,0,2,1,-1,nan,nan,-1,nan,nan,inf,-1,nan,nan,0,0,0,abstain,abstain,both_abstain,
b7cc1a0b6eca5a11,4,0,4,1,-1,nan,nan,-1,nan,nan,inf,-1,nan,nan,0,0,0,abstain,abstain,both_abstain,
0dd2b9715fc65e18,4,0,14,1,10,0.030767424448319924,-9.228003919126149e-05,-1,nan,nan,inf,-1,nan,nan,1,1,0,nonpositive,abstain,mean_to_abstain,
6281e79a633155a3,4,0,12,1,-1,nan,nan,-1,nan,nan,inf,-1,nan,nan,0,0,0,abstain,abstain,both_abstain,
16549991ac4b53ff,4,0,16,1,7,0.04272498018352133,0.0030688398930824867,7,0.30744503217191155,0.0030688398930824867,inf,-1,nan,nan,0,1,1,positive,positive,same_winner,0.0
254e4f21f68554f1,4,0,18,1,-1,nan,nan,-1,nan,nan,inf,-1,nan,nan,0,0,0,abstain,abstain,both_abstain,
2bdb803d07605094,4,0,6,1,1,0.09192308097960628,0.0004256986551044973,-1,nan,nan,inf,-1,nan,nan,1,1,0,positive,abstain,mean_to_abstain,
3d78c0894c67503b,4,0,17,1,16,0.08873089904459458,0.0006688265996053818,-1,nan,nan,inf,-1,nan,nan,1,1,0,positive,abstain,mean_to_abstain,
4d104d17dc625c04,4,0,8,1,1,0.07917777775505674,0.000337903429567632,-1,nan,nan,inf,-1,nan,nan,1,1,0,positive,abstain,mean_to_abstain,
70f797bbed2158f6,4,0,17,0,-1,nan,nan,-1,nan,nan,inf,-1,nan,nan,0,0,0,abstain,abstain,both_abstain,
83af8eb803795f59,4,0,16,1,-1,nan,nan,-1,nan,nan,inf,-1,nan,nan,0,0,0,abstain,abstain,both_abstain,
953f6386bfae55d0,4,0,18,1,5,0.18439091210928893,8.315849304199076e-06,5,0.10824930679037811,8.315849304199076e-06,inf,-1,nan,nan,0,1,1,positive,positive,same_winner,0.0
b39ff897a8695a97,4,0,18,1,16,0.28102487008032406,-6.033429349017183e-06,1,0.17012868048468327,-0.0002832629380362661,inf,-1,nan,nan,1,1,1,nonpositive,nonpositive,different_winner_pair_worse,-0.00027722950868724894
d5ef40ff0f715517,4,0,26,1,8,0.10278363695552584,-3.340992517752994e-05,-1,nan,nan,inf,-1,nan,nan,1,1,0,nonpositive,abstain,mean_to_abstain,
da9bf29b3087547f,4,0,17,0,10,0.14241885601667242,-0.0004132861441467073,-1,nan,nan,inf,-1,nan,nan,1,1,0,nonpositive,abstain,mean_to_abstain,
eb02028413fb5a92,4,0,16,1,2,0.010184347433236374,0.00010971866548104003,-1,nan,nan,inf,-1,nan,nan,1,1,0,positive,abstain,mean_to_abstain,
ec65e8cddb3d5fbd,4,0,19,1,7,0.07287222640726376,-0.0002423981301486488,-1,nan,nan,inf,-1,nan,nan,1,1,0,nonpositive,abstain,mean_to_abstain,
f2c4bbcda8c650a3,4,0,11,1,22,0.029876024835390924,0.00018737106425703587,-1,nan,nan,inf,-1,nan,nan,1,1,0,positive,abstain,mean_to_abstain,
f53a6e7af3825751,4,0,16,1,21,0.05613786984976743,2.0476601316321563e-05,10,0.022762911202812514,-0.00010759926951720011,inf,-1,nan,nan,1,1,1,positive,nonpositive,good_to_bad_winner_change,-0.00012807587083352168
f53af77bf6fa5703,4,0,1,1,-1,nan,nan,-1,nan,nan,inf,-1,nan,nan,0,0,0,abstain,abstain,both_abstain,
0be5fd7a2dbb5d87,4,0,14,1,11,0.07681735238099352,-3.5815904569247436e-05,-1,nan,nan,inf,-1,nan,nan,1,1,0,nonpositive,abstain,mean_to_abstain,
25c67c9a53ef53ce,4,0,4,1,22,0.016948839034077068,0.0020756234128028158,-1,nan,nan,inf,-1,nan,nan,1,1,0,positive,abstain,mean_to_abstain,
90efa9d50cc8521e,4,0,1,1,-1,nan,nan,-1,nan,nan,inf,-1,nan,nan,0,0,0,abstain,abstain,both_abstain,
ac7fee08538b5bb0,4,0,13,1,22,0.006834374496411277,0.00010143688693631248,-1,nan,nan,inf,-1,nan,nan,1,1,0,positive,abstain,mean_to_abstain,
c4292750158e5a5f,4,0,3,1,17,0.10907468893874422,-9.091283213347179e-05,-1,nan,nan,inf,-1,nan,nan,1,1,0,nonpositive,abstain,mean_to_abstain,
cae918485e635e35,4,0,14,0,9,0.09037418301904132,-0.9828781550706365,-1,nan,nan,inf,-1,nan,nan,1,1,0,catastrophic,abstain,mean_to_abstain,
4b308d5a04d05498,4,0,17,1,-1,nan,nan,-1,nan,nan,inf,-1,nan,nan,0,0,0,abstain,abstain,both_abstain,
8fba4b45daa85b15,4,0,19,1,-1,nan,nan,-1,nan,nan,inf,-1,nan,nan,0,0,0,abstain,abstain,both_abstain,
c9a1d813d64c52d1,4,0,4,0,15,0.05064512283524586,0.0,-1,nan,nan,inf,-1,nan,nan,1,1,0,nonpositive,abstain,mean_to_abstain,
e747e181d08758c8,4,0,13,1,19,0.165412275889797,2.3391943844035257e-05,-1,nan,nan,inf,-1,nan,nan,1,1,0,positive,abstain,mean_to_abstain,
f6db13314100532b,4,0,13,1,-1,nan,nan,-1,nan,nan,inf,-1,nan,nan,0,0,0,abstain,abstain,both_abstain,
0fb7d56584065e6f,4,0,27,1,19,0.20575183577913558,0.0008577479481697292,-1,nan,nan,inf,-1,nan,nan,1,1,0,positive,abstain,mean_to_abstain,
2abb6fcc99585318,4,0,20,1,20,0.13499007745226366,-0.0003386890395544462,-1,nan,nan,inf,-1,nan,nan,1,1,0,nonpositive,abstain,mean_to_abstain,
32b190836fd35675,4,0,7,1,7,0.3490576148365043,-0.00020880867580417564,7,0.024719624820503383,-0.00020880867580417564,inf,-1,nan,nan,0,1,1,nonpositive,nonpositive,same_winner,0.0
48428a15cb2d56c8,4,0,5,0,-1,nan,nan,-1,nan,nan,inf,-1,nan,nan,0,0,0,abstain,abstain,both_abstain,
4d08ab0578415b3b,4,0,6,1,-1,nan,nan,-1,nan,nan,inf,-1,nan,nan,0,0,0,abstain,abstain,both_abstain,
58c0557c53635354,4,0,6,1,6,0.07271247710276157,0.000403144216752844,-1,nan,nan,inf,-1,nan,nan,1,1,0,positive,abstain,mean_to_abstain,
58e646ea48eb59d3,4,0,18,1,20,0.20015128420603523,0.0006258938424292815,-1,nan,nan,inf,-1,nan,nan,1,1,0,positive,abstain,mean_to_abstain,
9d7dd692cec75a40,4,0,17,1,-1,nan,nan,-1,nan,nan,inf,-1,nan,nan,0,0,0,abstain,abstain,both_abstain,
ad4b812be67052a1,4,0,27,1,22,0.07746781206468073,0.000693030046671872,-1,nan,nan,inf,-1,nan,nan,1,1,0,positive,abstain,mean_to_abstain,
de3f8268d1675268,4,0,10,0,20,0.050439480436877626,-1.1714972390383727,-1,nan,nan,inf,-1,nan,nan,1,1,0,catastrophic,abstain,mean_to_abstain,
f110d20f7a7957b7,4,0,17,1,-1,nan,nan,-1,nan,nan,inf,-1,nan,nan,0,0,0,abstain,abstain,both_abstain,
4fc4718214135eee,4,0,12,1,-1,nan,nan,-1,nan,nan,inf,-1,nan,nan,0,0,0,abstain,abstain,both_abstain,
5d64681dd478516a,4,0,27,1,17,0.02477544146828342,0.0008570625655353048,-1,nan,nan,inf,-1,nan,nan,1,1,0,positive,abstain,mean_to_abstain,
629734efb5f5564c,4,0,20,1,-1,nan,nan,-1,nan,nan,inf,-1,nan,nan,0,0,0,abstain,abstain,both_abstain,
69244009b6eb50bf,4,0,13,1,-1,nan,nan,-1,nan,nan,inf,-1,nan,nan,0,0,0,abstain,abstain,both_abstain,
908340fb165954b2,4,0,14,1,9,0.030006038069340768,0.24195385182611642,-1,nan,nan,inf,-1,nan,nan,1,1,0,positive,abstain,mean_to_abstain,
9229af9b7f1c5848,4,0,17,1,-1,nan,nan,-1,nan,nan,inf,-1,nan,nan,0,0,0,abstain,abstain,both_abstain,
beeb2d538d7f53d8,4,0,18,1,-1,nan,nan,-1,nan,nan,inf,-1,nan,nan,0,0,0,abstain,abstain,both_abstain,
fbd37ced14a15418,4,0,17,1,-1,nan,nan,-1,nan,nan,inf,-1,nan,nan,0,0,0,abstain,abstain,both_abstain,
ff54f555627f5338,4,0,14,1,-1,nan,nan,-1,nan,nan,inf,-1,nan,nan,0,0,0,abstain,abstain,both_abstain,
052f0d46a5c059a1,4,0,12,1,3,0.11835374295125706,0.0003842606112360869,-1,nan,nan,inf,-1,nan,nan,1,1,0,positive,abstain,mean_to_abstain,
0af516a5b2725ac6,4,0,12,0,21,0.00720144641455478,-0.000429710377495951,-1,nan,nan,inf,-1,nan,nan,1,1,0,nonpositive,abstain,mean_to_abstain,
103c7d249ab154af,4,0,17,1,16,0.04408096013577412,0.0039698864765465025,-1,nan,nan,inf,-1,nan,nan,1,1,0,positive,abstain,mean_to_abstain,
30c657863dc05485,4,0,9,1,-1,nan,nan,-1,nan,nan,inf,-1,nan,nan,0,0,0,abstain,abstain,both_abstain,
431f7c6b100d5249,4,0,8,1,21,0.035270590184805384,-9.228673037142698e-05,-1,nan,nan,inf,-1,nan,nan,1,1,0,nonpositive,abstain,mean_to_abstain,
4ace61964e9f5b4b,4,0,5,1,-1,nan,nan,-1,nan,nan,inf,-1,nan,nan,0,0,0,abstain,abstain,both_abstain,
5098ce6b12fa5143,4,0,9,1,-1,nan,nan,-1,nan,nan,inf,-1,nan,nan,0,0,0,abstain,abstain,both_abstain,
52092728a1c1574f,4,0,17,1,-1,nan,nan,-1,nan,nan,inf,-1,nan,nan,0,0,0,abstain,abstain,both_abstain,
58f2e39eebc65d24,4,0,9,1,13,0.00020171076200792282,0.009804744760598894,-1,nan,nan,inf,-1,nan,nan,1,1,0,positive,abstain,mean_to_abstain,
5a917f5bb8815bd0,4,0,2,1,-1,nan,nan,-1,nan,nan,inf,-1,nan,nan,0,0,0,abstain,abstain,both_abstain,
6429eb85b6ba5938,4,0,17,1,6,0.0438010236360466,-4.805480735781131e-05,-1,nan,nan,inf,-1,nan,nan,1,1,0,nonpositive,abstain,mean_to_abstain,
6b416b289a3b5858,4,0,16,1,7,0.4512496738080982,-1.2322430411372798,7,0.7276471266037203,-1.2322430411372798,inf,-1,nan,nan,0,1,1,catastrophic,catastrophic,same_winner,0.0
6e9b901524355c0b,4,0,21,1,-1,nan,nan,-1,nan,nan,inf,-1,nan,nan,0,0,0,abstain,abstain,both_abstain,
8834fc612e1d524c,4,0,8,1,-1,nan,nan,-1,nan,nan,inf,-1,nan,nan,0,0,0,abstain,abstain,both_abstain,
9ddade724a6a54e2,4,0,16,1,2,0.024175805454303034,1.5740902814975755e-05,-1,nan,nan,inf,-1,nan,nan,1,1,0,positive,abstain,mean_to_abstain,
a5fc167ac3e45fec,4,0,17,0,-1,nan,nan,-1,nan,nan,inf,-1,nan,nan,0,0,0,abstain,abstain,both_abstain,
bcb7ec6d46f45180,4,0,17,0,-1,nan,nan,-1,nan,nan,inf,-1,nan,nan,0,0,0,abstain,abstain,both_abstain,
c25f5ca801be5075,4,0,4,0,-1,nan,nan,-1,nan,nan,inf,-1,nan,nan,0,0,0,abstain,abstain,both_abstain,
d0da55bb38fb5e83,4,0,3,1,3,0.06519447240197174,0.0001378942131822214,-1,nan,nan,inf,-1,nan,nan,1,1,0,positive,abstain,mean_to_abstain,
e056339b5ad457ea,4,0,17,0,-1,nan,nan,-1,nan,nan,inf,-1,nan,nan,0,0,0,abstain,abstain,both_abstain,
03a7c978d0165fa2,4,0,20,1,-1,nan,nan,-1,nan,nan,inf,-1,nan,nan,0,0,0,abstain,abstain,both_abstain,
102e8bfe5f555974,4,0,19,1,10,0.03452561201311827,-0.0001325549672357429,-1,nan,nan,inf,-1,nan,nan,1,1,0,nonpositive,abstain,mean_to_abstain,
11579a9c240a5c77,4,0,17,1,6,0.19252000433420574,-0.003460942675417758,10,0.09132326969207324,-1.233043325316906,inf,-1,nan,nan,1,1,1,nonpositive,catastrophic,different_winner_pair_worse,-1.2295823826414882
1c8a733cea4d5aed,4,0,28,1,11,0.07640002528966516,0.0014269439846277235,-1,nan,nan,inf,-1,nan,nan,1,1,0,positive,abstain,mean_to_abstain,
1ed95e82b4f754ff,4,0,4,1,17,0.08237437233384093,0.00021119678653777618,-1,nan,nan,inf,-1,nan,nan,1,1,0,positive,abstain,mean_to_abstain,
2067e26ac57b5302,4,0,1,0,5,0.031539685931769645,-0.00016158222357044033,-1,nan,nan,inf,-1,nan,nan,1,1,0,nonpositive,abstain,mean_to_abstain,
25f5f0c57aea54b9,4,0,21,1,1,0.06952021757053944,9.947190284729005e-05,-1,nan,nan,inf,-1,nan,nan,1,1,0,positive,abstain,mean_to_abstain,
2b3f24482a765ccc,4,0,5,1,-1,nan,nan,-1,nan,nan,inf,-1,nan,nan,0,0,0,abstain,abstain,both_abstain,
330fd7f2e3aa5f55,4,0,26,1,19,0.014708504155302116,5.4576332867145496e-05,-1,nan,nan,inf,-1,nan,nan,1,1,0,positive,abstain,mean_to_abstain,
3a46193d097552cd,4,0,16,1,5,0.03796359094748236,-0.0034225447993790903,-1,nan,nan,inf,-1,nan,nan,1,1,0,nonpositive,abstain,mean_to_abstain,
4b7fb448a9f35a56,4,0,18,1,-1,nan,nan,-1,nan,nan,inf,-1,nan,nan,0,0,0,abstain,abstain,both_abstain,
642e382b50db5133,4,0,17,1,-1,nan,nan,-1,nan,nan,inf,-1,nan,nan,0,0,0,abstain,abstain,both_abstain,
669d54218ee75215,4,0,2,1,-1,nan,nan,-1,nan,nan,inf,-1,nan,nan,0,0,0,abstain,abstain,both_abstain,
6715d16e80075f55,4,0,12,1,23,0.008536322936188057,0.00013467648802301113,-1,nan,nan,inf,-1,nan,nan,1,1,0,positive,abstain,mean_to_abstain,
8c7421c1a39954dc,4,0,1,1,-1,nan,nan,-1,nan,nan,inf,-1,nan,nan,0,0,0,abstain,abstain,both_abstain,
8e92f84a71e85b42,4,0,9,1,-1,nan,nan,-1,nan,nan,inf,-1,nan,nan,0,0,0,abstain,abstain,both_abstain,
9389f1437d2b5fad,4,0,12,1,-1,nan,nan,-1,nan,nan,inf,-1,nan,nan,0,0,0,abstain,abstain,both_abstain,
9f109cfcd3695a7c,4,0,18,1,15,0.031777421129120575,0.00029193947762262695,-1,nan,nan,inf,-1,nan,nan,1,1,0,positive,abstain,mean_to_abstain,
ac264ca2d43c52a7,4,0,25,1,3,0.0986556994051132,0.0005578294001519681,-1,nan,nan,inf,-1,nan,nan,1,1,0,positive,abstain,mean_to_abstain,
d7018055ca4b5f66,4,0,17,0,12,0.03765544617487937,-0.005823256220668593,-1,nan,nan,inf,-1,nan,nan,1,1,0,nonpositive,abstain,mean_to_abstain,
ddcdcbbd930d5cd4,4,0,1,0,-1,nan,nan,-1,nan,nan,inf,-1,nan,nan,0,0,0,abstain,abstain,both_abstain,
e7e3b8bf23835b2a,4,0,3,1,-1,nan,nan,-1,nan,nan,inf,-1,nan,nan,0,0,0,abstain,abstain,both_abstain,
eae558be27b1587b,4,0,6,1,15,0.00871804691108985,-0.33012338700294497,-1,nan,nan,inf,-1,nan,nan,1,1,0,nonpositive,abstain,mean_to_abstain,
ffb77fcdc4bd5e37,4,0,13,1,-1,nan,nan,-1,nan,nan,inf,-1,nan,nan,0,0,0,abstain,abstain,both_abstain,
07f8bf05fc975975,4,0,1,0,-1,nan,nan,-1,nan,nan,inf,-1,nan,nan,0,0,0,abstain,abstain,both_abstain,
0fdd878a393d502e,4,0,2,0,-1,nan,nan,-1,nan,nan,inf,-1,nan,nan,0,0,0,abstain,abstain,both_abstain,
2b32a9f406845f75,4,0,12,0,2,0.09089673482677507,-3.806486467696913,-1,nan,nan,inf,-1,nan,nan,1,1,0,catastrophic,abstain,mean_to_abstain,
2c9450a5449e52fa,4,0,9,1,3,0.10206774512399719,0.0005062929466366772,-1,nan,nan,inf,-1,nan,nan,1,1,0,positive,abstain,mean_to_abstain,
447b5889e4005e16,4,0,5,0,9,0.03694851748794786,-2.2817236246069683,-1,nan,nan,inf,-1,nan,nan,1,1,0,catastrophic,abstain,mean_to_abstain,
5465043a8ae85d79,4,0,2,1,-1,nan,nan,-1,nan,nan,inf,-1,nan,nan,0,0,0,abstain,abstain,both_abstain,
613662b53d9a5ae7,4,0,12,1,12,0.21417629449074332,-0.0007119500849395999,-1,nan,nan,inf,-1,nan,nan,1,1,0,nonpositive,abstain,mean_to_abstain,
66da55b392b45a5d,4,0,21,1,16,0.16448991806213253,0.00023764072358600785,7,0.10904233645081574,0.0009394905971245038,inf,-1,nan,nan,1,1,1,positive,positive,different_winner_pair_better,0.0007018498735384959
78823d4302645d60,4,0,12,1,11,0.2810576002452708,-0.0008800484909676082,-1,nan,nan,inf,-1,nan,nan,1,1,0,nonpositive,abstain,mean_to_abstain,
7a1756cf8f7a566e,4,0,13,1,15,0.3169681952261336,-0.024184055066108545,4,0.4791421548411537,-3.3332536464355886,inf,-1,nan,nan,1,1,1,nonpositive,catastrophic,different_winner_pair_worse,-3.30906959136948
7c8389cb32f25aed,4,0,10,1,-1,nan,nan,-1,nan,nan,inf,-1,nan,nan,0,0,0,abstain,abstain,both_abstain,
80bebabe4c6f5627,4,0,14,1,7,0.0019653880561649184,-5.6140835155371605e-05,-1,nan,nan,inf,-1,nan,nan,1,1,0,nonpositive,abstain,mean_to_abstain,
b16054ccc4bd54f9,4,0,11,1,7,0.01824645751793219,-0.07566335793621848,4,0.07223803262487061,-3.992495210120268,inf,-1,nan,nan,1,1,1,nonpositive,catastrophic,different_winner_pair_worse,-3.9168318521840497
b3734dd3dc905040,4,0,16,1,6,0.012792923355827601,-0.0009498553425073553,-1,nan,nan,inf,-1,nan,nan,1,1,0,nonpositive,abstain,mean_to_abstain,
b3c270be7e145adc,4,0,10,1,14,2.201219381863515,-1.2199467135749757,14,2.5947543949593177,-1.2199467135749757,inf,-1,nan,nan,0,1,1,catastrophic,catastrophic,same_winner,0.0
b76a132378175658,4,0,17,1,-1,nan,nan,-1,nan,nan,inf,-1,nan,nan,0,0,0,abstain,abstain,both_abstain,
c49669e6594c55d7,4,0,24,1,-1,nan,nan,-1,nan,nan,inf,-1,nan,nan,0,0,0,abstain,abstain,both_abstain,
d72a6e0e28a159a2,4,0,7,0,5,0.4889578183875116,-0.011323793392349124,5,0.09001736372520858,-0.011323793392349124,inf,-1,nan,nan,0,1,1,nonpositive,nonpositive,same_winner,0.0
da13a4ab1eaf5a07,4,0,17,1,-1,nan,nan,-1,nan,nan,inf,-1,nan,nan,0,0,0,abstain,abstain,both_abstain,
dd2f426104cb5f43,4,0,6,1,-1,nan,nan,-1,nan,nan,inf,-1,nan,nan,0,0,0,abstain,abstain,both_abstain,
ea01c4873e9b5cf8,4,0,17,1,2,0.07856516611430131,0.00020749772973349678,-1,nan,nan,inf,-1,nan,nan,1,1,0,positive,abstain,mean_to_abstain,
ea47b3db126a588e,4,0,1,0,-1,nan,nan,-1,nan,nan,inf,-1,nan,nan,0,0,0,abstain,abstain,both_abstain,
023f35fd45755497,4,0,11,1,-1,nan,nan,-1,nan,nan,inf,-1,nan,nan,0,0,0,abstain,abstain,both_abstain,
07704203d30b5747,4,0,1,0,-1,nan,nan,-1,nan,nan,inf,-1,nan,nan,0,0,0,abstain,abstain,both_abstain,
2daba893c5535189,4,0,4,1,-1,nan,nan,-1,nan,nan,inf,-1,nan,nan,0,0,0,abstain,abstain,both_abstain,
2f19f98982615f60,4,0,11,0,16,0.09025674034933234,-2.6961140978817273,-1,nan,nan,inf,-1,nan,nan,1,1,0,catastrophic,abstain,mean_to_abstain,
36ba502aa1eb5ecd,4,0,14,0,-1,nan,nan,-1,nan,nan,inf,-1,nan,nan,0,0,0,abstain,abstain,both_abstain,
43557bbc55b85aa6,4,0,6,1,20,0.080000709941359,0.0002683614262615208,-1,nan,nan,inf,-1,nan,nan,1,1,0,positive,abstain,mean_to_abstain,
47cdc9127a1e55a7,4,0,11,1,-1,nan,nan,-1,nan,nan,inf,-1,nan,nan,0,0,0,abstain,abstain,both_abstain,
49677b3a648b58be,4,0,28,1,-1,nan,nan,-1,nan,nan,inf,-1,nan,nan,0,0,0,abstain,abstain,both_abstain,
4a1db4bffda6552f,4,0,16,1,-1,nan,nan,-1,nan,nan,inf,-1,nan,nan,0,0,0,abstain,abstain,both_abstain,
671ff8b7146358da,4,0,10,1,20,0.05682957271999012,2.0199987096356575,-1,nan,nan,inf,-1,nan,nan,1,1,0,positive,abstain,mean_to_abstain,
696a489252f453fb,4,0,3,1,3,0.0446875876591849,0.000549616621248424,-1,nan,nan,inf,-1,nan,nan,1,1,0,positive,abstain,mean_to_abstain,
69f3980cf2db525c,4,0,16,1,20,0.022707908660001996,0.9895940834667685,-1,nan,nan,inf,-1,nan,nan,1,1,0,positive,abstain,mean_to_abstain,
6c6d30fe3b6e59f0,4,0,23,1,9,0.003842196616350546,1.0326532647209063e-05,-1,nan,nan,inf,-1,nan,nan,1,1,0,positive,abstain,mean_to_abstain,
7449973a63d255af,4,0,9,0,-1,nan,nan,-1,nan,nan,inf,-1,nan,nan,0,0,0,abstain,abstain,both_abstain,
84130118c5ec5189,4,0,1,0,-1,nan,nan,1,0.03430674598857827,-0.012462227243202506,inf,-1,nan,nan,1,0,1,abstain,nonpositive,abstain_to_pair,
986bd829651151e2,4,0,27,1,-1,nan,nan,-1,nan,nan,inf,-1,nan,nan,0,0,0,abstain,abstain,both_abstain,
c1dbec763983596c,4,0,17,0,-1,nan,nan,-1,nan,nan,inf,-1,nan,nan,0,0,0,abstain,abstain,both_abstain,
c70954fab4a650c7,4,0,5,0,13,2.5851866495581923,-1.233023564266786,13,2.9477943322626636,-1.233023564266786,inf,-1,nan,nan,0,1,1,catastrophic,catastrophic,same_winner,0.0
d8d6c32be32650ad,4,0,7,1,3,0.0764195053856066,0.0006173326171934335,-1,nan,nan,inf,-1,nan,nan,1,1,0,positive,abstain,mean_to_abstain,
deeae175505b5728,4,0,9,1,22,0.7079207845489377,0.0010859224789778743,22,0.36760668270110564,0.0010859224789778743,inf,-1,nan,nan,0,1,1,positive,positive,same_winner,0.0
e380b20d49215557,4,0,13,1,11,0.0959198806592968,0.79252187629913,-1,nan,nan,inf,-1,nan,nan,1,1,0,positive,abstain,mean_to_abstain,
e4499494731e5026,4,0,9,1,26,0.7313836667262402,0.0005548425547778901,26,0.43392571741456154,0.0005548425547778901,inf,-1,nan,nan,0,1,1,positive,positive,same_winner,0.0
ed710413165b5ca4,4,0,10,0,-1,nan,nan,-1,nan,nan,inf,-1,nan,nan,0,0,0,abstain,abstain,both_abstain,
f9922d29f7ca5693,4,0,9,1,6,0.08601798673530098,-0.00047983962707221503,-1,nan,nan,inf,-1,nan,nan,1,1,0,nonpositive,abstain,mean_to_abstain,
fbe3cf848a4c5391,4,0,1,0,2,0.0007561199128068852,-0.004617220449447235,-1,nan,nan,inf,-1,nan,nan,1,1,0,nonpositive,abstain,mean_to_abstain,
fdf3abf3cf375c35,4,0,5,1,-1,nan,nan,-1,nan,nan,inf,-1,nan,nan,0,0,0,abstain,abstain,both_abstain,
00f4aedf9b3c5f65,4,0,16,1,6,0.06827827784806251,-0.0006036867231130599,-1,nan,nan,inf,-1,nan,nan,1,1,0,nonpositive,abstain,mean_to_abstain,
3584e6b997845f86,4,0,27,1,-1,nan,nan,-1,nan,nan,inf,-1,nan,nan,0,0,0,abstain,abstain,both_abstain,
3d56147a52d550b3,4,0,17,1,-1,nan,nan,-1,nan,nan,inf,-1,nan,nan,0,0,0,abstain,abstain,both_abstain,
4132da23bf54566f,4,0,17,1,16,0.04659235740210044,0.0004848354852877712,-1,nan,nan,inf,-1,nan,nan,1,1,0,positive,abstain,mean_to_abstain,
44ae005ad8b25d52,4,0,10,0,14,0.14075301684528096,-0.00025054427977888594,10,0.07587527966668511,-3.5155634811481113,inf,-1,nan,nan,1,1,1,nonpositive,catastrophic,different_winner_pair_worse,-3.5153129368683325
48ee2a6b3a4b54cc,4,0,8,0,1,0.048031909220866975,-0.06105165096865961,-1,nan,nan,inf,-1,nan,nan,1,1,0,nonpositive,abstain,mean_to_abstain,
49f109b9cca4567a,4,0,8,1,14,0.05711990178695481,4.039883155602961,10,0.0761789928809522,2.8068875166358427,inf,-1,nan,nan,1,1,1,positive,positive,different_winner_pair_worse,-1.2329956389671186
4ac48ad526735073,4,0,15,1,6,0.02762738355040023,-0.001134402232244619,-1,nan,nan,inf,-1,nan,nan,1,1,0,nonpositive,abstain,mean_to_abstain,
5214a5118acc5d75,4,0,15,1,1,0.0846882713818583,-1.8577690620524834e-05,-1,nan,nan,inf,-1,nan,nan,1,1,0,nonpositive,abstain,mean_to_abstain,
55a7c26fd2d35b8e,4,0,16,1,16,0.02382486632809888,0.0016992274252927153,-1,nan,nan,inf,-1,nan,nan,1,1,0,positive,abstain,mean_to_abstain,
5693aed0af7e548c,4,0,5,0,9,0.6347094590442169,-2.8394162281440574,9,0.7197364929389529,-2.8394162281440574,inf,-1,nan,nan,0,1,1,catastrophic,catastrophic,same_winner,0.0
7418da8c04e85efb,4,0,7,1,-1,nan,nan,-1,nan,nan,inf,-1,nan,nan,0,0,0,abstain,abstain,both_abstain,
