scenario_token,outer_test_fold,calibration_fold,candidate_count,positive_opportunity,rsm_selected_action,rsm_selected_score,rsm_selected_teacher_improvement,basepoint_selected_action,basepoint_reservation,basepoint_adjusted_margin,basepoint_selected_teacher_improvement,geometry_selected_action,geometry_reservation,geometry_adjusted_margin,geometry_selected_teacher_improvement,rsm_proposal_exists,rsm_positive,rsm_catastrophic,rsm_noop_false,basepoint_accepts_rsmr,sgrr_accepts_rsmr,sgrr_removed_rsmr,rsm_outcome_class
30e193cab0fc5a5d,0,1,9,0,-1,,,-1,0.0,,,-1,0.0,,,0,0,0,0,0,0,0,abstain
366e33370f605634,0,1,4,1,28,0.1768938681841109,1.2326923098775555,-1,0.4476454837853826,-0.2707516156012717,,-1,0.400021235552006,-0.2231273673678951,,1,1,0,0,0,0,1,positive
3fabf2e29e5f5fc4,0,1,18,1,22,0.1364086511968436,0.0002032831884921,-1,0.1741032662370146,-0.0376946150401709,,-1,0.1910778070080976,-0.0546691558112539,,1,1,0,0,0,0,1,positive
46f5fac22c0b5cb0,0,1,5,0,5,0.0060178534605635,-0.0008687456113751,-1,0.4067360243451146,-0.4007181708845511,,-1,0.0766752776330339,-0.0706574241724704,,1,0,0,1,0,0,1,harmful_no_opportunity
518c0014d1a45ca8,0,1,13,1,12,0.2711649932888276,-0.0001304086467248,-1,0.3558749153748716,-0.084709922086044,,-1,0.3490586801232817,-0.077893686834454,,1,0,0,0,0,0,1,harmful_opportunity
586dc46118d75100,0,1,14,1,9,0.2774287955593529,-0.0004047478932421,-1,0.2872829068902642,-0.0098541113309112,,9,0.25106601662556,0.0263627789337929,-0.0004047478932421,1,0,0,0,0,1,0,harmful_opportunity
6596827fb10b569a,0,1,23,1,1,0.0822380271686119,0.0005793339748345,-1,0.3898957095047639,-0.307657682336152,,-1,0.1973728266048133,-0.1151347994362013,,1,1,0,0,0,0,1,positive
8f79455cf8a85fb9,0,1,4,0,-1,,,-1,0.0,,,-1,0.0,,,0,0,0,0,0,0,0,abstain
b2f2a9a83437555c,0,1,1,0,7,0.1282250643340419,-0.0007529566446319,-1,0.3128195299162397,-0.1845944655821977,,-1,0.1887800392011917,-0.0605549748671498,,1,0,0,1,0,0,1,harmful_no_opportunity
d1d8fef2f07e554f,0,1,27,1,19,0.2587082015109109,-6.528710596098719e-05,19,0.0462844617725763,0.2124237397383345,-6.528710596098719e-05,19,0.2054187424112309,0.0532894590996799,-6.528710596098719e-05,1,0,0,0,1,1,0,harmful_opportunity
d3578202f06d5c62,0,1,25,1,26,0.0756410325747795,8.269424438478445e-05,-1,0.1901548945625576,-0.1145138619877781,,-1,0.2530877508061805,-0.1774467182314009,,1,1,0,0,0,0,1,positive
e7ee1c000ef85255,0,1,16,1,9,0.1387198737497646,0.0005864605173468,-1,0.2829661873155785,-0.1442463135658138,,-1,0.1594822467625208,-0.0207623730127562,,1,1,0,0,0,0,1,positive
e8a90962974f55d3,0,1,12,1,-1,,,-1,0.0,,,-1,0.0,,,0,0,0,0,0,0,0,abstain
f390221c855a53d1,0,1,17,1,23,0.1231167918763268,0.0001769104883706,-1,0.195165308235953,-0.0720485163596262,,-1,0.159177869397031,-0.0360610775207041,,1,1,0,0,0,0,1,positive
f473bc020969511e,0,1,24,1,2,0.3726935804696051,0.002340053756078,2,0.2319551820545637,0.1407383984150413,0.002340053756078,-1,0.5936223403422517,-0.2209287598726466,,1,1,0,0,1,0,1,positive
5eae283cb1b95a45,0,1,6,1,25,0.168801985923207,0.0002113920846953,-1,0.2356718292738064,-0.0668698433505994,,-1,0.3078719690866892,-0.1390699831634821,,1,1,0,0,0,0,1,positive
ea5915d23f345a29,0,1,6,1,26,0.253337737852979,-6.736000906726325e-06,26,0.1160507162695291,0.1372870215834498,-6.736000906726325e-06,26,0.1353212637742378,0.1180164740787411,-6.736000906726325e-06,1,0,0,0,1,1,0,harmful_opportunity
190d01845dda5596,0,1,4,0,-1,,,-1,0.0,,,-1,0.0,,,0,0,0,0,0,0,0,abstain
247baf6242815059,0,1,20,1,12,0.1064046111683757,-0.0004707026612013,-1,0.2623990374288182,-0.1559944262604424,,-1,0.3262457022980533,-0.2198410911296776,,1,0,0,0,0,0,1,harmful_opportunity
273d4e72b01d53cf,0,1,14,1,8,0.1059558045640616,-1.5629368781690487,-1,0.337651895151789,-0.2316960905877274,,-1,0.1790667333735058,-0.0731109288094441,,1,0,1,0,0,0,1,catastrophe
275e9cfb52fd59de,0,1,12,1,8,0.9052465347908496,0.1272746219409324,8,0.809297977832269,0.0959485569585805,0.1272746219409324,-1,1.292221461309117,-0.3869749265182675,,1,1,0,0,1,0,1,positive
4082f94c512b5d1f,0,1,14,1,23,0.0538410789147204,-0.0001477490439216,-1,0.0676330279136625,-0.0137919489989421,,-1,0.144368416639864,-0.0905273377251436,,1,0,0,0,0,0,1,harmful_opportunity
421dd5398e885a27,0,1,18,1,22,0.1664662853767564,-0.0001146473528817,-1,0.2034475259543555,-0.0369812405775991,,-1,0.2541888578251306,-0.0877225724483741,,1,0,0,0,0,0,1,harmful_opportunity
53620555ea3a5d3c,0,1,9,1,21,0.1628050291701029,0.0,-1,0.2369447623915717,-0.0741397332214688,,21,0.1099885856559081,0.0528164435141947,0.0,1,0,0,0,0,1,0,harmful_opportunity
60bd62401d0857f9,0,1,15,1,22,0.2339518121083311,-5.674398746347009e-05,22,0.1455773532964717,0.0883744588118593,-5.674398746347009e-05,-1,0.3010504532995968,-0.0670986411912657,,1,0,0,0,1,0,1,harmful_opportunity
6db53a1807af5a90,0,1,13,0,-1,,,-1,0.0,,,-1,0.0,,,0,0,0,0,0,0,0,abstain
8e6c888a92425ff1,0,1,6,1,1,0.1510891908982271,0.0003081311788877,1,0.0542166943171434,0.0968724965810837,0.0003081311788877,1,0.0760189785687105,0.0750702123295166,0.0003081311788877,1,1,0,0,1,1,0,positive
9a82cf7a1636581e,0,1,5,0,2,0.0756104859967904,-0.0042642683826388,-1,0.3861951056908298,-0.3105846196940393,,-1,0.2300570015678943,-0.1544465155711038,,1,0,0,1,0,0,1,harmful_no_opportunity
c70bcca6e16953d7,0,1,14,1,10,0.0393977324969763,0.0003409750871363,-1,0.0801571868196589,-0.0407594543226826,,-1,0.1237549864487698,-0.0843572539517934,,1,1,0,0,0,0,1,positive
d04f957744a353ba,0,1,10,1,21,0.1639535399829263,0.0001638741232454,-1,0.2457811078407275,-0.0818275678578011,,-1,0.3038330230932147,-0.1398794831102884,,1,1,0,0,0,0,1,positive
d0c144dfeca55025,0,1,25,1,22,0.0984392131428491,-0.0001029941059838,22,0.0926490542845363,0.0057901588583127,-0.0001029941059838,-1,0.1941059352196542,-0.095666722076805,,1,0,0,0,1,0,1,harmful_opportunity
f6cbfc9328fd5914,0,1,5,1,15,0.5971377137121933,0.0028377727983173,-1,1.023465103428414,-0.4263273897162206,,-1,0.8430486259422165,-0.2459109122300232,,1,1,0,0,0,0,1,positive
d0ce91bcf7ba557a,0,1,2,1,-1,,,-1,0.0,,,-1,0.0,,,0,0,0,0,0,0,0,abstain
00bf712a8e9e59bf,0,1,1,0,-1,,,-1,0.0,,,-1,0.0,,,0,0,0,0,0,0,0,abstain
07db46e8eac253cf,0,1,12,1,16,0.2530217512025169,0.7593208522055517,16,0.2248382178455878,0.028183533356929,0.7593208522055517,-1,0.4311980282250053,-0.1781762770224884,,1,1,0,0,1,0,1,positive
13adf1483845581c,0,1,18,1,21,0.1275596190793776,0.0006412762776015,-1,0.2378728182523809,-0.1103131991730033,,21,0.1087270536499798,0.0188325654293977,0.0006412762776015,1,1,0,0,0,1,0,positive
2ffe7083e279569c,0,1,15,1,3,0.0759099948208489,0.000160507233395,-1,0.2071221370617871,-0.1312121422409382,,-1,0.1104437541943106,-0.0345337593734617,,1,1,0,0,0,0,1,positive
36857cb219845df9,0,1,14,1,7,0.0111505997441622,0.0001324263616466,-1,0.2347260398439926,-0.2235754400998303,,-1,0.1072825467567938,-0.0961319470126316,,1,1,0,0,0,0,1,positive
6f8bc109eabc5ad5,0,1,4,1,19,0.0332843123644923,-4.585174424573402e-06,-1,0.1564112334467838,-0.1231269210822914,,-1,0.0794937743329785,-0.0462094619684861,,1,0,0,0,0,0,1,harmful_opportunity
8fbfbaa44855539e,0,1,16,0,-1,,,-1,0.0,,,-1,0.0,,,0,0,0,0,0,0,0,abstain
b66888a9942d59ff,0,1,5,1,22,0.0891914892984824,0.0031217700053006,-1,0.3065407997100907,-0.2173493104116082,,-1,0.2411077759200839,-0.1519162866216014,,1,1,0,0,0,0,1,positive
e4f303186cdb50b1,0,1,4,1,19,0.0360059972796644,-4.364564421121576e-06,-1,0.1592175551110897,-0.1232115578314252,,-1,0.078809155334664,-0.0428031580549996,,1,0,0,0,0,0,1,harmful_opportunity
ee17abab9d83514f,0,1,4,0,17,0.2661902593227762,-5.260109603405505e-05,-1,1.0037823427113373,-0.737592083388561,,-1,0.3967853168733253,-0.130595057550549,,1,0,0,1,0,0,1,harmful_no_opportunity
5b4aedf8449c54ca,0,1,4,1,1,0.3036981106646081,0.0013290141742676,-1,0.4362490923525193,-0.1325509816879111,,-1,0.4273855591606894,-0.1236874484960812,,1,1,0,0,0,0,1,positive
73458ba61f445d19,0,1,16,1,9,0.0692067774063314,-2.754281880346099e-06,-1,0.2922393453796702,-0.2230325679733387,,-1,0.1437827305425521,-0.0745759531362206,,1,0,0,0,0,0,1,harmful_opportunity
7647b4788f795d71,0,1,1,1,1,0.2369589393802825,0.0035336643615271,-1,0.4297675603493489,-0.1928086209690663,,1,0.192455522105699,0.0445034172745834,0.0035336643615271,1,1,0,0,0,1,0,positive
8f2f7b6da7495074,0,1,22,1,6,0.2750697190322527,-0.0030044126219674,6,0.2400100871975232,0.0350596318347294,-0.0030044126219674,6,0.2053410405910427,0.0697286784412099,-0.0030044126219674,1,0,0,0,1,1,0,harmful_opportunity
c23e9cc0ed7e5b21,0,1,17,1,3,0.0494992337730325,0.0016556329336947,-1,0.0695133122658196,-0.0200140784927871,,-1,0.1678159195842086,-0.118316685811176,,1,1,0,0,0,0,1,positive
cdfa6ac2b00156d1,0,1,10,0,-1,,,-1,0.0,,,-1,0.0,,,0,0,0,0,0,0,0,abstain
16599b5179df53bb,0,1,7,0,-1,,,-1,0.0,,,-1,0.0,,,0,0,0,0,0,0,0,abstain
181f26554b4b5e75,0,1,15,0,9,0.2131053279119143,-0.0001236836064255,9,0.0164808116698462,0.1966245162420681,-0.0001236836064255,9,0.1938801258676803,0.0192252020442339,-0.0001236836064255,1,0,0,1,1,1,0,harmful_no_opportunity
21411e892e975adf,0,1,3,0,-1,,,-1,0.0,,,-1,0.0,,,0,0,0,0,0,0,0,abstain
24f940b7a94f5ed7,0,1,17,0,3,0.0788292181613854,-0.0003130765174522,-1,0.174157361163781,-0.0953281430023955,,-1,0.1331734578208508,-0.0543442396594653,,1,0,0,1,0,0,1,harmful_no_opportunity
257140a662885e1d,0,1,7,1,3,0.0516886667898204,0.000522074045008,-1,0.2419007591262886,-0.1902120923364682,,-1,0.075019224687655,-0.0233305578978346,,1,1,0,0,0,0,1,positive
3e1e8ae126d0578f,0,1,15,1,-1,,,-1,0.0,,,-1,0.0,,,0,0,0,0,0,0,0,abstain
40d5b1af93cf50e4,0,1,12,1,4,0.1144445606696137,8.93150708446977e-05,-1,0.2851574484580684,-0.1707128877884546,,-1,0.1195769957096096,-0.0051324350399959,,1,1,0,0,0,0,1,positive
4b30de14589f513c,0,1,14,1,23,0.1239261711985639,0.0002240603599697,23,0.119595253240441,0.0043309179581229,0.0002240603599697,-1,0.1431924153176899,-0.019266244119126,,1,1,0,0,1,0,1,positive
648d283b25fa50d1,0,1,4,0,23,0.2530075331405964,-0.0001290052613243,-1,0.4357178241282289,-0.1827102909876325,,-1,0.4924521072341435,-0.2394445740935472,,1,0,0,1,0,0,1,harmful_no_opportunity
651762602ed854bf,0,1,1,1,-1,,,-1,0.0,,,-1,0.0,,,0,0,0,0,0,0,0,abstain
864541f05d165c97,0,1,2,1,21,0.1935085229851983,7.027299320325284e-05,-1,0.5664592816958505,-0.3729507587106522,,-1,0.4001263150336364,-0.206617792048438,,1,1,0,0,0,0,1,positive
a054dd394e1b559c,0,1,17,1,21,0.4527756639738644,0.0004801966886094,21,0.3124358231655467,0.1403398408083176,0.0004801966886094,-1,0.6467778133701757,-0.1940021493963112,,1,1,0,0,1,0,1,positive
b7c6fe6429785952,0,1,15,1,22,0.1393431402315217,6.060907109617375e-05,-1,0.2415821313036337,-0.1022389910721119,,22,0.1052799456628273,0.0340631945686944,6.060907109617375e-05,1,1,0,0,0,1,0,positive
c031140da54d502a,0,1,17,1,3,0.1299209399720031,0.9911725879896434,3,0.0674068742904945,0.0625140656815086,0.9911725879896434,-1,0.1666101999679551,-0.0366892599959519,,1,1,0,0,1,0,1,positive
cdabe76a1ba75152,0,1,16,1,3,0.5871673676194018,0.990668047375232,3,0.1921774933054238,0.394989874313978,0.990668047375232,3,0.4909110831531481,0.0962562844662537,0.990668047375232,1,1,0,0,1,1,0,positive
cdccf3dfd4e153cc,0,1,24,1,21,0.4473879834141613,0.0025033863656862,21,0.2973132962173546,0.1500746871968066,0.0025033863656862,-1,0.5436843807552147,-0.0962963973410534,,1,1,0,0,1,0,1,positive
d3e0b427c9095c6f,0,1,17,1,9,0.2384780682024984,0.0002687987604178,9,0.1887402089313891,0.0497378592711092,0.0002687987604178,9,0.1379678731546762,0.1005101950478221,0.0002687987604178,1,1,0,0,1,1,0,positive
d86f407ee78151b0,0,1,5,1,-1,,,-1,0.0,,,-1,0.0,,,0,0,0,0,0,0,0,abstain
de2c82b474d85dd5,0,1,17,1,9,0.2025328713640982,0.0006124333238229,-1,0.2306787911460801,-0.0281459197819818,,9,0.1784530732756942,0.024079798088404,0.0006124333238229,1,1,0,0,0,1,0,positive
046577552dd15fc3,0,1,15,1,-1,,,-1,0.0,,,-1,0.0,,,0,0,0,0,0,0,0,abstain
1f8c9456286d59fb,0,1,17,0,9,0.1605581158987417,-0.0006121215932071,-1,0.2040935852650242,-0.0435354693662825,,9,0.13433390573884,0.0262242101599016,-0.0006121215932071,1,0,0,1,0,1,0,harmful_no_opportunity
369040b3134c5769,0,1,17,1,-1,,,-1,0.0,,,-1,0.0,,,0,0,0,0,0,0,0,abstain
39dca464ed145043,0,1,17,1,3,0.0557550442093209,1.3998703285889036e-05,-1,0.1246856282875379,-0.0689305840782169,,-1,0.2191828446280109,-0.16342780041869,,1,1,0,0,0,0,1,positive
3e940b9ccdf456b7,0,1,17,1,3,0.0558152016575229,-0.0098371612697842,-1,0.1255088034823274,-0.0696936018248045,,-1,0.2187132287689214,-0.1628980271113984,,1,0,0,0,0,0,1,harmful_opportunity
4f74e2eb505a5fd0,0,1,9,0,7,0.0179788836892131,-0.2430389412705786,-1,0.2570680232456587,-0.2390891395564455,,-1,0.0746734552630076,-0.0566945715737944,,1,0,0,1,0,0,1,harmful_no_opportunity
524cadd627f25d7f,0,1,8,0,7,0.0439366670846383,-0.2439054437735635,-1,0.2873603852015378,-0.2434237181168995,,-1,0.0698476105287038,-0.0259109434440654,,1,0,0,1,0,0,1,harmful_no_opportunity
70c45003ec3e527b,0,1,1,0,9,0.0495696802295063,-0.0006647571086881,-1,0.305600815607645,-0.2560311353781387,,-1,0.1861212861722875,-0.1365516059427812,,1,0,0,1,0,0,1,harmful_no_opportunity
b1bfa52c4bc452b7,0,1,17,1,-1,,,-1,0.0,,,-1,0.0,,,0,0,0,0,0,0,0,abstain
bed9898a4bf45a6b,0,1,17,1,-1,,,-1,0.0,,,-1,0.0,,,0,0,0,0,0,0,0,abstain
db219c4afef9558d,0,1,18,1,3,0.109005171517493,0.0001490208003551,-1,0.1575408014687879,-0.0485356299512949,,-1,0.1957708984312938,-0.0867657269138008,,1,1,0,0,0,0,1,positive
fa1f7200f4ff5651,0,1,16,0,-1,,,-1,0.0,,,-1,0.0,,,0,0,0,0,0,0,0,abstain
04e294754b4d56a6,0,1,7,1,22,0.3005936605354631,4.5298025821094434e-05,-1,0.4013568606825983,-0.1007632001471351,,-1,0.586299814864883,-0.2857061543294199,,1,1,0,0,0,0,1,positive
3a223e65af13545c,0,1,7,1,1,0.7360791112853133,1.6616739350611345,1,0.5888114529773949,0.1472676583079184,1.6616739350611345,-1,1.0342718559872084,-0.298192744701895,,1,1,0,0,1,0,1,positive
3e1f06aa9ff354c9,0,1,17,1,3,0.0872942507860932,0.000358076515142,3,0.0577491615335225,0.0295450892525707,0.000358076515142,-1,0.1688242564712052,-0.0815300056851119,,1,1,0,0,1,0,1,positive
3e3a2d672dfb5b51,0,1,6,1,6,0.1667612122709031,-1.987346634269027e-05,6,0.1218206342173817,0.0449405780535213,-1.987346634269027e-05,-1,0.3511885308353627,-0.1844273185644596,,1,0,0,0,1,0,1,harmful_opportunity
6110193eb32f5ad4,0,1,17,1,-1,,,-1,0.0,,,-1,0.0,,,0,0,0,0,0,0,0,abstain
6e075e93bd485b81,0,1,10,1,-1,,,-1,0.0,,,-1,0.0,,,0,0,0,0,0,0,0,abstain
6fc9e653b0ee5565,0,1,12,1,10,0.3179424258286458,-0.0001716095520647,-1,0.4603043440535436,-0.1423619182248977,,-1,0.4892692081054879,-0.171326782276842,,1,0,0,0,0,0,1,harmful_opportunity
99426aa893625f69,0,1,7,0,2,0.0617471534812086,-0.990559431026876,-1,0.26918116697811,-0.2074340134969014,,-1,0.0750867114365899,-0.0133395579553813,,1,0,1,1,0,0,1,catastrophe
9fb5b34a36925a6c,0,1,7,0,4,0.1135710824679139,-0.0037563836089917,-1,0.2975087777378103,-0.1839376952698964,,-1,0.1688371166403314,-0.0552660341724174,,1,0,0,1,0,0,1,harmful_no_opportunity
a1c1a996e52f5c4e,0,1,5,0,9,0.129147507251073,-0.0004672088905239,-1,0.3444098674737347,-0.2152623602226617,,-1,0.2869437321179671,-0.1577962248668941,,1,0,0,1,0,0,1,harmful_no_opportunity
a657d16d34c3519a,0,1,3,1,20,0.1935592380844824,1.784201655457297,20,0.0479308547756101,0.1456283833088723,1.784201655457297,-1,0.3475813727931022,-0.1540221347086198,,1,1,0,0,1,0,1,positive
a68adc1c27615ce9,0,1,13,0,-1,,,-1,0.0,,,-1,0.0,,,0,0,0,0,0,0,0,abstain
a75ce500226f5481,0,1,17,1,4,0.2603494602161748,-0.0008296889021993,4,0.2479987091228202,0.0123507510933545,-0.0008296889021993,4,0.126121274887593,0.1342281853285817,-0.0008296889021993,1,0,0,0,1,1,0,harmful_opportunity
b95dc2615771588d,0,1,14,1,23,0.232985093688386,1.9696841584348583,-1,0.2486868643651886,-0.0157017706768026,,-1,0.3891056969800133,-0.1561206032916273,,1,1,0,0,0,0,1,positive
c3fd16e5694a5353,0,1,10,1,9,0.02646719507444,0.0044793055554852,-1,0.3600681974193495,-0.3336010023449094,,-1,0.095270985544811,-0.0688037904703709,,1,1,0,0,0,0,1,positive
c8c5d04b848e504c,0,1,16,1,3,0.1659734801915494,0.000295684360573,-1,0.2347423264424326,-0.0687688462508832,,3,0.144474722535527,0.0214987576560224,0.000295684360573,1,1,0,0,0,1,0,positive
c944de45a71e5a38,0,1,14,0,-1,,,-1,0.0,,,-1,0.0,,,0,0,0,0,0,0,0,abstain
f7cbec94d1ff5621,0,1,3,0,-1,,,-1,0.0,,,-1,0.0,,,0,0,0,0,0,0,0,abstain
03dac455f9ec5792,0,1,18,1,23,0.2460258016774534,-0.0001943112442734,-1,0.3333244726803331,-0.0872986710028797,,23,0.2256971829251745,0.0203286187522789,-0.0001943112442734,1,0,0,0,0,1,0,harmful_opportunity
0966d80519ed5508,0,1,11,1,-1,,,-1,0.0,,,-1,0.0,,,0,0,0,0,0,0,0,abstain
222f2b699516591c,0,1,14,1,-1,,,-1,0.0,,,-1,0.0,,,0,0,0,0,0,0,0,abstain
343925e5442554f5,0,1,4,1,9,0.5838481226295662,-0.0001190353877842,-1,1.0458613853138448,-0.4620132626842785,,-1,0.933191341699075,-0.3493432190695088,,1,0,0,0,0,0,1,harmful_opportunity
650894e30d725ba8,0,1,14,0,-1,,,-1,0.0,,,-1,0.0,,,0,0,0,0,0,0,0,abstain
70a67a5dedae584b,0,1,23,1,22,0.1821758017089497,0.0002050307922065,-1,0.2087434645035205,-0.0265676627945708,,22,0.1342658036406753,0.0479099980682744,0.0002050307922065,1,1,0,0,0,1,0,positive
80c337fb67145ff6,0,1,29,1,20,0.1677480115548473,0.0002089060913768,-1,0.2484893169727864,-0.0807413054179391,,-1,0.3836651420967097,-0.2159171305418624,,1,1,0,0,0,0,1,positive
84ed4f2cc4f057ce,0,1,14,1,25,0.172805776623204,1.8950668792427905e-05,-1,0.3778006764354514,-0.2049948998122473,,-1,0.2791103186383293,-0.1063045420151253,,1,1,0,0,0,0,1,positive
8bdafd4a1d7c50eb,0,1,21,1,3,0.075166753519983,0.0008188129012006,-1,0.3504850016445304,-0.2753182481245474,,-1,0.1459118951267089,-0.0707451416067259,,1,1,0,0,0,0,1,positive
9cb860301c105ca7,0,1,9,1,20,0.5255746113163778,-3.7070147320572566e-05,-1,0.8372702096302326,-0.3116955983138547,,-1,0.8694978523094709,-0.343923240993093,,1,0,0,0,0,0,1,harmful_opportunity
a1ceb182eb7250a1,0,1,16,1,9,0.2760796406411903,0.0007709787252359,-1,0.2790934168873308,-0.0030137762461405,,9,0.113076368910397,0.1630032717307932,0.0007709787252359,1,1,0,0,0,1,0,positive
b704090abc8d5afe,0,1,30,1,18,0.1553406690888887,0.0007353571400976,18,0.0074528720757567,0.147887797013132,0.0007353571400976,-1,0.2582002234276382,-0.1028595543387494,,1,1,0,0,1,0,1,positive
fd35b4e54a465e54,0,1,1,0,7,0.1122411017486341,-2.0207331793509424,-1,0.3922598561835417,-0.2800187544349075,,-1,0.1882397404101851,-0.0759986386615509,,1,0,1,1,0,0,1,catastrophe
fe98c3c19baf5ea3,0,1,2,1,4,0.6410420944109576,2.128624531634088,4,0.5177962348738763,0.1232458595370813,2.128624531634088,4,0.1246691785581296,0.516372915852828,2.128624531634088,1,1,0,0,1,1,0,positive
05ba4ac2db9c50d2,0,1,11,1,25,0.1727854607064307,-0.98944860655242,-1,0.373018638801637,-0.2002331780952062,,-1,0.315485709610664,-0.1427002489042332,,1,0,1,0,0,0,1,catastrophe
0d399eab6caf5d71,0,1,1,0,-1,,,-1,0.0,,,-1,0.0,,,0,0,0,0,0,0,0,abstain
154c14f381535c43,0,1,1,1,24,0.2305967211942673,7.987478524418279e-05,-1,0.3221452986484078,-0.0915485774541404,,24,0.1922404628689387,0.0383562583253286,7.987478524418279e-05,1,1,0,0,0,1,0,positive
20cd0f5250875606,0,1,5,0,9,0.1943934711475888,-0.0003515167922247,-1,0.3456658687653589,-0.1512723976177701,,9,0.0864223334666984,0.1079711376808903,-0.0003515167922247,1,0,0,1,0,1,0,harmful_no_opportunity
30a3163cf0805a69,0,1,4,0,1,0.2587818534600188,-1.2324926170708386,-1,0.3694772817000556,-0.1106954282400368,,-1,0.5098197509199007,-0.2510378974598819,,1,0,1,1,0,0,1,catastrophe
3da38924ebd45f50,0,1,10,1,1,0.2897989109508466,1.728687759304978,-1,0.3482167241356531,-0.0584178131848065,,1,0.1174243219096082,0.1723745890412383,1.728687759304978,1,1,0,0,0,1,0,positive
48fd1a7abb7c59a6,0,1,19,1,23,0.2661473623851567,-0.0003539639446881,-1,0.2763686870044701,-0.0102213246193133,,-1,0.4017447066150435,-0.1355973442298867,,1,0,0,0,0,0,1,harmful_opportunity
501128405d13533f,0,1,10,1,-1,,,-1,0.0,,,-1,0.0,,,0,0,0,0,0,0,0,abstain
594c56337e94571b,0,1,14,0,-1,,,-1,0.0,,,-1,0.0,,,0,0,0,0,0,0,0,abstain
5c92fa52c5165a1e,0,1,19,1,10,0.1913259511332679,-7.041046395883654e-05,-1,0.337468232971266,-0.146142281837998,,-1,0.2926907974028017,-0.1013648462695338,,1,0,0,0,0,0,1,harmful_opportunity
83d128720881565a,0,1,17,0,3,0.0524354888181263,-0.0005778864786027,-1,0.1864940263532418,-0.1340585375351154,,-1,0.1449060362815634,-0.0924705474634371,,1,0,0,1,0,0,1,harmful_no_opportunity
95a810911ba359ec,0,1,11,0,18,0.3655633981867628,-1.2317849212438547,-1,0.9467376330648438,-0.5811742348780811,,-1,0.6591741295814851,-0.2936107313947223,,1,0,1,1,0,0,1,catastrophe
9d1adc78bda259ce,0,1,10,1,-1,,,-1,0.0,,,-1,0.0,,,0,0,0,0,0,0,0,abstain
a3b5d1855e7e5d96,0,1,12,1,5,0.8865874639511729,0.1193620606041702,5,0.7304492225377619,0.156138241413411,0.1193620606041702,-1,1.1912134845996467,-0.3046260206484737,,1,1,0,0,1,0,1,positive
bbc08519add25675,0,1,3,1,9,0.34343464965122,2.284032596921548,-1,0.3945984888249965,-0.0511638391737764,,-1,0.5171663814869368,-0.1737317318357167,,1,1,0,0,0,0,1,positive
bf75c93832c7569d,0,1,9,1,-1,,,-1,0.0,,,-1,0.0,,,0,0,0,0,0,0,0,abstain
d5b4a2295da55f8c,0,1,5,0,7,2.0232822920408102,-1.2230283835736102,7,1.0218833061451873,1.001398985895623,-1.2230283835736102,-1,2.6833586339442745,-0.6600763419034643,,1,0,1,1,1,0,1,catastrophe
dec7d1a6632a516c,0,1,9,1,1,0.2095299925044658,0.0097562610348436,-1,0.3636866941615695,-0.1541567016571037,,-1,0.3133305958629348,-0.1038006033584689,,1,1,0,0,0,0,1,positive
e14c53a47ffc5fe0,0,1,21,1,24,0.2705662984108091,-0.0002950868985615,-1,0.3042469135132899,-0.0336806151024807,,-1,0.3522236963147186,-0.0816573979039094,,1,0,0,0,0,0,1,harmful_opportunity
0624fd97bb1d5859,0,1,23,1,22,0.307087604126155,0.0001875565206632,-1,0.3241744410196703,-0.0170868368935153,,-1,0.4637941418917095,-0.1567065377655545,,1,1,0,0,0,0,1,positive
1289017760ab5cda,0,1,22,1,23,0.1695696067585175,-0.0001021183120086,-1,0.3169643186698842,-0.1473947119113667,,-1,0.2918773736956051,-0.1223077669370876,,1,0,0,0,0,0,1,harmful_opportunity
15210c5280b851a8,0,1,18,1,24,0.0783254314371099,1.220051444119215,-1,0.2350121618534469,-0.156686730416337,,-1,0.2713045548442248,-0.1929791234071148,,1,1,0,0,0,0,1,positive
327472f9f4b755a7,0,1,12,1,-1,,,-1,0.0,,,-1,0.0,,,0,0,0,0,0,0,0,abstain
35c70713d92251fc,0,1,12,1,17,0.1413127678783992,0.0,-1,0.2218255441871746,-0.0805127763087754,,17,0.0954062059732999,0.0459065619050992,0.0,1,0,0,0,0,1,0,harmful_opportunity
3a4fd1d48a995545,0,1,12,1,19,0.3629425684112401,0.0142617651462133,-1,0.5887558873099337,-0.2258133188986935,,-1,0.5742329764605776,-0.2112904080493374,,1,1,0,0,0,0,1,positive
3c9d60b02bfb51c0,0,1,17,0,9,0.2019859033669045,-0.0004975407660006,-1,0.2227010172228448,-0.0207151138559402,,9,0.1597507005438414,0.0422352028230631,-0.0004975407660006,1,0,0,1,0,1,0,harmful_no_opportunity
4750b9c4cfbd5d3f,0,1,2,0,-1,,,-1,0.0,,,-1,0.0,,,0,0,0,0,0,0,0,abstain
506ddb4d458f5a70,0,1,1,0,9,0.2129942629495222,-0.9297249210089444,-1,0.3047070888321762,-0.0917128258826539,,9,0.1916454547877096,0.0213488081618126,-0.9297249210089444,1,0,1,1,0,1,0,catastrophe
54dbabed00525444,0,1,17,0,6,0.1129828642843183,-0.0001196603953605,-1,0.274107377529674,-0.1611245132453556,,-1,0.2850026266181761,-0.1720197623338577,,1,0,0,1,0,0,1,harmful_no_opportunity
77f9220d917b52d0,0,1,12,1,1,0.1751107123164369,0.9964797705322505,-1,0.3077319264009832,-0.1326212140845462,,-1,0.2710155880922245,-0.0959048757757876,,1,1,0,0,0,0,1,positive
7ca96f8e844f56ca,0,1,15,1,20,0.3163398267823767,3.252210966228601,-1,0.428159366777906,-0.1118195399955292,,-1,0.3484762124858652,-0.0321363857034884,,1,1,0,0,0,0,1,positive
7d363b1db0fc5975,0,1,11,1,5,0.0515535415839632,-0.9769596037015144,-1,0.3054604584065674,-0.2539069168226041,,-1,0.1691875682984123,-0.117634026714449,,1,0,1,0,0,0,1,catastrophe
8813e8c6790a59d3,0,1,13,1,22,0.2954325623573707,0.0001085729885146,-1,0.3772255673183656,-0.0817930049609948,,-1,0.4415146942986538,-0.1460821319412831,,1,1,0,0,0,0,1,positive
9626975e16725ec8,0,1,20,1,22,0.0387127754169094,0.0008604435924439,-1,0.3169766180300063,-0.2782638426130968,,-1,0.1280510321498001,-0.0893382567328906,,1,1,0,0,0,0,1,positive
9907ad0101c45e09,0,1,1,0,-1,,,-1,0.0,,,-1,0.0,,,0,0,0,0,0,0,0,abstain
9e720f0176b35d63,0,1,24,1,19,0.2363259581218463,-9.262234168127192e-05,-1,0.4011253782224985,-0.1647994201006521,,-1,0.3747716159046323,-0.1384456577827859,,1,0,0,0,0,0,1,harmful_opportunity
a67f3948c2445760,0,1,3,1,3,0.030472551691319,0.0006509598884731,-1,0.2805261206835017,-0.2500535689921827,,-1,0.089175251279962,-0.0587026995886429,,1,1,0,0,0,0,1,positive
a8e99095a8235549,0,1,4,0,16,0.5009691622233208,-1.2318749638779087,-1,1.0777284583069364,-0.5767592960836156,,-1,0.7718490714718014,-0.2708799092484806,,1,0,1,1,0,0,1,catastrophe
aed1237adf57578c,0,1,1,1,0,0.3113336971456892,1.0332035451421078,-1,0.4550557163522836,-0.1437220192065944,,0,0.194969579022896,0.1163641181227931,1.0332035451421078,1,1,0,0,0,1,0,positive
ba5ddc3d1d5d56ad,0,1,1,0,25,0.2006617011717707,-3.65264862778325e-05,25,0.0,0.2006617011717707,-3.65264862778325e-05,25,0.1912285826771219,0.0094331184946488,-3.65264862778325e-05,1,0,0,1,1,1,0,harmful_no_opportunity
c81dc86e054f566d,0,1,15,1,3,0.0446817022815315,0.0005305072082206,-1,0.1995340834624286,-0.1548523811808971,,-1,0.1070376946296916,-0.0623559923481601,,1,1,0,0,0,0,1,positive
cffbf96734fa5f35,0,1,2,0,1,0.0905889789082065,-0.0001211573171431,-1,0.3592970549835439,-0.2687080760753373,,-1,0.1674785270648424,-0.0768895481566359,,1,0,0,1,0,0,1,harmful_no_opportunity
f4ba7c7ca86f5233,0,1,13,1,22,0.3020711472082559,6.64908149863308e-05,-1,0.3776648867795019,-0.0755937395712459,,-1,0.4532299067361698,-0.1511587595279138,,1,1,0,0,0,0,1,positive
045cd7a008c65925,0,1,17,1,9,0.2187556230918365,0.0004271200689487,9,0.2084532977938041,0.0103023252980324,0.0004271200689487,-1,0.3611249556754745,-0.1423693325836379,,1,1,0,0,1,0,1,positive
0c77a4182a655cf9,0,1,3,1,-1,,,-1,0.0,,,-1,0.0,,,0,0,0,0,0,0,0,abstain
1470dbcb0c415442,0,1,9,1,9,0.0258193396029285,0.0005928187692534,-1,0.1609667885018653,-0.1351474488989368,,-1,0.3047793329903715,-0.278959993387443,,1,1,0,0,0,0,1,positive
208da297c61b5a6b,0,1,14,0,9,0.2282433716521233,-0.0002173149178734,-1,0.2486236424986825,-0.0203802708465591,,9,0.1101359738028538,0.1181073978492695,-0.0002173149178734,1,0,0,1,0,1,0,harmful_no_opportunity
249837af09305794,0,1,2,0,-1,,,-1,0.0,,,-1,0.0,,,0,0,0,0,0,0,0,abstain
2648d4ed541751cc,0,1,13,1,-1,,,-1,0.0,,,-1,0.0,,,0,0,0,0,0,0,0,abstain
2e3481cf5ec35baa,0,1,14,0,-1,,,-1,0.0,,,-1,0.0,,,0,0,0,0,0,0,0,abstain
31d6d7b013a75d29,0,1,17,1,9,0.1573999275685835,0.00015953127658,-1,0.1844312013572023,-0.0270312737886187,,9,0.1389878713332626,0.0184120562353208,0.00015953127658,1,1,0,0,0,1,0,positive
45389fbdea6657a0,0,1,10,0,6,0.051154231763046,-0.0003288350688643,-1,0.2672552945078124,-0.2161010627447663,,-1,0.1159783454982355,-0.0648241137351895,,1,0,0,1,0,0,1,harmful_no_opportunity
46bf28b955d051b1,0,1,29,1,5,0.0061431271667552,-0.0003345792815641,-1,0.0503220948591873,-0.044178967692432,,-1,0.2631569028341319,-0.2570137756673766,,1,0,0,0,0,0,1,harmful_opportunity
4efebde6623256df,0,1,6,1,-1,,,-1,0.0,,,-1,0.0,,,0,0,0,0,0,0,0,abstain
5991dfcee3185e01,0,1,15,0,2,0.2289757826230753,-3.552210174457291e-05,-1,0.3717096588664563,-0.1427338762433809,,-1,0.2716282927400475,-0.0426525101169722,,1,0,0,1,0,0,1,harmful_no_opportunity
6c82dcb2637f5ad4,0,1,3,0,9,0.254706379729819,-0.0003719746213523,-1,0.2815803677083139,-0.0268739879784948,,-1,0.4770983473243795,-0.2223919675945604,,1,0,0,1,0,0,1,harmful_no_opportunity
1a9e0797610e5da4,1,2,17,1,9,0.067860900177485,-0.0003152008085511,-1,0.1359395211274462,-0.0680786209499611,,-1,0.0715865745521989,-0.0037256743747138,,1,0,0,0,0,0,1,harmful_opportunity
31e5a1e6febd5acb,1,2,12,1,4,0.1001262372180711,0.0022942917462438,-1,0.1614546620543132,-0.061328424836242,,-1,0.1472321069391005,-0.0471058697210294,,1,1,0,0,0,0,1,positive
3f0c33142293536e,1,2,11,1,19,0.1759833801899673,0.0,19,0.1638213938662355,0.0121619863237317,0.0,-1,0.2929493745195916,-0.1169659943296243,,1,0,0,0,1,0,1,harmful_opportunity
48fc14e048fb5fe2,1,2,18,1,23,0.1377213293175721,0.0001272183358669,23,0.0894388683464338,0.0482824609711383,0.0001272183358669,23,0.0746284165353237,0.0630929127822484,0.0001272183358669,1,1,0,0,1,1,0,positive
65f00228b6bc54b5,1,2,17,1,-1,,,-1,0.0,,,-1,0.0,,,0,0,0,0,0,0,0,abstain
d22547ad7061548d,1,2,11,1,26,0.5517393249386024,0.0043491496021159,26,0.2457292121048085,0.3060101128337938,0.0043491496021159,26,0.378563264641966,0.1731760602966364,0.0043491496021159,1,1,0,0,1,1,0,positive
ebc361211e395b18,1,2,19,0,-1,,,-1,0.0,,,-1,0.0,,,0,0,0,0,0,0,0,abstain
f757646a2d865977,1,2,1,0,5,0.0157890678845987,-0.0002396740362047,-1,0.1688795665218233,-0.1530904986372245,,-1,0.1203647805749717,-0.1045757126903729,,1,0,0,1,0,0,1,harmful_no_opportunity
9ca3798eb199579e,1,2,10,0,23,0.1914482223399789,-7.272584703751916e-05,23,0.1333664430041602,0.0580817793358187,-7.272584703751916e-05,23,0.1837741956811452,0.0076740266588337,-7.272584703751916e-05,1,0,0,1,1,1,0,harmful_no_opportunity
f7050dbcd3c954f3,1,2,6,1,2,0.0975107973028239,1.2324836412908278,-1,0.2005732580928663,-0.1030624607900423,,-1,0.1339036873878831,-0.0363928900850591,,1,1,0,0,0,0,1,positive
180f81d1ca5c5ee3,1,2,17,1,23,0.1443417416229646,7.068096973794624e-05,23,0.116202166505995,0.0281395751169695,7.068096973794624e-05,23,0.143770741335601,0.0005710002873635,7.068096973794624e-05,1,1,0,0,1,1,0,positive
1bd8ca835d485cd8,1,2,14,1,23,0.0869700583000563,0.0001267136363314,-1,0.1116669983695131,-0.0246969400694568,,23,0.0320003799578773,0.0549696783421789,0.0001267136363314,1,1,0,0,0,1,0,positive
291db523bb115ccf,1,2,16,1,24,0.1697532472292033,-8.852075822662897e-05,24,0.1133893265191288,0.0563639207100744,-8.852075822662897e-05,24,0.0938092088868281,0.0759440383423751,-8.852075822662897e-05,1,0,0,0,1,1,0,harmful_opportunity
2d4f708394ef542e,1,2,2,0,-1,,,-1,0.0,,,-1,0.0,,,0,0,0,0,0,0,0,abstain
39346eef49ad52a6,1,2,16,0,2,0.0003899191943174,-1.8276321345854372,-1,0.1987224178168607,-0.1983324986225432,,2,0.0,0.0003899191943174,-1.8276321345854372,1,0,1,1,0,1,0,catastrophe
621fb14952d45fbc,1,2,2,0,2,0.076859351701205,-1.793281329542026,-1,0.2441827861546635,-0.1673234344534584,,-1,0.174210224140635,-0.0973508724394299,,1,0,1,1,0,0,1,catastrophe
79a3cfc7d4535d5f,1,2,14,1,25,0.4144419323145974,0.0030683114655256,25,0.2618491248623357,0.1525928074522617,0.0030683114655256,25,0.3341841886930266,0.0802577436215708,0.0030683114655256,1,1,0,0,1,1,0,positive
7a90e31caaa35114,1,2,11,1,23,0.000844679722542,-0.0002471273148438,-1,0.1094703675554713,-0.1086256878329292,,23,0.0,0.000844679722542,-0.0002471273148438,1,0,0,0,0,1,0,harmful_opportunity
9e4525cb8f5e5fcd,1,2,15,0,-1,,,-1,0.0,,,-1,0.0,,,0,0,0,0,0,0,0,abstain
c5e0107671965987,1,2,13,0,-1,,,-1,0.0,,,-1,0.0,,,0,0,0,0,0,0,0,abstain
ca00c31168b252d5,1,2,16,1,-1,,,-1,0.0,,,-1,0.0,,,0,0,0,0,0,0,0,abstain
e2c31e25cb35514d,1,2,14,1,9,0.1786756793643761,-0.0005410650956444,9,0.1387025128210458,0.0399731665433302,-0.0005410650956444,-1,0.2805435397840083,-0.1018678604196322,,1,0,0,0,1,0,1,harmful_opportunity
114a8e53ec3c5e0d,1,2,3,1,-1,,,-1,0.0,,,-1,0.0,,,0,0,0,0,0,0,0,abstain
1907423ff64a51eb,1,2,9,1,22,0.1844532815796694,4.7492956556399735e-05,22,0.1365917713520984,0.0478615102275709,4.7492956556399735e-05,-1,0.2833397027678567,-0.0988864211881873,,1,1,0,0,1,0,1,positive
b8091003cbb95da3,1,2,2,1,21,0.0097189837439082,0.0057995361132896,-1,0.2711715743779423,-0.2614525906340341,,-1,0.0552808413062491,-0.0455618575623409,,1,1,0,0,0,0,1,positive
c9281513f02f50f2,1,2,12,1,23,0.0998620397945753,0.0,-1,0.1512057951336401,-0.0513437553390647,,-1,0.1544509959841078,-0.0545889561895324,,1,0,0,0,0,0,1,harmful_opportunity
eeb054ac63575b33,1,2,2,1,-1,,,-1,0.0,,,-1,0.0,,,0,0,0,0,0,0,0,abstain
6988613e2a3557be,1,2,17,1,-1,,,-1,0.0,,,-1,0.0,,,0,0,0,0,0,0,0,abstain
b66ea7e3342b533b,1,2,2,0,2,0.1498102374783007,-5.520669647962606e-05,-1,0.2906569561675153,-0.1408467186892146,,-1,0.2731905659914267,-0.123380328513126,,1,0,0,1,0,0,1,harmful_no_opportunity
ebdc46dacb5f53f2,1,2,20,1,21,0.059523338066818,7.133007049464624e-07,-1,0.1315137315902425,-0.0719903935234245,,-1,0.0612327326903942,-0.0017093946235762,,1,1,0,0,0,0,1,positive
06a937676ff65c69,1,2,17,1,9,0.1457244736804245,-0.0008672325992258,-1,0.1544808738218212,-0.0087564001413966,,-1,0.2107126545755026,-0.0649881808950781,,1,0,0,0,0,0,1,harmful_opportunity
26f611f146275818,1,2,17,1,-1,,,-1,0.0,,,-1,0.0,,,0,0,0,0,0,0,0,abstain
441987f47a6f5784,1,2,9,0,-1,,,-1,0.0,,,-1,0.0,,,0,0,0,0,0,0,0,abstain
5f4392860e5752ce,1,2,6,1,24,0.222149187005187,-0.000464562402782,24,0.1402347865855786,0.0819144004196083,-0.000464562402782,-1,0.2689095861695223,-0.0467603991643353,,1,0,0,0,1,0,1,harmful_opportunity
5fde760ec9f05c3d,1,2,16,1,22,0.509443486967129,-0.0001297025804172,22,0.2529972364531252,0.2564462505140038,-0.0001297025804172,22,0.3940495027918203,0.1153939841753087,-0.0001297025804172,1,0,0,0,1,1,0,harmful_opportunity
606e5b5125985e1f,1,2,12,1,-1,,,-1,0.0,,,-1,0.0,,,0,0,0,0,0,0,0,abstain
73cd1e45d87156ee,1,2,18,1,23,0.383533882953274,0.0003884504090763,23,0.2266679342092395,0.1568659487440345,0.0003884504090763,23,0.3307874330929557,0.0527464498603183,0.0003884504090763,1,1,0,0,1,1,0,positive
7a9a7b86210b5dc4,1,2,17,0,3,0.1223014329312727,-0.0001631911307573,-1,0.1561132481497366,-0.0338118152184639,,-1,0.1681827518291831,-0.0458813188979104,,1,0,0,1,0,0,1,harmful_no_opportunity
81195788481d5844,1,2,17,1,-1,,,-1,0.0,,,-1,0.0,,,0,0,0,0,0,0,0,abstain
948d834b78515695,1,2,10,1,22,0.0786345226336342,2.8722488693892767e-05,-1,0.1258163705560451,-0.0471818479224109,,-1,0.1172598149184335,-0.0386252922847992,,1,1,0,0,0,0,1,positive
a08635adfbc45990,1,2,16,1,-1,,,-1,0.0,,,-1,0.0,,,0,0,0,0,0,0,0,abstain
a5836bf6d71f58f2,1,2,17,1,9,0.0483777762411058,0.000861446211487,-1,0.1694985337029775,-0.1211207574618717,,9,0.0316106801290568,0.016767096112049,0.000861446211487,1,1,0,0,0,1,0,positive
a6e92119ed185a7d,1,2,19,0,-1,,,-1,0.0,,,-1,0.0,,,0,0,0,0,0,0,0,abstain
aeb0da156a7b5426,1,2,3,1,21,0.4016152735521289,8.050889065489182e-05,-1,0.4893773006485106,-0.0877620270963817,,21,0.362557158334056,0.0390581152180728,8.050889065489182e-05,1,1,0,0,0,1,0,positive
b024a29a38815f5d,1,2,10,1,-1,,,-1,0.0,,,-1,0.0,,,0,0,0,0,0,0,0,abstain
c0eff628bb5d57f2,1,2,5,0,9,0.1919309276150189,-0.0002712661859579,-1,0.2780301300146071,-0.0860992023995881,,-1,0.2961509474355935,-0.1042200198205745,,1,0,0,1,0,0,1,harmful_no_opportunity
c2ef8af22b6b57fa,1,2,16,1,8,0.0314021350363716,0.0006266896873712,-1,0.138915432447559,-0.1075132974111873,,8,0.0,0.0314021350363716,0.0006266896873712,1,1,0,0,0,1,0,positive
e2becee9277c5811,1,2,18,1,22,0.4637404023987865,0.0001367530750111,22,0.2018256524782208,0.2619147499205657,0.0001367530750111,22,0.3971297763081241,0.0666106260906624,0.0001367530750111,1,1,0,0,1,1,0,positive
e7c6e7ca0bf75a88,1,2,17,1,-1,,,-1,0.0,,,-1,0.0,,,0,0,0,0,0,0,0,abstain
f845609710815b95,1,2,16,1,22,0.5103017594189099,-0.0001336572684111,22,0.2517413760237244,0.2585603833951854,-0.0001336572684111,22,0.3885902508718394,0.1217115085470704,-0.0001336572684111,1,0,0,0,1,1,0,harmful_opportunity
0e7c79855e005220,1,2,17,1,3,0.1567587199850295,0.989674308249508,-1,0.2481415287197873,-0.0913828087347578,,3,0.0934579834493138,0.0633007365357157,0.989674308249508,1,1,0,0,0,1,0,positive
14dd0d86a4d353af,1,2,1,0,-1,,,-1,0.0,,,-1,0.0,,,0,0,0,0,0,0,0,abstain
2d691673d2a75468,1,2,5,1,9,0.2046044900958258,-0.0005493406044321,-1,0.3074968500553772,-0.1028923599595513,,-1,0.3287818789498075,-0.1241773888539816,,1,0,0,0,0,0,1,harmful_opportunity
4a475083531f544e,1,2,17,1,5,0.0152957417616315,0.0005351796336472,-1,0.1910883149545333,-0.1757925731929017,,5,0.0,0.0152957417616315,0.0005351796336472,1,1,0,0,0,1,0,positive
4aa6a5b42a9d5a1a,1,2,4,0,-1,,,-1,0.0,,,-1,0.0,,,0,0,0,0,0,0,0,abstain
4f8180de60ff5016,1,2,16,1,-1,,,-1,0.0,,,-1,0.0,,,0,0,0,0,0,0,0,abstain
65f6f0aad1645746,1,2,15,0,-1,,,-1,0.0,,,-1,0.0,,,0,0,0,0,0,0,0,abstain
86935537a5e256bd,1,2,3,1,23,0.1231613475703427,-4.216529144323439e-05,-1,0.219101057607063,-0.0959397100367202,,-1,0.1575584926217015,-0.0343971450513587,,1,0,0,0,0,0,1,harmful_opportunity
91dfe4ebf3c25298,1,2,3,0,-1,,,-1,0.0,,,-1,0.0,,,0,0,0,0,0,0,0,abstain
ae93b0cb5f2752c9,1,2,7,1,23,0.2090003092380338,-1.621068492024813e-06,-1,0.2224639658491837,-0.0134636566111498,,-1,0.3262139494661966,-0.1172136402281627,,1,0,0,0,0,0,1,harmful_opportunity
c4b429aa06c65c18,1,2,5,1,27,0.1829648659151209,2.0200232751698115,27,0.1614510623218389,0.021513803593282,2.0200232751698115,-1,0.3228546699436826,-0.1398898040285617,,1,1,0,0,1,0,1,positive
d124fe4c82a0504a,1,2,14,0,-1,,,-1,0.0,,,-1,0.0,,,0,0,0,0,0,0,0,abstain
d8a9f79a9b2f5af3,1,2,1,1,22,1.20704336188775,3.149701463542634,22,0.3469487191369766,0.8600946427507734,3.149701463542634,-1,2.2418431450426746,-1.0347997831549245,,1,1,0,0,1,0,1,positive
d9b829983ef95e41,1,2,17,0,-1,,,-1,0.0,,,-1,0.0,,,0,0,0,0,0,0,0,abstain
dba43762ec9a571c,1,2,3,0,-1,,,-1,0.0,,,-1,0.0,,,0,0,0,0,0,0,0,abstain
fefa06851c7f58a7,1,2,7,1,20,0.2475751952100125,-1.232325807697454,20,0.1634649051771547,0.0841102900328577,-1.232325807697454,-1,0.3124889311201617,-0.0649137359101492,,1,0,1,0,1,0,1,catastrophe
185ce8f5060f5856,1,2,1,0,-1,,,-1,0.0,,,-1,0.0,,,0,0,0,0,0,0,0,abstain
6b5577a2a92d5e63,1,2,14,1,4,0.1546974795209342,-4.862848371267603e-05,-1,0.2057301788751132,-0.051032699354179,,-1,0.2414629895839697,-0.0867655100630354,,1,0,0,0,0,0,1,harmful_opportunity
6d5d40bcf2f153a8,1,2,28,1,11,0.3056315383103962,0.0014631343937406,11,0.0392312976145095,0.2664002406958866,0.0014631343937406,-1,0.4512068204738503,-0.1455752821634541,,1,1,0,0,1,0,1,positive
8ce184b9fe795518,1,2,12,1,12,0.2697113966484706,0.0,12,0.1663922304721036,0.103319166176367,0.0,12,0.1915254112994958,0.0781859853489748,0.0,1,0,0,0,1,1,0,harmful_opportunity
ae75c379fc4f5ac0,1,2,15,1,-1,,,-1,0.0,,,-1,0.0,,,0,0,0,0,0,0,0,abstain
bc30bddda7655472,1,2,17,1,-1,,,-1,0.0,,,-1,0.0,,,0,0,0,0,0,0,0,abstain
ec003315c7f8544e,1,2,13,1,7,0.3000589655082053,1.625132601845264,-1,0.3244162165520117,-0.0243572510438064,,7,0.2198512809959552,0.0802076845122501,1.625132601845264,1,1,0,0,0,1,0,positive
f80967dcb45f5879,1,2,25,1,25,0.2387807976232137,-8.79884749651616e-05,25,0.1281699829457115,0.1106108146775021,-8.79884749651616e-05,25,0.1399112826218098,0.0988695150014038,-8.79884749651616e-05,1,0,0,0,1,1,0,harmful_opportunity
f8295ad66d0b502a,1,2,18,1,23,0.0323762385235986,0.0001384854522026,-1,0.1138522932845061,-0.0814760547609075,,23,0.0165987275643693,0.0157775109592293,0.0001384854522026,1,1,0,0,0,1,0,positive
00d83b17d1755be3,1,2,7,0,-1,,,-1,0.0,,,-1,0.0,,,0,0,0,0,0,0,0,abstain
07f7850e943e5787,1,2,17,1,9,0.0010526287388362,-0.0003208969734609,-1,0.14986265005498,-0.1488100213161438,,9,0.0,0.0010526287388362,-0.0003208969734609,1,0,0,0,0,1,0,harmful_opportunity
0bd45dc9e3a759c2,1,2,17,1,17,0.1101286099339962,0.000105648253858,-1,0.1975356455296441,-0.0874070355956479,,17,0.1023387575354855,0.0077898523985106,0.000105648253858,1,1,0,0,0,1,0,positive
183eebcd18325090,1,2,12,1,22,0.149891029584383,-2.6754828193224865e-05,-1,0.2689673968440302,-0.1190763672596472,,-1,0.240057041115022,-0.090166011530639,,1,0,0,0,0,0,1,harmful_opportunity
19b32f02944d51ad,1,2,19,1,20,0.1436572762248105,4.461837168800997e-05,20,0.122062850805153,0.0215944254196574,4.461837168800997e-05,20,0.0450059625196822,0.0986513137051283,4.461837168800997e-05,1,1,0,0,1,1,0,positive
1de30d88d7e15d70,1,2,11,1,4,0.1436918799428695,0.0004073154002428,-1,0.3066061911218015,-0.1629143111789319,,-1,0.147858992188429,-0.0041671122455594,,1,1,0,0,0,0,1,positive
351a31864bda5923,1,2,12,1,9,0.1666088868814431,-0.0003158109522206,9,0.1509941869549968,0.0156146999264462,-0.0003158109522206,-1,0.2636567136603864,-0.0970478267789433,,1,0,0,0,1,0,1,harmful_opportunity
42e1302d4d595015,1,2,24,0,23,0.1973050792219317,-3.214230805159701e-05,23,0.1151240787813021,0.0821810004406296,-3.214230805159701e-05,-1,0.2501034627868628,-0.0527983835649311,,1,0,0,1,1,0,1,harmful_no_opportunity
436d539f02525dbf,1,2,9,1,-1,,,-1,0.0,,,-1,0.0,,,0,0,0,0,0,0,0,abstain
53791dfcfb555d8b,1,2,13,0,-1,,,-1,0.0,,,-1,0.0,,,0,0,0,0,0,0,0,abstain
5787abf0e35d54cf,1,2,12,1,9,0.1248199085838309,-0.0003529437301916,-1,0.1674597513725328,-0.0426398427887019,,-1,0.1860683951075355,-0.0612484865237045,,1,0,0,0,0,0,1,harmful_opportunity
6a860de43c125dbf,1,2,17,1,9,0.2049325584496877,0.0001310493692754,-1,0.2107540979324827,-0.0058215394827949,,-1,0.2437734429444713,-0.0388408844947836,,1,1,0,0,0,0,1,positive
7b1eb807d4d95132,1,2,17,0,6,0.0619950175742606,-0.0012438182294368,-1,0.1925577270390016,-0.130562709464741,,6,0.0556088475602126,0.006386170014048,-0.0012438182294368,1,0,0,1,0,1,0,harmful_no_opportunity
89ec4c93349d5b58,1,2,25,1,22,0.5054108353610807,-5.431908551845055e-05,22,0.1958549623794256,0.3095558729816551,-5.431908551845055e-05,22,0.3659925292935257,0.1394183060675549,-5.431908551845055e-05,1,0,0,0,1,1,0,harmful_opportunity
a3fff53e9f375592,1,2,6,1,-1,,,-1,0.0,,,-1,0.0,,,0,0,0,0,0,0,0,abstain
a6bf958e054951f3,1,2,16,0,7,0.0266739883942886,-0.0005569157022051,-1,0.1964018532993472,-0.1697278649050586,,7,0.0,0.0266739883942886,-0.0005569157022051,1,0,0,1,0,1,0,harmful_no_opportunity
ad9cdad9769f572f,1,2,15,1,10,0.1477735710132283,-8.041050173335229e-05,-1,0.2202755593583408,-0.0725019883451125,,10,0.1320363367565223,0.0157372342567059,-8.041050173335229e-05,1,0,0,0,0,1,0,harmful_opportunity
c2c39f197ef95b97,1,2,25,1,20,0.1448880799919503,5.784040018896874e-05,-1,0.1645182145013479,-0.0196301345093975,,-1,0.2125980801659698,-0.0677100001740194,,1,1,0,0,0,0,1,positive
cf7a886f70be5245,1,2,14,1,20,0.1829912191300188,0.0004713724773375,-1,0.3212608842359952,-0.1382696651059763,,20,0.1622251805952077,0.0207660385348111,0.0004713724773375,1,1,0,0,0,1,0,positive
d7ed9fbf26d0502e,1,2,14,1,9,0.1523826617382438,-0.000349602394551,9,0.1473769314755705,0.0050057302626733,-0.000349602394551,-1,0.2325368745584417,-0.0801542128201979,,1,0,0,0,1,0,1,harmful_opportunity
e9922a266cc35210,1,2,1,0,-1,,,-1,0.0,,,-1,0.0,,,0,0,0,0,0,0,0,abstain
eef9e53ca3eb51a8,1,2,8,0,2,0.0368163456877717,-1.8450037153049488,-1,0.2251673845041685,-0.1883510388163967,,-1,0.0492031295814952,-0.0123867838937234,,1,0,1,1,0,0,1,catastrophe
f19973f839e35f20,1,2,4,1,-1,,,-1,0.0,,,-1,0.0,,,0,0,0,0,0,0,0,abstain
02fca515559f520d,1,2,11,1,0,0.1076566095881033,-5.087164717831882e-05,-1,0.15898047446288,-0.0513238648747767,,-1,0.1080987797999019,-0.0004421702117985,,1,0,0,0,0,0,1,harmful_opportunity
115efd50328f5ecc,1,2,18,1,-1,,,-1,0.0,,,-1,0.0,,,0,0,0,0,0,0,0,abstain
117049ed19db55a2,1,2,20,1,25,0.2123565456466162,-0.0005033181324601,25,0.0939638853265086,0.1183926603201075,-0.0005033181324601,25,0.1576387572168406,0.0547177884297755,-0.0005033181324601,1,0,0,0,1,1,0,harmful_opportunity
2154d495b9b657a5,1,2,3,0,6,1.4060280125472815,-1.220322729590535,6,0.4016847917614169,1.004343220785865,-1.220322729590535,6,1.283960522624788,0.1220674899224938,-1.220322729590535,1,0,1,1,1,1,0,catastrophe
2c572f2c1c485fc0,1,2,16,1,-1,,,-1,0.0,,,-1,0.0,,,0,0,0,0,0,0,0,abstain
3152efff212c51ff,1,2,3,1,1,0.2935946569372989,-0.0102287174349422,1,0.2792070278799349,0.0143876290573639,-0.0102287174349422,-1,0.3231372239397244,-0.0295425670024254,,1,0,0,0,1,0,1,harmful_opportunity
327d5cdfdd695e7e,1,2,17,1,3,0.176566180637329,0.0001152485769475,3,0.139252410841618,0.0373137697957109,0.0001152485769475,-1,0.258526406822829,-0.0819602261855,,1,1,0,0,1,0,1,positive
64fe109ec6a858ec,1,2,24,1,14,0.1030903321181174,-0.0001836422961903,-1,0.1606527137428038,-0.0575623816246863,,-1,0.1359756352989044,-0.032885303180787,,1,0,0,0,0,0,1,harmful_opportunity
6c95d9b03b7a5944,1,2,6,1,10,0.0965010350228222,-0.0025507494289427,-1,0.2584762930729588,-0.1619752580501365,,-1,0.1451617188268231,-0.0486606838040008,,1,0,0,0,0,0,1,harmful_opportunity
73963278f6eb5002,1,2,10,1,18,0.1413580756368672,0.0,-1,0.2448269279284024,-0.1034688522915351,,-1,0.2321399078256132,-0.0907818321887459,,1,0,0,0,0,0,1,harmful_opportunity
799dcf813dba5d8a,1,2,6,0,4,0.0180210547767016,-0.0031884899966418,-1,0.2381793347064763,-0.2201582799297747,,-1,0.0236901418198932,-0.0056690870431915,,1,0,0,1,0,0,1,harmful_no_opportunity
7b6dfa3d4bc553a9,1,2,15,1,15,0.1407745227683244,0.0,-1,0.2762848052067891,-0.1355102824384647,,-1,0.2177609824536555,-0.0769864596853311,,1,0,0,0,0,0,1,harmful_opportunity
842b7f0b68fc5245,1,2,16,1,20,0.2373164256761826,1.2322185659539886,20,0.2073955820660507,0.0299208436101319,1.2322185659539886,-1,0.2900945204960254,-0.0527780948198428,,1,1,0,0,1,0,1,positive
86839ab67df151f2,1,2,9,1,1,0.1533425829309448,7.329354990481818e-05,-1,0.1907301681489691,-0.0373875852180242,,-1,0.1643023886384499,-0.0109598057075051,,1,1,0,0,0,0,1,positive
9a3e4f2df62b54fa,1,2,14,0,22,0.1087206653252855,-0.000212181274418,-1,0.1914977523903017,-0.0827770870650161,,22,0.0737312754662571,0.0349893898590284,-0.000212181274418,1,0,0,1,0,1,0,harmful_no_opportunity
a7c4607a69e55039,1,2,17,1,23,0.1311335441940994,-0.0001578706935048,23,0.1107401880920697,0.0203933561020297,-0.0001578706935048,23,0.1040204207829187,0.0271131234111806,-0.0001578706935048,1,0,0,0,1,1,0,harmful_opportunity
c608632e83a659ca,1,2,27,1,-1,,,-1,0.0,,,-1,0.0,,,0,0,0,0,0,0,0,abstain
d022d382b3aa5fa1,1,2,10,1,-1,,,-1,0.0,,,-1,0.0,,,0,0,0,0,0,0,0,abstain
d07acbfa3a6e55b0,1,2,17,1,3,0.0036022067530751,-0.0001263671795837,-1,0.1935793695310995,-0.1899771627780244,,3,0.0,0.0036022067530751,-0.0001263671795837,1,0,0,0,0,1,0,harmful_opportunity
e88d31e512eb52aa,1,2,23,1,20,0.3143507173025226,0.0001063138395562,20,0.1723584385141568,0.1419922787883657,0.0001063138395562,20,0.2859835337668683,0.0283671835356542,0.0001063138395562,1,1,0,0,1,1,0,positive
fc25adef73d35a71,1,2,6,1,9,0.1449706006304333,-0.0005650871805846,-1,0.2444101843858161,-0.0994395837553828,,-1,0.2338838472455155,-0.0889132466150822,,1,0,0,0,0,0,1,harmful_opportunity
06f2c0171372558e,1,2,14,0,9,0.1788165425554677,-0.0002192424658685,9,0.1711110299266958,0.0077055126287719,-0.0002192424658685,-1,0.278899485068707,-0.1000829425132392,,1,0,0,1,1,0,1,harmful_no_opportunity
1139bbb1cfe35d48,1,2,2,1,1,0.2045598402354911,0.0015995440794149,-1,0.3372115864749044,-0.1326517462394132,,-1,0.4022098081579127,-0.1976499679224215,,1,1,0,0,0,0,1,positive
190db336fe0e515f,1,2,4,0,9,0.1299149026015991,-0.000611153855361,-1,0.2693492991553159,-0.1394343965537168,,-1,0.2270631075151298,-0.0971482049135307,,1,0,0,1,0,0,1,harmful_no_opportunity
1bf5b342d1b052c3,1,2,3,0,11,0.0679980424190023,-0.0001951636242678,-1,0.2859408668711582,-0.2179428244521558,,-1,0.1283237205285725,-0.0603256781095702,,1,0,0,1,0,0,1,harmful_no_opportunity
1da0d8dce4485189,1,2,12,0,4,0.0354712576723474,-0.009133773411857,-1,0.1853491866325345,-0.1498779289601871,,4,0.0318186282891824,0.003652629383165,-0.009133773411857,1,0,0,1,0,1,0,harmful_no_opportunity
21f2c3689d765b09,1,2,1,1,-1,,,-1,0.0,,,-1,0.0,,,0,0,0,0,0,0,0,abstain
234440ab79d55e59,1,2,18,0,-1,,,-1,0.0,,,-1,0.0,,,0,0,0,0,0,0,0,abstain
2ababb1ca1ba5637,1,2,17,1,3,0.0662434635992207,0.0001287251278991,-1,0.1587230428456564,-0.0924795792464356,,3,0.0616866104671941,0.0045568531320266,0.0001287251278991,1,1,0,0,0,1,0,positive
3c6c3ba8c08e581a,1,2,16,1,-1,,,-1,0.0,,,-1,0.0,,,0,0,0,0,0,0,0,abstain
59b8dea90c1b5499,1,2,17,1,3,0.1315731938029783,0.001022456206428,-1,0.1720683243644301,-0.0404951305614517,,-1,0.1826763671481624,-0.0511031733451841,,1,1,0,0,0,0,1,positive
68e20734e9415e24,1,2,4,1,9,0.1098865271516235,-8.91803213395187e-05,-1,0.141512926759815,-0.0316263996081915,,-1,0.1580081112472339,-0.0481215840956104,,1,0,0,0,0,0,1,harmful_opportunity
742976289d405b0d,1,2,17,0,-1,,,-1,0.0,,,-1,0.0,,,0,0,0,0,0,0,0,abstain
091cae980d54535d,2,3,17,0,20,0.0143570900148686,-0.0001110662376973,-1,0.1199692912252946,-0.105612201210426,,-1,0.0927176245329484,-0.0783605345180798,,1,0,0,1,0,0,1,harmful_no_opportunity
0aea8543e71b5712,2,3,15,1,22,0.1013848030140113,0.0,-1,0.1032810859394888,-0.0018962829254774,,22,0.0450761923890392,0.0563086106249721,0.0,1,0,0,0,0,1,0,harmful_opportunity
122436b1207258bf,2,3,19,1,2,0.0399785615020017,1.2323318207158476,-1,0.0731265769367283,-0.0331480154347265,,-1,0.1412135231602028,-0.101234961658201,,1,1,0,0,0,0,1,positive
1bd7b3ce5adf5826,2,3,17,1,-1,,,-1,0.0,,,-1,0.0,,,0,0,0,0,0,0,0,abstain
581836f4f4365cc8,2,3,18,1,1,0.6314680991488936,-0.0003538411187793,1,0.1863020572563849,0.4451660418925086,-0.0003538411187793,1,0.4215251920130146,0.2099429071358789,-0.0003538411187793,1,0,0,0,1,1,0,harmful_opportunity
70b54ac4d8ae56de,2,3,1,1,-1,,,-1,0.0,,,-1,0.0,,,0,0,0,0,0,0,0,abstain
72eb13d3a4255179,2,3,1,0,-1,,,-1,0.0,,,-1,0.0,,,0,0,0,0,0,0,0,abstain
7fc2b30cb72a5d56,2,3,9,0,-1,,,-1,0.0,,,-1,0.0,,,0,0,0,0,0,0,0,abstain
83aa0b7439d45dd8,2,3,5,1,-1,,,-1,0.0,,,-1,0.0,,,0,0,0,0,0,0,0,abstain
8675d815740a5a0b,2,3,22,1,-1,,,-1,0.0,,,-1,0.0,,,0,0,0,0,0,0,0,abstain
9070daa02ad0542c,2,3,3,1,-1,,,-1,0.0,,,-1,0.0,,,0,0,0,0,0,0,0,abstain
9771a60ee60a5d27,2,3,5,0,-1,,,-1,0.0,,,-1,0.0,,,0,0,0,0,0,0,0,abstain
9c2eb9c5b45f522b,2,3,29,1,25,0.073651212373821,3.822718737644948e-05,25,0.0309182747823659,0.042732937591455,3.822718737644948e-05,-1,0.3401766586607885,-0.2665254462869675,,1,1,0,0,1,0,1,positive
bb1419c18f39553e,2,3,21,1,22,0.1391845165006192,0.0,22,0.0854338305705781,0.0537506859300411,0.0,22,0.0643814256971549,0.0748030908034643,0.0,1,0,0,0,1,1,0,harmful_opportunity
c56712e13eb759f5,2,3,1,0,-1,,,-1,0.0,,,-1,0.0,,,0,0,0,0,0,0,0,abstain
b003a3bfbdb252e3,2,3,10,1,26,0.1487912521164641,0.9897842141886242,26,0.1202668106426957,0.0285244414737683,0.9897842141886242,-1,0.161293633049382,-0.0125023809329179,,1,1,0,0,1,0,1,positive
0f9ba65f3e2e5c1d,2,3,2,0,25,0.1375998380641172,-0.000127998102426,-1,0.1614500650966298,-0.0238502270325126,,-1,0.4204552291474253,-0.282855391083308,,1,0,0,1,0,0,1,harmful_no_opportunity
2709051d421d536a,2,3,26,1,27,0.1563648694025691,-1.0131592304229995e-05,27,0.133907407411457,0.022457461991112,-1.0131592304229995e-05,-1,0.1662376939074371,-0.009872824504868,,1,0,0,0,1,0,1,harmful_opportunity
2bf633d593a957ad,2,3,11,1,-1,,,-1,0.0,,,-1,0.0,,,0,0,0,0,0,0,0,abstain
2cfe30b626795e99,2,3,7,1,10,0.2991193499749825,-0.1894030885848565,10,0.1254262805266248,0.1736930694483577,-0.1894030885848565,-1,0.4155798329367597,-0.1164604829617772,,1,0,0,0,1,0,1,harmful_opportunity
4a42412827f55dc1,2,3,16,1,24,0.0519914090775093,0.0,-1,0.1408559208218179,-0.0888645117443085,,-1,0.0730052781581379,-0.0210138690806286,,1,0,0,0,0,0,1,harmful_opportunity
60183447caa4548b,2,3,17,1,3,0.081899214436054,-6.448373179882786e-05,3,0.0459784418633336,0.0359207725727203,-6.448373179882786e-05,-1,0.1082207228937966,-0.0263215084577426,,1,0,0,0,1,0,1,harmful_opportunity
618892326e0c530e,2,3,24,0,17,0.075314314514665,-1.1183486133825582e-05,-1,0.0915074018045131,-0.016193087289848,,-1,0.2195694795339256,-0.1442551650192605,,1,0,0,1,0,0,1,harmful_no_opportunity
63d0c4a8acfa5fc2,2,3,1,0,-1,,,-1,0.0,,,-1,0.0,,,0,0,0,0,0,0,0,abstain
8aeb517756f55681,2,3,14,1,15,0.0511970865472726,1.1431345063428466e-05,-1,0.257139978770362,-0.2059428922230893,,-1,0.1130307637421373,-0.0618336771948646,,1,1,0,0,0,0,1,positive
ab77602df4a154f7,2,3,11,1,10,0.0393448809408223,-0.0001715479505914,-1,0.2588228023158925,-0.2194779213750702,,-1,0.0744019359573675,-0.0350570550165451,,1,0,0,0,0,0,1,harmful_opportunity
acdcf9be0fc85495,2,3,23,1,13,0.1510483237136072,1.6302977381565595e-05,13,0.1276149812647447,0.0234333424488624,1.6302977381565595e-05,-1,0.2026451441862209,-0.0515968204726137,,1,1,0,0,1,0,1,positive
be58ded948ea5c00,2,3,4,0,2,0.0501064163029145,-0.0012929431468249,-1,0.138740239089994,-0.0886338227870794,,-1,0.2011983713112053,-0.1510919550082907,,1,0,0,1,0,0,1,harmful_no_opportunity
d74df20dba705137,2,3,19,1,23,0.0858643709150893,-8.57298430055383e-05,-1,0.1042035734400363,-0.0183392025249469,,23,0.0630110306370578,0.0228533402780315,-8.57298430055383e-05,1,0,0,0,0,1,0,harmful_opportunity
ec0f4f7c37615b20,2,3,5,0,2,0.0954451167856291,-0.7737388310596343,-1,0.3843184285997085,-0.2888733118140794,,-1,0.2093886590396766,-0.1139435422540475,,1,0,1,1,0,0,1,catastrophe
ec57eef8dffd515e,2,3,1,0,-1,,,-1,0.0,,,-1,0.0,,,0,0,0,0,0,0,0,abstain
f73c53f115a550d5,2,3,17,1,-1,,,-1,0.0,,,-1,0.0,,,0,0,0,0,0,0,0,abstain
06f8d2f6dca3537c,2,3,6,0,-1,,,-1,0.0,,,-1,0.0,,,0,0,0,0,0,0,0,abstain
79e0120026c25eed,2,3,2,1,-1,,,-1,0.0,,,-1,0.0,,,0,0,0,0,0,0,0,abstain
884e1c90e87b5fab,2,3,16,1,7,0.1830596053222681,-2.0925029926001974e-05,7,0.1341424350784372,0.0489171702438308,-2.0925029926001974e-05,7,0.1276552956653376,0.0554043096569304,-2.0925029926001974e-05,1,0,0,0,1,1,0,harmful_opportunity
8c1a6d183a275d96,2,3,12,0,-1,,,-1,0.0,,,-1,0.0,,,0,0,0,0,0,0,0,abstain
bd8986c6178e5d2a,2,3,1,0,-1,,,-1,0.0,,,-1,0.0,,,0,0,0,0,0,0,0,abstain
c1dd6c577b0f573a,2,3,5,0,1,0.0776118871430176,-0.2477531754664172,-1,0.3208063776179626,-0.2431944904749449,,1,0.0676161892870712,0.0099956978559464,-0.2477531754664172,1,0,0,1,0,1,0,harmful_no_opportunity
d1d6c7f48e6d5708,2,3,15,0,-1,,,-1,0.0,,,-1,0.0,,,0,0,0,0,0,0,0,abstain
0fd565e4e40058b8,2,3,15,1,-1,,,-1,0.0,,,-1,0.0,,,0,0,0,0,0,0,0,abstain
25708e54a75c59eb,2,3,17,0,-1,,,-1,0.0,,,-1,0.0,,,0,0,0,0,0,0,0,abstain
321b3f53510c5059,2,3,7,1,-1,,,-1,0.0,,,-1,0.0,,,0,0,0,0,0,0,0,abstain
3e07748ebae855b8,2,3,12,1,23,0.1816544829710277,-2.1420662570744223e-05,-1,0.2023082943875771,-0.0206538114165493,,-1,0.1835219969554049,-0.0018675139843772,,1,0,0,0,0,0,1,harmful_opportunity
46f297276986585b,2,3,4,0,-1,,,-1,0.0,,,-1,0.0,,,0,0,0,0,0,0,0,abstain
4d6fb0d27a0f51ce,2,3,7,1,-1,,,-1,0.0,,,-1,0.0,,,0,0,0,0,0,0,0,abstain
5583fb05984f5685,2,3,17,0,2,0.1166510411835945,-0.0004475013362128,-1,0.2025586784632994,-0.0859076372797048,,-1,0.1403143817364814,-0.0236633405528868,,1,0,0,1,0,0,1,harmful_no_opportunity
97b8db1dfd4f5fb3,2,3,18,1,-1,,,-1,0.0,,,-1,0.0,,,0,0,0,0,0,0,0,abstain
edf9d12992c9551c,2,3,16,1,13,0.145948148399534,0.0,-1,0.1928064014006967,-0.0468582530011627,,-1,0.1714980231547788,-0.0255498747552448,,1,0,0,0,0,0,1,harmful_opportunity
f94f2bcde8345a9a,2,3,3,0,15,0.1621689269535773,0.0,-1,0.2625205315539273,-0.1003516046003499,,-1,0.4370369216133772,-0.2748679946597998,,1,0,0,1,0,0,1,harmful_no_opportunity
0bb64f8f31ba5310,2,3,17,1,-1,,,-1,0.0,,,-1,0.0,,,0,0,0,0,0,0,0,abstain
440a7c7dd1395be4,2,3,17,1,22,0.3464565185401473,0.0054980933307104,22,0.2019562376820976,0.1445002808580497,0.0054980933307104,22,0.2970764425360074,0.0493800760041399,0.0054980933307104,1,1,0,0,1,1,0,positive
630c3828efa0518a,2,3,17,0,-1,,,-1,0.0,,,-1,0.0,,,0,0,0,0,0,0,0,abstain
66a39f4cabc85bc4,2,3,14,1,6,0.3664261797426085,-1.1789312648981811,6,0.3327272562317599,0.0336989235108486,-1.1789312648981811,6,0.2804997637475816,0.0859264159950269,-1.1789312648981811,1,0,1,0,1,1,0,catastrophe
684af4044c445d01,2,3,4,1,9,0.0782435659244217,-6.066455971449631e-05,-1,0.1469483324511504,-0.0687047665267286,,-1,0.0937790425417383,-0.0155354766173165,,1,0,0,0,0,0,1,harmful_opportunity
69f12cf621135ce3,2,3,17,1,-1,,,-1,0.0,,,-1,0.0,,,0,0,0,0,0,0,0,abstain
71589a780d925ed6,2,3,17,1,3,0.1988127549864715,0.9912868022998796,-1,0.2021660745364741,-0.0033533195500025,,3,0.1460404252567194,0.0527723297297521,0.9912868022998796,1,1,0,0,0,1,0,positive
7c39359aaa345e52,2,3,11,1,9,0.1375659597353667,0.0004377499253883,-1,0.1965531561286086,-0.0589871963932418,,-1,0.159072881397437,-0.0215069216620702,,1,1,0,0,0,0,1,positive
93ccd00db2005d2d,2,3,17,1,-1,,,-1,0.0,,,-1,0.0,,,0,0,0,0,0,0,0,abstain
a1c64a274ecc54b0,2,3,1,1,20,0.0672836229915809,9.327751190868484e-05,-1,0.1509051163712633,-0.0836214933796824,,-1,0.3550087714899341,-0.2877251484983532,,1,1,0,0,0,0,1,positive
a71d387393a559d4,2,3,17,1,-1,,,-1,0.0,,,-1,0.0,,,0,0,0,0,0,0,0,abstain
c65275d1d5af5014,2,3,17,0,3,0.1100294316323377,-0.0002589660743251,-1,0.2367010021213842,-0.1266715704890464,,-1,0.1252141342239884,-0.0151847025916506,,1,0,0,1,0,0,1,harmful_no_opportunity
cd7aee35baa65cec,2,3,16,1,-1,,,-1,0.0,,,-1,0.0,,,0,0,0,0,0,0,0,abstain
dc6d75a4555c5fd6,2,3,10,1,21,0.0346460631531994,3.0565711064264086e-05,-1,0.1537963875666208,-0.1191503244134214,,-1,0.0445634786509634,-0.009917415497764,,1,1,0,0,0,0,1,positive
24e5d608f799503b,2,3,17,1,-1,,,-1,0.0,,,-1,0.0,,,0,0,0,0,0,0,0,abstain
2fdb08ec2f205723,2,3,17,1,-1,,,-1,0.0,,,-1,0.0,,,0,0,0,0,0,0,0,abstain
77e69dcde5805f89,2,3,17,1,-1,,,-1,0.0,,,-1,0.0,,,0,0,0,0,0,0,0,abstain
79a429b2a2b450e7,2,3,17,1,3,0.1811866113655169,4.5840236171379445e-05,-1,0.2254808339030996,-0.0442942225375826,,3,0.138086960411297,0.0430996509542199,4.5840236171379445e-05,1,1,0,0,0,1,0,positive
8724d825e1c15a99,2,3,18,1,3,0.1498366784107047,0.0005389120473116,-1,0.2305333133585418,-0.0806966349478371,,-1,0.2029572871503662,-0.0531206087396615,,1,1,0,0,0,0,1,positive
dd63e7a132215419,2,3,9,1,-1,,,-1,0.0,,,-1,0.0,,,0,0,0,0,0,0,0,abstain
0e59b30dfd9d5121,2,3,19,1,21,0.0242202976862277,0.000267652710434,-1,0.0993257268215997,-0.0751054291353719,,-1,0.0714671184527888,-0.047246820766561,,1,1,0,0,0,0,1,positive
38eeabce6a485364,2,3,15,1,-1,,,-1,0.0,,,-1,0.0,,,0,0,0,0,0,0,0,abstain
5aa3112549445a00,2,3,4,0,20,0.0754684755646449,-5.174224078752232e-06,-1,0.4875029370853531,-0.4120344615207082,,-1,0.1756164058156383,-0.1001479302509933,,1,0,0,1,0,0,1,harmful_no_opportunity
683e8d239bf75a5d,2,3,17,1,22,0.0382279740013438,-0.0001595440631732,-1,0.1641582223505264,-0.1259302483491825,,-1,0.0603735514727082,-0.0221455774713643,,1,0,0,0,0,0,1,harmful_opportunity
713177596893526a,2,3,23,1,1,0.3351266791047002,0.9896099772717104,1,0.1459987739230256,0.1891279051816745,0.9896099772717104,1,0.3265757983908668,0.0085508807138333,0.9896099772717104,1,1,0,0,1,1,0,positive
8be5348ca3425c10,2,3,10,0,-1,,,-1,0.0,,,-1,0.0,,,0,0,0,0,0,0,0,abstain
90244d4079fe5582,2,3,13,1,1,0.528581605465504,0.0010825669911689,1,0.3249051941567734,0.2036764113087306,0.0010825669911689,1,0.3865194646907883,0.1420621407747157,0.0010825669911689,1,1,0,0,1,1,0,positive
a63aaf23916e5f10,2,3,8,1,0,0.126020086422877,-9.402019237750216e-05,-1,0.1534321316794254,-0.0274120452565483,,0,0.118300007859758,0.007720078563119,-9.402019237750216e-05,1,0,0,0,0,1,0,harmful_opportunity
ac29e7c780d75eee,2,3,3,0,17,0.0513032791634178,-1.1126175523124004e-06,-1,0.5157054161439223,-0.4644021369805045,,-1,0.2525900832747373,-0.2012868041113195,,1,0,0,1,0,0,1,harmful_no_opportunity
b4a3828e9a685c84,2,3,1,0,16,0.073244073087613,0.0,-1,0.6833336694059177,-0.6100895963183046,,-1,0.3543751623958942,-0.2811310893082812,,1,0,0,1,0,0,1,harmful_no_opportunity
b9b7f27d456b5e0b,2,3,1,1,-1,,,-1,0.0,,,-1,0.0,,,0,0,0,0,0,0,0,abstain
c6eebddd3a955416,2,3,16,0,3,0.2206431298405776,-0.0003261594811454,-1,0.2838741842185488,-0.0632310543779711,,3,0.1178544504331301,0.1027886794074475,-0.0003261594811454,1,0,0,1,0,1,0,harmful_no_opportunity
e06039dcbccd55a0,2,3,17,1,-1,,,-1,0.0,,,-1,0.0,,,0,0,0,0,0,0,0,abstain
ee1f7084ec1a54cf,2,3,11,0,-1,,,-1,0.0,,,-1,0.0,,,0,0,0,0,0,0,0,abstain
fa243f63e0525715,2,3,15,0,-1,,,-1,0.0,,,-1,0.0,,,0,0,0,0,0,0,0,abstain
1c3f933be722564d,2,3,2,0,7,0.0163772575546554,-2.020616720138795,-1,0.2602596681386087,-0.2438824105839532,,-1,0.1782919410478077,-0.1619146834931522,,1,0,1,1,0,0,1,catastrophe
27d3a84b2d335113,2,3,13,1,0,0.0710031756706808,3.223411133512874e-06,-1,0.0907822359695795,-0.0197790602988987,,0,0.0242468708353063,0.0467563048353744,3.223411133512874e-06,1,1,0,0,0,1,0,positive
37c65539bccb5da7,2,3,18,1,19,0.3096755280489328,3.19452974479645e-05,19,0.1282029964245566,0.1814725316243762,3.19452974479645e-05,19,0.1546562917404135,0.1550192363085193,3.19452974479645e-05,1,1,0,0,1,1,0,positive
3dae82a193c9501b,2,3,17,0,-1,,,-1,0.0,,,-1,0.0,,,0,0,0,0,0,0,0,abstain
69a069b9a6985aaf,2,3,15,1,7,0.1634119045513961,0.0001744541430845,-1,0.2431955688788844,-0.0797836643274883,,-1,0.1736305081454585,-0.0102186035940624,,1,1,0,0,0,0,1,positive
7d8759e340975895,2,3,12,1,14,0.1369317555161481,0.0001328599065542,14,0.049430317045375,0.0875014384707731,0.0001328599065542,-1,0.1905743558662753,-0.0536426003501271,,1,1,0,0,1,0,1,positive
a99fbe3c63d15894,2,3,23,1,21,0.150472348272085,-3.527703285222117e-05,21,0.0377479625678143,0.1127243857042706,-3.527703285222117e-05,-1,0.1833257119291273,-0.0328533636570422,,1,0,0,0,1,0,1,harmful_opportunity
aaf8a6e715785915,2,3,19,1,21,0.0851857097933432,1.1295703612024257e-05,-1,0.1459159830371718,-0.0607302732438285,,-1,0.1007970911670204,-0.0156113813736772,,1,1,0,0,0,0,1,positive
adb358cddcdf5ad4,2,3,17,1,-1,,,-1,0.0,,,-1,0.0,,,0,0,0,0,0,0,0,abstain
ae3f167434e35c78,2,3,4,1,-1,,,-1,0.0,,,-1,0.0,,,0,0,0,0,0,0,0,abstain
ae62df1371af5474,2,3,9,0,-1,,,-1,0.0,,,-1,0.0,,,0,0,0,0,0,0,0,abstain
f0a54058d2af5c6c,2,3,16,1,4,0.0989469088352006,0.0006539796369151,-1,0.2465335217481889,-0.1475866129129882,,4,0.0888153510001707,0.0101315578350299,0.0006539796369151,1,1,0,0,0,1,0,positive
f533a754e0245b89,2,3,7,1,10,0.0597686301894117,-0.0028522905766963,-1,0.0955355462074479,-0.0357669160180362,,-1,0.2627914886997448,-0.203022858510333,,1,0,0,0,0,0,1,harmful_opportunity
f9c3f5c430be54aa,2,3,2,1,2,0.1548735680896494,1.5646017807097174,-1,0.1958211904251065,-0.0409476223354571,,-1,0.36882187500879,-0.2139483069191406,,1,1,0,0,0,0,1,positive
02bb7e4c3012543c,2,3,8,1,-1,,,-1,0.0,,,-1,0.0,,,0,0,0,0,0,0,0,abstain
105b657c237a5c20,2,3,11,1,-1,,,-1,0.0,,,-1,0.0,,,0,0,0,0,0,0,0,abstain
11aaf0aadcfb5861,2,3,17,0,-1,,,-1,0.0,,,-1,0.0,,,0,0,0,0,0,0,0,abstain
22b187e4a9c25c9b,2,3,14,0,-1,,,-1,0.0,,,-1,0.0,,,0,0,0,0,0,0,0,abstain
2f2543566c675f13,2,3,11,1,1,0.0920906217169804,4.081237241626568e-05,-1,0.1127262929511956,-0.0206356712342152,,-1,0.0949049927606565,-0.0028143710436761,,1,1,0,0,0,0,1,positive
359105de514f5258,2,3,12,1,9,0.0199806584066202,-0.0003807342187269,-1,0.2121672058384426,-0.1921865474318223,,-1,0.1075497713067254,-0.0875691129001052,,1,0,0,0,0,0,1,harmful_opportunity
5740c711ed2d5d2f,2,3,17,1,-1,,,-1,0.0,,,-1,0.0,,,0,0,0,0,0,0,0,abstain
5f01892cbea95932,2,3,14,0,-1,,,-1,0.0,,,-1,0.0,,,0,0,0,0,0,0,0,abstain
75fd8a14d25350e5,2,3,12,1,14,0.0451435252879411,6.06032689663456,-1,0.3074674845088045,-0.2623239592208634,,-1,0.0691578549986878,-0.0240143297107467,,1,1,0,0,0,0,1,positive
78dae1caad5656a7,2,3,15,1,17,0.0083001771523453,0.0001282766357064,-1,0.1081622228222014,-0.0998620456698561,,-1,0.1034653020618884,-0.095165124909543,,1,1,0,0,0,0,1,positive
a9e5024892425a19,2,3,10,1,9,0.1413417836220566,0.1097359060698885,-1,0.2652388214623437,-0.123897037840287,,-1,0.2217129210629716,-0.0803711374409149,,1,1,0,0,0,0,1,positive
aaddf9a720325142,2,3,11,0,-1,,,-1,0.0,,,-1,0.0,,,0,0,0,0,0,0,0,abstain
d32e31e6812d546f,2,3,9,1,-1,,,-1,0.0,,,-1,0.0,,,0,0,0,0,0,0,0,abstain
e034837cf84e5081,2,3,8,1,-1,,,-1,0.0,,,-1,0.0,,,0,0,0,0,0,0,0,abstain
e865980d1e455826,2,3,16,1,-1,,,-1,0.0,,,-1,0.0,,,0,0,0,0,0,0,0,abstain
f125490e18b15e5c,2,3,21,1,19,0.083432429385926,2.2940688254813324e-05,19,0.0781216707020268,0.0053107586838991,2.2940688254813324e-05,-1,0.1612201704714506,-0.0777877410855246,,1,1,0,0,1,0,1,positive
f1d77af4b7285825,2,3,7,1,9,0.1941999423083564,-0.0001714905660601,-1,0.2744022565428399,-0.0802023142344835,,-1,0.4412283337827341,-0.2470283914743777,,1,0,0,0,0,0,1,harmful_opportunity
2d8cf993fd4159e2,2,3,12,1,2,0.234862503030595,-0.0050927070549839,-1,0.3123193693493772,-0.0774568663187821,,2,0.1391383887717407,0.0957241142588543,-0.0050927070549839,1,0,0,0,0,1,0,harmful_opportunity
470e191769275e16,2,3,9,1,-1,,,-1,0.0,,,-1,0.0,,,0,0,0,0,0,0,0,abstain
549a8da7bb0b5e8a,2,3,2,0,2,0.0738383346804003,-0.9131117959951052,-1,0.2960736509791464,-0.2222353162987461,,-1,0.1739970985429084,-0.1001587638625081,,1,0,1,1,0,0,1,catastrophe
5c921b6094c95071,2,3,2,1,-1,,,-1,0.0,,,-1,0.0,,,0,0,0,0,0,0,0,abstain
698c37f393b852d6,2,3,14,0,-1,,,-1,0.0,,,-1,0.0,,,0,0,0,0,0,0,0,abstain
71dfd904537f5299,2,3,6,1,-1,,,-1,0.0,,,-1,0.0,,,0,0,0,0,0,0,0,abstain
7ef659e1786d5ef0,2,3,1,0,-1,,,-1,0.0,,,-1,0.0,,,0,0,0,0,0,0,0,abstain
893f5457b66f5c0a,2,3,4,0,-1,,,-1,0.0,,,-1,0.0,,,0,0,0,0,0,0,0,abstain
8f090017c0c45c30,2,3,13,1,2,0.1395255199667619,0.980162891490938,-1,0.3130502385402007,-0.1735247185734388,,2,0.1115199833385447,0.0280055366282171,0.980162891490938,1,1,0,0,0,1,0,positive
90003a4fe9855d90,2,3,21,1,-1,,,-1,0.0,,,-1,0.0,,,0,0,0,0,0,0,0,abstain
9d6b57b25d0e5698,2,3,29,1,28,0.0780187847273103,-4.430631548166253e-05,-1,0.1582150694535394,-0.0801962847262291,,-1,0.1041235727472672,-0.0261047880199569,,1,0,0,0,0,0,1,harmful_opportunity
a5a77a41a5d4527c,2,3,17,1,2,0.0567539327919885,-0.0001227254013267,-1,0.1115932009640636,-0.0548392681720751,,-1,0.1130075557539703,-0.0562536229619818,,1,0,0,0,0,0,1,harmful_opportunity
b86d04e1e9105474,2,3,3,0,-1,,,-1,0.0,,,-1,0.0,,,0,0,0,0,0,0,0,abstain
c4a7fbc6d1e35668,2,3,6,1,21,0.30506643197648,1.9843287469431443,21,0.1880343385475126,0.1170320934289674,1.9843287469431443,-1,0.4649480873321155,-0.1598816553556355,,1,1,0,0,1,0,1,positive
db167c9f01af53f1,2,3,17,0,9,0.0069559904076055,-0.00040012851879,-1,0.1976736342486145,-0.190717643841009,,-1,0.1402605000679185,-0.133304509660313,,1,0,0,1,0,0,1,harmful_no_opportunity
e19f348970f556d2,2,3,5,0,-1,,,-1,0.0,,,-1,0.0,,,0,0,0,0,0,0,0,abstain
e1c764e511515749,2,3,10,1,20,0.4556764919016465,0.0004805833668912,20,0.2783748618080106,0.1773016300936359,0.0004805833668912,-1,0.531041746294491,-0.0753652543928444,,1,1,0,0,1,0,1,positive
e75b5a59035b5493,2,3,9,1,22,0.03279656586801,1.9060943658999463e-05,-1,0.1684314972368023,-0.1356349313687923,,-1,0.0417089705936159,-0.0089124047256059,,1,1,0,0,0,0,1,positive
e86d2d8665685c70,2,3,11,1,-1,,,-1,0.0,,,-1,0.0,,,0,0,0,0,0,0,0,abstain
e9c39cd0c047561f,2,3,29,1,-1,,,-1,0.0,,,-1,0.0,,,0,0,0,0,0,0,0,abstain
0612f5d26b32561d,2,3,15,1,-1,,,-1,0.0,,,-1,0.0,,,0,0,0,0,0,0,0,abstain
07003d3990e35817,2,3,2,1,-1,,,-1,0.0,,,-1,0.0,,,0,0,0,0,0,0,0,abstain
0938c742dd0159e8,2,3,4,0,-1,,,-1,0.0,,,-1,0.0,,,0,0,0,0,0,0,0,abstain
097a309009705384,2,3,9,1,3,0.0945879986853262,0.0004824268192052,-1,0.2262627408858223,-0.1316747422004961,,-1,0.0969765749226704,-0.0023885762373442,,1,1,0,0,0,0,1,positive
12db610090455243,2,3,15,1,-1,,,-1,0.0,,,-1,0.0,,,0,0,0,0,0,0,0,abstain
1b2ded48330b5b03,2,3,17,1,5,0.102286105147456,0.0020229374388232,-1,0.2964252019402285,-0.1941390967927724,,-1,0.2084002469510996,-0.1061141418036436,,1,1,0,0,0,0,1,positive
2322ed0c8d8e5d5f,2,3,12,1,25,0.3004723276941828,0.0026175350087694,25,0.27013590920346,0.0303364184907227,0.0026175350087694,-1,0.3630137074255691,-0.0625413797313862,,1,1,0,0,1,0,1,positive
253b0edab17c5d6d,2,3,17,0,-1,,,-1,0.0,,,-1,0.0,,,0,0,0,0,0,0,0,abstain
326079b8c9395f39,2,3,1,0,23,0.0981394250108717,-0.0004300676556301,-1,0.2030259137471656,-0.1048864887362939,,-1,0.3517287311493007,-0.253589306138429,,1,0,0,1,0,0,1,harmful_no_opportunity
460cfd36104e5450,2,3,16,1,6,0.177870682733008,-0.0017542777046561,-1,0.280158691107169,-0.102288008374161,,6,0.1762620703020577,0.0016086124309502,-0.0017542777046561,1,0,0,0,0,1,0,harmful_opportunity
5b06ed05f63a5554,2,3,14,1,3,0.0942051171985382,0.0001472774073248,-1,0.2338684557825029,-0.1396633385839646,,-1,0.1097165978408759,-0.0155114806423377,,1,1,0,0,0,0,1,positive
5da895ba0a415a80,2,3,16,1,6,0.0769295070032463,-0.002026025418937,-1,0.2552294458973489,-0.1782999388941025,,-1,0.1800643501134707,-0.1031348431102243,,1,0,0,0,0,0,1,harmful_opportunity
5e16781ce6685597,2,3,12,1,9,0.1119610757494009,0.9893989870341496,-1,0.2477181355241376,-0.1357570597747366,,9,0.0860853377973891,0.0258757379520118,0.9893989870341496,1,1,0,0,0,1,0,positive
5f9c0089a0a355fe,2,3,1,1,-1,,,-1,0.0,,,-1,0.0,,,0,0,0,0,0,0,0,abstain
628e147a02bf5128,2,3,15,1,2,0.0364822886640526,0.0001771564187642,-1,0.2237945779142398,-0.1873122892501872,,-1,0.124821016523396,-0.0883387278593434,,1,1,0,0,0,0,1,positive
767b810b38de5665,2,3,10,1,-1,,,-1,0.0,,,-1,0.0,,,0,0,0,0,0,0,0,abstain
1fd9a12a263556d8,3,4,4,0,-1,,,-1,0.0,,,-1,0.0,,,0,0,0,0,0,0,0,abstain
399cc87ac7c55646,3,4,16,1,22,0.2928596543067295,0.0005082323875802,-1,0.3560446033801225,-0.0631849490733929,,-1,0.3763110614191484,-0.0834514071124188,,1,1,0,0,0,0,1,positive
41fdae5fd40d5324,3,4,19,1,22,0.1220973388524979,-4.641914139513759e-05,22,0.0,0.1220973388524979,-4.641914139513759e-05,22,0.062565832136276,0.0595315067162218,-4.641914139513759e-05,1,0,0,0,1,1,0,harmful_opportunity
46eb37ed09fc5718,3,4,22,1,-1,,,-1,0.0,,,-1,0.0,,,0,0,0,0,0,0,0,abstain
538f3eb865185615,3,4,26,0,19,0.3564730712372098,-9.282299746971034e-05,19,0.2424716151671991,0.1140014560700106,-9.282299746971034e-05,-1,0.4449217468218154,-0.0884486755846055,,1,0,0,1,1,0,1,harmful_no_opportunity
667054412512521b,3,4,11,0,9,0.0352653553706854,-0.0001064360320568,-1,0.138863358329142,-0.1035980029584566,,9,0.0,0.0352653553706854,-0.0001064360320568,1,0,0,1,0,1,0,harmful_no_opportunity
86f569f804fb5848,3,4,8,1,-1,,,-1,0.0,,,-1,0.0,,,0,0,0,0,0,0,0,abstain
98dbc922be205d29,3,4,16,1,26,0.5185924505967953,0.0002245069518684,26,0.3804667444564323,0.1381257061403629,0.0002245069518684,-1,0.6811704561475143,-0.162578005550719,,1,1,0,0,1,0,1,positive
ba95a132236555b4,3,4,9,0,25,0.2761618716830546,-0.0004200205574278,25,0.0777285237014164,0.1984333479816382,-0.0004200205574278,-1,0.3463372968613474,-0.0701754251782927,,1,0,0,1,1,0,1,harmful_no_opportunity
bc346dea1bcd5cc3,3,4,29,1,28,0.0546752111961481,-9.483449810643307e-05,-1,0.146674023865761,-0.0919988126696129,,28,0.0,0.0546752111961481,-9.483449810643307e-05,1,0,0,0,0,1,0,harmful_opportunity
c0426fcae01a50cf,3,4,17,1,-1,,,-1,0.0,,,-1,0.0,,,0,0,0,0,0,0,0,abstain
c075c65bf21d5842,3,4,14,1,9,0.2148766836622629,-0.0004111885782156,-1,0.2644327179497617,-0.0495560342874987,,9,0.1471118918281091,0.0677647918341538,-0.0004111885782156,1,0,0,0,0,1,0,harmful_opportunity
d1f387a440e25adc,3,4,17,1,26,0.0897864051838182,-0.0001685254469512,-1,0.1362844606585992,-0.0464980554747809,,26,0.0422327970693071,0.0475536081145111,-0.0001685254469512,1,0,0,0,0,1,0,harmful_opportunity
f462fca7c1f8594c,3,4,5,1,20,0.0344900477082446,-7.948029409162718e-05,-1,0.1116436773287464,-0.0771536296205018,,20,0.0055746886964363,0.0289153590118082,-7.948029409162718e-05,1,0,0,0,0,1,0,harmful_opportunity
f5b6478d00565e99,3,4,2,1,-1,,,-1,0.0,,,-1,0.0,,,0,0,0,0,0,0,0,abstain
258a909f4194587f,3,4,14,1,24,0.2065552985850331,-0.0001065721827559,24,0.0854648936203698,0.1210904049646632,-0.0001065721827559,-1,0.2144880679953351,-0.0079327694103019,,1,0,0,0,1,0,1,harmful_opportunity
09be490c13cb56b6,3,4,19,1,23,0.1040684484915912,-8.767266422510158e-05,-1,0.213349120020115,-0.1092806715285237,,23,0.0472496594714649,0.0568187890201262,-8.767266422510158e-05,1,0,0,0,0,1,0,harmful_opportunity
2f4a06067a6f5d7f,3,4,3,1,-1,,,-1,0.0,,,-1,0.0,,,0,0,0,0,0,0,0,abstain
33cd12f0c4a75e41,3,4,16,1,-1,,,-1,0.0,,,-1,0.0,,,0,0,0,0,0,0,0,abstain
3cd8e7898e005bc4,3,4,8,1,-1,,,-1,0.0,,,-1,0.0,,,0,0,0,0,0,0,0,abstain
3f68aa4cebd65ce8,3,4,21,1,23,0.1727381425291408,-0.0006958824434317,23,0.1052723529683114,0.0674657895608293,-0.0006958824434317,-1,0.1935189623719144,-0.0207808198427736,,1,0,0,0,1,0,1,harmful_opportunity
420b77ddd4f052b3,3,4,18,1,-1,,,-1,0.0,,,-1,0.0,,,0,0,0,0,0,0,0,abstain
56e384e4189f536f,3,4,19,1,3,0.1176736695860186,-1.771524733840124e-05,3,0.0012593774377607,0.1164142921482579,-1.771524733840124e-05,-1,0.1181340107337698,-0.0004603411477511,,1,0,0,0,1,0,1,harmful_opportunity
7f9f132592f45a84,3,4,25,0,14,0.5086064863817903,-0.0006534868726856,14,0.4298491998752381,0.0787572865065521,-0.0006534868726856,-1,0.6283958553075649,-0.1197893689257746,,1,0,0,1,1,0,1,harmful_no_opportunity
9d81a9a1677354a1,3,4,10,1,26,0.1085999698418506,-0.000407588063553,26,0.0370091528647295,0.071590816977121,-0.000407588063553,-1,0.1151395217680718,-0.0065395519262212,,1,0,0,0,1,0,1,harmful_opportunity
b0f9569dfe425d61,3,4,9,0,-1,,,-1,0.0,,,-1,0.0,,,0,0,0,0,0,0,0,abstain
e516f368a8fb5a16,3,4,3,1,11,0.0151999004754628,-0.0004473697791341,-1,0.2476376157035807,-0.2324377152281179,,-1,0.017563977815426,-0.0023640773399631,,1,0,0,0,0,0,1,harmful_opportunity
f997536112085ece,3,4,17,1,24,0.1085091570393512,-8.260559672490508e-05,-1,0.1391176737706895,-0.0306085167313382,,24,0.0479972795964262,0.060511877442925,-8.260559672490508e-05,1,0,0,0,0,1,0,harmful_opportunity
925cbce83b0c5797,3,4,16,1,-1,,,-1,0.0,,,-1,0.0,,,0,0,0,0,0,0,0,abstain
050392bdc27a5f5c,3,4,1,1,-1,,,-1,0.0,,,-1,0.0,,,0,0,0,0,0,0,0,abstain
1ae7a63963375f27,3,4,2,1,-1,,,-1,0.0,,,-1,0.0,,,0,0,0,0,0,0,0,abstain
1bd0f4142cdc52f5,3,4,10,1,0,0.2889227713411633,-2.8255283832552547e-06,-1,0.4756525149040432,-0.1867297435628799,,-1,0.4205715087247235,-0.1316487373835602,,1,0,0,0,0,0,1,harmful_opportunity
2e91c253ccb958d1,3,4,16,1,3,0.0639125743880689,-6.759409550577411e-05,-1,0.1368199546995777,-0.0729073803115087,,3,0.024312939201649,0.0395996351864198,-6.759409550577411e-05,1,0,0,0,0,1,0,harmful_opportunity
63464806708f5d70,3,4,3,1,-1,,,-1,0.0,,,-1,0.0,,,0,0,0,0,0,0,0,abstain
67a57ae417045162,3,4,4,0,-1,,,-1,0.0,,,-1,0.0,,,0,0,0,0,0,0,0,abstain
6ed7b0d3fc715d28,3,4,11,1,8,0.5592998637577578,0.0009856917359167,-1,1.004319967239788,-0.4450201034820302,,-1,0.8361152160824378,-0.27681535232468,,1,1,0,0,0,0,1,positive
78a96b59eca751e7,3,4,16,1,5,0.0309033475270032,0.0035972677305342,-1,0.1959822054146001,-0.1650788578875969,,5,0.0,0.0309033475270032,0.0035972677305342,1,1,0,0,0,1,0,positive
986b52e5fc685833,3,4,17,1,25,0.1554460997651751,-0.0001533661117778,-1,0.260116001379753,-0.1046699016145778,,25,0.1194660334733358,0.0359800662918393,-0.0001533661117778,1,0,0,0,0,1,0,harmful_opportunity
9f32f8bd95195212,3,4,4,0,26,0.0288047950986548,-0.0002767197914421,-1,0.1519006005267678,-0.1230958054281129,,26,0.0098815638407093,0.0189232312579455,-0.0002767197914421,1,0,0,1,0,1,0,harmful_no_opportunity
b4c84a922cb957a8,3,4,19,1,22,0.0882435172987736,-0.000144931913248,-1,0.476603910150351,-0.3883603928515773,,22,0.0498638269122899,0.0383796903864837,-0.000144931913248,1,0,0,0,0,1,0,harmful_opportunity
b8c14f4001735d94,3,4,1,0,7,0.1187524706604721,-0.0021207949011702,7,0.0693683926044121,0.0493840780560599,-0.0021207949011702,-1,0.2063935408447755,-0.0876410701843034,,1,0,0,1,1,0,1,harmful_no_opportunity
bd29c544e8035592,3,4,2,1,-1,,,-1,0.0,,,-1,0.0,,,0,0,0,0,0,0,0,abstain
c34206b68ee6576f,3,4,11,1,1,0.0356502641264642,-4.7573717791848935e-06,-1,0.1605479867686032,-0.1248977226421389,,1,0.0,0.0356502641264642,-4.7573717791848935e-06,1,0,0,0,0,1,0,harmful_opportunity
efc9ce296b1955e3,3,4,12,1,25,0.218784921514385,0.0001197258479893,-1,0.3911873302620952,-0.1724024087477101,,-1,0.2823920436984663,-0.0636071221840812,,1,1,0,0,0,0,1,positive
0831e7eae1365d56,3,4,5,1,9,0.0454030205190284,-0.000454077412188,-1,0.327611048673939,-0.2822080281549105,,9,0.0217786230717519,0.0236243974472765,-0.000454077412188,1,0,0,0,0,1,0,harmful_opportunity
174ebef468f65cc9,3,4,15,1,-1,,,-1,0.0,,,-1,0.0,,,0,0,0,0,0,0,0,abstain
40e3009527ee5be5,3,4,16,1,5,0.0372938980704864,0.0004074828368609,-1,0.2781882229306872,-0.2408943248602007,,5,0.0,0.0372938980704864,0.0004074828368609,1,1,0,0,0,1,0,positive
4f48d8ce00c3509c,3,4,16,1,6,0.0378809676349311,0.0004191477632149,-1,0.2746779155451882,-0.236796947910257,,6,0.0,0.0378809676349311,0.0004191477632149,1,1,0,0,0,1,0,positive
5979437fa70f5fd8,3,4,2,0,9,0.1133785350342759,-0.0001650322461967,-1,0.2685265261733072,-0.1551479911390313,,-1,0.1484159307311476,-0.0350373956968716,,1,0,0,1,0,0,1,harmful_no_opportunity
87237d7e0ff25ebb,3,4,1,0,-1,,,-1,0.0,,,-1,0.0,,,0,0,0,0,0,0,0,abstain
9bcb80a60af853a2,3,4,12,1,12,0.2697116658870999,-0.0004041901597287,12,0.1609616302488275,0.1087500356382724,-0.0004041901597287,12,0.201404947056816,0.0683067188302838,-0.0004041901597287,1,0,0,0,1,1,0,harmful_opportunity
a2326fd4694d5191,3,4,2,0,9,0.0914734952301084,-0.0003037672139702,-1,0.2844125529743539,-0.1929390577442455,,-1,0.1145579499924943,-0.0230844547623858,,1,0,0,1,0,0,1,harmful_no_opportunity
bc50e785e5cf5d5e,3,4,14,0,3,0.0046605179939849,-0.0001464746225625,-1,0.2520634784811549,-0.24740296048717,,3,0.0,0.0046605179939849,-0.0001464746225625,1,0,0,1,0,1,0,harmful_no_opportunity
be3f5af9cebd56a0,3,4,7,1,8,0.2565206817211672,7.009943267322072e-05,8,0.2415850651431619,0.0149356165780053,7.009943267322072e-05,8,0.2027226575481082,0.053798024173059,7.009943267322072e-05,1,1,0,0,1,1,0,positive
ccb8e05950fc5fca,3,4,19,1,23,0.1053961359803062,-0.000183020631969,-1,0.1673024091976735,-0.0619062732173673,,23,0.0877326076424464,0.0176635283378597,-0.000183020631969,1,0,0,0,0,1,0,harmful_opportunity
faf0ce0d2dc95076,3,4,7,1,-1,,,-1,0.0,,,-1,0.0,,,0,0,0,0,0,0,0,abstain
0395a156348a5041,3,4,8,1,24,0.0578667543811341,-0.0003903797159903,24,0.0309109596342063,0.0269557947469277,-0.0003903797159903,24,0.0083723636904161,0.049494390690718,-0.0003903797159903,1,0,0,0,1,1,0,harmful_opportunity
0d99f7ef1331585c,3,4,2,0,-1,,,-1,0.0,,,-1,0.0,,,0,0,0,0,0,0,0,abstain
1a775b7a88eb5558,3,4,12,1,21,0.0438683582306958,0.0,-1,0.0577577837358962,-0.0138894255052004,,21,0.028031592644473,0.0158367655862228,0.0,1,0,0,0,0,1,0,harmful_opportunity
2777ce9cfe665ad6,3,4,19,1,20,0.7017357375583403,-0.0003108637665398,20,0.4059156362356679,0.2958201013226723,-0.0003108637665398,-1,0.971328941168252,-0.2695932036099115,,1,0,0,0,1,0,1,harmful_opportunity
4db8527b43a95f0d,3,4,17,0,11,0.0947552042199292,-0.0003200179014353,11,0.0528493807399245,0.0419058234800047,-0.0003200179014353,11,0.0702662303898206,0.0244889738301086,-0.0003200179014353,1,0,0,1,1,1,0,harmful_no_opportunity
5d00c83bfb0c508d,3,4,12,1,-1,,,-1,0.0,,,-1,0.0,,,0,0,0,0,0,0,0,abstain
5f60684cc6045646,3,4,17,1,2,0.0299469729123501,-0.9895701892308892,-1,0.1735491196398384,-0.1436021467274882,,2,0.0,0.0299469729123501,-0.9895701892308892,1,0,1,0,0,1,0,catastrophe
633d93f8f6bc51b5,3,4,5,0,-1,,,-1,0.0,,,-1,0.0,,,0,0,0,0,0,0,0,abstain
6f319806306450c0,3,4,17,0,9,0.1436213995102266,-0.0001257457367667,-1,0.1888096355965501,-0.0451882360863234,,9,0.0820376100017176,0.061583789508509,-0.0001257457367667,1,0,0,1,0,1,0,harmful_no_opportunity
74bb5ba3f6a75df3,3,4,8,1,-1,,,-1,0.0,,,-1,0.0,,,0,0,0,0,0,0,0,abstain
8515fe3938815bd1,3,4,17,0,9,0.1763813119286015,-0.0001239293869381,9,0.1414919806188444,0.034889331309757,-0.0001239293869381,9,0.1153730112720889,0.0610083006565125,-0.0001239293869381,1,0,0,1,1,1,0,harmful_no_opportunity
9a807a00fda657be,3,4,4,1,9,0.1868845466003021,-7.209880230948321e-05,-1,0.2586377525341247,-0.0717532059338225,,9,0.1647771476569335,0.0221073989433685,-7.209880230948321e-05,1,0,0,0,0,1,0,harmful_opportunity
bb77e9686029538d,3,4,18,1,22,0.5400424241763673,0.0002012102944777,22,0.3531642378360283,0.1868781863403389,0.0002012102944777,-1,0.6949811722490595,-0.1549387480726922,,1,1,0,0,1,0,1,positive
d97f7fc3e5a35f1e,3,4,16,1,-1,,,-1,0.0,,,-1,0.0,,,0,0,0,0,0,0,0,abstain
fee89379e3375727,3,4,17,1,2,0.5196400216842526,0.0002513909440491,2,0.4196781966158233,0.0999618250684292,0.0002513909440491,-1,0.7116039256926118,-0.1919639040083591,,1,1,0,0,1,0,1,positive
0f6992119fc759c4,3,4,4,1,9,0.0660328831046773,0.9896811794601964,-1,0.1422427831869583,-0.076209900082281,,9,0.049158701891203,0.0168741812134742,0.9896811794601964,1,1,0,0,0,1,0,positive
147b934bc401590e,3,4,18,1,1,0.1563545786358181,0.9893352683567442,1,0.0880799670722519,0.0682746115635661,0.9893352683567442,-1,0.1594437560609617,-0.0030891774251436,,1,1,0,0,1,0,1,positive
1f19613acc175257,3,4,17,0,3,0.2000326452355238,-0.0001153716588855,3,0.0341664639402925,0.1658661812952312,-0.0001153716588855,3,0.179814538789734,0.0202181064457897,-0.0001153716588855,1,0,0,1,1,1,0,harmful_no_opportunity
28a9f1a2abfe555c,3,4,4,1,0,0.1565967492322981,0.0001118290149955,-1,0.1664451418974969,-0.0098483926651987,,0,0.1385936531687414,0.0180030960635566,0.0001118290149955,1,1,0,0,0,1,0,positive
59d1bd367a965623,3,4,19,1,9,0.3956876854675589,0.0002097983349114,9,0.3038399646655181,0.0918477208020407,0.0002097983349114,-1,0.527169434128432,-0.131481748660873,,1,1,0,0,1,0,1,positive
86abbd3f53575fd5,3,4,17,1,9,0.047458457586582,1.9791943842181936,-1,0.1184424485924139,-0.0709839910058319,,9,0.0,0.047458457586582,1.9791943842181936,1,1,0,0,0,1,0,positive
8ad88f000c1750a0,3,4,17,1,9,0.0871011249793017,-0.0005808805376524,-1,0.1421794976098114,-0.0550783726305097,,9,0.0290480616570971,0.0580530633222045,-0.0005808805376524,1,0,0,0,0,1,0,harmful_opportunity
b183aa1eebac52fc,3,4,17,1,7,0.1376034804178827,0.0001314637799514,-1,0.20911355274855,-0.0715100723306672,,7,0.0988629270111219,0.0387405534067607,0.0001314637799514,1,1,0,0,0,1,0,positive
e06dab45945a571c,3,4,17,1,-1,,,-1,0.0,,,-1,0.0,,,0,0,0,0,0,0,0,abstain
15c64c983b935d86,3,4,5,1,-1,,,-1,0.0,,,-1,0.0,,,0,0,0,0,0,0,0,abstain
1fad9f3e334d5e4e,3,4,16,0,3,0.0841944703083496,-5.923158902421122e-05,-1,0.2611605225594477,-0.1769660522510981,,3,0.0232496439197848,0.0609448263885647,-5.923158902421122e-05,1,0,0,1,0,1,0,harmful_no_opportunity
2d79aaf4c8d6582e,3,4,9,1,21,0.0393558657693903,0.0,21,0.0,0.0393558657693903,0.0,21,0.0,0.0393558657693903,0.0,1,0,0,0,1,1,0,harmful_opportunity
3d5f4f15e1f053cd,3,4,4,1,-1,,,-1,0.0,,,-1,0.0,,,0,0,0,0,0,0,0,abstain
4f547ba1d6e953b1,3,4,17,0,3,0.0965188241437179,-4.712445205079519e-05,-1,0.2484995967677279,-0.15198077262401,,3,0.0473930955577593,0.0491257285859585,-4.712445205079519e-05,1,0,0,1,0,1,0,harmful_no_opportunity
57a59636cde25b02,3,4,10,1,2,0.3003703531729843,1.5957976206366964,2,0.1720139284751648,0.1283564246978194,1.5957976206366964,-1,0.3567200584130242,-0.0563497052400399,,1,1,0,0,1,0,1,positive
77d52cd328e05b79,3,4,6,0,12,0.2025715040412954,-0.0012133296082392,12,0.0,0.2025715040412954,-0.0012133296082392,-1,0.2195226822820894,-0.016951178240794,,1,0,0,1,1,0,1,harmful_no_opportunity
7c467941fb3d5524,3,4,11,1,19,0.0205142260771262,0.0,19,0.0,0.0205142260771262,0.0,19,0.0,0.0205142260771262,0.0,1,0,0,0,1,1,0,harmful_opportunity
855d4a2e69115db2,3,4,1,0,-1,,,-1,0.0,,,-1,0.0,,,0,0,0,0,0,0,0,abstain
949849ded44f514f,3,4,5,1,-1,,,-1,0.0,,,-1,0.0,,,0,0,0,0,0,0,0,abstain
a74ab03d0fb05d72,3,4,12,0,-1,,,-1,0.0,,,-1,0.0,,,0,0,0,0,0,0,0,abstain
c0815ea46b825526,3,4,12,0,-1,,,-1,0.0,,,-1,0.0,,,0,0,0,0,0,0,0,abstain
cfdc02dc40405e6f,3,4,2,1,9,0.3349356557440434,2.019834518898582,-1,1.142779271614675,-0.8078436158706315,,-1,0.4030780748347111,-0.0681424190906676,,1,1,0,0,0,0,1,positive
de3c0c52e7815332,3,4,1,1,22,0.802083150890449,3.1496425274491777,22,0.7524302539526051,0.0496528969378439,3.1496425274491777,-1,0.8368233209659204,-0.0347401700754713,,1,1,0,0,1,0,1,positive
f26eb5a6f93c50b4,3,4,16,1,17,0.2173821609332621,0.0022419899821281,17,0.1655556207589025,0.0518265401743596,0.0022419899821281,-1,0.2574341673759914,-0.0400520064427292,,1,1,0,0,1,0,1,positive
f28c5026aff854cb,3,4,26,1,22,0.1652665989126248,0.92972289563152,22,0.1412300800073581,0.0240365189052667,0.92972289563152,22,0.1607339009692142,0.0045326979434105,0.92972289563152,1,1,0,0,1,1,0,positive
faf93d61f8bd5238,3,4,18,0,24,0.0687673816029543,-9.455366143940049e-05,-1,0.2721228388608009,-0.2033554572578466,,24,0.0,0.0687673816029543,-9.455366143940049e-05,1,0,0,1,0,1,0,harmful_no_opportunity
073ef4e9c6185fdd,3,4,2,1,-1,,,-1,0.0,,,-1,0.0,,,0,0,0,0,0,0,0,abstain
09884abf58435aaa,3,4,17,1,9,0.0662185506198301,-0.0006670752685522,-1,0.180917485585272,-0.1146989349654419,,9,0.010511815846026,0.0557067347738041,-0.0006670752685522,1,0,0,0,0,1,0,harmful_opportunity
10e0d0cf52855491,3,4,9,1,20,0.4207007276874806,-4.381986407098193e-05,-1,0.8608815890254398,-0.4401808613379591,,-1,0.6333894553432303,-0.2126887276557497,,1,0,0,0,0,0,1,harmful_opportunity
1fc485893db05d58,3,4,4,0,-1,,,-1,0.0,,,-1,0.0,,,0,0,0,0,0,0,0,abstain
21870d2397795423,3,4,24,0,20,0.1069096550537814,0.0,20,0.0,0.1069096550537814,0.0,20,0.0337011580261346,0.0732084970276468,0.0,1,0,0,1,1,1,0,harmful_no_opportunity
538923756bab555f,3,4,17,1,9,0.0328951715535917,0.0007085304721989,9,0.0,0.0328951715535917,0.0007085304721989,9,0.0,0.0328951715535917,0.0007085304721989,1,1,0,0,1,1,0,positive
5a67404157535f5b,3,4,1,0,-1,,,-1,0.0,,,-1,0.0,,,0,0,0,0,0,0,0,abstain
7476e5ad4711587f,3,4,9,0,3,0.0699899557803309,-9.649557229707284e-05,-1,0.0867636754205814,-0.0167737196402505,,3,0.0192989874593025,0.0506909683210283,-9.649557229707284e-05,1,0,0,1,0,1,0,harmful_no_opportunity
7fb1a51c02db514e,3,4,18,1,-1,,,-1,0.0,,,-1,0.0,,,0,0,0,0,0,0,0,abstain
82bcaf16eea459db,3,4,24,1,1,0.0616066396810389,-0.0001157444000244,-1,0.3572408209351365,-0.2956341812540975,,1,0.0,0.0616066396810389,-0.0001157444000244,1,0,0,0,0,1,0,harmful_opportunity
899c5ed91b8c5beb,3,4,17,1,-1,,,-1,0.0,,,-1,0.0,,,0,0,0,0,0,0,0,abstain
9857fe6079dc5b65,3,4,16,1,9,0.1521741271094596,0.0003742047014063,9,0.0,0.1521741271094596,0.0003742047014063,9,0.1453076863711178,0.0068664407383417,0.0003742047014063,1,1,0,0,1,1,0,positive
9c0c9727fc975d7a,3,4,4,1,-1,,,-1,0.0,,,-1,0.0,,,0,0,0,0,0,0,0,abstain
a0cbabab4b2c5345,3,4,17,1,-1,,,-1,0.0,,,-1,0.0,,,0,0,0,0,0,0,0,abstain
a370a9747c5e599b,3,4,8,1,1,0.1125066199935203,-1.0564851760864276e-05,-1,0.1211646984989792,-0.0086580785054589,,1,0.105187655312419,0.0073189646811013,-1.0564851760864276e-05,1,0,0,0,0,1,0,harmful_opportunity
b0b57e6ca331564e,3,4,12,1,24,0.0220962488230839,0.0,-1,0.4278834521926892,-0.4057872033696053,,24,0.0,0.0220962488230839,0.0,1,0,0,0,0,1,0,harmful_opportunity
b66edb8535dd5ec1,3,4,11,1,11,0.0966042071103635,-0.0002485304828732,-1,0.2562403751009386,-0.1596361679905751,,11,0.0412034434596715,0.055400763650692,-0.0002485304828732,1,0,0,0,0,1,0,harmful_opportunity
bef88a7c044b5ebe,3,4,29,1,18,0.5154772621046892,0.0008987352035938,18,0.0844084324486741,0.431068829656015,0.0008987352035938,-1,0.5450445080102427,-0.0295672459055534,,1,1,0,0,1,0,1,positive
ce41992a83845d8a,3,4,20,1,-1,,,-1,0.0,,,-1,0.0,,,0,0,0,0,0,0,0,abstain
e2022a0506df54c7,3,4,11,1,15,0.303256798039182,0.0,-1,0.5234872712565939,-0.2202304732174118,,-1,0.3914087874771114,-0.0881519894379294,,1,0,0,0,0,0,1,harmful_opportunity
f88a28f7b54555ea,3,4,30,1,18,0.1818418476115941,0.0006765377013073,18,0.0221421972186409,0.1596996503929532,0.0006765377013073,18,0.1103853355782233,0.0714565120333707,0.0006765377013073,1,1,0,0,1,1,0,positive
034da27cd2f75292,3,4,1,0,5,0.304640614934026,-0.0041440810557571,-1,0.5744393928500231,-0.269798777915997,,-1,0.3778909217059186,-0.0732503067718925,,1,0,0,1,0,0,1,harmful_no_opportunity
1088d47284565808,3,4,5,0,-1,,,-1,0.0,,,-1,0.0,,,0,0,0,0,0,0,0,abstain
1a20ae9ff1e05d25,3,4,16,1,25,0.07274087088546,-0.0001797868408029,-1,0.2178720156338524,-0.1451311447483923,,25,0.0358956876331267,0.0368451832523332,-0.0001797868408029,1,0,0,0,0,1,0,harmful_opportunity
3f51b8b92c3b52cf,3,4,18,1,9,0.3739109692203046,0.0003213510554285,9,0.2854261045702702,0.0884848646500344,0.0003213510554285,-1,0.4733391001323698,-0.0994281309120651,,1,1,0,0,1,0,1,positive
452d348a65ac59f3,3,4,11,1,-1,,,-1,0.0,,,-1,0.0,,,0,0,0,0,0,0,0,abstain
4a35d5b02394561e,3,4,17,1,-1,,,-1,0.0,,,-1,0.0,,,0,0,0,0,0,0,0,abstain
4a90f1c8ef895e13,3,4,12,1,2,0.1530308856651394,-0.0002851558105612,-1,0.3862919984795629,-0.2332611128144234,,-1,0.1673445084503862,-0.0143136227852467,,1,0,0,0,0,0,1,harmful_opportunity
4cf854e9eadf5084,3,4,2,1,-1,,,-1,0.0,,,-1,0.0,,,0,0,0,0,0,0,0,abstain
54059bb6b643525f,3,4,11,1,24,0.0111269355833754,-0.0005095285788178,-1,0.2220325696714072,-0.2109056340880317,,24,0.0,0.0111269355833754,-0.0005095285788178,1,0,0,0,0,1,0,harmful_opportunity
588dbd820a135056,3,4,6,1,3,0.1663461020295316,0.0005023064074397,-1,0.2753656850742506,-0.1090195830447189,,3,0.1313196226792112,0.0350264793503204,0.0005023064074397,1,1,0,0,0,1,0,positive
5a0bd184100f54d5,3,4,3,1,-1,,,-1,0.0,,,-1,0.0,,,0,0,0,0,0,0,0,abstain
8eb1c196434e51ec,3,4,10,1,-1,,,-1,0.0,,,-1,0.0,,,0,0,0,0,0,0,0,abstain
95e1e30a438d52cd,3,4,6,1,-1,,,-1,0.0,,,-1,0.0,,,0,0,0,0,0,0,0,abstain
9c5700ab41865a07,3,4,12,1,1,0.1634809305326644,-0.000125082693994,-1,0.5728338925957883,-0.4093529620631239,,-1,0.1841391301493462,-0.0206581996166817,,1,0,0,0,0,0,1,harmful_opportunity
aa05025b9a815254,3,4,9,1,-1,,,-1,0.0,,,-1,0.0,,,0,0,0,0,0,0,0,abstain
ac768eabfa5c5725,3,4,12,0,9,0.240029074240532,-9.121100050396568e-05,-1,0.3163807710469087,-0.0763516968063767,,9,0.1809552371601976,0.0590738370803344,-9.121100050396568e-05,1,0,0,1,0,1,0,harmful_no_opportunity
ad963f2915a657a4,3,4,18,1,9,0.3407998694433851,0.0004896600965409,9,0.2970139957442606,0.0437858736991245,0.0004896600965409,-1,0.3877962324242978,-0.0469963629809127,,1,1,0,0,1,0,1,positive
ae1909ec83115e90,3,4,2,1,9,0.1650734353301483,-0.0003600291313676,-1,0.2978121666750629,-0.1327387313449145,,-1,0.1834293143491884,-0.01835587901904,,1,0,0,0,0,0,1,harmful_opportunity
be7fe135f5665966,3,4,7,1,0,0.1693357944237277,0.0062542543325573,0,0.0959957811853728,0.0733400132383548,0.0062542543325573,0,0.1194125561638926,0.049923238259835,0.0062542543325573,1,1,0,0,1,1,0,positive
c7bff0705f645b30,3,4,12,1,3,0.3619219615565519,-1.2310663021650163,-1,0.4758646728742031,-0.1139427113176512,,-1,0.4445266415940387,-0.0826046800374868,,1,0,1,0,0,0,1,catastrophe
de432d7c6c6e57a6,3,4,2,0,-1,,,-1,0.0,,,-1,0.0,,,0,0,0,0,0,0,0,abstain
e8b724310f7054d0,3,4,17,1,-1,,,-1,0.0,,,-1,0.0,,,0,0,0,0,0,0,0,abstain
ed9b2d124d9d5f5d,3,4,16,1,-1,,,-1,0.0,,,-1,0.0,,,0,0,0,0,0,0,0,abstain
ee0f338b4ebe5cb4,3,4,6,1,-1,,,-1,0.0,,,-1,0.0,,,0,0,0,0,0,0,0,abstain
f2a1763371075e21,3,4,14,0,-1,,,-1,0.0,,,-1,0.0,,,0,0,0,0,0,0,0,abstain
fe394302690d5074,3,4,16,1,-1,,,-1,0.0,,,-1,0.0,,,0,0,0,0,0,0,0,abstain
3acad4250aca5326,3,4,12,1,23,0.1064943923618443,0.0010598421217871,-1,0.3042761177074846,-0.1977817253456403,,23,0.0381471774802318,0.0683472148816124,0.0010598421217871,1,1,0,0,0,1,0,positive
418e74ddfb5f5ca0,3,4,12,0,5,0.0190824957562154,-0.0027785253122454,-1,0.1787891508241882,-0.1597066550679728,,5,0.0,0.0190824957562154,-0.0027785253122454,1,0,0,1,0,1,0,harmful_no_opportunity
43f8bc12d54d5cef,3,4,2,1,-1,,,-1,0.0,,,-1,0.0,,,0,0,0,0,0,0,0,abstain
479da12f5f165e29,3,4,17,1,-1,,,-1,0.0,,,-1,0.0,,,0,0,0,0,0,0,0,abstain
4d6b64ad777d51e8,3,4,8,1,9,0.1338223052648577,-0.0003549737431109,-1,0.2267920462212259,-0.0929697409563681,,9,0.0906672087854197,0.0431550964794379,-0.0003549737431109,1,0,0,0,0,1,0,harmful_opportunity
5c0a063437415679,3,4,6,1,-1,,,-1,0.0,,,-1,0.0,,,0,0,0,0,0,0,0,abstain
7defa49de9415496,3,4,5,1,9,0.0461323753535338,-0.000493478185098,-1,0.2809125040020194,-0.2347801286484855,,9,0.0250322298700443,0.0211001454834895,-0.000493478185098,1,0,0,0,0,1,0,harmful_opportunity
a849c65f124e5af0,3,4,21,1,-1,,,-1,0.0,,,-1,0.0,,,0,0,0,0,0,0,0,abstain
baef81dee84a5ff1,3,4,7,0,9,0.0800382702471463,-0.0007031749175715,-1,0.2399140456856585,-0.1598757754385122,,9,0.0427678446862503,0.0372704255608959,-0.0007031749175715,1,0,0,1,0,1,0,harmful_no_opportunity
bce79a86a0b75d48,3,4,3,0,20,0.2110831200213195,-0.9901073702458292,-1,0.3353751112073633,-0.1242919911860437,,-1,0.3428528451748159,-0.1317697251534963,,1,0,1,1,0,0,1,catastrophe
d1faaed55b75587c,3,4,2,0,-1,,,-1,0.0,,,-1,0.0,,,0,0,0,0,0,0,0,abstain
faf6056c372e54f2,3,4,8,1,2,0.1794230692875083,1.246183863767609,2,0.0244359588451047,0.1549871104424036,1.246183863767609,2,0.1275967072331644,0.0518263620543439,1.246183863767609,1,1,0,0,1,1,0,positive
fb0869a379e05f37,3,4,14,1,21,0.0944327000451346,-0.0005006849899888,-1,0.1450751988743287,-0.0506424988291941,,21,0.0787281159309488,0.0157045841141857,-0.0005006849899888,1,0,0,0,0,1,0,harmful_opportunity
054033a129155c88,3,4,9,1,1,0.1640087550507574,3.994131535741196,-1,0.1996713643650795,-0.0356626093143221,,1,0.1082871332278727,0.0557216218228846,3.994131535741196,1,1,0,0,0,1,0,positive
188773ba51c15df2,3,4,15,1,3,0.6043913756965275,0.0007397349080302,3,0.0780705688460943,0.5263208068504331,0.0007397349080302,-1,0.7453352227901643,-0.1409438470936368,,1,1,0,0,1,0,1,positive
2796d5f962875a20,3,4,14,1,9,0.1171554864034826,1.657555662096244e-05,-1,0.274681500043959,-0.1575260136404764,,9,0.056659769769318,0.0604957166341645,1.657555662096244e-05,1,1,0,0,0,1,0,positive
2840205769d65c01,3,4,1,0,-1,,,-1,0.0,,,-1,0.0,,,0,0,0,0,0,0,0,abstain
2e5568e60278518f,3,4,16,1,-1,,,-1,0.0,,,-1,0.0,,,0,0,0,0,0,0,0,abstain
3d35dcf889f65305,3,4,14,1,-1,,,-1,0.0,,,-1,0.0,,,0,0,0,0,0,0,0,abstain
3effd9932b505526,3,4,4,1,9,0.0168672358755384,-0.0005002665493637,-1,0.3207119305916588,-0.3038446947161203,,9,0.0013259843958505,0.0155412514796878,-0.0005002665493637,1,0,0,0,0,1,0,harmful_opportunity
4f1e4809df7255cd,3,4,3,1,9,0.1159610912063854,-0.0004685123638249,-1,0.254005925489677,-0.1380448342832916,,9,0.1126037678325133,0.003357323373872,-0.0004685123638249,1,0,0,0,0,1,0,harmful_opportunity
5db6ae467e8f530f,3,4,1,0,-1,,,-1,0.0,,,-1,0.0,,,0,0,0,0,0,0,0,abstain
5e6ab34948a9514f,3,4,15,1,2,0.4339535235807815,0.0020171442691236,2,0.2424652891652403,0.1914882344155412,0.0020171442691236,-1,0.5281776004514317,-0.0942240768706502,,1,1,0,0,1,0,1,positive
6004adf688695a08,3,4,17,0,9,0.2851985341042844,-0.0001960927274078,9,0.1668826509836128,0.1183158831206715,-0.0001960927274078,-1,0.3053137623166707,-0.0201152282123863,,1,0,0,1,1,0,1,harmful_no_opportunity
637d23f7438f50f6,3,4,17,1,9,0.143634935506948,0.0003521821435541,-1,0.1619282038301493,-0.0182932683232012,,9,0.0866981342557987,0.0569368012511493,0.0003521821435541,1,1,0,0,0,1,0,positive
6a35a43b5e295b97,3,4,16,1,3,0.0900197638250282,9.041018076239028e-05,-1,0.2404378353247617,-0.1504180714997335,,3,0.0767243511636041,0.013295412661424,9.041018076239028e-05,1,1,0,0,0,1,0,positive
2a89f35c7f5e55de,4,0,15,1,3,0.128003345304495,-6.618811858352279e-05,-1,0.4042252683334277,-0.2762219230289328,,-1,0.1659459958698963,-0.0379426505654013,,1,0,0,0,0,0,1,harmful_opportunity
35695122c3535595,4,0,12,0,-1,,,-1,0.0,,,-1,0.0,,,0,0,0,0,0,0,0,abstain
5d0c2052e0a35e3f,4,0,17,1,24,0.3933365480036064,0.0017037782690954,24,0.3576244374418622,0.0357121105617442,0.0017037782690954,-1,0.4553476133936505,-0.062011065390044,,1,1,0,0,1,0,1,positive
62f95fe3004d54c9,4,0,3,1,26,0.0740367640274621,0.000285601210594,-1,0.2764598304574863,-0.2024230664300242,,-1,0.2201209137211848,-0.1460841496937227,,1,1,0,0,0,0,1,positive
6a35bb3d0b895433,4,0,24,1,22,0.3630140261194227,0.003396335945744,22,0.2145856576942967,0.1484283684251259,0.003396335945744,22,0.3594150728550618,0.0035989532643608,0.003396335945744,1,1,0,0,1,1,0,positive
761122460ac451ca,4,0,28,1,17,0.1083005661778264,0.0023181671525582,-1,0.1723373897208651,-0.0640368235430387,,17,0.0796861372639899,0.0286144289138364,0.0023181671525582,1,1,0,0,0,1,0,positive
8a15e547b0d15f42,4,0,5,1,26,0.0700175343014619,-0.0002700675501488,-1,0.3518074838139938,-0.2817899495125319,,-1,0.1045851395035332,-0.0345676052020712,,1,0,0,0,0,0,1,harmful_opportunity
9c925a1f1799553e,4,0,2,1,9,0.0715993527754964,-0.9899525742542464,-1,0.3969180909739294,-0.3253187381984329,,-1,0.1793495118616459,-0.1077501590861494,,1,0,1,0,0,0,1,catastrophe
b7cc1a0b6eca5a11,4,0,4,1,9,0.1552360316234425,-0.9898243386149406,-1,0.3802409183236988,-0.2250048867002562,,-1,0.2545903273716802,-0.0993542957482376,,1,0,1,0,0,0,1,catastrophe
0dd2b9715fc65e18,4,0,14,1,10,0.142210095367837,-9.228003919126147e-05,10,0.0671695280655762,0.0750405673022608,-9.228003919126147e-05,-1,0.1429678005055147,-0.0007577051376777,,1,0,0,0,1,0,1,harmful_opportunity
6281e79a633155a3,4,0,12,1,24,0.1664265637507269,0.0014172612654294,-1,0.2038182089187272,-0.0373916451680003,,-1,0.1997599646811311,-0.0333334009304042,,1,1,0,0,0,0,1,positive
16549991ac4b53ff,4,0,16,1,-1,,,-1,0.0,,,-1,0.0,,,0,0,0,0,0,0,0,abstain
254e4f21f68554f1,4,0,18,1,21,0.1547909017455164,-0.0001187025191262,-1,0.2612042122193463,-0.1064133104738299,,-1,0.164754417227551,-0.0099635154820346,,1,0,0,0,0,0,1,harmful_opportunity
2bdb803d07605094,4,0,6,1,23,0.1388094605003039,-0.0001160842318087,-1,0.2525254754708967,-0.1137160149705927,,-1,0.2410609390029323,-0.1022514785026283,,1,0,0,0,0,0,1,harmful_opportunity
3d78c0894c67503b,4,0,17,1,19,0.1528594000460052,-6.056209513917443e-06,-1,0.2298708724427197,-0.0770114723967144,,19,0.1522389886923565,0.0006204113536486,-6.056209513917443e-06,1,0,0,0,0,1,0,harmful_opportunity
4d104d17dc625c04,4,0,8,1,26,0.1951092553337246,-0.0004376932598653,-1,0.2369672991498748,-0.0418580438161502,,-1,0.2931714543938747,-0.09806219906015,,1,0,0,0,0,0,1,harmful_opportunity
70f797bbed2158f6,4,0,17,0,-1,,,-1,0.0,,,-1,0.0,,,0,0,0,0,0,0,0,abstain
83af8eb803795f59,4,0,16,1,-1,,,-1,0.0,,,-1,0.0,,,0,0,0,0,0,0,0,abstain
953f6386bfae55d0,4,0,18,1,17,0.3166235623280228,7.98645019531221e-06,-1,0.5207013734859488,-0.204077811157926,,-1,0.4300304778300287,-0.1134069155020059,,1,1,0,0,0,0,1,positive
b39ff897a8695a97,4,0,18,1,11,0.3074438146314735,-0.0001397995856908,-1,0.5392294429461828,-0.2317856283147092,,-1,0.3831192147452203,-0.0756754001137468,,1,0,0,0,0,0,1,harmful_opportunity
d5ef40ff0f715517,4,0,26,1,27,0.116301684390159,-7.741929963334115e-06,-1,0.4202371757982218,-0.3039354914080627,,27,0.07818573710402,0.0381159472861389,-7.741929963334115e-06,1,0,0,0,0,1,0,harmful_opportunity
da9bf29b3087547f,4,0,17,0,12,0.265058934822036,-0.0006733096577692,-1,0.4911078224943417,-0.2260488876723057,,12,0.2554515583276382,0.0096073764943978,-0.0006733096577692,1,0,0,1,0,1,0,harmful_no_opportunity
eb02028413fb5a92,4,0,16,1,9,0.1707466036076085,-0.000601498145051,-1,0.2397111098554152,-0.0689645062478067,,9,0.146595335052251,0.0241512685553574,-0.000601498145051,1,0,0,0,0,1,0,harmful_opportunity
ec65e8cddb3d5fbd,4,0,19,1,23,0.1314913061089589,-7.281030565500259e-05,-1,0.1491747571505864,-0.0176834510416274,,23,0.1239496728776745,0.0075416332312844,-7.281030565500259e-05,1,0,0,0,0,1,0,harmful_opportunity
f2c4bbcda8c650a3,4,0,11,1,26,0.150082631756629,-0.0006146780819484,-1,0.2389602457347474,-0.0888776139781184,,-1,0.1939111599893491,-0.0438285282327201,,1,0,0,0,0,0,1,harmful_opportunity
f53a6e7af3825751,4,0,16,1,3,0.1406077762302769,-2.8481406136426912e-05,-1,0.4601828141371996,-0.3195750379069226,,-1,0.1915525204940171,-0.0509447442637401,,1,0,0,0,0,0,1,harmful_opportunity
f53af77bf6fa5703,4,0,1,1,-1,,,-1,0.0,,,-1,0.0,,,0,0,0,0,0,0,0,abstain
0be5fd7a2dbb5d87,4,0,14,1,-1,,,-1,0.0,,,-1,0.0,,,0,0,0,0,0,0,0,abstain
25c67c9a53ef53ce,4,0,4,1,22,0.1047803050411713,0.0020756234128028,-1,0.3149478836400644,-0.210167578598893,,-1,0.2666619222834283,-0.1618816172422569,,1,1,0,0,0,0,1,positive
90efa9d50cc8521e,4,0,1,1,-1,,,-1,0.0,,,-1,0.0,,,0,0,0,0,0,0,0,abstain
ac7fee08538b5bb0,4,0,13,1,24,0.051811720665278,0.0,-1,0.2781313265549855,-0.2263196058897075,,-1,0.0719952239799568,-0.0201835033146787,,1,0,0,0,0,0,1,harmful_opportunity
c4292750158e5a5f,4,0,3,1,6,0.1879055889416699,0.9762204023627216,-1,0.4094405468166008,-0.2215349578749308,,-1,0.2476607028715919,-0.059755113929922,,1,1,0,0,0,0,1,positive
cae918485e635e35,4,0,14,0,-1,,,-1,0.0,,,-1,0.0,,,0,0,0,0,0,0,0,abstain
4b308d5a04d05498,4,0,17,1,-1,,,-1,0.0,,,-1,0.0,,,0,0,0,0,0,0,0,abstain
8fba4b45daa85b15,4,0,19,1,-1,,,-1,0.0,,,-1,0.0,,,0,0,0,0,0,0,0,abstain
c9a1d813d64c52d1,4,0,4,0,15,0.1807867626130011,0.0,-1,0.5507607796055587,-0.3699740169925576,,-1,0.3969916319591682,-0.2162048693461671,,1,0,0,1,0,0,1,harmful_no_opportunity
e747e181d08758c8,4,0,13,1,-1,,,-1,0.0,,,-1,0.0,,,0,0,0,0,0,0,0,abstain
f6db13314100532b,4,0,13,1,-1,,,-1,0.0,,,-1,0.0,,,0,0,0,0,0,0,0,abstain
0fb7d56584065e6f,4,0,27,1,21,0.4537955328428287,0.0021822822965567,21,0.2477182537078511,0.2060772791349776,0.0021822822965567,21,0.4467471443586763,0.0070483884841524,0.0021822822965567,1,1,0,0,1,1,0,positive
2abb6fcc99585318,4,0,20,1,-1,,,-1,0.0,,,-1,0.0,,,0,0,0,0,0,0,0,abstain
32b190836fd35675,4,0,7,1,17,0.079477254793465,4.21013753162695e-05,-1,0.2165000510694212,-0.1370227962759561,,-1,0.1992683619822517,-0.1197911071887867,,1,1,0,0,0,0,1,positive
48428a15cb2d56c8,4,0,5,0,-1,,,-1,0.0,,,-1,0.0,,,0,0,0,0,0,0,0,abstain
4d08ab0578415b3b,4,0,6,1,-1,,,-1,0.0,,,-1,0.0,,,0,0,0,0,0,0,0,abstain
58c0557c53635354,4,0,6,1,-1,,,-1,0.0,,,-1,0.0,,,0,0,0,0,0,0,0,abstain
58e646ea48eb59d3,4,0,18,1,22,0.4074574322979462,0.0003097406474874,22,0.3441270912134095,0.0633303410845366,0.0003097406474874,-1,0.4565534574030088,-0.0490960251050626,,1,1,0,0,1,0,1,positive
9d7dd692cec75a40,4,0,17,1,6,0.071384509950986,-0.0009404101041611,-1,0.1520551129276267,-0.0806706029766406,,6,0.045324925121993,0.026059584828993,-0.0009404101041611,1,0,0,0,0,1,0,harmful_opportunity
ad4b812be67052a1,4,0,27,1,23,0.0325772326487126,0.0001918116681274,-1,0.1940503369072853,-0.1614731042585727,,23,0.0003464115436426,0.0322308211050699,0.0001918116681274,1,1,0,0,0,1,0,positive
de3f8268d1675268,4,0,10,0,21,0.0976422817968061,0.0,21,0.0560778527039625,0.0415644290928436,0.0,-1,0.1108860711287442,-0.013243789331938,,1,0,0,1,1,0,1,harmful_no_opportunity
f110d20f7a7957b7,4,0,17,1,6,0.1105924586426505,-9.978644736091669e-06,-1,0.2051657003948831,-0.0945732417522325,,6,0.084824187969561,0.0257682706730895,-9.978644736091669e-06,1,0,0,0,0,1,0,harmful_opportunity
4fc4718214135eee,4,0,12,1,9,0.0541645163273681,0.989265655384527,-1,0.2012800129073099,-0.1471154965799418,,9,0.0425782310759774,0.0115862852513906,0.989265655384527,1,1,0,0,0,1,0,positive
5d64681dd478516a,4,0,27,1,-1,,,-1,0.0,,,-1,0.0,,,0,0,0,0,0,0,0,abstain
629734efb5f5564c,4,0,20,1,10,0.1707049247538192,0.0004178750086341,10,0.0,0.1707049247538192,0.0004178750086341,10,0.0945115550259714,0.0761933697278477,0.0004178750086341,1,1,0,0,1,1,0,positive
69244009b6eb50bf,4,0,13,1,17,0.1097213710752178,-4.581917114554468e-05,17,0.0254309503943943,0.0842904206808235,-4.581917114554468e-05,-1,0.1234160292495251,-0.0136946581743072,,1,0,0,0,1,0,1,harmful_opportunity
908340fb165954b2,4,0,14,1,-1,,,-1,0.0,,,-1,0.0,,,0,0,0,0,0,0,0,abstain
9229af9b7f1c5848,4,0,17,1,-1,,,-1,0.0,,,-1,0.0,,,0,0,0,0,0,0,0,abstain
beeb2d538d7f53d8,4,0,18,1,3,0.0430880762643704,0.0002613140884786,3,0.0267699984329945,0.0163180778313758,0.0002613140884786,3,0.0054030617207991,0.0376850145435713,0.0002613140884786,1,1,0,0,1,1,0,positive
fbd37ced14a15418,4,0,17,1,7,0.0984733013656512,0.0001307986882864,-1,0.2103759820209051,-0.1119026806552538,,7,0.0731123436997679,0.0253609576658833,0.0001307986882864,1,1,0,0,0,1,0,positive
ff54f555627f5338,4,0,14,1,9,0.1177941764125057,-0.0005246792767196,9,0.0860764623610905,0.0317177140514151,-0.0005246792767196,9,0.0989049333164941,0.0188892430960115,-0.0005246792767196,1,0,0,0,1,1,0,harmful_opportunity
052f0d46a5c059a1,4,0,12,1,0,0.4183251706955458,0.0031051245564599,0,0.3264370841636278,0.0918880865319179,0.0031051245564599,-1,0.4329142702084627,-0.0145890995129168,,1,1,0,0,1,0,1,positive
0af516a5b2725ac6,4,0,12,0,23,0.0709406999446695,-0.0001615021092407,-1,0.079501673246619,-0.0085609733019495,,23,0.0587652827765393,0.0121754171681301,-0.0001615021092407,1,0,0,1,0,1,0,harmful_no_opportunity
103c7d249ab154af,4,0,17,1,9,0.1677078769076613,0.9936651484772564,9,0.1365383233806109,0.0311695535270504,0.9936651484772564,9,0.1432359177203989,0.0244719591872623,0.9936651484772564,1,1,0,0,1,1,0,positive
30c657863dc05485,4,0,9,1,2,0.163778539191512,2.020336450465309,2,0.1468999914316827,0.0168785477598293,2.020336450465309,-1,0.2536410974621628,-0.0898625582706507,,1,1,0,0,1,0,1,positive
431f7c6b100d5249,4,0,8,1,21,0.2740727649917469,-9.228673037142698e-05,-1,0.335857246602498,-0.0617844816107511,,-1,0.4245694589633629,-0.150496693971616,,1,0,0,0,0,0,1,harmful_opportunity
4ace61964e9f5b4b,4,0,5,1,-1,,,-1,0.0,,,-1,0.0,,,0,0,0,0,0,0,0,abstain
5098ce6b12fa5143,4,0,9,1,-1,,,-1,0.0,,,-1,0.0,,,0,0,0,0,0,0,0,abstain
52092728a1c1574f,4,0,17,1,-1,,,-1,0.0,,,-1,0.0,,,0,0,0,0,0,0,0,abstain
58f2e39eebc65d24,4,0,9,1,0,0.0769163507807695,0.0098007870477623,0,0.0,0.0769163507807695,0.0098007870477623,-1,0.1378533729910944,-0.0609370222103248,,1,1,0,0,1,0,1,positive
5a917f5bb8815bd0,4,0,2,1,7,0.1667378500895651,0.2376334074385464,7,0.0,0.1667378500895651,0.2376334074385464,-1,0.2657532109461837,-0.0990153608566186,,1,1,0,0,1,0,1,positive
6429eb85b6ba5938,4,0,17,1,6,0.427585689576039,-4.805480735781131e-05,6,0.0,0.427585689576039,-4.805480735781131e-05,6,0.4129590684686368,0.0146266211074022,-4.805480735781131e-05,1,0,0,0,1,1,0,harmful_opportunity
6b416b289a3b5858,4,0,16,1,6,0.3068556440334356,-0.0001057195663918,-1,0.3993892595833194,-0.0925336155498838,,-1,0.3957193566937462,-0.0888637126603105,,1,0,0,0,0,0,1,harmful_opportunity
6e9b901524355c0b,4,0,21,1,21,0.1354023504874981,-0.0001405817615636,-1,0.177782122194262,-0.0423797717067639,,-1,0.1401407381368093,-0.0047383876493111,,1,0,0,0,0,0,1,harmful_opportunity
8834fc612e1d524c,4,0,8,1,-1,,,-1,0.0,,,-1,0.0,,,0,0,0,0,0,0,0,abstain
9ddade724a6a54e2,4,0,16,1,3,0.0100307320304085,0.9292438401492256,-1,0.2403861561920887,-0.2303554241616802,,3,0.0,0.0100307320304085,0.9292438401492256,1,1,0,0,0,1,0,positive
a5fc167ac3e45fec,4,0,17,0,0,0.0078568709522654,-0.0001269786208872,0,0.0,0.0078568709522654,-0.0001269786208872,0,0.0,0.0078568709522654,-0.0001269786208872,1,0,0,1,1,1,0,harmful_no_opportunity
bcb7ec6d46f45180,4,0,17,0,4,0.0161957322337677,-0.0002300234297289,-1,0.2436533254114935,-0.2274575931777258,,4,0.0,0.0161957322337677,-0.0002300234297289,1,0,0,1,0,1,0,harmful_no_opportunity
c25f5ca801be5075,4,0,4,0,8,0.0834204205911207,-1.538959369074e-05,8,0.0,0.0834204205911207,-1.538959369074e-05,-1,0.1289600462332004,-0.0455396256420797,,1,0,0,1,1,0,1,harmful_no_opportunity
d0da55bb38fb5e83,4,0,3,1,5,0.0313879582296267,0.0001831561706144,-1,0.3317461499030477,-0.300358191673421,,-1,0.1020034187580718,-0.070615460528445,,1,1,0,0,0,0,1,positive
e056339b5ad457ea,4,0,17,0,4,0.014223174556874,-1.9974818360246616e-05,-1,0.2408626983281827,-0.2266395237713086,,4,0.0,0.014223174556874,-1.9974818360246616e-05,1,0,0,1,0,1,0,harmful_no_opportunity
03a7c978d0165fa2,4,0,20,1,-1,,,-1,0.0,,,-1,0.0,,,0,0,0,0,0,0,0,abstain
102e8bfe5f555974,4,0,19,1,22,0.181335571001979,-2.479011844847001e-05,22,0.0092228543729078,0.1721127166290712,-2.479011844847001e-05,22,0.1396812750722739,0.0416542959297051,-2.479011844847001e-05,1,0,0,0,1,1,0,harmful_opportunity
11579a9c240a5c77,4,0,17,1,-1,,,-1,0.0,,,-1,0.0,,,0,0,0,0,0,0,0,abstain
1c8a733cea4d5aed,4,0,28,1,11,0.3064990305889103,0.0014269439846277,11,0.0,0.3064990305889103,0.0014269439846277,11,0.2587506547255058,0.0477483758634045,0.0014269439846277,1,1,0,0,1,1,0,positive
1ed95e82b4f754ff,4,0,4,1,-1,,,-1,0.0,,,-1,0.0,,,0,0,0,0,0,0,0,abstain
2067e26ac57b5302,4,0,1,0,5,0.101678289322867,-0.0001615822235704,-1,0.5038279910375288,-0.4021497017146618,,-1,0.3242239895157026,-0.2225457001928356,,1,0,0,1,0,0,1,harmful_no_opportunity
25f5f0c57aea54b9,4,0,21,1,-1,,,-1,0.0,,,-1,0.0,,,0,0,0,0,0,0,0,abstain
2b3f24482a765ccc,4,0,5,1,-1,,,-1,0.0,,,-1,0.0,,,0,0,0,0,0,0,0,abstain
330fd7f2e3aa5f55,4,0,26,1,19,0.100230714144779,5.4576332867145496e-05,19,0.0,0.100230714144779,5.4576332867145496e-05,19,0.0603224480627909,0.039908266081988,5.4576332867145496e-05,1,1,0,0,1,1,0,positive
3a46193d097552cd,4,0,16,1,9,0.2475115152844104,0.0008605283550969,-1,0.2931492589005784,-0.045637743616168,,9,0.2218053989839395,0.0257061163004708,0.0008605283550969,1,1,0,0,0,1,0,positive
4b7fb448a9f35a56,4,0,18,1,-1,,,-1,0.0,,,-1,0.0,,,0,0,0,0,0,0,0,abstain
642e382b50db5133,4,0,17,1,9,0.0501590854568792,0.9895227806188628,-1,0.1366449171388239,-0.0864858316819446,,9,0.0283611201740627,0.0217979652828165,0.9895227806188628,1,1,0,0,0,1,0,positive
669d54218ee75215,4,0,2,1,1,0.0331137064146315,3.765455192187791e-05,-1,0.2179069040397082,-0.1847931976250767,,-1,0.1429956947192841,-0.1098819883046526,,1,1,0,0,0,0,1,positive
6715d16e80075f55,4,0,12,1,3,0.1644410899437026,-0.0001784819283985,-1,0.2649678497685357,-0.100526759824833,,3,0.1509222901419733,0.0135187998017293,-0.0001784819283985,1,0,0,0,0,1,0,harmful_opportunity
8c7421c1a39954dc,4,0,1,1,-1,,,-1,0.0,,,-1,0.0,,,0,0,0,0,0,0,0,abstain
8e92f84a71e85b42,4,0,9,1,-1,,,-1,0.0,,,-1,0.0,,,0,0,0,0,0,0,0,abstain
9389f1437d2b5fad,4,0,12,1,0,0.1132243585578667,5.547304395592256e-05,0,0.0489549274579712,0.0642694310998954,5.547304395592256e-05,0,0.1107924656126667,0.0024318929451999,5.547304395592256e-05,1,1,0,0,1,1,0,positive
9f109cfcd3695a7c,4,0,18,1,-1,,,-1,0.0,,,-1,0.0,,,0,0,0,0,0,0,0,abstain
ac264ca2d43c52a7,4,0,25,1,-1,,,-1,0.0,,,-1,0.0,,,0,0,0,0,0,0,0,abstain
d7018055ca4b5f66,4,0,17,0,-1,,,-1,0.0,,,-1,0.0,,,0,0,0,0,0,0,0,abstain
ddcdcbbd930d5cd4,4,0,1,0,-1,,,-1,0.0,,,-1,0.0,,,0,0,0,0,0,0,0,abstain
e7e3b8bf23835b2a,4,0,3,1,16,0.0603552881913881,6.682571023874928e-06,-1,0.1472383989382066,-0.0868831107468184,,-1,0.1292580095388519,-0.0689027213474637,,1,1,0,0,0,0,1,positive
eae558be27b1587b,4,0,6,1,7,0.0562958634237197,-0.2252352770328521,-1,0.0806716939877854,-0.0243758305640656,,-1,0.1176542492684636,-0.0613583858447438,,1,0,0,0,0,0,1,harmful_opportunity
ffb77fcdc4bd5e37,4,0,13,1,-1,,,-1,0.0,,,-1,0.0,,,0,0,0,0,0,0,0,abstain
07f8bf05fc975975,4,0,1,0,1,0.0848350194252524,-7.274440014737316e-05,-1,0.2693441507798004,-0.1845091313545479,,-1,0.3087319351025537,-0.2238969156773012,,1,0,0,1,0,0,1,harmful_no_opportunity
0fdd878a393d502e,4,0,2,0,-1,,,-1,0.0,,,-1,0.0,,,0,0,0,0,0,0,0,abstain
2b32a9f406845f75,4,0,12,0,2,0.0034219581389365,-3.806486467696913,2,0.0,0.0034219581389365,-3.806486467696913,2,0.0,0.0034219581389365,-3.806486467696913,1,0,1,1,1,1,0,catastrophe
2c9450a5449e52fa,4,0,9,1,6,0.0352407520243091,-0.0005310452297329,-1,0.1551892866382326,-0.1199485346139234,,-1,0.0642726825405859,-0.0290319305162767,,1,0,0,0,0,0,1,harmful_opportunity
447b5889e4005e16,4,0,5,0,-1,,,-1,0.0,,,-1,0.0,,,0,0,0,0,0,0,0,abstain
5465043a8ae85d79,4,0,2,1,9,0.2690886366362399,0.9894966626687548,9,0.1151563258015496,0.1539323108346902,0.9894966626687548,-1,0.3549311357626569,-0.085842499126417,,1,1,0,0,1,0,1,positive
613662b53d9a5ae7,4,0,12,1,-1,,,-1,0.0,,,-1,0.0,,,0,0,0,0,0,0,0,abstain
66da55b392b45a5d,4,0,21,1,17,0.1806756273563497,0.0001668158262966,-1,0.6902483045622212,-0.5095726772058715,,17,0.1621064268950149,0.0185692004613347,0.0001668158262966,1,1,0,0,0,1,0,positive
78823d4302645d60,4,0,12,1,-1,,,-1,0.0,,,-1,0.0,,,0,0,0,0,0,0,0,abstain
7a1756cf8f7a566e,4,0,13,1,2,0.3735332769637671,-0.002361465603113,-1,0.4336220067683417,-0.0600887298045745,,-1,0.5238255010371061,-0.1502922240733389,,1,0,0,0,0,0,1,harmful_opportunity
7c8389cb32f25aed,4,0,10,1,1,0.2603238397963863,1.7302572846444375,1,0.2262380905192413,0.0340857492771449,1.7302572846444375,1,0.2395821385426441,0.0207417012537421,1.7302572846444375,1,1,0,0,1,1,0,positive
80bebabe4c6f5627,4,0,14,1,9,0.1118967726713505,-0.0004784055048858,-1,0.2508962268120854,-0.1389994541407348,,9,0.0970878896354184,0.0148088830359321,-0.0004784055048858,1,0,0,0,0,1,0,harmful_opportunity
b16054ccc4bd54f9,4,0,11,1,1,0.245862366966942,1.8926528397743596,-1,0.260816145383065,-0.0149537784161229,,1,0.23830115044053,0.007561216526412,1.8926528397743596,1,1,0,0,0,1,0,positive
b3734dd3dc905040,4,0,16,1,-1,,,-1,0.0,,,-1,0.0,,,0,0,0,0,0,0,0,abstain
b3c270be7e145adc,4,0,10,1,14,2.874996171380168,-1.2199467135749755,14,1.1989813815467754,1.6760147898333928,-1.2199467135749755,-1,2.9479621129960294,-0.0729659416158612,,1,0,1,0,1,0,1,catastrophe
b76a132378175658,4,0,17,1,-1,,,-1,0.0,,,-1,0.0,,,0,0,0,0,0,0,0,abstain
c49669e6594c55d7,4,0,24,1,24,0.1745995715304889,-4.205154404068878e-05,-1,0.2154877888121362,-0.0408882172816473,,24,0.1648258460650851,0.0097737254654037,-4.205154404068878e-05,1,0,0,0,0,1,0,harmful_opportunity
d72a6e0e28a159a2,4,0,7,0,5,0.0511620147923316,-0.0113237933923491,-1,0.218887325924843,-0.1677253111325113,,-1,0.1040678045428921,-0.0529057897505604,,1,0,0,1,0,0,1,harmful_no_opportunity
da13a4ab1eaf5a07,4,0,17,1,10,0.1802335349999149,4.382104147193644e-05,-1,0.2091758360291817,-0.0289423010292667,,10,0.1526351336229408,0.027598401376974,4.382104147193644e-05,1,1,0,0,0,1,0,positive
dd2f426104cb5f43,4,0,6,1,-1,,,-1,0.0,,,-1,0.0,,,0,0,0,0,0,0,0,abstain
ea01c4873e9b5cf8,4,0,17,1,9,0.1771561115427936,-0.0001069160800426,-1,0.2980277643661491,-0.1208716528233554,,9,0.1636354732107831,0.0135206383320105,-0.0001069160800426,1,0,0,0,0,1,0,harmful_opportunity
ea47b3db126a588e,4,0,1,0,-1,,,-1,0.0,,,-1,0.0,,,0,0,0,0,0,0,0,abstain
023f35fd45755497,4,0,11,1,-1,,,-1,0.0,,,-1,0.0,,,0,0,0,0,0,0,0,abstain
07704203d30b5747,4,0,1,0,-1,,,-1,0.0,,,-1,0.0,,,0,0,0,0,0,0,0,abstain
2daba893c5535189,4,0,4,1,-1,,,-1,0.0,,,-1,0.0,,,0,0,0,0,0,0,0,abstain
2f19f98982615f60,4,0,11,0,-1,,,-1,0.0,,,-1,0.0,,,0,0,0,0,0,0,0,abstain
36ba502aa1eb5ecd,4,0,14,0,-1,,,-1,0.0,,,-1,0.0,,,0,0,0,0,0,0,0,abstain
43557bbc55b85aa6,4,0,6,1,-1,,,-1,0.0,,,-1,0.0,,,0,0,0,0,0,0,0,abstain
47cdc9127a1e55a7,4,0,11,1,9,0.0667910640570561,-0.0004928609021008,9,0.0153353435448878,0.0514557205121682,-0.0004928609021008,9,0.0538175145768344,0.0129735494802217,-0.0004928609021008,1,0,0,0,1,1,0,harmful_opportunity
49677b3a648b58be,4,0,28,1,-1,,,-1,0.0,,,-1,0.0,,,0,0,0,0,0,0,0,abstain
4a1db4bffda6552f,4,0,16,1,-1,,,-1,0.0,,,-1,0.0,,,0,0,0,0,0,0,0,abstain
671ff8b7146358da,4,0,10,1,20,0.3289768692500041,2.019998709635657,-1,0.3588613742415314,-0.0298845049915273,,-1,0.4627093787037094,-0.1337325094537052,,1,1,0,0,0,0,1,positive
696a489252f453fb,4,0,3,1,-1,,,-1,0.0,,,-1,0.0,,,0,0,0,0,0,0,0,abstain
69f3980cf2db525c,4,0,16,1,2,0.1138571835349765,-0.0001963694116682,-1,0.2624680725265516,-0.148610888991575,,-1,0.1152930798854556,-0.0014358963504791,,1,0,0,0,0,0,1,harmful_opportunity
6c6d30fe3b6e59f0,4,0,23,1,9,0.0872614959794125,1.0326532647209063e-05,9,0.0,0.0872614959794125,1.0326532647209063e-05,9,0.0054652118872373,0.0817962840921752,1.0326532647209063e-05,1,1,0,0,1,1,0,positive
7449973a63d255af,4,0,9,0,-1,,,-1,0.0,,,-1,0.0,,,0,0,0,0,0,0,0,abstain
84130118c5ec5189,4,0,1,0,-1,,,-1,0.0,,,-1,0.0,,,0,0,0,0,0,0,0,abstain
986bd829651151e2,4,0,27,1,-1,,,-1,0.0,,,-1,0.0,,,0,0,0,0,0,0,0,abstain
c1dbec763983596c,4,0,17,0,6,0.0443173906885192,-0.0004926864345327,-1,0.2093716000812635,-0.1650542093927442,,6,0.0210801424069155,0.0232372482816037,-0.0004926864345327,1,0,0,1,0,1,0,harmful_no_opportunity
c70954fab4a650c7,4,0,5,0,13,3.516119810400146,-1.233023564266786,13,1.2496834555530163,2.266436354847129,-1.233023564266786,-1,3.5466803318679125,-0.0305605214677666,,1,0,1,1,1,0,1,catastrophe
d8d6c32be32650ad,4,0,7,1,-1,,,-1,0.0,,,-1,0.0,,,0,0,0,0,0,0,0,abstain
deeae175505b5728,4,0,9,1,23,0.8651766032890484,0.0006355421473274,23,0.2526596335725015,0.6125169697165469,0.0006355421473274,-1,1.0202848497922876,-0.1551082465032391,,1,1,0,0,1,0,1,positive
e380b20d49215557,4,0,13,1,-1,,,-1,0.0,,,-1,0.0,,,0,0,0,0,0,0,0,abstain
e4499494731e5026,4,0,9,1,26,0.2215318270182057,0.0005548425547778,-1,0.4664506208393766,-0.2449187938211708,,-1,0.3272796518198073,-0.1057478248016015,,1,1,0,0,0,0,1,positive
ed710413165b5ca4,4,0,10,0,1,0.1204755507993103,-0.0001985852306709,-1,0.2616464360814411,-0.1411708852821308,,1,0.1116394336854148,0.0088361171138954,-0.0001985852306709,1,0,0,1,0,1,0,harmful_no_opportunity
f9922d29f7ca5693,4,0,9,1,21,0.1177966351516257,-8.826512694358815e-05,-1,0.4399001045085169,-0.3221034693568912,,-1,0.2313169424304263,-0.1135203072788005,,1,0,0,0,0,0,1,harmful_opportunity
fbe3cf848a4c5391,4,0,1,0,2,0.1078436452474513,-0.0046172204494472,-1,0.1405175370586756,-0.0326738918112243,,-1,0.3298947428813313,-0.22205109763388,,1,0,0,1,0,0,1,harmful_no_opportunity
fdf3abf3cf375c35,4,0,5,1,-1,,,-1,0.0,,,-1,0.0,,,0,0,0,0,0,0,0,abstain
00f4aedf9b3c5f65,4,0,16,1,21,0.0490956043257411,3.5336512327194085e-05,-1,0.2754308144491011,-0.22633521012336,,21,0.0412738236812983,0.0078217806444428,3.5336512327194085e-05,1,1,0,0,0,1,0,positive
3584e6b997845f86,4,0,27,1,-1,,,-1,0.0,,,-1,0.0,,,0,0,0,0,0,0,0,abstain
3d56147a52d550b3,4,0,17,1,3,0.166780640517493,0.0001904807411134,3,0.0,0.166780640517493,0.0001904807411134,3,0.151398639199476,0.015382001318017,0.0001904807411134,1,1,0,0,1,1,0,positive
4132da23bf54566f,4,0,17,1,1,0.0398373439906395,0.0012187561772414,-1,0.097977194741484,-0.0581398507508445,,1,0.0221020576900214,0.017735286300618,0.0012187561772414,1,1,0,0,0,1,0,positive
44ae005ad8b25d52,4,0,10,0,-1,,,-1,0.0,,,-1,0.0,,,0,0,0,0,0,0,0,abstain
48ee2a6b3a4b54cc,4,0,8,0,-1,,,-1,0.0,,,-1,0.0,,,0,0,0,0,0,0,0,abstain
49f109b9cca4567a,4,0,8,1,-1,,,-1,0.0,,,-1,0.0,,,0,0,0,0,0,0,0,abstain
4ac48ad526735073,4,0,15,1,1,0.1935467795769919,0.0003725693814456,-1,0.2389831975528963,-0.0454364179759044,,1,0.1721342263029348,0.021412553274057,0.0003725693814456,1,1,0,0,0,1,0,positive
5214a5118acc5d75,4,0,15,1,6,0.0770547692832109,-0.001846320647036,-1,0.2720724173454061,-0.1950176480621951,,6,0.070220145320525,0.0068346239626859,-0.001846320647036,1,0,0,0,0,1,0,harmful_opportunity
55a7c26fd2d35b8e,4,0,16,1,-1,,,-1,0.0,,,-1,0.0,,,0,0,0,0,0,0,0,abstain
5693aed0af7e548c,4,0,5,0,17,0.0663365633702129,-2.020414070067741,-1,0.5534836325491115,-0.4871470691788985,,-1,0.2422970689642251,-0.1759605055940121,,1,0,1,1,0,0,1,catastrophe
7418da8c04e85efb,4,0,7,1,1,0.2122064190269177,4.00804797271723,1,0.1926787050181883,0.0195277140087294,4.00804797271723,-1,0.2217879455342171,-0.0095815265072993,,1,1,0,0,1,0,1,positive
