scenario_token,outer_test_fold,calibration_fold,candidate_count,positive_opportunity,rsm_selected_action,rsm_selected_score,rsm_selected_teacher_improvement,dense_selected_action,dense_value,dense_shift_selected_action,dense_shift_value,cfsr_raw_selected_action,cfsr_raw_value,cfsr_main_selected_action,cfsr_main_value,rsmr_proposal,rsmr_y,dense_accepts_frozen_rsmr_winner,dense_deletes_rsmr_proposal,dense_shift_accepts_frozen_rsmr_winner,dense_shift_deletes_rsmr_proposal,cfsr_raw_accepts_frozen_rsmr_winner,cfsr_raw_deletes_rsmr_proposal,cfsr_main_accepts_frozen_rsmr_winner,cfsr_main_deletes_rsmr_proposal,rsmr_outcome_class,domain,cfsr_main_removed_catastrophe,cfsr_main_missed_positive,cfsr_main_missed_near_zero_positive_le_0p01
30e193cab0fc5a5d,0,1,9,0,-1,,,-1,,-1,,-1,,-1,,0,,0,0,0,0,0,0,0,0,RSMR_abstain,no_positive_opportunity,0,0,0
366e33370f605634,0,1,4,1,28,0.1768938681841109,1.2326923098775555,28,0.1904850688958888,28,0.1229798144543322,-1,-0.9300698622518332,-1,-1.0598914622773763,1,1.2326923098775555,1,0,1,0,0,1,0,1,material_positive_gt_0p2,positive_opportunity,0,1,0
3fabf2e29e5f5fc4,0,1,18,1,22,0.1364086511968436,0.0002032831884921,22,0.0969791380535447,22,0.0294738836119882,22,0.1138534497501997,-1,-0.0159681502753434,1,0.0002032831884921,1,0,1,0,1,0,0,1,near_zero_positive_le_0p01,positive_opportunity,0,1,1
46f5fac22c0b5cb0,0,1,5,0,5,0.0060178534605635,-0.0008687456113751,-1,-0.0139948135039534,-1,-0.08150006794551,5,0.070884568714559,-1,-0.058937031310984,1,-0.0008687456113751,0,1,0,1,1,0,0,1,mild_harm,no_positive_opportunity,0,0,0
518c0014d1a45ca8,0,1,13,1,12,0.2711649932888276,-0.0001304086467248,12,0.038710561622988,-1,-0.0287946928185684,12,0.1466784383088236,12,0.0168568382832805,1,-0.0001304086467248,1,0,0,1,1,0,1,0,mild_harm,positive_opportunity,0,0,0
586dc46118d75100,0,1,14,1,9,0.2774287955593529,-0.0004047478932421,-1,-0.0188280040061411,-1,-0.0863332584476977,9,0.2254217888447464,9,0.0956001888192033,1,-0.0004047478932421,0,1,0,1,1,0,1,0,mild_harm,positive_opportunity,0,0,0
6596827fb10b569a,0,1,23,1,1,0.0822380271686119,0.0005793339748345,1,0.0057937603225926,-1,-0.0617114941189639,-1,-0.0631152051180236,-1,-0.1929368051435667,1,0.0005793339748345,1,0,0,1,0,1,0,1,near_zero_positive_le_0p01,positive_opportunity,0,1,1
8f79455cf8a85fb9,0,1,4,0,-1,,,-1,,-1,,-1,,-1,,0,,0,0,0,0,0,0,0,0,RSMR_abstain,no_positive_opportunity,0,0,0
b2f2a9a83437555c,0,1,1,0,7,0.1282250643340419,-0.0007529566446319,-1,-0.0144863250278289,-1,-0.0819915794693855,7,0.1553030398768244,7,0.0254814398512813,1,-0.0007529566446319,0,1,0,1,1,0,1,0,mild_harm,no_positive_opportunity,0,0,0
d1d8fef2f07e554f,0,1,27,1,19,0.2587082015109109,-6.528710596098719e-05,19,0.2180412382373967,19,0.1505359837958402,19,0.4434500450816195,19,0.3136284450560764,1,-6.528710596098719e-05,1,0,1,0,1,0,1,0,mild_harm,positive_opportunity,0,0,0
d3578202f06d5c62,0,1,25,1,26,0.0756410325747795,8.269424438478445e-05,26,0.0280336791624671,-1,-0.0394715752790893,26,0.0548709255532889,-1,-0.0749506744722541,1,8.269424438478445e-05,1,0,0,1,1,0,0,1,near_zero_positive_le_0p01,positive_opportunity,0,1,1
e7ee1c000ef85255,0,1,16,1,9,0.1387198737497646,0.0005864605173468,-1,-0.002720953584569,-1,-0.0702262080261255,9,0.044366374292978,-1,-0.085455225732565,1,0.0005864605173468,0,1,0,1,1,0,0,1,near_zero_positive_le_0p01,positive_opportunity,0,1,1
e8a90962974f55d3,0,1,12,1,-1,,,-1,,-1,,-1,,-1,,0,,0,0,0,0,0,0,0,0,RSMR_abstain,positive_opportunity,0,0,0
f390221c855a53d1,0,1,17,1,23,0.1231167918763268,0.0001769104883706,23,0.0800585133995113,23,0.0125532589579547,23,0.1206314114793329,-1,-0.0091901885462101,1,0.0001769104883706,1,0,1,0,1,0,0,1,near_zero_positive_le_0p01,positive_opportunity,0,1,1
f473bc020969511e,0,1,24,1,2,0.3726935804696051,0.002340053756078,2,0.1353765686081339,2,0.0678713141665773,2,0.2354798260170331,2,0.1056582259914899,1,0.002340053756078,1,0,1,0,1,0,1,0,near_zero_positive_le_0p01,positive_opportunity,0,0,0
5eae283cb1b95a45,0,1,6,1,25,0.168801985923207,0.0002113920846953,25,0.0073134818096157,-1,-0.0601917726319407,25,0.2509035409684393,25,0.1210819409428962,1,0.0002113920846953,1,0,0,1,1,0,1,0,near_zero_positive_le_0p01,positive_opportunity,0,0,0
ea5915d23f345a29,0,1,6,1,26,0.253337737852979,-6.736000906726325e-06,26,0.0631582349836443,-1,-0.0043470194579122,26,0.208118361058681,26,0.0782967610331378,1,-6.736000906726325e-06,1,0,0,1,1,0,1,0,mild_harm,positive_opportunity,0,0,0
190d01845dda5596,0,1,4,0,-1,,,-1,,-1,,-1,,-1,,0,,0,0,0,0,0,0,0,0,RSMR_abstain,no_positive_opportunity,0,0,0
247baf6242815059,0,1,20,1,12,0.1064046111683757,-0.0004707026612013,-1,-0.0605332271262074,-1,-0.1280384815677639,-1,-0.047574471079634,-1,-0.1773960711051771,1,-0.0004707026612013,0,1,0,1,0,1,0,1,mild_harm,positive_opportunity,0,0,0
273d4e72b01d53cf,0,1,14,1,8,0.1059558045640616,-1.5629368781690487,8,0.0484957237368019,-1,-0.0190095307047546,8,0.1000715637858055,-1,-0.0297500362397375,1,-1.5629368781690487,1,0,0,1,1,0,0,1,catastrophe,positive_opportunity,1,0,0
275e9cfb52fd59de,0,1,12,1,8,0.9052465347908496,0.1272746219409324,8,0.3429943520581031,8,0.2754890976165465,-1,-1.443038665118728,-1,-1.5728602651442711,1,0.1272746219409324,1,0,1,0,0,1,0,1,small_positive_0p01_to_0p2,positive_opportunity,0,1,0
4082f94c512b5d1f,0,1,14,1,23,0.0538410789147204,-0.0001477490439216,-1,-0.0094783329360081,-1,-0.0769835873775646,23,0.093675750993819,-1,-0.0361458490317241,1,-0.0001477490439216,0,1,0,1,1,0,0,1,mild_harm,positive_opportunity,0,0,0
421dd5398e885a27,0,1,18,1,22,0.1664662853767564,-0.0001146473528817,22,0.0065892556913786,-1,-0.0609159987501779,22,0.0038548182105387,-1,-0.1259667818150044,1,-0.0001146473528817,1,0,0,1,1,0,0,1,mild_harm,positive_opportunity,0,0,0
53620555ea3a5d3c,0,1,9,1,21,0.1628050291701029,0.0,21,0.0367038801926516,-1,-0.0308013742489048,21,0.190528822485658,21,0.0607072224601149,1,0.0,1,0,0,1,1,0,1,0,mild_harm,positive_opportunity,0,0,0
60bd62401d0857f9,0,1,15,1,22,0.2339518121083311,-5.674398746347009e-05,22,0.0412792888251448,-1,-0.0262259656164116,22,0.2107250664466351,22,0.080903466421092,1,-5.674398746347009e-05,1,0,0,1,1,0,1,0,mild_harm,positive_opportunity,0,0,0
6db53a1807af5a90,0,1,13,0,-1,,,-1,,-1,,-1,,-1,,0,,0,0,0,0,0,0,0,0,RSMR_abstain,no_positive_opportunity,0,0,0
8e6c888a92425ff1,0,1,6,1,1,0.1510891908982271,0.0003081311788877,1,0.0805582614125274,1,0.0130530069709709,1,0.1615724813280448,1,0.0317508813025016,1,0.0003081311788877,1,0,1,0,1,0,1,0,near_zero_positive_le_0p01,positive_opportunity,0,0,0
9a82cf7a1636581e,0,1,5,0,2,0.0756104859967904,-0.0042642683826388,2,0.0698748459828704,2,0.0023695915413138,-1,-0.0867491251328451,-1,-0.2165707251583883,1,-0.0042642683826388,1,0,1,0,0,1,0,1,mild_harm,no_positive_opportunity,0,0,0
c70bcca6e16953d7,0,1,14,1,10,0.0393977324969763,0.0003409750871363,10,0.0851660641975028,10,0.0176608097559463,10,0.0330393187888512,-1,-0.0967822812366919,1,0.0003409750871363,1,0,1,0,1,0,0,1,near_zero_positive_le_0p01,positive_opportunity,0,1,1
d04f957744a353ba,0,1,10,1,21,0.1639535399829263,0.0001638741232454,21,0.0720623228969148,21,0.0045570684553583,21,0.1545581253508126,21,0.0247365253252695,1,0.0001638741232454,1,0,1,0,1,0,1,0,near_zero_positive_le_0p01,positive_opportunity,0,0,0
d0c144dfeca55025,0,1,25,1,22,0.0984392131428491,-0.0001029941059838,22,0.0224397609052132,-1,-0.0450654935363433,22,0.1797537887179251,22,0.049932188692382,1,-0.0001029941059838,1,0,0,1,1,0,1,0,mild_harm,positive_opportunity,0,0,0
f6cbfc9328fd5914,0,1,5,1,15,0.5971377137121933,0.0028377727983173,15,0.203105095678648,15,0.1355998412370915,-1,-0.2305143099643744,-1,-0.3603359099899175,1,0.0028377727983173,1,0,1,0,0,1,0,1,near_zero_positive_le_0p01,positive_opportunity,0,1,1
d0ce91bcf7ba557a,0,1,2,1,-1,,,-1,,-1,,-1,,-1,,0,,0,0,0,0,0,0,0,0,RSMR_abstain,positive_opportunity,0,0,0
00bf712a8e9e59bf,0,1,1,0,-1,,,-1,,-1,,-1,,-1,,0,,0,0,0,0,0,0,0,0,RSMR_abstain,no_positive_opportunity,0,0,0
07db46e8eac253cf,0,1,12,1,16,0.2530217512025169,0.7593208522055517,16,0.0266450634312064,-1,-0.0408601910103501,16,0.1838743027596139,16,0.0540527027340708,1,0.7593208522055517,1,0,0,1,1,0,1,0,material_positive_gt_0p2,positive_opportunity,0,0,0
13adf1483845581c,0,1,18,1,21,0.1275596190793776,0.0006412762776015,21,0.0885853517785381,21,0.0210800973369816,21,0.1158628325591925,-1,-0.0139587674663505,1,0.0006412762776015,1,0,1,0,1,0,0,1,near_zero_positive_le_0p01,positive_opportunity,0,1,1
2ffe7083e279569c,0,1,15,1,3,0.0759099948208489,0.000160507233395,3,0.0895149668506138,3,0.0220097124090573,-1,-0.0286399156857143,-1,-0.1584615157112575,1,0.000160507233395,1,0,1,0,0,1,0,1,near_zero_positive_le_0p01,positive_opportunity,0,1,1
36857cb219845df9,0,1,14,1,7,0.0111505997441622,0.0001324263616466,7,0.0797355341918155,7,0.0122302797502589,-1,-0.1819377493918688,-1,-0.311759349417412,1,0.0001324263616466,1,0,1,0,0,1,0,1,near_zero_positive_le_0p01,positive_opportunity,0,1,1
6f8bc109eabc5ad5,0,1,4,1,19,0.0332843123644923,-4.585174424573402e-06,19,0.0056654425628182,-1,-0.0618398118787382,19,0.2596729096433056,19,0.1298513096177624,1,-4.585174424573402e-06,1,0,0,1,1,0,1,0,mild_harm,positive_opportunity,0,0,0
8fbfbaa44855539e,0,1,16,0,-1,,,-1,,-1,,-1,,-1,,0,,0,0,0,0,0,0,0,0,RSMR_abstain,no_positive_opportunity,0,0,0
b66888a9942d59ff,0,1,5,1,22,0.0891914892984824,0.0031217700053006,22,0.0240766757272372,-1,-0.0434285787143193,22,0.0311166444552731,-1,-0.0987049555702699,1,0.0031217700053006,1,0,0,1,1,0,0,1,near_zero_positive_le_0p01,positive_opportunity,0,1,1
e4f303186cdb50b1,0,1,4,1,19,0.0360059972796644,-4.364564421121576e-06,19,0.0075252289386416,-1,-0.0599800255029148,19,0.2629533367920053,19,0.1331317367664621,1,-4.364564421121576e-06,1,0,0,1,1,0,1,0,mild_harm,positive_opportunity,0,0,0
ee17abab9d83514f,0,1,4,0,17,0.2661902593227762,-5.260109603405505e-05,17,0.0636671408818455,-1,-0.003838113559711,17,0.157102667091013,17,0.0272810670654698,1,-5.260109603405505e-05,1,0,0,1,1,0,1,0,mild_harm,no_positive_opportunity,0,0,0
5b4aedf8449c54ca,0,1,4,1,1,0.3036981106646081,0.0013290141742676,-1,-0.0399651973206306,-1,-0.1074704517621872,-1,-0.123218493988427,-1,-0.2530400940139701,1,0.0013290141742676,0,1,0,1,0,1,0,1,near_zero_positive_le_0p01,positive_opportunity,0,1,1
73458ba61f445d19,0,1,16,1,9,0.0692067774063314,-2.754281880346099e-06,9,0.1112766647659109,9,0.0437714103243544,-1,-0.4480481451210101,-1,-0.5778697451465533,1,-2.754281880346099e-06,1,0,1,0,0,1,0,1,mild_harm,positive_opportunity,0,0,0
7647b4788f795d71,0,1,1,1,1,0.2369589393802825,0.0035336643615271,-1,-0.0383726569275902,-1,-0.1058779113691468,1,0.1878946538470428,1,0.0580730538214996,1,0.0035336643615271,0,1,0,1,1,0,1,0,near_zero_positive_le_0p01,positive_opportunity,0,0,0
8f2f7b6da7495074,0,1,22,1,6,0.2750697190322527,-0.0030044126219674,6,0.0316000421529127,-1,-0.0359052122886438,6,0.2347603916136085,6,0.1049387915880654,1,-0.0030044126219674,1,0,0,1,1,0,1,0,mild_harm,positive_opportunity,0,0,0
c23e9cc0ed7e5b21,0,1,17,1,3,0.0494992337730325,0.0016556329336947,3,0.1496204256020849,3,0.0821151711605284,-1,-0.1577874559772286,-1,-0.2876090560027717,1,0.0016556329336947,1,0,1,0,0,1,0,1,near_zero_positive_le_0p01,positive_opportunity,0,1,1
cdfa6ac2b00156d1,0,1,10,0,-1,,,-1,,-1,,-1,,-1,,0,,0,0,0,0,0,0,0,0,RSMR_abstain,no_positive_opportunity,0,0,0
16599b5179df53bb,0,1,7,0,-1,,,-1,,-1,,-1,,-1,,0,,0,0,0,0,0,0,0,0,RSMR_abstain,no_positive_opportunity,0,0,0
181f26554b4b5e75,0,1,15,0,9,0.2131053279119143,-0.0001236836064255,-1,-0.0486384365392545,-1,-0.116143690980811,9,0.1639186704525561,9,0.0340970704270129,1,-0.0001236836064255,0,1,0,1,1,0,1,0,mild_harm,no_positive_opportunity,0,0,0
21411e892e975adf,0,1,3,0,-1,,,-1,,-1,,-1,,-1,,0,,0,0,0,0,0,0,0,0,RSMR_abstain,no_positive_opportunity,0,0,0
24f940b7a94f5ed7,0,1,17,0,3,0.0788292181613854,-0.0003130765174522,3,0.096045237661038,3,0.0285399832194815,-1,-0.0902334615608768,-1,-0.2200550615864199,1,-0.0003130765174522,1,0,1,0,0,1,0,1,mild_harm,no_positive_opportunity,0,0,0
257140a662885e1d,0,1,7,1,3,0.0516886667898204,0.000522074045008,3,0.1224867541545161,3,0.0549814997129595,-1,-0.0078245302711884,-1,-0.1376461302967315,1,0.000522074045008,1,0,1,0,0,1,0,1,near_zero_positive_le_0p01,positive_opportunity,0,1,1
3e1e8ae126d0578f,0,1,15,1,-1,,,-1,,-1,,-1,,-1,,0,,0,0,0,0,0,0,0,0,RSMR_abstain,positive_opportunity,0,0,0
40d5b1af93cf50e4,0,1,12,1,4,0.1144445606696137,8.93150708446977e-05,4,0.0339819708396181,-1,-0.0335232836019384,4,0.0587460308903469,-1,-0.0710755691351961,1,8.93150708446977e-05,1,0,0,1,1,0,0,1,near_zero_positive_le_0p01,positive_opportunity,0,1,1
4b30de14589f513c,0,1,14,1,23,0.1239261711985639,0.0002240603599697,23,0.0903740138213555,23,0.0228687593797989,23,0.1650628910309538,23,0.0352412910054107,1,0.0002240603599697,1,0,1,0,1,0,1,0,near_zero_positive_le_0p01,positive_opportunity,0,0,0
648d283b25fa50d1,0,1,4,0,23,0.2530075331405964,-0.0001290052613243,-1,-0.0010503038589138,-1,-0.0685555583004703,23,0.2590590614125591,23,0.1292374613870159,1,-0.0001290052613243,0,1,0,1,1,0,1,0,mild_harm,no_positive_opportunity,0,0,0
651762602ed854bf,0,1,1,1,-1,,,-1,,-1,,-1,,-1,,0,,0,0,0,0,0,0,0,0,RSMR_abstain,positive_opportunity,0,0,0
864541f05d165c97,0,1,2,1,21,0.1935085229851983,7.027299320325284e-05,21,0.2494304739001024,21,0.1819252194585459,21,0.2795417216145607,21,0.1497201215890175,1,7.027299320325284e-05,1,0,1,0,1,0,1,0,near_zero_positive_le_0p01,positive_opportunity,0,0,0
a054dd394e1b559c,0,1,17,1,21,0.4527756639738644,0.0004801966886094,21,0.1123249080932364,21,0.0448196536516799,21,0.0308428694666867,-1,-0.0989787305588563,1,0.0004801966886094,1,0,1,0,1,0,0,1,near_zero_positive_le_0p01,positive_opportunity,0,1,1
b7c6fe6429785952,0,1,15,1,22,0.1393431402315217,6.060907109617375e-05,22,0.047375007876414,-1,-0.0201302465651425,22,0.159221136305959,22,0.0293995362804158,1,6.060907109617375e-05,1,0,0,1,1,0,1,0,near_zero_positive_le_0p01,positive_opportunity,0,0,0
c031140da54d502a,0,1,17,1,3,0.1299209399720031,0.9911725879896434,3,0.1449363972397084,3,0.0774311427981519,-1,-0.0038168475920762,-1,-0.1336384476176193,1,0.9911725879896434,1,0,1,0,0,1,0,1,material_positive_gt_0p2,positive_opportunity,0,1,0
cdabe76a1ba75152,0,1,16,1,3,0.5871673676194018,0.990668047375232,3,0.2975005558059906,3,0.229995301364434,3,0.6424831768378458,3,0.5126615768123027,1,0.990668047375232,1,0,1,0,1,0,1,0,material_positive_gt_0p2,positive_opportunity,0,0,0
cdccf3dfd4e153cc,0,1,24,1,21,0.4473879834141613,0.0025033863656862,21,0.1633665720772282,21,0.0958613176356716,21,0.138997711134045,21,0.0091761111085018,1,0.0025033863656862,1,0,1,0,1,0,1,0,near_zero_positive_le_0p01,positive_opportunity,0,0,0
d3e0b427c9095c6f,0,1,17,1,9,0.2384780682024984,0.0002687987604178,-1,-0.0342775652307421,-1,-0.1017828196722986,9,0.196523742699499,9,0.0667021426739558,1,0.0002687987604178,0,1,0,1,1,0,1,0,near_zero_positive_le_0p01,positive_opportunity,0,0,0
d86f407ee78151b0,0,1,5,1,-1,,,-1,,-1,,-1,,-1,,0,,0,0,0,0,0,0,0,0,RSMR_abstain,positive_opportunity,0,0,0
de2c82b474d85dd5,0,1,17,1,9,0.2025328713640982,0.0006124333238229,-1,-0.0611114252943503,-1,-0.1286166797359068,9,0.1392858727556587,9,0.0094642727301156,1,0.0006124333238229,0,1,0,1,1,0,1,0,near_zero_positive_le_0p01,positive_opportunity,0,0,0
046577552dd15fc3,0,1,15,1,-1,,,-1,,-1,,-1,,-1,,0,,0,0,0,0,0,0,0,0,RSMR_abstain,positive_opportunity,0,0,0
1f8c9456286d59fb,0,1,17,0,9,0.1605581158987417,-0.0006121215932071,-1,-0.0774265226723086,-1,-0.1449317771138651,9,0.147139971927344,9,0.0173183719018009,1,-0.0006121215932071,0,1,0,1,1,0,1,0,mild_harm,no_positive_opportunity,0,0,0
369040b3134c5769,0,1,17,1,-1,,,-1,,-1,,-1,,-1,,0,,0,0,0,0,0,0,0,0,RSMR_abstain,positive_opportunity,0,0,0
39dca464ed145043,0,1,17,1,3,0.0557550442093209,1.3998703285889036e-05,3,0.2041135576548878,3,0.1366083032133313,3,0.1231850328133641,-1,-0.006636567212179,1,1.3998703285889036e-05,1,0,1,0,1,0,0,1,near_zero_positive_le_0p01,positive_opportunity,0,1,1
3e940b9ccdf456b7,0,1,17,1,3,0.0558152016575229,-0.0098371612697842,3,0.2065860942685823,3,0.1390808398270258,3,0.1247712202922414,-1,-0.0050503797333016,1,-0.0098371612697842,1,0,1,0,1,0,0,1,mild_harm,positive_opportunity,0,0,0
4f74e2eb505a5fd0,0,1,9,0,7,0.0179788836892131,-0.2430389412705786,7,0.0313370290905094,-1,-0.036168225351047,-1,-0.203086264479272,-1,-0.3329078645048152,1,-0.2430389412705786,1,0,0,1,0,1,0,1,mild_harm,no_positive_opportunity,0,0,0
524cadd627f25d7f,0,1,8,0,7,0.0439366670846383,-0.2439054437735635,7,0.0368544229528659,-1,-0.0306508314886905,-1,-0.0277968322488472,-1,-0.1576184322743903,1,-0.2439054437735635,1,0,0,1,0,1,0,1,mild_harm,no_positive_opportunity,0,0,0
70c45003ec3e527b,0,1,1,0,9,0.0495696802295063,-0.0006647571086881,-1,-0.1138098134064083,-1,-0.1813150678479649,9,0.253802007983588,9,0.1239804079580448,1,-0.0006647571086881,0,1,0,1,1,0,1,0,mild_harm,no_positive_opportunity,0,0,0
b1bfa52c4bc452b7,0,1,17,1,-1,,,-1,,-1,,-1,,-1,,0,,0,0,0,0,0,0,0,0,RSMR_abstain,positive_opportunity,0,0,0
bed9898a4bf45a6b,0,1,17,1,-1,,,-1,,-1,,-1,,-1,,0,,0,0,0,0,0,0,0,0,RSMR_abstain,positive_opportunity,0,0,0
db219c4afef9558d,0,1,18,1,3,0.109005171517493,0.0001490208003551,3,0.155470900871786,3,0.0879656464302295,3,0.1922319739813377,3,0.0624103739557946,1,0.0001490208003551,1,0,1,0,1,0,1,0,near_zero_positive_le_0p01,positive_opportunity,0,0,0
fa1f7200f4ff5651,0,1,16,0,-1,,,-1,,-1,,-1,,-1,,0,,0,0,0,0,0,0,0,0,RSMR_abstain,no_positive_opportunity,0,0,0
04e294754b4d56a6,0,1,7,1,22,0.3005936605354631,4.5298025821094434e-05,22,0.0401800416786797,-1,-0.0273252127628767,-1,-0.0105010296307787,-1,-0.1403226296563218,1,4.5298025821094434e-05,1,0,0,1,0,1,0,1,near_zero_positive_le_0p01,positive_opportunity,0,1,1
3a223e65af13545c,0,1,7,1,1,0.7360791112853133,1.6616739350611345,1,0.1783972473066191,1,0.1108919928650626,-1,-0.5198302934369075,-1,-0.6496518934624506,1,1.6616739350611345,1,0,1,0,0,1,0,1,material_positive_gt_0p2,positive_opportunity,0,1,0
3e1f06aa9ff354c9,0,1,17,1,3,0.0872942507860932,0.000358076515142,3,0.1437458288376343,3,0.0762405743960778,3,0.195813673865738,3,0.0659920738401949,1,0.000358076515142,1,0,1,0,1,0,1,0,near_zero_positive_le_0p01,positive_opportunity,0,0,0
3e3a2d672dfb5b51,0,1,6,1,6,0.1667612122709031,-1.987346634269027e-05,6,0.0719728067266452,6,0.0044675522850887,6,0.1179978837738009,-1,-0.0118237162517421,1,-1.987346634269027e-05,1,0,1,0,1,0,0,1,mild_harm,positive_opportunity,0,0,0
6110193eb32f5ad4,0,1,17,1,-1,,,-1,,-1,,-1,,-1,,0,,0,0,0,0,0,0,0,0,RSMR_abstain,positive_opportunity,0,0,0
6e075e93bd485b81,0,1,10,1,-1,,,-1,,-1,,-1,,-1,,0,,0,0,0,0,0,0,0,0,RSMR_abstain,positive_opportunity,0,0,0
6fc9e653b0ee5565,0,1,12,1,10,0.3179424258286458,-0.0001716095520647,10,0.0144237258251828,-1,-0.0530815286163737,-1,-0.0067664359680593,-1,-0.1365880359936024,1,-0.0001716095520647,1,0,0,1,0,1,0,1,mild_harm,positive_opportunity,0,0,0
99426aa893625f69,0,1,7,0,2,0.0617471534812086,-0.990559431026876,2,0.0888620312714038,2,0.0213567768298473,-1,-0.0431815940013399,-1,-0.1730031940268831,1,-0.990559431026876,1,0,1,0,0,1,0,1,catastrophe,no_positive_opportunity,1,0,0
9fb5b34a36925a6c,0,1,7,0,4,0.1135710824679139,-0.0037563836089917,4,0.1019921908774264,4,0.0344869364358699,-1,-0.1344333579238937,-1,-0.2642549579494369,1,-0.0037563836089917,1,0,1,0,0,1,0,1,mild_harm,no_positive_opportunity,0,0,0
a1c1a996e52f5c4e,0,1,5,0,9,0.129147507251073,-0.0004672088905239,-1,-0.09840914616565,-1,-0.1659144006072065,9,0.1121548379855773,-1,-0.0176667620399658,1,-0.0004672088905239,0,1,0,1,1,0,0,1,mild_harm,no_positive_opportunity,0,0,0
a657d16d34c3519a,0,1,3,1,20,0.1935592380844824,1.784201655457297,20,0.1443779706712271,20,0.0768727162296705,20,0.3434972188801227,20,0.2136756188545796,1,1.784201655457297,1,0,1,0,1,0,1,0,material_positive_gt_0p2,positive_opportunity,0,0,0
a68adc1c27615ce9,0,1,13,0,-1,,,-1,,-1,,-1,,-1,,0,,0,0,0,0,0,0,0,0,RSMR_abstain,no_positive_opportunity,0,0,0
a75ce500226f5481,0,1,17,1,4,0.2603494602161748,-0.0008296889021993,4,0.0534556703399813,-1,-0.0140495841015751,4,0.1428205557052679,4,0.0129989556797247,1,-0.0008296889021993,1,0,0,1,1,0,1,0,mild_harm,positive_opportunity,0,0,0
b95dc2615771588d,0,1,14,1,23,0.232985093688386,1.9696841584348583,23,0.0345435830906141,-1,-0.0329616713509424,23,0.2131274408051089,23,0.0833058407795658,1,1.9696841584348583,1,0,0,1,1,0,1,0,material_positive_gt_0p2,positive_opportunity,0,0,0
c3fd16e5694a5353,0,1,10,1,9,0.02646719507444,0.0044793055554852,9,0.02558675452705,-1,-0.0419184999145064,-1,-0.4938460194190065,-1,-0.6236676194445496,1,0.0044793055554852,1,0,0,1,0,1,0,1,near_zero_positive_le_0p01,positive_opportunity,0,1,1
c8c5d04b848e504c,0,1,16,1,3,0.1659734801915494,0.000295684360573,3,0.1443866742738182,3,0.0768814198322617,-1,-0.0411245835177255,-1,-0.1709461835432686,1,0.000295684360573,1,0,1,0,0,1,0,1,near_zero_positive_le_0p01,positive_opportunity,0,1,1
c944de45a71e5a38,0,1,14,0,-1,,,-1,,-1,,-1,,-1,,0,,0,0,0,0,0,0,0,0,RSMR_abstain,no_positive_opportunity,0,0,0
f7cbec94d1ff5621,0,1,3,0,-1,,,-1,,-1,,-1,,-1,,0,,0,0,0,0,0,0,0,0,RSMR_abstain,no_positive_opportunity,0,0,0
03dac455f9ec5792,0,1,18,1,23,0.2460258016774534,-0.0001943112442734,23,0.0090548839941286,-1,-0.0584503704474279,23,0.2179261659705295,23,0.0881045659449863,1,-0.0001943112442734,1,0,0,1,1,0,1,0,mild_harm,positive_opportunity,0,0,0
0966d80519ed5508,0,1,11,1,-1,,,-1,,-1,,-1,,-1,,0,,0,0,0,0,0,0,0,0,RSMR_abstain,positive_opportunity,0,0,0
222f2b699516591c,0,1,14,1,-1,,,-1,,-1,,-1,,-1,,0,,0,0,0,0,0,0,0,0,RSMR_abstain,positive_opportunity,0,0,0
343925e5442554f5,0,1,4,1,9,0.5838481226295662,-0.0001190353877842,9,0.1926075187282643,9,0.1251022642867078,9,0.557912715469004,9,0.4280911154434609,1,-0.0001190353877842,1,0,1,0,1,0,1,0,mild_harm,positive_opportunity,0,0,0
650894e30d725ba8,0,1,14,0,-1,,,-1,,-1,,-1,,-1,,0,,0,0,0,0,0,0,0,0,RSMR_abstain,no_positive_opportunity,0,0,0
70a67a5dedae584b,0,1,23,1,22,0.1821758017089497,0.0002050307922065,22,0.0483894894805593,-1,-0.0191157649609971,22,0.2588846982584651,22,0.1290630982329219,1,0.0002050307922065,1,0,0,1,1,0,1,0,near_zero_positive_le_0p01,positive_opportunity,0,0,0
80c337fb67145ff6,0,1,29,1,20,0.1677480115548473,0.0002089060913768,20,0.1923102162231171,20,0.1248049617815606,20,0.2593437977880961,20,0.129522197762553,1,0.0002089060913768,1,0,1,0,1,0,1,0,near_zero_positive_le_0p01,positive_opportunity,0,0,0
84ed4f2cc4f057ce,0,1,14,1,25,0.172805776623204,1.8950668792427905e-05,25,0.0446451628260534,-1,-0.022860091615503,25,0.1885451983254538,25,0.0587235982999107,1,1.8950668792427905e-05,1,0,0,1,1,0,1,0,near_zero_positive_le_0p01,positive_opportunity,0,0,0
8bdafd4a1d7c50eb,0,1,21,1,3,0.075166753519983,0.0008188129012006,3,0.0771272260532344,3,0.0096219716116778,3,0.0732192099218812,-1,-0.0566023901036619,1,0.0008188129012006,1,0,1,0,1,0,0,1,near_zero_positive_le_0p01,positive_opportunity,0,1,1
9cb860301c105ca7,0,1,9,1,20,0.5255746113163778,-3.7070147320572566e-05,20,0.154224216009822,20,0.0867189615682654,20,0.2779893996321007,20,0.1481677996065575,1,-3.7070147320572566e-05,1,0,1,0,1,0,1,0,mild_harm,positive_opportunity,0,0,0
a1ceb182eb7250a1,0,1,16,1,9,0.2760796406411903,0.0007709787252359,-1,-0.0337293133597513,-1,-0.1012345678013078,9,0.1884752203031171,9,0.058653620277574,1,0.0007709787252359,0,1,0,1,1,0,1,0,near_zero_positive_le_0p01,positive_opportunity,0,0,0
b704090abc8d5afe,0,1,30,1,18,0.1553406690888887,0.0007353571400976,18,0.2428806035466392,18,0.1753753491050827,18,0.6015959937514094,18,0.4717743937258662,1,0.0007353571400976,1,0,1,0,1,0,1,0,near_zero_positive_le_0p01,positive_opportunity,0,0,0
fd35b4e54a465e54,0,1,1,0,7,0.1122411017486341,-2.0207331793509424,7,0.0480940415390945,-1,-0.0194112129024619,7,0.0723805070799222,-1,-0.0574410929456208,1,-2.0207331793509424,1,0,0,1,1,0,0,1,catastrophe,no_positive_opportunity,1,0,0
fe98c3c19baf5ea3,0,1,2,1,4,0.6410420944109576,2.128624531634088,-1,-0.3125983503322216,-1,-0.3801036047737782,4,0.5130396190702831,4,0.3832180190447399,1,2.128624531634088,0,1,0,1,1,0,1,0,material_positive_gt_0p2,positive_opportunity,0,0,0
05ba4ac2db9c50d2,0,1,11,1,25,0.1727854607064307,-0.98944860655242,25,0.0331336626397285,-1,-0.034371591801828,-1,-0.0790660995041254,-1,-0.2088876995296685,1,-0.98944860655242,1,0,0,1,0,1,0,1,catastrophe,positive_opportunity,1,0,0
0d399eab6caf5d71,0,1,1,0,-1,,,-1,,-1,,-1,,-1,,0,,0,0,0,0,0,0,0,0,RSMR_abstain,no_positive_opportunity,0,0,0
154c14f381535c43,0,1,1,1,24,0.2305967211942673,7.987478524418279e-05,24,0.040217333795695,-1,-0.0272879206458615,24,0.2219956904583023,24,0.0921740904327591,1,7.987478524418279e-05,1,0,0,1,1,0,1,0,near_zero_positive_le_0p01,positive_opportunity,0,0,0
20cd0f5250875606,0,1,5,0,9,0.1943934711475888,-0.0003515167922247,-1,-0.0398395694111732,-1,-0.1073448238527298,9,0.1416291996475702,9,0.011807599622027,1,-0.0003515167922247,0,1,0,1,1,0,1,0,mild_harm,no_positive_opportunity,0,0,0
30a3163cf0805a69,0,1,4,0,1,0.2587818534600188,-1.2324926170708386,1,0.0194241889830392,-1,-0.0480810654585172,1,0.1096354545906467,-1,-0.0201861454348963,1,-1.2324926170708386,1,0,0,1,1,0,0,1,catastrophe,no_positive_opportunity,1,0,0
3da38924ebd45f50,0,1,10,1,1,0.2897989109508466,1.728687759304978,-1,-0.0079665861157832,-1,-0.0754718405573397,1,0.2126112400165105,1,0.0827896399909673,1,1.728687759304978,0,1,0,1,1,0,1,0,material_positive_gt_0p2,positive_opportunity,0,0,0
48fd1a7abb7c59a6,0,1,19,1,23,0.2661473623851567,-0.0003539639446881,-1,-0.0033295249734401,-1,-0.0708347794149966,23,0.1582799738615135,23,0.0284583738359703,1,-0.0003539639446881,0,1,0,1,1,0,1,0,mild_harm,positive_opportunity,0,0,0
501128405d13533f,0,1,10,1,-1,,,-1,,-1,,-1,,-1,,0,,0,0,0,0,0,0,0,0,RSMR_abstain,positive_opportunity,0,0,0
594c56337e94571b,0,1,14,0,-1,,,-1,,-1,,-1,,-1,,0,,0,0,0,0,0,0,0,0,RSMR_abstain,no_positive_opportunity,0,0,0
5c92fa52c5165a1e,0,1,19,1,10,0.1913259511332679,-7.041046395883654e-05,10,0.0030554515099414,-1,-0.0644498029316151,10,0.1010037707009757,-1,-0.0288178293245673,1,-7.041046395883654e-05,1,0,0,1,1,0,0,1,mild_harm,positive_opportunity,0,0,0
83d128720881565a,0,1,17,0,3,0.0524354888181263,-0.0005778864786027,-1,-0.1249182448656026,-1,-0.1924234993071592,-1,-0.1216065719447455,-1,-0.2514281719702886,1,-0.0005778864786027,0,1,0,1,0,1,0,1,mild_harm,no_positive_opportunity,0,0,0
95a810911ba359ec,0,1,11,0,18,0.3655633981867628,-1.2317849212438547,18,0.1207343544690172,18,0.0532291000274606,-1,-0.043887432429987,-1,-0.1737090324555301,1,-1.2317849212438547,1,0,1,0,0,1,0,1,catastrophe,no_positive_opportunity,1,0,0
9d1adc78bda259ce,0,1,10,1,-1,,,-1,,-1,,-1,,-1,,0,,0,0,0,0,0,0,0,0,RSMR_abstain,positive_opportunity,0,0,0
a3b5d1855e7e5d96,0,1,12,1,5,0.8865874639511729,0.1193620606041702,5,0.3190493646369497,5,0.2515441101953932,-1,-0.652089651798879,-1,-0.7819112518244221,1,0.1193620606041702,1,0,1,0,0,1,0,1,small_positive_0p01_to_0p2,positive_opportunity,0,1,0
bbc08519add25675,0,1,3,1,9,0.34343464965122,2.284032596921548,9,0.0023107613452506,-1,-0.0651944930963059,9,0.0992573103150433,-1,-0.0305642897104998,1,2.284032596921548,1,0,0,1,1,0,0,1,material_positive_gt_0p2,positive_opportunity,0,1,0
bf75c93832c7569d,0,1,9,1,-1,,,-1,,-1,,-1,,-1,,0,,0,0,0,0,0,0,0,0,RSMR_abstain,positive_opportunity,0,0,0
d5b4a2295da55f8c,0,1,5,0,7,2.0232822920408102,-1.2230283835736102,7,0.9813746018924504,7,0.913869347450894,7,0.1844963595903136,7,0.0546747595647705,1,-1.2230283835736102,1,0,1,0,1,0,1,0,catastrophe,no_positive_opportunity,0,0,0
dec7d1a6632a516c,0,1,9,1,1,0.2095299925044658,0.0097562610348436,1,0.023127761480382,-1,-0.0443774929611745,1,0.200906122403462,1,0.0710845223779189,1,0.0097562610348436,1,0,0,1,1,0,1,0,near_zero_positive_le_0p01,positive_opportunity,0,0,0
e14c53a47ffc5fe0,0,1,21,1,24,0.2705662984108091,-0.0002950868985615,24,0.0058990155140638,-1,-0.0616062389274926,24,0.228050885015346,24,0.0982292849898028,1,-0.0002950868985615,1,0,0,1,1,0,1,0,mild_harm,positive_opportunity,0,0,0
0624fd97bb1d5859,0,1,23,1,22,0.307087604126155,0.0001875565206632,22,0.1419688518989592,22,0.0744635974574027,22,0.1183888952620256,-1,-0.0114327047635174,1,0.0001875565206632,1,0,1,0,1,0,0,1,near_zero_positive_le_0p01,positive_opportunity,0,1,1
1289017760ab5cda,0,1,22,1,23,0.1695696067585175,-0.0001021183120086,-1,-0.018039207450306,-1,-0.0855444618918626,23,0.087857351735551,-1,-0.0419642482899921,1,-0.0001021183120086,0,1,0,1,1,0,0,1,mild_harm,positive_opportunity,0,0,0
15210c5280b851a8,0,1,18,1,24,0.0783254314371099,1.220051444119215,24,0.0315768028261241,-1,-0.0359284516154324,24,0.0872762683707268,-1,-0.0425453316548162,1,1.220051444119215,1,0,0,1,1,0,0,1,material_positive_gt_0p2,positive_opportunity,0,1,0
327472f9f4b755a7,0,1,12,1,-1,,,-1,,-1,,-1,,-1,,0,,0,0,0,0,0,0,0,0,RSMR_abstain,positive_opportunity,0,0,0
35c70713d92251fc,0,1,12,1,17,0.1413127678783992,0.0,17,0.0449619893080849,-1,-0.0225432651334716,17,0.2243233976693482,17,0.0945017976438051,1,0.0,1,0,0,1,1,0,1,0,mild_harm,positive_opportunity,0,0,0
3a4fd1d48a995545,0,1,12,1,19,0.3629425684112401,0.0142617651462133,19,0.0591832817396835,-1,-0.008321972701873,19,0.1590336773308055,19,0.0292120773052624,1,0.0142617651462133,1,0,0,1,1,0,1,0,small_positive_0p01_to_0p2,positive_opportunity,0,0,0
3c9d60b02bfb51c0,0,1,17,0,9,0.2019859033669045,-0.0004975407660006,-1,-0.06521624842846,-1,-0.1327215028700166,9,0.1812466896771685,9,0.0514250896516254,1,-0.0004975407660006,0,1,0,1,1,0,1,0,mild_harm,no_positive_opportunity,0,0,0
4750b9c4cfbd5d3f,0,1,2,0,-1,,,-1,,-1,,-1,,-1,,0,,0,0,0,0,0,0,0,0,RSMR_abstain,no_positive_opportunity,0,0,0
506ddb4d458f5a70,0,1,1,0,9,0.2129942629495222,-0.9297249210089444,-1,-0.0528829134088118,-1,-0.1203881678503683,9,0.2415360905922792,9,0.1117144905667361,1,-0.9297249210089444,0,1,0,1,1,0,1,0,catastrophe,no_positive_opportunity,0,0,0
54dbabed00525444,0,1,17,0,6,0.1129828642843183,-0.0001196603953605,-1,-0.0071237407722798,-1,-0.0746289952138364,6,0.0111129394277996,-1,-0.1187086605977434,1,-0.0001196603953605,0,1,0,1,1,0,0,1,mild_harm,no_positive_opportunity,0,0,0
77f9220d917b52d0,0,1,12,1,1,0.1751107123164369,0.9964797705322505,1,0.0912410640457193,1,0.0237358096041627,1,0.1269949877099738,-1,-0.0028266123155692,1,0.9964797705322505,1,0,1,0,1,0,0,1,material_positive_gt_0p2,positive_opportunity,0,1,0
7ca96f8e844f56ca,0,1,15,1,20,0.3163398267823767,3.252210966228601,20,0.0539080959917234,-1,-0.0135971584498331,20,0.2230510699764033,20,0.0932294699508602,1,3.252210966228601,1,0,0,1,1,0,1,0,material_positive_gt_0p2,positive_opportunity,0,0,0
7d363b1db0fc5975,0,1,11,1,5,0.0515535415839632,-0.9769596037015144,5,0.0023679799345624,-1,-0.0651372745069941,5,0.0112956486632106,-1,-0.1185259513623325,1,-0.9769596037015144,1,0,0,1,1,0,0,1,catastrophe,positive_opportunity,1,0,0
8813e8c6790a59d3,0,1,13,1,22,0.2954325623573707,0.0001085729885146,22,0.0811287626644632,22,0.0136235082229067,-1,-0.4036394044583767,-1,-0.5334610044839199,1,0.0001085729885146,1,0,1,0,0,1,0,1,near_zero_positive_le_0p01,positive_opportunity,0,1,1
9626975e16725ec8,0,1,20,1,22,0.0387127754169094,0.0008604435924439,22,0.0489570869994059,-1,-0.0185481674421505,-1,-0.0921141573066618,-1,-0.221935757332205,1,0.0008604435924439,1,0,0,1,0,1,0,1,near_zero_positive_le_0p01,positive_opportunity,0,1,1
9907ad0101c45e09,0,1,1,0,-1,,,-1,,-1,,-1,,-1,,0,,0,0,0,0,0,0,0,0,RSMR_abstain,no_positive_opportunity,0,0,0
9e720f0176b35d63,0,1,24,1,19,0.2363259581218463,-9.262234168127192e-05,19,0.0233437677746473,-1,-0.0441614866669092,19,0.3112794236624874,19,0.1814578236369443,1,-9.262234168127192e-05,1,0,0,1,1,0,1,0,mild_harm,positive_opportunity,0,0,0
a67f3948c2445760,0,1,3,1,3,0.030472551691319,0.0006509598884731,3,0.108885410976374,3,0.0413801565348174,3,0.0951894796158448,-1,-0.0346321204096982,1,0.0006509598884731,1,0,1,0,1,0,0,1,near_zero_positive_le_0p01,positive_opportunity,0,1,1
a8e99095a8235549,0,1,4,0,16,0.5009691622233208,-1.2318749638779087,16,0.4386884357042828,16,0.3711831812627262,16,2.859598627579071,16,2.729777027553528,1,-1.2318749638779087,1,0,1,0,1,0,1,0,catastrophe,no_positive_opportunity,0,0,0
aed1237adf57578c,0,1,1,1,0,0.3113336971456892,1.0332035451421078,0,0.1439955376041523,0,0.0764902831625957,0,0.4545039834542577,0,0.3246823834287146,1,1.0332035451421078,1,0,1,0,1,0,1,0,material_positive_gt_0p2,positive_opportunity,0,0,0
ba5ddc3d1d5d56ad,0,1,1,0,25,0.2006617011717707,-3.65264862778325e-05,25,0.0515940402595782,-1,-0.0159112141819782,25,0.2741316153436408,25,0.1443100153180977,1,-3.65264862778325e-05,1,0,0,1,1,0,1,0,mild_harm,no_positive_opportunity,0,0,0
c81dc86e054f566d,0,1,15,1,3,0.0446817022815315,0.0005305072082206,3,0.0931528744394683,3,0.0256476199979118,-1,-0.0399888447031037,-1,-0.1698104447286468,1,0.0005305072082206,1,0,1,0,0,1,0,1,near_zero_positive_le_0p01,positive_opportunity,0,1,1
cffbf96734fa5f35,0,1,2,0,1,0.0905889789082065,-0.0001211573171431,1,0.1044881091706108,1,0.0369828547290543,-1,-0.0171133465525627,-1,-0.1469349465781058,1,-0.0001211573171431,1,0,1,0,0,1,0,1,mild_harm,no_positive_opportunity,0,0,0
f4ba7c7ca86f5233,0,1,13,1,22,0.3020711472082559,6.64908149863308e-05,22,0.0814907908108935,22,0.013985536369337,-1,-0.4151115540466185,-1,-0.5449331540721616,1,6.64908149863308e-05,1,0,1,0,0,1,0,1,near_zero_positive_le_0p01,positive_opportunity,0,1,1
045cd7a008c65925,0,1,17,1,9,0.2187556230918365,0.0004271200689487,9,0.008633577527114,-1,-0.0588716769144424,9,0.0961411339133042,-1,-0.0336804661122388,1,0.0004271200689487,1,0,0,1,1,0,0,1,near_zero_positive_le_0p01,positive_opportunity,0,1,1
0c77a4182a655cf9,0,1,3,1,-1,,,-1,,-1,,-1,,-1,,0,,0,0,0,0,0,0,0,0,RSMR_abstain,positive_opportunity,0,0,0
1470dbcb0c415442,0,1,9,1,9,0.0258193396029285,0.0005928187692534,-1,-0.1822604567365227,-1,-0.2497657111780792,-1,-0.3402131106652118,-1,-0.470034710690755,1,0.0005928187692534,0,1,0,1,0,1,0,1,near_zero_positive_le_0p01,positive_opportunity,0,1,1
208da297c61b5a6b,0,1,14,0,9,0.2282433716521233,-0.0002173149178734,-1,-0.0410541832514961,-1,-0.1085594376930527,9,0.186480328525376,9,0.0566587284998329,1,-0.0002173149178734,0,1,0,1,1,0,1,0,mild_harm,no_positive_opportunity,0,0,0
249837af09305794,0,1,2,0,-1,,,-1,,-1,,-1,,-1,,0,,0,0,0,0,0,0,0,0,RSMR_abstain,no_positive_opportunity,0,0,0
2648d4ed541751cc,0,1,13,1,-1,,,-1,,-1,,-1,,-1,,0,,0,0,0,0,0,0,0,0,RSMR_abstain,positive_opportunity,0,0,0
2e3481cf5ec35baa,0,1,14,0,-1,,,-1,,-1,,-1,,-1,,0,,0,0,0,0,0,0,0,0,RSMR_abstain,no_positive_opportunity,0,0,0
31d6d7b013a75d29,0,1,17,1,9,0.1573999275685835,0.00015953127658,-1,-0.0769790061288819,-1,-0.1444842605704384,9,0.1288724138330604,-1,-0.0009491861924826,1,0.00015953127658,0,1,0,1,1,0,0,1,near_zero_positive_le_0p01,positive_opportunity,0,1,1
45389fbdea6657a0,0,1,10,0,6,0.051154231763046,-0.0003288350688643,6,0.0727258799555681,6,0.0052206255140116,6,0.0089703404334749,-1,-0.1208512595920681,1,-0.0003288350688643,1,0,1,0,1,0,0,1,mild_harm,no_positive_opportunity,0,0,0
46bf28b955d051b1,0,1,29,1,5,0.0061431271667552,-0.0003345792815641,-1,-0.0454923238331647,-1,-0.1129975782747213,-1,-0.0177942212534744,-1,-0.1476158212790176,1,-0.0003345792815641,0,1,0,1,0,1,0,1,mild_harm,positive_opportunity,0,0,0
4efebde6623256df,0,1,6,1,-1,,,-1,,-1,,-1,,-1,,0,,0,0,0,0,0,0,0,0,RSMR_abstain,positive_opportunity,0,0,0
5991dfcee3185e01,0,1,15,0,2,0.2289757826230753,-3.552210174457291e-05,2,0.0183341794977344,-1,-0.049171074943822,2,0.2138047403756516,2,0.0839831403501084,1,-3.552210174457291e-05,1,0,0,1,1,0,1,0,mild_harm,no_positive_opportunity,0,0,0
6c82dcb2637f5ad4,0,1,3,0,9,0.254706379729819,-0.0003719746213523,-1,-0.0530406764054008,-1,-0.1205459308469573,9,0.1632126051625596,9,0.0333910051370165,1,-0.0003719746213523,0,1,0,1,1,0,1,0,mild_harm,no_positive_opportunity,0,0,0
1a9e0797610e5da4,1,2,17,1,9,0.067860900177485,-0.0003152008085511,-1,-0.1244812430618131,-1,-0.0450154713976441,9,0.1842890439449567,9,0.2211626187730387,1,-0.0003152008085511,0,1,0,1,1,0,1,0,mild_harm,positive_opportunity,0,0,0
31e5a1e6febd5acb,1,2,12,1,4,0.1001262372180711,0.0022942917462438,4,0.0120371316504304,4,0.0915029033145994,-1,-0.1315416032232471,-1,-0.0946680283951652,1,0.0022942917462438,1,0,1,0,0,1,0,1,near_zero_positive_le_0p01,positive_opportunity,0,1,1
3f0c33142293536e,1,2,11,1,19,0.1759833801899673,0.0,19,0.0242708112672289,19,0.1037365829313979,19,0.1314833718408137,19,0.1683569466688957,1,0.0,1,0,1,0,1,0,1,0,mild_harm,positive_opportunity,0,0,0
48fc14e048fb5fe2,1,2,18,1,23,0.1377213293175721,0.0001272183358669,23,0.022666458916853,23,0.102132230581022,-1,-0.0849904962449435,-1,-0.0481169214168615,1,0.0001272183358669,1,0,1,0,0,1,0,1,near_zero_positive_le_0p01,positive_opportunity,0,1,1
65f00228b6bc54b5,1,2,17,1,-1,,,-1,,-1,,-1,,-1,,0,,0,0,0,0,0,0,0,0,RSMR_abstain,positive_opportunity,0,0,0
d22547ad7061548d,1,2,11,1,26,0.5517393249386024,0.0043491496021159,26,0.070504531805614,26,0.149970303469783,26,0.6956535706563856,26,0.7325271454844675,1,0.0043491496021159,1,0,1,0,1,0,1,0,near_zero_positive_le_0p01,positive_opportunity,0,0,0
ebc361211e395b18,1,2,19,0,-1,,,-1,,-1,,-1,,-1,,0,,0,0,0,0,0,0,0,0,RSMR_abstain,no_positive_opportunity,0,0,0
f757646a2d865977,1,2,1,0,5,0.0157890678845987,-0.0002396740362047,-1,-0.0580109484299778,5,0.021454823234191,5,0.1200799476102621,5,0.1569535224383441,1,-0.0002396740362047,0,1,1,0,1,0,1,0,mild_harm,no_positive_opportunity,0,0,0
9ca3798eb199579e,1,2,10,0,23,0.1914482223399789,-7.272584703751916e-05,-1,-0.0883500384164225,-1,-0.0088842667522536,23,0.3778610798015098,23,0.4147346546295918,1,-7.272584703751916e-05,0,1,0,1,1,0,1,0,mild_harm,no_positive_opportunity,0,0,0
f7050dbcd3c954f3,1,2,6,1,2,0.0975107973028239,1.2324836412908278,2,0.0243881937161655,2,0.1038539653803344,-1,-0.053549124195778,-1,-0.016675549367696,1,1.2324836412908278,1,0,1,0,0,1,0,1,material_positive_gt_0p2,positive_opportunity,0,1,0
180f81d1ca5c5ee3,1,2,17,1,23,0.1443417416229646,7.068096973794624e-05,23,0.0145036919045063,23,0.0939694635686753,-1,-0.0590673131415187,-1,-0.0221937383134367,1,7.068096973794624e-05,1,0,1,0,0,1,0,1,near_zero_positive_le_0p01,positive_opportunity,0,1,1
1bd8ca835d485cd8,1,2,14,1,23,0.0869700583000563,0.0001267136363314,23,0.0156940412197596,23,0.0951598128839286,-1,-0.1034742314510422,-1,-0.0666006566229602,1,0.0001267136363314,1,0,1,0,0,1,0,1,near_zero_positive_le_0p01,positive_opportunity,0,1,1
291db523bb115ccf,1,2,16,1,24,0.1697532472292033,-8.852075822662897e-05,-1,-0.0134703655546953,24,0.0659954061094736,24,0.0775489070471531,24,0.1144224818752351,1,-8.852075822662897e-05,0,1,1,0,1,0,1,0,mild_harm,positive_opportunity,0,0,0
2d4f708394ef542e,1,2,2,0,-1,,,-1,,-1,,-1,,-1,,0,,0,0,0,0,0,0,0,0,RSMR_abstain,no_positive_opportunity,0,0,0
39346eef49ad52a6,1,2,16,0,2,0.0003899191943174,-1.8276321345854372,2,0.0486786501004271,2,0.128144421764596,-1,-0.4638595387487117,-1,-0.4269859639206297,1,-1.8276321345854372,1,0,1,0,0,1,0,1,catastrophe,no_positive_opportunity,1,0,0
621fb14952d45fbc,1,2,2,0,2,0.076859351701205,-1.793281329542026,2,0.0455076289281184,2,0.1249734005922874,-1,-0.27952803183933,-1,-0.242654457011248,1,-1.793281329542026,1,0,1,0,0,1,0,1,catastrophe,no_positive_opportunity,1,0,0
79a3cfc7d4535d5f,1,2,14,1,25,0.4144419323145974,0.0030683114655256,25,0.0990190765329672,25,0.1784848481971362,25,0.7065371061787187,25,0.7434106810068006,1,0.0030683114655256,1,0,1,0,1,0,1,0,near_zero_positive_le_0p01,positive_opportunity,0,0,0
7a90e31caaa35114,1,2,11,1,23,0.000844679722542,-0.0002471273148438,-1,-0.0698715424331046,23,0.0095942292310643,23,0.3535259628750921,23,0.390399537703174,1,-0.0002471273148438,0,1,1,0,1,0,1,0,mild_harm,positive_opportunity,0,0,0
9e4525cb8f5e5fcd,1,2,15,0,-1,,,-1,,-1,,-1,,-1,,0,,0,0,0,0,0,0,0,0,RSMR_abstain,no_positive_opportunity,0,0,0
c5e0107671965987,1,2,13,0,-1,,,-1,,-1,,-1,,-1,,0,,0,0,0,0,0,0,0,0,RSMR_abstain,no_positive_opportunity,0,0,0
ca00c31168b252d5,1,2,16,1,-1,,,-1,,-1,,-1,,-1,,0,,0,0,0,0,0,0,0,0,RSMR_abstain,positive_opportunity,0,0,0
e2c31e25cb35514d,1,2,14,1,9,0.1786756793643761,-0.0005410650956444,-1,-0.0877415899111412,-1,-0.0082758182469723,9,0.2706277482156363,9,0.3075013230437183,1,-0.0005410650956444,0,1,0,1,1,0,1,0,mild_harm,positive_opportunity,0,0,0
114a8e53ec3c5e0d,1,2,3,1,-1,,,-1,,-1,,-1,,-1,,0,,0,0,0,0,0,0,0,0,RSMR_abstain,positive_opportunity,0,0,0
1907423ff64a51eb,1,2,9,1,22,0.1844532815796694,4.7492956556399735e-05,-1,-0.010165917117545,22,0.0692998545466239,22,0.0862550114188767,22,0.1231285862469587,1,4.7492956556399735e-05,0,1,1,0,1,0,1,0,near_zero_positive_le_0p01,positive_opportunity,0,0,0
b8091003cbb95da3,1,2,2,1,21,0.0097189837439082,0.0057995361132896,-1,-0.0178310265794374,21,0.0616347450847315,-1,-0.14015615500912,-1,-0.103282580181038,1,0.0057995361132896,0,1,1,0,0,1,0,1,near_zero_positive_le_0p01,positive_opportunity,0,1,1
c9281513f02f50f2,1,2,12,1,23,0.0998620397945753,0.0,-1,-0.0145922052571018,23,0.0648735664070671,23,0.0160821819786698,23,0.0529557568067518,1,0.0,0,1,1,0,1,0,1,0,mild_harm,positive_opportunity,0,0,0
eeb054ac63575b33,1,2,2,1,-1,,,-1,,-1,,-1,,-1,,0,,0,0,0,0,0,0,0,0,RSMR_abstain,positive_opportunity,0,0,0
6988613e2a3557be,1,2,17,1,-1,,,-1,,-1,,-1,,-1,,0,,0,0,0,0,0,0,0,0,RSMR_abstain,positive_opportunity,0,0,0
b66ea7e3342b533b,1,2,2,0,2,0.1498102374783007,-5.520669647962606e-05,-1,-0.0707045752956067,2,0.0087611963685622,2,0.3514686058145195,2,0.3883421806426015,1,-5.520669647962606e-05,0,1,1,0,1,0,1,0,mild_harm,no_positive_opportunity,0,0,0
ebdc46dacb5f53f2,1,2,20,1,21,0.059523338066818,7.133007049464624e-07,-1,-0.0305939697702962,21,0.0488718018938726,-1,-0.0194250707763019,21,0.01744850405178,1,7.133007049464624e-07,0,1,1,0,0,1,1,0,near_zero_positive_le_0p01,positive_opportunity,0,0,0
06a937676ff65c69,1,2,17,1,9,0.1457244736804245,-0.0008672325992258,-1,-0.0992704325664083,-1,-0.0198046609022393,9,0.2282169137042396,9,0.2650904885323216,1,-0.0008672325992258,0,1,0,1,1,0,1,0,mild_harm,positive_opportunity,0,0,0
26f611f146275818,1,2,17,1,-1,,,-1,,-1,,-1,,-1,,0,,0,0,0,0,0,0,0,0,RSMR_abstain,positive_opportunity,0,0,0
441987f47a6f5784,1,2,9,0,-1,,,-1,,-1,,-1,,-1,,0,,0,0,0,0,0,0,0,0,RSMR_abstain,no_positive_opportunity,0,0,0
5f4392860e5752ce,1,2,6,1,24,0.222149187005187,-0.000464562402782,-1,-0.0719521295132214,24,0.0075136421509475,24,0.2836494680504604,24,0.3205230428785424,1,-0.000464562402782,0,1,1,0,1,0,1,0,mild_harm,positive_opportunity,0,0,0
5fde760ec9f05c3d,1,2,16,1,22,0.509443486967129,-0.0001297025804172,22,0.14530882121845,22,0.224774592882619,22,0.7035948001257128,22,0.7404683749537948,1,-0.0001297025804172,1,0,1,0,1,0,1,0,mild_harm,positive_opportunity,0,0,0
606e5b5125985e1f,1,2,12,1,-1,,,-1,,-1,,-1,,-1,,0,,0,0,0,0,0,0,0,0,RSMR_abstain,positive_opportunity,0,0,0
73cd1e45d87156ee,1,2,18,1,23,0.383533882953274,0.0003884504090763,23,0.1634387964003869,23,0.2429045680645558,23,0.4621760520383761,23,0.499049626866458,1,0.0003884504090763,1,0,1,0,1,0,1,0,near_zero_positive_le_0p01,positive_opportunity,0,0,0
7a9a7b86210b5dc4,1,2,17,0,3,0.1223014329312727,-0.0001631911307573,3,0.1031340994768226,3,0.1825998711409916,3,0.0576417510913588,3,0.0945153259194408,1,-0.0001631911307573,1,0,1,0,1,0,1,0,mild_harm,no_positive_opportunity,0,0,0
81195788481d5844,1,2,17,1,-1,,,-1,,-1,,-1,,-1,,0,,0,0,0,0,0,0,0,0,RSMR_abstain,positive_opportunity,0,0,0
948d834b78515695,1,2,10,1,22,0.0786345226336342,2.8722488693892767e-05,-1,-0.0075834349203666,22,0.0718823367438022,22,0.1208334105779505,22,0.1577069854060325,1,2.8722488693892767e-05,0,1,1,0,1,0,1,0,near_zero_positive_le_0p01,positive_opportunity,0,0,0
a08635adfbc45990,1,2,16,1,-1,,,-1,,-1,,-1,,-1,,0,,0,0,0,0,0,0,0,0,RSMR_abstain,positive_opportunity,0,0,0
a5836bf6d71f58f2,1,2,17,1,9,0.0483777762411058,0.000861446211487,-1,-0.1289915271488692,-1,-0.0495257554847002,9,0.1397266833023268,9,0.1766002581304088,1,0.000861446211487,0,1,0,1,1,0,1,0,near_zero_positive_le_0p01,positive_opportunity,0,0,0
a6e92119ed185a7d,1,2,19,0,-1,,,-1,,-1,,-1,,-1,,0,,0,0,0,0,0,0,0,0,RSMR_abstain,no_positive_opportunity,0,0,0
aeb0da156a7b5426,1,2,3,1,21,0.4016152735521289,8.050889065489182e-05,21,0.2016334156799374,21,0.2810991873441064,-1,-0.2986768323272832,-1,-0.2618032574992012,1,8.050889065489182e-05,1,0,1,0,0,1,0,1,near_zero_positive_le_0p01,positive_opportunity,0,1,1
b024a29a38815f5d,1,2,10,1,-1,,,-1,,-1,,-1,,-1,,0,,0,0,0,0,0,0,0,0,RSMR_abstain,positive_opportunity,0,0,0
c0eff628bb5d57f2,1,2,5,0,9,0.1919309276150189,-0.0002712661859579,-1,-0.0599521339795755,9,0.0195136376845934,9,0.2980221302403935,9,0.3348957050684754,1,-0.0002712661859579,0,1,1,0,1,0,1,0,mild_harm,no_positive_opportunity,0,0,0
c2ef8af22b6b57fa,1,2,16,1,8,0.0314021350363716,0.0006266896873712,-1,-0.1457107838585638,-1,-0.0662450121943948,8,0.146405787389347,8,0.183279362217429,1,0.0006266896873712,0,1,0,1,1,0,1,0,near_zero_positive_le_0p01,positive_opportunity,0,0,0
e2becee9277c5811,1,2,18,1,22,0.4637404023987865,0.0001367530750111,22,0.148956777937692,22,0.228422549601861,22,0.4176215300142545,22,0.4544951048423366,1,0.0001367530750111,1,0,1,0,1,0,1,0,near_zero_positive_le_0p01,positive_opportunity,0,0,0
e7c6e7ca0bf75a88,1,2,17,1,-1,,,-1,,-1,,-1,,-1,,0,,0,0,0,0,0,0,0,0,RSMR_abstain,positive_opportunity,0,0,0
f845609710815b95,1,2,16,1,22,0.5103017594189099,-0.0001336572684111,22,0.14961012157519,22,0.229075893239359,22,0.8214499613664902,22,0.8583235361945721,1,-0.0001336572684111,1,0,1,0,1,0,1,0,mild_harm,positive_opportunity,0,0,0
0e7c79855e005220,1,2,17,1,3,0.1567587199850295,0.989674308249508,-1,-0.0375843774484785,3,0.0418813942156904,3,0.1251330746330287,3,0.1620066494611107,1,0.989674308249508,0,1,1,0,1,0,1,0,material_positive_gt_0p2,positive_opportunity,0,0,0
14dd0d86a4d353af,1,2,1,0,-1,,,-1,,-1,,-1,,-1,,0,,0,0,0,0,0,0,0,0,RSMR_abstain,no_positive_opportunity,0,0,0
2d691673d2a75468,1,2,5,1,9,0.2046044900958258,-0.0005493406044321,-1,-0.0441937243984539,9,0.035272047265715,9,0.3770160536260829,9,0.4138896284541649,1,-0.0005493406044321,0,1,1,0,1,0,1,0,mild_harm,positive_opportunity,0,0,0
4a475083531f544e,1,2,17,1,5,0.0152957417616315,0.0005351796336472,-1,-0.0796669303079985,-1,-0.0002011586438295,-1,-0.2011864811992033,-1,-0.1643129063711213,1,0.0005351796336472,0,1,0,1,0,1,0,1,near_zero_positive_le_0p01,positive_opportunity,0,1,1
4aa6a5b42a9d5a1a,1,2,4,0,-1,,,-1,,-1,,-1,,-1,,0,,0,0,0,0,0,0,0,0,RSMR_abstain,no_positive_opportunity,0,0,0
4f8180de60ff5016,1,2,16,1,-1,,,-1,,-1,,-1,,-1,,0,,0,0,0,0,0,0,0,0,RSMR_abstain,positive_opportunity,0,0,0
65f6f0aad1645746,1,2,15,0,-1,,,-1,,-1,,-1,,-1,,0,,0,0,0,0,0,0,0,0,RSMR_abstain,no_positive_opportunity,0,0,0
86935537a5e256bd,1,2,3,1,23,0.1231613475703427,-4.216529144323439e-05,-1,-0.0276654322241782,23,0.0518003394399907,-1,-0.0202160202446724,23,0.0166575545834095,1,-4.216529144323439e-05,0,1,1,0,0,1,1,0,mild_harm,positive_opportunity,0,0,0
91dfe4ebf3c25298,1,2,3,0,-1,,,-1,,-1,,-1,,-1,,0,,0,0,0,0,0,0,0,0,RSMR_abstain,no_positive_opportunity,0,0,0
ae93b0cb5f2752c9,1,2,7,1,23,0.2090003092380338,-1.621068492024813e-06,23,0.0145754091193364,23,0.0940411807835053,23,0.0682040117798921,23,0.1050775866079741,1,-1.621068492024813e-06,1,0,1,0,1,0,1,0,mild_harm,positive_opportunity,0,0,0
c4b429aa06c65c18,1,2,5,1,27,0.1829648659151209,2.0200232751698115,-1,-0.0061827092794072,27,0.0732830623847617,-1,-0.7907213963151799,-1,-0.753847821487098,1,2.0200232751698115,0,1,1,0,0,1,0,1,material_positive_gt_0p2,positive_opportunity,0,1,0
d124fe4c82a0504a,1,2,14,0,-1,,,-1,,-1,,-1,,-1,,0,,0,0,0,0,0,0,0,0,RSMR_abstain,no_positive_opportunity,0,0,0
d8a9f79a9b2f5af3,1,2,1,1,22,1.20704336188775,3.149701463542634,22,1.4787453663196992,22,1.558211137983868,22,2.832756387015525,22,2.869629961843607,1,3.149701463542634,1,0,1,0,1,0,1,0,material_positive_gt_0p2,positive_opportunity,0,0,0
d9b829983ef95e41,1,2,17,0,-1,,,-1,,-1,,-1,,-1,,0,,0,0,0,0,0,0,0,0,RSMR_abstain,no_positive_opportunity,0,0,0
dba43762ec9a571c,1,2,3,0,-1,,,-1,,-1,,-1,,-1,,0,,0,0,0,0,0,0,0,0,RSMR_abstain,no_positive_opportunity,0,0,0
fefa06851c7f58a7,1,2,7,1,20,0.2475751952100125,-1.232325807697454,-1,-0.0159170007664347,20,0.0635487708977342,20,0.22348752510347,20,0.260361099931552,1,-1.232325807697454,0,1,1,0,1,0,1,0,catastrophe,positive_opportunity,0,0,0
185ce8f5060f5856,1,2,1,0,-1,,,-1,,-1,,-1,,-1,,0,,0,0,0,0,0,0,0,0,RSMR_abstain,no_positive_opportunity,0,0,0
6b5577a2a92d5e63,1,2,14,1,4,0.1546974795209342,-4.862848371267603e-05,-1,-0.0110449358709699,4,0.068420835793199,4,0.0472176427611348,4,0.0840912175892168,1,-4.862848371267603e-05,0,1,1,0,1,0,1,0,mild_harm,positive_opportunity,0,0,0
6d5d40bcf2f153a8,1,2,28,1,11,0.3056315383103962,0.0014631343937406,11,0.1852771191587632,11,0.2647428908229322,-1,-0.1144640650321215,-1,-0.0775904902040395,1,0.0014631343937406,1,0,1,0,0,1,0,1,near_zero_positive_le_0p01,positive_opportunity,0,1,1
8ce184b9fe795518,1,2,12,1,12,0.2697113966484706,0.0,12,0.0166794985311636,12,0.0961452701953325,12,0.273896202859017,12,0.310769777687099,1,0.0,1,0,1,0,1,0,1,0,mild_harm,positive_opportunity,0,0,0
ae75c379fc4f5ac0,1,2,15,1,-1,,,-1,,-1,,-1,,-1,,0,,0,0,0,0,0,0,0,0,RSMR_abstain,positive_opportunity,0,0,0
bc30bddda7655472,1,2,17,1,-1,,,-1,,-1,,-1,,-1,,0,,0,0,0,0,0,0,0,0,RSMR_abstain,positive_opportunity,0,0,0
ec003315c7f8544e,1,2,13,1,7,0.3000589655082053,1.625132601845264,7,0.0030426839271216,7,0.0825084555912906,7,0.2255392845717123,7,0.2624128593997943,1,1.625132601845264,1,0,1,0,1,0,1,0,material_positive_gt_0p2,positive_opportunity,0,0,0
f80967dcb45f5879,1,2,25,1,25,0.2387807976232137,-8.79884749651616e-05,25,0.2687040427913708,25,0.3481698144555397,25,0.2906881996119441,25,0.3275617744400261,1,-8.79884749651616e-05,1,0,1,0,1,0,1,0,mild_harm,positive_opportunity,0,0,0
f8295ad66d0b502a,1,2,18,1,23,0.0323762385235986,0.0001384854522026,-1,-0.0021952607909702,23,0.0772705108731987,-1,-0.0824218066115841,-1,-0.0455482317835022,1,0.0001384854522026,0,1,1,0,0,1,0,1,near_zero_positive_le_0p01,positive_opportunity,0,1,1
00d83b17d1755be3,1,2,7,0,-1,,,-1,,-1,,-1,,-1,,0,,0,0,0,0,0,0,0,0,RSMR_abstain,no_positive_opportunity,0,0,0
07f7850e943e5787,1,2,17,1,9,0.0010526287388362,-0.0003208969734609,-1,-0.1518229549678088,-1,-0.0723571833036398,9,0.1259904102792565,9,0.1628639851073385,1,-0.0003208969734609,0,1,0,1,1,0,1,0,mild_harm,positive_opportunity,0,0,0
0bd45dc9e3a759c2,1,2,17,1,17,0.1101286099339962,0.000105648253858,17,0.0212386301021899,17,0.1007044017663588,-1,-0.2710705951109253,-1,-0.2341970202828433,1,0.000105648253858,1,0,1,0,0,1,0,1,near_zero_positive_le_0p01,positive_opportunity,0,1,1
183eebcd18325090,1,2,12,1,22,0.149891029584383,-2.6754828193224865e-05,-1,-0.012896606636411,22,0.0665691650277578,22,0.0680455687737622,22,0.1049191436018441,1,-2.6754828193224865e-05,0,1,1,0,1,0,1,0,mild_harm,positive_opportunity,0,0,0
19b32f02944d51ad,1,2,19,1,20,0.1436572762248105,4.461837168800997e-05,20,0.0261933299166926,20,0.1056591015808616,-1,-0.1016493996628955,-1,-0.0647758248348135,1,4.461837168800997e-05,1,0,1,0,0,1,0,1,near_zero_positive_le_0p01,positive_opportunity,0,1,1
1de30d88d7e15d70,1,2,11,1,4,0.1436918799428695,0.0004073154002428,4,0.0043051327292222,4,0.0837709043933911,-1,-0.044936926914643,-1,-0.0080633520865611,1,0.0004073154002428,1,0,1,0,0,1,0,1,near_zero_positive_le_0p01,positive_opportunity,0,1,1
351a31864bda5923,1,2,12,1,9,0.1666088868814431,-0.0003158109522206,-1,-0.090717985181124,-1,-0.0112522135169551,9,0.2698734947575343,9,0.3067470695856163,1,-0.0003158109522206,0,1,0,1,1,0,1,0,mild_harm,positive_opportunity,0,0,0
42e1302d4d595015,1,2,24,0,23,0.1973050792219317,-3.214230805159701e-05,-1,-0.0181758392832092,23,0.0612899323809597,23,0.1228483243148372,23,0.1597218991429192,1,-3.214230805159701e-05,0,1,1,0,1,0,1,0,mild_harm,no_positive_opportunity,0,0,0
436d539f02525dbf,1,2,9,1,-1,,,-1,,-1,,-1,,-1,,0,,0,0,0,0,0,0,0,0,RSMR_abstain,positive_opportunity,0,0,0
53791dfcfb555d8b,1,2,13,0,-1,,,-1,,-1,,-1,,-1,,0,,0,0,0,0,0,0,0,0,RSMR_abstain,no_positive_opportunity,0,0,0
5787abf0e35d54cf,1,2,12,1,9,0.1248199085838309,-0.0003529437301916,-1,-0.1172733806158929,-1,-0.037807608951724,9,0.0910240874891768,9,0.1278976623172588,1,-0.0003529437301916,0,1,0,1,1,0,1,0,mild_harm,positive_opportunity,0,0,0
6a860de43c125dbf,1,2,17,1,9,0.2049325584496877,0.0001310493692754,9,0.1775292734848788,9,0.2569950451490477,9,0.1461503197298253,9,0.1830238945579073,1,0.0001310493692754,1,0,1,0,1,0,1,0,near_zero_positive_le_0p01,positive_opportunity,0,0,0
7b1eb807d4d95132,1,2,17,0,6,0.0619950175742606,-0.0012438182294368,-1,-0.0481639099730722,6,0.0313018616910967,-1,-0.0398794051181807,-1,-0.0030058302900987,1,-0.0012438182294368,0,1,1,0,0,1,0,1,mild_harm,no_positive_opportunity,0,0,0
89ec4c93349d5b58,1,2,25,1,22,0.5054108353610807,-5.431908551845055e-05,22,0.2100485693476486,22,0.2895143410118175,22,0.436736570765531,22,0.473610145593613,1,-5.431908551845055e-05,1,0,1,0,1,0,1,0,mild_harm,positive_opportunity,0,0,0
a3fff53e9f375592,1,2,6,1,-1,,,-1,,-1,,-1,,-1,,0,,0,0,0,0,0,0,0,0,RSMR_abstain,positive_opportunity,0,0,0
a6bf958e054951f3,1,2,16,0,7,0.0266739883942886,-0.0005569157022051,-1,-0.0673800311753514,7,0.0120857404888174,-1,-0.2037324356016835,-1,-0.1668588607736015,1,-0.0005569157022051,0,1,1,0,0,1,0,1,mild_harm,no_positive_opportunity,0,0,0
ad9cdad9769f572f,1,2,15,1,10,0.1477735710132283,-8.041050173335229e-05,-1,-0.0417711122380273,10,0.0376946594261415,10,0.1369433967068614,10,0.1738169715349434,1,-8.041050173335229e-05,0,1,1,0,1,0,1,0,mild_harm,positive_opportunity,0,0,0
c2c39f197ef95b97,1,2,25,1,20,0.1448880799919503,5.784040018896874e-05,20,0.0288905305562278,20,0.1083563022203968,-1,-0.1067543080098163,-1,-0.0698807331817344,1,5.784040018896874e-05,1,0,1,0,0,1,0,1,near_zero_positive_le_0p01,positive_opportunity,0,1,1
cf7a886f70be5245,1,2,14,1,20,0.1829912191300188,0.0004713724773375,-1,-0.0214476680373678,20,0.0580181036268011,20,0.2962500578744318,20,0.3331236327025139,1,0.0004713724773375,0,1,1,0,1,0,1,0,near_zero_positive_le_0p01,positive_opportunity,0,0,0
d7ed9fbf26d0502e,1,2,14,1,9,0.1523826617382438,-0.000349602394551,-1,-0.1008007893752697,-1,-0.0213350177111007,9,0.2750773674190654,9,0.3119509422471473,1,-0.000349602394551,0,1,0,1,1,0,1,0,mild_harm,positive_opportunity,0,0,0
e9922a266cc35210,1,2,1,0,-1,,,-1,,-1,,-1,,-1,,0,,0,0,0,0,0,0,0,0,RSMR_abstain,no_positive_opportunity,0,0,0
eef9e53ca3eb51a8,1,2,8,0,2,0.0368163456877717,-1.8450037153049488,2,0.0362697138549689,2,0.1157354855191379,-1,-0.2869377106794857,-1,-0.2500641358514037,1,-1.8450037153049488,1,0,1,0,0,1,0,1,catastrophe,no_positive_opportunity,1,0,0
f19973f839e35f20,1,2,4,1,-1,,,-1,,-1,,-1,,-1,,0,,0,0,0,0,0,0,0,0,RSMR_abstain,positive_opportunity,0,0,0
02fca515559f520d,1,2,11,1,0,0.1076566095881033,-5.087164717831882e-05,-1,-0.0195253228711964,0,0.0599404487929725,0,0.0658245284579566,0,0.1026981032860386,1,-5.087164717831882e-05,0,1,1,0,1,0,1,0,mild_harm,positive_opportunity,0,0,0
115efd50328f5ecc,1,2,18,1,-1,,,-1,,-1,,-1,,-1,,0,,0,0,0,0,0,0,0,0,RSMR_abstain,positive_opportunity,0,0,0
117049ed19db55a2,1,2,20,1,25,0.2123565456466162,-0.0005033181324601,-1,-0.0777878663903207,25,0.0016779052738482,25,0.3616117777861261,25,0.398485352614208,1,-0.0005033181324601,0,1,1,0,1,0,1,0,mild_harm,positive_opportunity,0,0,0
2154d495b9b657a5,1,2,3,0,6,1.4060280125472815,-1.220322729590535,6,0.6779734467297736,6,0.7574392183939425,-1,-0.1864158456919236,-1,-0.1495422708638416,1,-1.220322729590535,1,0,1,0,0,1,0,1,catastrophe,no_positive_opportunity,1,0,0
2c572f2c1c485fc0,1,2,16,1,-1,,,-1,,-1,,-1,,-1,,0,,0,0,0,0,0,0,0,0,RSMR_abstain,positive_opportunity,0,0,0
3152efff212c51ff,1,2,3,1,1,0.2935946569372989,-0.0102287174349422,1,0.0434093675774157,1,0.1228751392415846,1,0.1926052264287687,1,0.2294788012568507,1,-0.0102287174349422,1,0,1,0,1,0,1,0,mild_harm,positive_opportunity,0,0,0
327d5cdfdd695e7e,1,2,17,1,3,0.176566180637329,0.0001152485769475,3,0.2096066036758944,3,0.2890723753400634,-1,-0.2455257213474519,-1,-0.2086521465193699,1,0.0001152485769475,1,0,1,0,0,1,0,1,near_zero_positive_le_0p01,positive_opportunity,0,1,1
64fe109ec6a858ec,1,2,24,1,14,0.1030903321181174,-0.0001836422961903,14,0.0256796218054872,14,0.1051453934696561,-1,-0.2126575755396006,-1,-0.1757840007115186,1,-0.0001836422961903,1,0,1,0,0,1,0,1,mild_harm,positive_opportunity,0,0,0
6c95d9b03b7a5944,1,2,6,1,10,0.0965010350228222,-0.0025507494289427,-1,-0.1157338572432118,-1,-0.0362680855790428,10,0.2651569606504234,10,0.3020305354785054,1,-0.0025507494289427,0,1,0,1,1,0,1,0,mild_harm,positive_opportunity,0,0,0
73963278f6eb5002,1,2,10,1,18,0.1413580756368672,0.0,18,0.0086113170950354,18,0.0880770887592043,-1,-0.0934744052383432,-1,-0.0566008304102612,1,0.0,1,0,1,0,0,1,0,1,mild_harm,positive_opportunity,0,0,0
799dcf813dba5d8a,1,2,6,0,4,0.0180210547767016,-0.0031884899966418,4,0.0179436363713069,4,0.0974094080354759,-1,-0.2364424814259007,-1,-0.1995689065978187,1,-0.0031884899966418,1,0,1,0,0,1,0,1,mild_harm,no_positive_opportunity,0,0,0
7b6dfa3d4bc553a9,1,2,15,1,15,0.1407745227683244,0.0,15,0.006025614427062,15,0.0854913860912309,-1,-0.1000175159798044,-1,-0.0631439411517224,1,0.0,1,0,1,0,0,1,0,1,mild_harm,positive_opportunity,0,0,0
842b7f0b68fc5245,1,2,16,1,20,0.2373164256761826,1.2322185659539886,-1,-0.0057452502393927,20,0.0737205214247762,20,0.218528652037834,20,0.255402226865916,1,1.2322185659539886,0,1,1,0,1,0,1,0,material_positive_gt_0p2,positive_opportunity,0,0,0
86839ab67df151f2,1,2,9,1,1,0.1533425829309448,7.329354990481818e-05,1,0.0185978479477557,1,0.0980636196119246,-1,-0.0610998084668037,-1,-0.0242262336387217,1,7.329354990481818e-05,1,0,1,0,0,1,0,1,near_zero_positive_le_0p01,positive_opportunity,0,1,1
9a3e4f2df62b54fa,1,2,14,0,22,0.1087206653252855,-0.000212181274418,-1,-0.0021148490164157,22,0.0773509226477532,-1,-0.0270096102810135,22,0.0098639645470683,1,-0.000212181274418,0,1,1,0,0,1,1,0,mild_harm,no_positive_opportunity,0,0,0
a7c4607a69e55039,1,2,17,1,23,0.1311335441940994,-0.0001578706935048,-1,-0.000937173236054,23,0.0785285984281148,23,0.2823820204435629,23,0.3192555952716449,1,-0.0001578706935048,0,1,1,0,1,0,1,0,mild_harm,positive_opportunity,0,0,0
c608632e83a659ca,1,2,27,1,-1,,,-1,,-1,,-1,,-1,,0,,0,0,0,0,0,0,0,0,RSMR_abstain,positive_opportunity,0,0,0
d022d382b3aa5fa1,1,2,10,1,-1,,,-1,,-1,,-1,,-1,,0,,0,0,0,0,0,0,0,0,RSMR_abstain,positive_opportunity,0,0,0
d07acbfa3a6e55b0,1,2,17,1,3,0.0036022067530751,-0.0001263671795837,3,0.0570583202144566,3,0.1365240918786255,-1,-0.0130344736736687,3,0.0238391011544132,1,-0.0001263671795837,1,0,1,0,0,1,1,0,mild_harm,positive_opportunity,0,0,0
e88d31e512eb52aa,1,2,23,1,20,0.3143507173025226,0.0001063138395562,20,0.1505156650057605,20,0.2299814366699295,20,0.2312050512073548,20,0.2680786260354367,1,0.0001063138395562,1,0,1,0,1,0,1,0,near_zero_positive_le_0p01,positive_opportunity,0,0,0
fc25adef73d35a71,1,2,6,1,9,0.1449706006304333,-0.0005650871805846,-1,-0.0997958766316788,-1,-0.0203301049675098,9,0.2742491492607515,9,0.3111227240888335,1,-0.0005650871805846,0,1,0,1,1,0,1,0,mild_harm,positive_opportunity,0,0,0
06f2c0171372558e,1,2,14,0,9,0.1788165425554677,-0.0002192424658685,-1,-0.0793156013717621,9,0.0001501702924068,9,0.2327127639990953,9,0.2695863388271773,1,-0.0002192424658685,0,1,1,0,1,0,1,0,mild_harm,no_positive_opportunity,0,0,0
1139bbb1cfe35d48,1,2,2,1,1,0.2045598402354911,0.0015995440794149,-1,-0.0623891539055954,1,0.0170766177585734,1,0.2686908945178208,1,0.3055644693459027,1,0.0015995440794149,0,1,1,0,1,0,1,0,near_zero_positive_le_0p01,positive_opportunity,0,0,0
190db336fe0e515f,1,2,4,0,9,0.1299149026015991,-0.000611153855361,9,0.0053600173376228,9,0.0848257890017918,9,0.6934453428627445,9,0.7303189176908265,1,-0.000611153855361,1,0,1,0,1,0,1,0,mild_harm,no_positive_opportunity,0,0,0
1bf5b342d1b052c3,1,2,3,0,11,0.0679980424190023,-0.0001951636242678,11,0.0049863557855172,11,0.0844521274496861,-1,-0.0544437793362298,-1,-0.0175702045081478,1,-0.0001951636242678,1,0,1,0,0,1,0,1,mild_harm,no_positive_opportunity,0,0,0
1da0d8dce4485189,1,2,12,0,4,0.0354712576723474,-0.009133773411857,4,0.0124885832340969,4,0.0919543548982659,-1,-0.2065662956408511,-1,-0.1696927208127691,1,-0.009133773411857,1,0,1,0,0,1,0,1,mild_harm,no_positive_opportunity,0,0,0
21f2c3689d765b09,1,2,1,1,-1,,,-1,,-1,,-1,,-1,,0,,0,0,0,0,0,0,0,0,RSMR_abstain,positive_opportunity,0,0,0
234440ab79d55e59,1,2,18,0,-1,,,-1,,-1,,-1,,-1,,0,,0,0,0,0,0,0,0,0,RSMR_abstain,no_positive_opportunity,0,0,0
2ababb1ca1ba5637,1,2,17,1,3,0.0662434635992207,0.0001287251278991,3,0.1732252654808171,3,0.2526910371449861,-1,-0.1036756420900575,-1,-0.0668020672619755,1,0.0001287251278991,1,0,1,0,0,1,0,1,near_zero_positive_le_0p01,positive_opportunity,0,1,1
3c6c3ba8c08e581a,1,2,16,1,-1,,,-1,,-1,,-1,,-1,,0,,0,0,0,0,0,0,0,0,RSMR_abstain,positive_opportunity,0,0,0
59b8dea90c1b5499,1,2,17,1,3,0.1315731938029783,0.001022456206428,3,0.1569133606266159,3,0.2363791322907849,3,0.0388358097085915,3,0.0757093845366735,1,0.001022456206428,1,0,1,0,1,0,1,0,near_zero_positive_le_0p01,positive_opportunity,0,0,0
68e20734e9415e24,1,2,4,1,9,0.1098865271516235,-8.91803213395187e-05,9,0.0135959732429786,9,0.0930617449071475,-1,-0.111400934371568,-1,-0.074527359543486,1,-8.91803213395187e-05,1,0,1,0,0,1,0,1,mild_harm,positive_opportunity,0,0,0
742976289d405b0d,1,2,17,0,-1,,,-1,,-1,,-1,,-1,,0,,0,0,0,0,0,0,0,0,RSMR_abstain,no_positive_opportunity,0,0,0
091cae980d54535d,2,3,17,0,20,0.0143570900148686,-0.0001110662376973,-1,-0.118762294744458,-1,-0.0504109222320359,-1,-0.0549879813848261,-1,-0.0142761540346846,1,-0.0001110662376973,0,1,0,1,0,1,0,1,mild_harm,no_positive_opportunity,0,0,0
0aea8543e71b5712,2,3,15,1,22,0.1013848030140113,0.0,-1,-0.0125096184836343,22,0.0558417540287878,22,0.0624286435380561,22,0.1031404708881976,1,0.0,0,1,1,0,1,0,1,0,mild_harm,positive_opportunity,0,0,0
122436b1207258bf,2,3,19,1,2,0.0399785615020017,1.2323318207158476,2,0.0080625569624557,2,0.0764139294748778,-1,-0.0081643373915535,2,0.0325474899585879,1,1.2323318207158476,1,0,1,0,0,1,1,0,material_positive_gt_0p2,positive_opportunity,0,0,0
1bd7b3ce5adf5826,2,3,17,1,-1,,,-1,,-1,,-1,,-1,,0,,0,0,0,0,0,0,0,0,RSMR_abstain,positive_opportunity,0,0,0
581836f4f4365cc8,2,3,18,1,1,0.6314680991488936,-0.0003538411187793,1,0.1725673126162725,1,0.2409186851286947,1,0.2503387435210731,1,0.2910505708712146,1,-0.0003538411187793,1,0,1,0,1,0,1,0,mild_harm,positive_opportunity,0,0,0
70b54ac4d8ae56de,2,3,1,1,-1,,,-1,,-1,,-1,,-1,,0,,0,0,0,0,0,0,0,0,RSMR_abstain,positive_opportunity,0,0,0
72eb13d3a4255179,2,3,1,0,-1,,,-1,,-1,,-1,,-1,,0,,0,0,0,0,0,0,0,0,RSMR_abstain,no_positive_opportunity,0,0,0
7fc2b30cb72a5d56,2,3,9,0,-1,,,-1,,-1,,-1,,-1,,0,,0,0,0,0,0,0,0,0,RSMR_abstain,no_positive_opportunity,0,0,0
83aa0b7439d45dd8,2,3,5,1,-1,,,-1,,-1,,-1,,-1,,0,,0,0,0,0,0,0,0,0,RSMR_abstain,positive_opportunity,0,0,0
8675d815740a5a0b,2,3,22,1,-1,,,-1,,-1,,-1,,-1,,0,,0,0,0,0,0,0,0,0,RSMR_abstain,positive_opportunity,0,0,0
9070daa02ad0542c,2,3,3,1,-1,,,-1,,-1,,-1,,-1,,0,,0,0,0,0,0,0,0,0,RSMR_abstain,positive_opportunity,0,0,0
9771a60ee60a5d27,2,3,5,0,-1,,,-1,,-1,,-1,,-1,,0,,0,0,0,0,0,0,0,0,RSMR_abstain,no_positive_opportunity,0,0,0
9c2eb9c5b45f522b,2,3,29,1,25,0.073651212373821,3.822718737644948e-05,-1,-0.0102595338194996,25,0.0580918386929225,25,0.0123171144223744,25,0.0530289417725159,1,3.822718737644948e-05,0,1,1,0,1,0,1,0,near_zero_positive_le_0p01,positive_opportunity,0,0,0
bb1419c18f39553e,2,3,21,1,22,0.1391845165006192,0.0,22,0.0006013362323248,22,0.0689527087447469,22,0.0908224519597777,22,0.1315342793099192,1,0.0,1,0,1,0,1,0,1,0,mild_harm,positive_opportunity,0,0,0
c56712e13eb759f5,2,3,1,0,-1,,,-1,,-1,,-1,,-1,,0,,0,0,0,0,0,0,0,0,RSMR_abstain,no_positive_opportunity,0,0,0
b003a3bfbdb252e3,2,3,10,1,26,0.1487912521164641,0.9897842141886242,-1,-0.0042129317684796,26,0.0641384407439425,26,0.1183036539867575,26,0.159015481336899,1,0.9897842141886242,0,1,1,0,1,0,1,0,material_positive_gt_0p2,positive_opportunity,0,0,0
0f9ba65f3e2e5c1d,2,3,2,0,25,0.1375998380641172,-0.000127998102426,-1,-0.0152927018517836,25,0.0530586706606384,25,0.0928481222840622,25,0.1335599496342037,1,-0.000127998102426,0,1,1,0,1,0,1,0,mild_harm,no_positive_opportunity,0,0,0
2709051d421d536a,2,3,26,1,27,0.1563648694025691,-1.0131592304229995e-05,-1,-0.010344706849368,27,0.0580066656630541,27,0.1351365807027915,27,0.1758484080529331,1,-1.0131592304229995e-05,0,1,1,0,1,0,1,0,mild_harm,positive_opportunity,0,0,0
2bf633d593a957ad,2,3,11,1,-1,,,-1,,-1,,-1,,-1,,0,,0,0,0,0,0,0,0,0,RSMR_abstain,positive_opportunity,0,0,0
2cfe30b626795e99,2,3,7,1,10,0.2991193499749825,-0.1894030885848565,-1,-0.1654027583867793,-1,-0.0970513858743572,10,0.5864518544982404,10,0.6271636818483819,1,-0.1894030885848565,0,1,0,1,1,0,1,0,mild_harm,positive_opportunity,0,0,0
4a42412827f55dc1,2,3,16,1,24,0.0519914090775093,0.0,-1,-0.0302041619649976,24,0.0381472105474244,-1,-0.0040145182403442,24,0.0366973091097973,1,0.0,0,1,1,0,0,1,1,0,mild_harm,positive_opportunity,0,0,0
60183447caa4548b,2,3,17,1,3,0.081899214436054,-6.448373179882786e-05,-1,-0.0292228362112731,3,0.0391285363011489,3,0.0345494325869429,3,0.0752612599370844,1,-6.448373179882786e-05,0,1,1,0,1,0,1,0,mild_harm,positive_opportunity,0,0,0
618892326e0c530e,2,3,24,0,17,0.075314314514665,-1.1183486133825582e-05,-1,-0.0308474961129174,17,0.0375038763995046,-1,-0.0154918685070253,17,0.0252199588431161,1,-1.1183486133825582e-05,0,1,1,0,0,1,1,0,mild_harm,no_positive_opportunity,0,0,0
63d0c4a8acfa5fc2,2,3,1,0,-1,,,-1,,-1,,-1,,-1,,0,,0,0,0,0,0,0,0,0,RSMR_abstain,no_positive_opportunity,0,0,0
8aeb517756f55681,2,3,14,1,15,0.0511970865472726,1.1431345063428466e-05,-1,-0.0120271855222591,15,0.0563241869901629,-1,-0.1366313204605017,-1,-0.0959194931103602,1,1.1431345063428466e-05,0,1,1,0,0,1,0,1,near_zero_positive_le_0p01,positive_opportunity,0,1,1
ab77602df4a154f7,2,3,11,1,10,0.0393448809408223,-0.0001715479505914,-1,-0.0091625930224556,10,0.0591887794899664,-1,-0.0444664806687036,-1,-0.0037546533185621,1,-0.0001715479505914,0,1,1,0,0,1,0,1,mild_harm,positive_opportunity,0,0,0
acdcf9be0fc85495,2,3,23,1,13,0.1510483237136072,1.6302977381565595e-05,-1,-0.0311675253083982,13,0.0371838472040238,13,0.2933818537024443,13,0.3340936810525858,1,1.6302977381565595e-05,0,1,1,0,1,0,1,0,near_zero_positive_le_0p01,positive_opportunity,0,0,0
be58ded948ea5c00,2,3,4,0,2,0.0501064163029145,-0.0012929431468249,2,0.2312110816096863,2,0.2995624541221084,2,0.3605828477128634,2,0.4012946750630049,1,-0.0012929431468249,1,0,1,0,1,0,1,0,mild_harm,no_positive_opportunity,0,0,0
d74df20dba705137,2,3,19,1,23,0.0858643709150893,-8.57298430055383e-05,-1,-0.0462615218365733,23,0.0220898506758487,23,0.025303604427187,23,0.0660154317773285,1,-8.57298430055383e-05,0,1,1,0,1,0,1,0,mild_harm,positive_opportunity,0,0,0
ec0f4f7c37615b20,2,3,5,0,2,0.0954451167856291,-0.7737388310596343,2,0.0347725328656698,2,0.1031239053780919,2,0.0401016101248675,2,0.080813437475009,1,-0.7737388310596343,1,0,1,0,1,0,1,0,catastrophe,no_positive_opportunity,0,0,0
ec57eef8dffd515e,2,3,1,0,-1,,,-1,,-1,,-1,,-1,,0,,0,0,0,0,0,0,0,0,RSMR_abstain,no_positive_opportunity,0,0,0
f73c53f115a550d5,2,3,17,1,-1,,,-1,,-1,,-1,,-1,,0,,0,0,0,0,0,0,0,0,RSMR_abstain,positive_opportunity,0,0,0
06f8d2f6dca3537c,2,3,6,0,-1,,,-1,,-1,,-1,,-1,,0,,0,0,0,0,0,0,0,0,RSMR_abstain,no_positive_opportunity,0,0,0
79e0120026c25eed,2,3,2,1,-1,,,-1,,-1,,-1,,-1,,0,,0,0,0,0,0,0,0,0,RSMR_abstain,positive_opportunity,0,0,0
884e1c90e87b5fab,2,3,16,1,7,0.1830596053222681,-2.0925029926001974e-05,7,0.1176221123495985,7,0.1859734848620207,-1,-0.2265476869171185,-1,-0.185835859566977,1,-2.0925029926001974e-05,1,0,1,0,0,1,0,1,mild_harm,positive_opportunity,0,0,0
8c1a6d183a275d96,2,3,12,0,-1,,,-1,,-1,,-1,,-1,,0,,0,0,0,0,0,0,0,0,RSMR_abstain,no_positive_opportunity,0,0,0
bd8986c6178e5d2a,2,3,1,0,-1,,,-1,,-1,,-1,,-1,,0,,0,0,0,0,0,0,0,0,RSMR_abstain,no_positive_opportunity,0,0,0
c1dd6c577b0f573a,2,3,5,0,1,0.0776118871430176,-0.2477531754664172,1,0.0076671917235462,1,0.0760185642359684,1,0.0264788128996798,1,0.0671906402498213,1,-0.2477531754664172,1,0,1,0,1,0,1,0,mild_harm,no_positive_opportunity,0,0,0
d1d6c7f48e6d5708,2,3,15,0,-1,,,-1,,-1,,-1,,-1,,0,,0,0,0,0,0,0,0,0,RSMR_abstain,no_positive_opportunity,0,0,0
0fd565e4e40058b8,2,3,15,1,-1,,,-1,,-1,,-1,,-1,,0,,0,0,0,0,0,0,0,0,RSMR_abstain,positive_opportunity,0,0,0
25708e54a75c59eb,2,3,17,0,-1,,,-1,,-1,,-1,,-1,,0,,0,0,0,0,0,0,0,0,RSMR_abstain,no_positive_opportunity,0,0,0
321b3f53510c5059,2,3,7,1,-1,,,-1,,-1,,-1,,-1,,0,,0,0,0,0,0,0,0,0,RSMR_abstain,positive_opportunity,0,0,0
3e07748ebae855b8,2,3,12,1,23,0.1816544829710277,-2.1420662570744223e-05,23,0.0072133816200226,23,0.0755647541324447,-1,-0.0297821781652264,23,0.010929649184915,1,-2.1420662570744223e-05,1,0,1,0,0,1,1,0,mild_harm,positive_opportunity,0,0,0
46f297276986585b,2,3,4,0,-1,,,-1,,-1,,-1,,-1,,0,,0,0,0,0,0,0,0,0,RSMR_abstain,no_positive_opportunity,0,0,0
4d6fb0d27a0f51ce,2,3,7,1,-1,,,-1,,-1,,-1,,-1,,0,,0,0,0,0,0,0,0,0,RSMR_abstain,positive_opportunity,0,0,0
5583fb05984f5685,2,3,17,0,2,0.1166510411835945,-0.0004475013362128,2,0.0265999321737507,2,0.0949513046861729,-1,-0.1403224317598798,-1,-0.0996106044097382,1,-0.0004475013362128,1,0,1,0,0,1,0,1,mild_harm,no_positive_opportunity,0,0,0
97b8db1dfd4f5fb3,2,3,18,1,-1,,,-1,,-1,,-1,,-1,,0,,0,0,0,0,0,0,0,0,RSMR_abstain,positive_opportunity,0,0,0
edf9d12992c9551c,2,3,16,1,13,0.145948148399534,0.0,13,0.004006409023781,13,0.0723577815362031,13,0.0910211659280077,13,0.1317329932781492,1,0.0,1,0,1,0,1,0,1,0,mild_harm,positive_opportunity,0,0,0
f94f2bcde8345a9a,2,3,3,0,15,0.1621689269535773,0.0,15,0.0044601086846657,15,0.0728114811970878,-1,-0.2822765343808361,-1,-0.2415647070306946,1,0.0,1,0,1,0,0,1,0,1,mild_harm,no_positive_opportunity,0,0,0
0bb64f8f31ba5310,2,3,17,1,-1,,,-1,,-1,,-1,,-1,,0,,0,0,0,0,0,0,0,0,RSMR_abstain,positive_opportunity,0,0,0
440a7c7dd1395be4,2,3,17,1,22,0.3464565185401473,0.0054980933307104,22,0.0968270947802354,22,0.1651784672926575,22,0.2627244148214586,22,0.3034362421716001,1,0.0054980933307104,1,0,1,0,1,0,1,0,near_zero_positive_le_0p01,positive_opportunity,0,0,0
630c3828efa0518a,2,3,17,0,-1,,,-1,,-1,,-1,,-1,,0,,0,0,0,0,0,0,0,0,RSMR_abstain,no_positive_opportunity,0,0,0
66a39f4cabc85bc4,2,3,14,1,6,0.3664261797426085,-1.1789312648981811,6,0.0450076989184093,6,0.1133590714308314,6,0.5557994800818136,6,0.596511307431955,1,-1.1789312648981811,1,0,1,0,1,0,1,0,catastrophe,positive_opportunity,0,0,0
684af4044c445d01,2,3,4,1,9,0.0782435659244217,-6.066455971449631e-05,-1,-0.1276501190631372,-1,-0.0592987465507151,9,0.0268335123327845,9,0.067545339682926,1,-6.066455971449631e-05,0,1,0,1,1,0,1,0,mild_harm,positive_opportunity,0,0,0
69f12cf621135ce3,2,3,17,1,-1,,,-1,,-1,,-1,,-1,,0,,0,0,0,0,0,0,0,0,RSMR_abstain,positive_opportunity,0,0,0
71589a780d925ed6,2,3,17,1,3,0.1988127549864715,0.9912868022998796,3,0.0478102438198542,3,0.1161616163322763,-1,-0.1161290468441871,-1,-0.0754172194940456,1,0.9912868022998796,1,0,1,0,0,1,0,1,material_positive_gt_0p2,positive_opportunity,0,1,0
7c39359aaa345e52,2,3,11,1,9,0.1375659597353667,0.0004377499253883,9,0.0642756997263687,9,0.1326270722387909,-1,-0.3542161878315889,-1,-0.3135043604814474,1,0.0004377499253883,1,0,1,0,0,1,0,1,near_zero_positive_le_0p01,positive_opportunity,0,1,1
93ccd00db2005d2d,2,3,17,1,-1,,,-1,,-1,,-1,,-1,,0,,0,0,0,0,0,0,0,0,RSMR_abstain,positive_opportunity,0,0,0
a1c64a274ecc54b0,2,3,1,1,20,0.0672836229915809,9.327751190868484e-05,-1,-0.001680973545002,20,0.06667039896742,20,0.0201917904904405,20,0.060903617840582,1,9.327751190868484e-05,0,1,1,0,1,0,1,0,near_zero_positive_le_0p01,positive_opportunity,0,0,0
a71d387393a559d4,2,3,17,1,-1,,,-1,,-1,,-1,,-1,,0,,0,0,0,0,0,0,0,0,RSMR_abstain,positive_opportunity,0,0,0
c65275d1d5af5014,2,3,17,0,3,0.1100294316323377,-0.0002589660743251,3,0.0915400690266045,3,0.1598914415390266,-1,-0.1056167805724934,-1,-0.0649049532223519,1,-0.0002589660743251,1,0,1,0,0,1,0,1,mild_harm,no_positive_opportunity,0,0,0
cd7aee35baa65cec,2,3,16,1,-1,,,-1,,-1,,-1,,-1,,0,,0,0,0,0,0,0,0,0,RSMR_abstain,positive_opportunity,0,0,0
dc6d75a4555c5fd6,2,3,10,1,21,0.0346460631531994,3.0565711064264086e-05,-1,-0.0500139805115681,21,0.018337392000854,21,0.0370564912304887,21,0.0777683185806302,1,3.0565711064264086e-05,0,1,1,0,1,0,1,0,near_zero_positive_le_0p01,positive_opportunity,0,0,0
24e5d608f799503b,2,3,17,1,-1,,,-1,,-1,,-1,,-1,,0,,0,0,0,0,0,0,0,0,RSMR_abstain,positive_opportunity,0,0,0
2fdb08ec2f205723,2,3,17,1,-1,,,-1,,-1,,-1,,-1,,0,,0,0,0,0,0,0,0,0,RSMR_abstain,positive_opportunity,0,0,0
77e69dcde5805f89,2,3,17,1,-1,,,-1,,-1,,-1,,-1,,0,,0,0,0,0,0,0,0,0,RSMR_abstain,positive_opportunity,0,0,0
79a429b2a2b450e7,2,3,17,1,3,0.1811866113655169,4.5840236171379445e-05,3,0.0389501477163127,3,0.1073015202287349,-1,-0.1164836305182155,-1,-0.075771803168074,1,4.5840236171379445e-05,1,0,1,0,0,1,0,1,near_zero_positive_le_0p01,positive_opportunity,0,1,1
8724d825e1c15a99,2,3,18,1,3,0.1498366784107047,0.0005389120473116,3,0.0571688960016413,3,0.1255202685140634,-1,-0.0057037615681984,3,0.035008065781943,1,0.0005389120473116,1,0,1,0,0,1,1,0,near_zero_positive_le_0p01,positive_opportunity,0,0,0
dd63e7a132215419,2,3,9,1,-1,,,-1,,-1,,-1,,-1,,0,,0,0,0,0,0,0,0,0,RSMR_abstain,positive_opportunity,0,0,0
0e59b30dfd9d5121,2,3,19,1,21,0.0242202976862277,0.000267652710434,21,0.0154181491322609,21,0.0837695216446831,-1,-0.020289186192359,21,0.0204226411577824,1,0.000267652710434,1,0,1,0,0,1,1,0,near_zero_positive_le_0p01,positive_opportunity,0,0,0
38eeabce6a485364,2,3,15,1,-1,,,-1,,-1,,-1,,-1,,0,,0,0,0,0,0,0,0,0,RSMR_abstain,positive_opportunity,0,0,0
5aa3112549445a00,2,3,4,0,20,0.0754684755646449,-5.174224078752232e-06,-1,-0.0083473635700626,20,0.0600040089423595,20,0.0238499350932753,20,0.0645617624434168,1,-5.174224078752232e-06,0,1,1,0,1,0,1,0,mild_harm,no_positive_opportunity,0,0,0
683e8d239bf75a5d,2,3,17,1,22,0.0382279740013438,-0.0001595440631732,22,0.0091496154067868,22,0.0775009879192089,-1,-0.0233017828811865,22,0.0174100444689549,1,-0.0001595440631732,1,0,1,0,0,1,1,0,mild_harm,positive_opportunity,0,0,0
713177596893526a,2,3,23,1,1,0.3351266791047002,0.9896099772717104,1,0.0993538900184242,1,0.1677052625308463,1,0.1395337826713506,1,0.1802456100214921,1,0.9896099772717104,1,0,1,0,1,0,1,0,material_positive_gt_0p2,positive_opportunity,0,0,0
8be5348ca3425c10,2,3,10,0,-1,,,-1,,-1,,-1,,-1,,0,,0,0,0,0,0,0,0,0,RSMR_abstain,no_positive_opportunity,0,0,0
90244d4079fe5582,2,3,13,1,1,0.528581605465504,0.0010825669911689,1,0.1533005229807903,1,0.2216518954932124,1,0.824030309240605,1,0.8647421365907466,1,0.0010825669911689,1,0,1,0,1,0,1,0,near_zero_positive_le_0p01,positive_opportunity,0,0,0
a63aaf23916e5f10,2,3,8,1,0,0.126020086422877,-9.402019237750216e-05,-1,-0.0446759348103279,0,0.0236754377020941,0,0.0708928315872721,0,0.1116046589374136,1,-9.402019237750216e-05,0,1,1,0,1,0,1,0,mild_harm,positive_opportunity,0,0,0
ac29e7c780d75eee,2,3,3,0,17,0.0513032791634178,-1.1126175523124004e-06,-1,-0.0301127600278416,17,0.0382386124845805,-1,-0.0222416825689765,17,0.0184701447811649,1,-1.1126175523124004e-06,0,1,1,0,0,1,1,0,mild_harm,no_positive_opportunity,0,0,0
b4a3828e9a685c84,2,3,1,0,16,0.073244073087613,0.0,-1,-0.0214751804684617,16,0.0468761920439603,16,0.0098028746853632,16,0.0505147020355047,1,0.0,0,1,1,0,1,0,1,0,mild_harm,no_positive_opportunity,0,0,0
b9b7f27d456b5e0b,2,3,1,1,-1,,,-1,,-1,,-1,,-1,,0,,0,0,0,0,0,0,0,0,RSMR_abstain,positive_opportunity,0,0,0
c6eebddd3a955416,2,3,16,0,3,0.2206431298405776,-0.0003261594811454,3,0.1033348446214258,3,0.171686217133848,3,0.2211246531935216,3,0.2618364805436631,1,-0.0003261594811454,1,0,1,0,1,0,1,0,mild_harm,no_positive_opportunity,0,0,0
e06039dcbccd55a0,2,3,17,1,-1,,,-1,,-1,,-1,,-1,,0,,0,0,0,0,0,0,0,0,RSMR_abstain,positive_opportunity,0,0,0
ee1f7084ec1a54cf,2,3,11,0,-1,,,-1,,-1,,-1,,-1,,0,,0,0,0,0,0,0,0,0,RSMR_abstain,no_positive_opportunity,0,0,0
fa243f63e0525715,2,3,15,0,-1,,,-1,,-1,,-1,,-1,,0,,0,0,0,0,0,0,0,0,RSMR_abstain,no_positive_opportunity,0,0,0
1c3f933be722564d,2,3,2,0,7,0.0163772575546554,-2.020616720138795,7,0.0059654325299876,7,0.0743168050424098,-1,-0.0615036135382797,-1,-0.0207917861881382,1,-2.020616720138795,1,0,1,0,0,1,0,1,catastrophe,no_positive_opportunity,1,0,0
27d3a84b2d335113,2,3,13,1,0,0.0710031756706808,3.223411133512874e-06,-1,-0.0132382262881788,0,0.0551131462242432,0,0.0241060689140015,0,0.064817896264143,1,3.223411133512874e-06,0,1,1,0,1,0,1,0,near_zero_positive_le_0p01,positive_opportunity,0,0,0
37c65539bccb5da7,2,3,18,1,19,0.3096755280489328,3.19452974479645e-05,19,0.1698728220505014,19,0.2382241945629235,-1,-0.0251786592104591,19,0.0155331681396823,1,3.19452974479645e-05,1,0,1,0,0,1,1,0,near_zero_positive_le_0p01,positive_opportunity,0,0,0
3dae82a193c9501b,2,3,17,0,-1,,,-1,,-1,,-1,,-1,,0,,0,0,0,0,0,0,0,0,RSMR_abstain,no_positive_opportunity,0,0,0
69a069b9a6985aaf,2,3,15,1,7,0.1634119045513961,0.0001744541430845,-1,-0.0204335484977881,7,0.047917824014634,7,0.0141280851199216,7,0.0548399124700631,1,0.0001744541430845,0,1,1,0,1,0,1,0,near_zero_positive_le_0p01,positive_opportunity,0,0,0
7d8759e340975895,2,3,12,1,14,0.1369317555161481,0.0001328599065542,-1,-0.004714592337447,14,0.063636780174975,14,0.0859189126365785,14,0.12663073998672,1,0.0001328599065542,0,1,1,0,1,0,1,0,near_zero_positive_le_0p01,positive_opportunity,0,0,0
a99fbe3c63d15894,2,3,23,1,21,0.150472348272085,-3.527703285222117e-05,-1,-0.0209178849741101,21,0.0474334875383119,21,0.0930573127796507,21,0.1337691401297922,1,-3.527703285222117e-05,0,1,1,0,1,0,1,0,mild_harm,positive_opportunity,0,0,0
aaf8a6e715785915,2,3,19,1,21,0.0851857097933432,1.1295703612024257e-05,-1,-0.0101148651473342,21,0.0582365073650879,21,0.0351115606183016,21,0.0758233879684431,1,1.1295703612024257e-05,0,1,1,0,1,0,1,0,near_zero_positive_le_0p01,positive_opportunity,0,0,0
adb358cddcdf5ad4,2,3,17,1,-1,,,-1,,-1,,-1,,-1,,0,,0,0,0,0,0,0,0,0,RSMR_abstain,positive_opportunity,0,0,0
ae3f167434e35c78,2,3,4,1,-1,,,-1,,-1,,-1,,-1,,0,,0,0,0,0,0,0,0,0,RSMR_abstain,positive_opportunity,0,0,0
ae62df1371af5474,2,3,9,0,-1,,,-1,,-1,,-1,,-1,,0,,0,0,0,0,0,0,0,0,RSMR_abstain,no_positive_opportunity,0,0,0
f0a54058d2af5c6c,2,3,16,1,4,0.0989469088352006,0.0006539796369151,-1,-0.0248469524406888,4,0.0435044200717332,-1,-0.0196090696887157,4,0.0211027576614257,1,0.0006539796369151,0,1,1,0,0,1,1,0,near_zero_positive_le_0p01,positive_opportunity,0,0,0
f533a754e0245b89,2,3,7,1,10,0.0597686301894117,-0.0028522905766963,-1,-0.0067444856864501,10,0.0616068868259719,10,0.0006176510635364,10,0.0413294784136779,1,-0.0028522905766963,0,1,1,0,1,0,1,0,mild_harm,positive_opportunity,0,0,0
f9c3f5c430be54aa,2,3,2,1,2,0.1548735680896494,1.5646017807097174,-1,-0.023940650526818,2,0.044410721985604,2,0.1048946173959048,2,0.1456064447460464,1,1.5646017807097174,0,1,1,0,1,0,1,0,material_positive_gt_0p2,positive_opportunity,0,0,0
02bb7e4c3012543c,2,3,8,1,-1,,,-1,,-1,,-1,,-1,,0,,0,0,0,0,0,0,0,0,RSMR_abstain,positive_opportunity,0,0,0
105b657c237a5c20,2,3,11,1,-1,,,-1,,-1,,-1,,-1,,0,,0,0,0,0,0,0,0,0,RSMR_abstain,positive_opportunity,0,0,0
11aaf0aadcfb5861,2,3,17,0,-1,,,-1,,-1,,-1,,-1,,0,,0,0,0,0,0,0,0,0,RSMR_abstain,no_positive_opportunity,0,0,0
22b187e4a9c25c9b,2,3,14,0,-1,,,-1,,-1,,-1,,-1,,0,,0,0,0,0,0,0,0,0,RSMR_abstain,no_positive_opportunity,0,0,0
2f2543566c675f13,2,3,11,1,1,0.0920906217169804,4.081237241626568e-05,1,0.0065198835450911,1,0.0748712560575132,1,0.051473153524132,1,0.0921849808742735,1,4.081237241626568e-05,1,0,1,0,1,0,1,0,near_zero_positive_le_0p01,positive_opportunity,0,0,0
359105de514f5258,2,3,12,1,9,0.0199806584066202,-0.0003807342187269,-1,-0.1286178863775783,-1,-0.0602665138651561,-1,-0.2107137448233747,-1,-0.1700019174732332,1,-0.0003807342187269,0,1,0,1,0,1,0,1,mild_harm,positive_opportunity,0,0,0
5740c711ed2d5d2f,2,3,17,1,-1,,,-1,,-1,,-1,,-1,,0,,0,0,0,0,0,0,0,0,RSMR_abstain,positive_opportunity,0,0,0
5f01892cbea95932,2,3,14,0,-1,,,-1,,-1,,-1,,-1,,0,,0,0,0,0,0,0,0,0,RSMR_abstain,no_positive_opportunity,0,0,0
75fd8a14d25350e5,2,3,12,1,14,0.0451435252879411,6.06032689663456,14,0.1446957925101061,14,0.2130471650225282,14,0.6779703793088887,14,0.7186822066590302,1,6.06032689663456,1,0,1,0,1,0,1,0,material_positive_gt_0p2,positive_opportunity,0,0,0
78dae1caad5656a7,2,3,15,1,17,0.0083001771523453,0.0001282766357064,17,0.04063788769334,17,0.1089892602057622,-1,-0.0260824285466557,17,0.0146293988034857,1,0.0001282766357064,1,0,1,0,0,1,1,0,near_zero_positive_le_0p01,positive_opportunity,0,0,0
a9e5024892425a19,2,3,10,1,9,0.1413417836220566,0.1097359060698885,-1,-0.0457586454411168,9,0.0225927270713052,-1,-0.0260570115518764,9,0.014654815798265,1,0.1097359060698885,0,1,1,0,0,1,1,0,small_positive_0p01_to_0p2,positive_opportunity,0,0,0
aaddf9a720325142,2,3,11,0,-1,,,-1,,-1,,-1,,-1,,0,,0,0,0,0,0,0,0,0,RSMR_abstain,no_positive_opportunity,0,0,0
d32e31e6812d546f,2,3,9,1,-1,,,-1,,-1,,-1,,-1,,0,,0,0,0,0,0,0,0,0,RSMR_abstain,positive_opportunity,0,0,0
e034837cf84e5081,2,3,8,1,-1,,,-1,,-1,,-1,,-1,,0,,0,0,0,0,0,0,0,0,RSMR_abstain,positive_opportunity,0,0,0
e865980d1e455826,2,3,16,1,-1,,,-1,,-1,,-1,,-1,,0,,0,0,0,0,0,0,0,0,RSMR_abstain,positive_opportunity,0,0,0
f125490e18b15e5c,2,3,21,1,19,0.083432429385926,2.2940688254813324e-05,-1,-0.0040409400874055,19,0.0643104324250166,19,0.033733268338615,19,0.0744450956887565,1,2.2940688254813324e-05,0,1,1,0,1,0,1,0,near_zero_positive_le_0p01,positive_opportunity,0,0,0
f1d77af4b7285825,2,3,7,1,9,0.1941999423083564,-0.0001714905660601,-1,-0.0431400830765064,9,0.0252112894359156,9,0.1096475282433817,9,0.1503593555935232,1,-0.0001714905660601,0,1,1,0,1,0,1,0,mild_harm,positive_opportunity,0,0,0
2d8cf993fd4159e2,2,3,12,1,2,0.234862503030595,-0.0050927070549839,2,0.0888590405606065,2,0.1572104130730287,2,0.3374634150491867,2,0.3781752423993282,1,-0.0050927070549839,1,0,1,0,1,0,1,0,mild_harm,positive_opportunity,0,0,0
470e191769275e16,2,3,9,1,-1,,,-1,,-1,,-1,,-1,,0,,0,0,0,0,0,0,0,0,RSMR_abstain,positive_opportunity,0,0,0
549a8da7bb0b5e8a,2,3,2,0,2,0.0738383346804003,-0.9131117959951052,2,0.0581521327190367,2,0.1265035052314588,-1,-0.0178654472372418,2,0.0228463801128997,1,-0.9131117959951052,1,0,1,0,0,1,1,0,catastrophe,no_positive_opportunity,0,0,0
5c921b6094c95071,2,3,2,1,-1,,,-1,,-1,,-1,,-1,,0,,0,0,0,0,0,0,0,0,RSMR_abstain,positive_opportunity,0,0,0
698c37f393b852d6,2,3,14,0,-1,,,-1,,-1,,-1,,-1,,0,,0,0,0,0,0,0,0,0,RSMR_abstain,no_positive_opportunity,0,0,0
71dfd904537f5299,2,3,6,1,-1,,,-1,,-1,,-1,,-1,,0,,0,0,0,0,0,0,0,0,RSMR_abstain,positive_opportunity,0,0,0
7ef659e1786d5ef0,2,3,1,0,-1,,,-1,,-1,,-1,,-1,,0,,0,0,0,0,0,0,0,0,RSMR_abstain,no_positive_opportunity,0,0,0
893f5457b66f5c0a,2,3,4,0,-1,,,-1,,-1,,-1,,-1,,0,,0,0,0,0,0,0,0,0,RSMR_abstain,no_positive_opportunity,0,0,0
8f090017c0c45c30,2,3,13,1,2,0.1395255199667619,0.980162891490938,2,0.0821260052298017,2,0.1504773777422239,2,0.2086902934810208,2,0.2494021208311623,1,0.980162891490938,1,0,1,0,1,0,1,0,material_positive_gt_0p2,positive_opportunity,0,0,0
90003a4fe9855d90,2,3,21,1,-1,,,-1,,-1,,-1,,-1,,0,,0,0,0,0,0,0,0,0,RSMR_abstain,positive_opportunity,0,0,0
9d6b57b25d0e5698,2,3,29,1,28,0.0780187847273103,-4.430631548166253e-05,-1,-0.0248702757678878,28,0.0434810967445343,28,0.0036087595218812,28,0.0443205868720227,1,-4.430631548166253e-05,0,1,1,0,1,0,1,0,mild_harm,positive_opportunity,0,0,0
a5a77a41a5d4527c,2,3,17,1,2,0.0567539327919885,-0.0001227254013267,-1,-0.0705305808770386,-1,-0.0021792083646165,2,0.0006577989039917,2,0.0413696262541332,1,-0.0001227254013267,0,1,0,1,1,0,1,0,mild_harm,positive_opportunity,0,0,0
b86d04e1e9105474,2,3,3,0,-1,,,-1,,-1,,-1,,-1,,0,,0,0,0,0,0,0,0,0,RSMR_abstain,no_positive_opportunity,0,0,0
c4a7fbc6d1e35668,2,3,6,1,21,0.30506643197648,1.9843287469431443,-1,-0.015479607642218,21,0.052871764870204,21,0.3414899847393854,21,0.3822018120895269,1,1.9843287469431443,0,1,1,0,1,0,1,0,material_positive_gt_0p2,positive_opportunity,0,0,0
db167c9f01af53f1,2,3,17,0,9,0.0069559904076055,-0.00040012851879,-1,-0.1550081597067582,-1,-0.0866567871943361,-1,-0.1859511047769094,-1,-0.1452392774267679,1,-0.00040012851879,0,1,0,1,0,1,0,1,mild_harm,no_positive_opportunity,0,0,0
e19f348970f556d2,2,3,5,0,-1,,,-1,,-1,,-1,,-1,,0,,0,0,0,0,0,0,0,0,RSMR_abstain,no_positive_opportunity,0,0,0
e1c764e511515749,2,3,10,1,20,0.4556764919016465,0.0004805833668912,20,0.1879156815126774,20,0.2562670540250996,20,0.1235785134075801,20,0.1642903407577216,1,0.0004805833668912,1,0,1,0,1,0,1,0,near_zero_positive_le_0p01,positive_opportunity,0,0,0
e75b5a59035b5493,2,3,9,1,22,0.03279656586801,1.9060943658999463e-05,-1,-0.0158790760383349,22,0.0524722964740872,-1,-0.0140084949874517,22,0.0267033323626897,1,1.9060943658999463e-05,0,1,1,0,0,1,1,0,near_zero_positive_le_0p01,positive_opportunity,0,0,0
e86d2d8665685c70,2,3,11,1,-1,,,-1,,-1,,-1,,-1,,0,,0,0,0,0,0,0,0,0,RSMR_abstain,positive_opportunity,0,0,0
e9c39cd0c047561f,2,3,29,1,-1,,,-1,,-1,,-1,,-1,,0,,0,0,0,0,0,0,0,0,RSMR_abstain,positive_opportunity,0,0,0
0612f5d26b32561d,2,3,15,1,-1,,,-1,,-1,,-1,,-1,,0,,0,0,0,0,0,0,0,0,RSMR_abstain,positive_opportunity,0,0,0
07003d3990e35817,2,3,2,1,-1,,,-1,,-1,,-1,,-1,,0,,0,0,0,0,0,0,0,0,RSMR_abstain,positive_opportunity,0,0,0
0938c742dd0159e8,2,3,4,0,-1,,,-1,,-1,,-1,,-1,,0,,0,0,0,0,0,0,0,0,RSMR_abstain,no_positive_opportunity,0,0,0
097a309009705384,2,3,9,1,3,0.0945879986853262,0.0004824268192052,3,0.096873348554579,3,0.1652247210670011,3,0.0292812271280772,3,0.0699930544782187,1,0.0004824268192052,1,0,1,0,1,0,1,0,near_zero_positive_le_0p01,positive_opportunity,0,0,0
12db610090455243,2,3,15,1,-1,,,-1,,-1,,-1,,-1,,0,,0,0,0,0,0,0,0,0,RSMR_abstain,positive_opportunity,0,0,0
1b2ded48330b5b03,2,3,17,1,5,0.102286105147456,0.0020229374388232,5,0.0744339561251697,5,0.1427853286375919,-1,-0.1500110467351953,-1,-0.1092992193850538,1,0.0020229374388232,1,0,1,0,0,1,0,1,near_zero_positive_le_0p01,positive_opportunity,0,1,1
2322ed0c8d8e5d5f,2,3,12,1,25,0.3004723276941828,0.0026175350087694,25,0.2172131592978684,25,0.2855645318102905,-1,-0.0184051987984286,25,0.0223066285517128,1,0.0026175350087694,1,0,1,0,0,1,1,0,near_zero_positive_le_0p01,positive_opportunity,0,0,0
253b0edab17c5d6d,2,3,17,0,-1,,,-1,,-1,,-1,,-1,,0,,0,0,0,0,0,0,0,0,RSMR_abstain,no_positive_opportunity,0,0,0
326079b8c9395f39,2,3,1,0,23,0.0981394250108717,-0.0004300676556301,-1,-0.0706389531177565,-1,-0.0022875806053343,23,0.0723578141707091,23,0.1130696415208507,1,-0.0004300676556301,0,1,0,1,1,0,1,0,mild_harm,no_positive_opportunity,0,0,0
460cfd36104e5450,2,3,16,1,6,0.177870682733008,-0.0017542777046561,-1,-0.0153371483942192,6,0.0530142241182029,6,0.0052133250882207,6,0.0459251524383622,1,-0.0017542777046561,0,1,1,0,1,0,1,0,mild_harm,positive_opportunity,0,0,0
5b06ed05f63a5554,2,3,14,1,3,0.0942051171985382,0.0001472774073248,3,0.1023724142519809,3,0.170723786764403,3,0.0886592113509809,3,0.1293710387011224,1,0.0001472774073248,1,0,1,0,1,0,1,0,near_zero_positive_le_0p01,positive_opportunity,0,0,0
5da895ba0a415a80,2,3,16,1,6,0.0769295070032463,-0.002026025418937,-1,-0.0269096478115363,6,0.0414417247008857,6,0.0315286360000543,6,0.0722404633501958,1,-0.002026025418937,0,1,1,0,1,0,1,0,mild_harm,positive_opportunity,0,0,0
5e16781ce6685597,2,3,12,1,9,0.1119610757494009,0.9893989870341496,-1,-0.1098059068832361,-1,-0.0414545343708139,-1,-0.1316289978844398,-1,-0.0909171705342983,1,0.9893989870341496,0,1,0,1,0,1,0,1,material_positive_gt_0p2,positive_opportunity,0,1,0
5f9c0089a0a355fe,2,3,1,1,-1,,,-1,,-1,,-1,,-1,,0,,0,0,0,0,0,0,0,0,RSMR_abstain,positive_opportunity,0,0,0
628e147a02bf5128,2,3,15,1,2,0.0364822886640526,0.0001771564187642,-1,-0.1222767028528591,-1,-0.053925330340437,-1,-0.0774439020791851,-1,-0.0367320747290436,1,0.0001771564187642,0,1,0,1,0,1,0,1,near_zero_positive_le_0p01,positive_opportunity,0,1,1
767b810b38de5665,2,3,10,1,-1,,,-1,,-1,,-1,,-1,,0,,0,0,0,0,0,0,0,0,RSMR_abstain,positive_opportunity,0,0,0
1fd9a12a263556d8,3,4,4,0,-1,,,-1,,-1,,-1,,-1,,0,,0,0,0,0,0,0,0,0,RSMR_abstain,no_positive_opportunity,0,0,0
399cc87ac7c55646,3,4,16,1,22,0.2928596543067295,0.0005082323875802,22,0.1706304256128696,22,0.3242501002181266,22,0.6259005273350617,22,0.7838879904537113,1,0.0005082323875802,1,0,1,0,1,0,1,0,near_zero_positive_le_0p01,positive_opportunity,0,0,0
41fdae5fd40d5324,3,4,19,1,22,0.1220973388524979,-4.641914139513759e-05,-1,-0.0026131259742899,22,0.1510065486309671,22,0.1335491377979981,22,0.2915366009166477,1,-4.641914139513759e-05,0,1,1,0,1,0,1,0,mild_harm,positive_opportunity,0,0,0
46eb37ed09fc5718,3,4,22,1,-1,,,-1,,-1,,-1,,-1,,0,,0,0,0,0,0,0,0,0,RSMR_abstain,positive_opportunity,0,0,0
538f3eb865185615,3,4,26,0,19,0.3564730712372098,-9.282299746971034e-05,19,0.1015703024173527,19,0.2551899770226097,-1,-0.0047878837965927,19,0.1531995793220568,1,-9.282299746971034e-05,1,0,1,0,0,1,1,0,mild_harm,no_positive_opportunity,0,0,0
667054412512521b,3,4,11,0,9,0.0352653553706854,-0.0001064360320568,-1,-0.1328384396043946,9,0.0207812350008624,-1,-0.0167645255808437,9,0.1412229375378058,1,-0.0001064360320568,0,1,1,0,0,1,1,0,mild_harm,no_positive_opportunity,0,0,0
86f569f804fb5848,3,4,8,1,-1,,,-1,,-1,,-1,,-1,,0,,0,0,0,0,0,0,0,0,RSMR_abstain,positive_opportunity,0,0,0
98dbc922be205d29,3,4,16,1,26,0.5185924505967953,0.0002245069518684,26,0.0806943821578261,26,0.2343140567630832,26,0.0643717905095004,26,0.2223592536281499,1,0.0002245069518684,1,0,1,0,1,0,1,0,near_zero_positive_le_0p01,positive_opportunity,0,0,0
ba95a132236555b4,3,4,9,0,25,0.2761618716830546,-0.0004200205574278,-1,-0.0769067127132998,25,0.0767129618919572,-1,-0.1690255499073828,-1,-0.0110380867887332,1,-0.0004200205574278,0,1,1,0,0,1,0,1,mild_harm,no_positive_opportunity,0,0,0
bc346dea1bcd5cc3,3,4,29,1,28,0.0546752111961481,-9.483449810643307e-05,28,0.0021376548800902,28,0.1557573294853473,28,0.0190603958505995,28,0.1770478589692491,1,-9.483449810643307e-05,1,0,1,0,1,0,1,0,mild_harm,positive_opportunity,0,0,0
c0426fcae01a50cf,3,4,17,1,-1,,,-1,,-1,,-1,,-1,,0,,0,0,0,0,0,0,0,0,RSMR_abstain,positive_opportunity,0,0,0
c075c65bf21d5842,3,4,14,1,9,0.2148766836622629,-0.0004111885782156,-1,-0.0660201285526415,9,0.0875995460526154,-1,-0.0309672068649456,9,0.1270202562537039,1,-0.0004111885782156,0,1,1,0,0,1,1,0,mild_harm,positive_opportunity,0,0,0
d1f387a440e25adc,3,4,17,1,26,0.0897864051838182,-0.0001685254469512,-1,-0.0396846757201043,26,0.1139349988851526,26,0.0564255389067712,26,0.2144130020254207,1,-0.0001685254469512,0,1,1,0,1,0,1,0,mild_harm,positive_opportunity,0,0,0
f462fca7c1f8594c,3,4,5,1,20,0.0344900477082446,-7.948029409162718e-05,-1,-0.0611498350073419,20,0.0924698395979151,20,0.0039116390150684,20,0.161899102133718,1,-7.948029409162718e-05,0,1,1,0,1,0,1,0,mild_harm,positive_opportunity,0,0,0
f5b6478d00565e99,3,4,2,1,-1,,,-1,,-1,,-1,,-1,,0,,0,0,0,0,0,0,0,0,RSMR_abstain,positive_opportunity,0,0,0
258a909f4194587f,3,4,14,1,24,0.2065552985850331,-0.0001065721827559,-1,-0.104299850062101,24,0.0493198245431559,-1,-0.1380843028011,24,0.0199031603175494,1,-0.0001065721827559,0,1,1,0,0,1,1,0,mild_harm,positive_opportunity,0,0,0
09be490c13cb56b6,3,4,19,1,23,0.1040684484915912,-8.767266422510158e-05,-1,-0.0335752993609472,23,0.1200443752443097,23,0.0437625114524727,23,0.2017499745711223,1,-8.767266422510158e-05,0,1,1,0,1,0,1,0,mild_harm,positive_opportunity,0,0,0
2f4a06067a6f5d7f,3,4,3,1,-1,,,-1,,-1,,-1,,-1,,0,,0,0,0,0,0,0,0,0,RSMR_abstain,positive_opportunity,0,0,0
33cd12f0c4a75e41,3,4,16,1,-1,,,-1,,-1,,-1,,-1,,0,,0,0,0,0,0,0,0,0,RSMR_abstain,positive_opportunity,0,0,0
3cd8e7898e005bc4,3,4,8,1,-1,,,-1,,-1,,-1,,-1,,0,,0,0,0,0,0,0,0,0,RSMR_abstain,positive_opportunity,0,0,0
3f68aa4cebd65ce8,3,4,21,1,23,0.1727381425291408,-0.0006958824434317,-1,-0.1225689727743185,23,0.0310507018309385,-1,-0.2094484590445154,-1,-0.0514609959258658,1,-0.0006958824434317,0,1,1,0,0,1,0,1,mild_harm,positive_opportunity,0,0,0
420b77ddd4f052b3,3,4,18,1,-1,,,-1,,-1,,-1,,-1,,0,,0,0,0,0,0,0,0,0,RSMR_abstain,positive_opportunity,0,0,0
56e384e4189f536f,3,4,19,1,3,0.1176736695860186,-1.771524733840124e-05,3,0.0105326291662167,3,0.1641523037714737,-1,-0.1758055929050666,-1,-0.0178181297864171,1,-1.771524733840124e-05,1,0,1,0,0,1,0,1,mild_harm,positive_opportunity,0,0,0
7f9f132592f45a84,3,4,25,0,14,0.5086064863817903,-0.0006534868726856,14,0.0636287101635907,14,0.2172483847688478,14,0.0149983855738374,14,0.1729858486924869,1,-0.0006534868726856,1,0,1,0,1,0,1,0,mild_harm,no_positive_opportunity,0,0,0
9d81a9a1677354a1,3,4,10,1,26,0.1085999698418506,-0.000407588063553,-1,-0.0527265226156672,26,0.1008931519895897,-1,-0.1260813183728887,26,0.0319061447457608,1,-0.000407588063553,0,1,1,0,0,1,1,0,mild_harm,positive_opportunity,0,0,0
b0f9569dfe425d61,3,4,9,0,-1,,,-1,,-1,,-1,,-1,,0,,0,0,0,0,0,0,0,0,RSMR_abstain,no_positive_opportunity,0,0,0
e516f368a8fb5a16,3,4,3,1,11,0.0151999004754628,-0.0004473697791341,-1,-0.1858540743016161,-1,-0.0322343996963591,-1,-0.2351900275550257,-1,-0.0772025644363762,1,-0.0004473697791341,0,1,0,1,0,1,0,1,mild_harm,positive_opportunity,0,0,0
f997536112085ece,3,4,17,1,24,0.1085091570393512,-8.260559672490508e-05,-1,-0.0235587446255353,24,0.1300609299797216,24,0.105256550917875,24,0.2632440140365246,1,-8.260559672490508e-05,0,1,1,0,1,0,1,0,mild_harm,positive_opportunity,0,0,0
925cbce83b0c5797,3,4,16,1,-1,,,-1,,-1,,-1,,-1,,0,,0,0,0,0,0,0,0,0,RSMR_abstain,positive_opportunity,0,0,0
050392bdc27a5f5c,3,4,1,1,-1,,,-1,,-1,,-1,,-1,,0,,0,0,0,0,0,0,0,0,RSMR_abstain,positive_opportunity,0,0,0
1ae7a63963375f27,3,4,2,1,-1,,,-1,,-1,,-1,,-1,,0,,0,0,0,0,0,0,0,0,RSMR_abstain,positive_opportunity,0,0,0
1bd0f4142cdc52f5,3,4,10,1,0,0.2889227713411633,-2.8255283832552547e-06,0,0.0436688587241707,0,0.1972885333294277,0,0.1614827635978074,0,0.319470226716457,1,-2.8255283832552547e-06,1,0,1,0,1,0,1,0,mild_harm,positive_opportunity,0,0,0
2e91c253ccb958d1,3,4,16,1,3,0.0639125743880689,-6.759409550577411e-05,-1,-0.0410067100980355,3,0.1126129645072215,3,0.093351289487862,3,0.2513387526065115,1,-6.759409550577411e-05,0,1,1,0,1,0,1,0,mild_harm,positive_opportunity,0,0,0
63464806708f5d70,3,4,3,1,-1,,,-1,,-1,,-1,,-1,,0,,0,0,0,0,0,0,0,0,RSMR_abstain,positive_opportunity,0,0,0
67a57ae417045162,3,4,4,0,-1,,,-1,,-1,,-1,,-1,,0,,0,0,0,0,0,0,0,0,RSMR_abstain,no_positive_opportunity,0,0,0
6ed7b0d3fc715d28,3,4,11,1,8,0.5592998637577578,0.0009856917359167,8,0.2926011866301716,8,0.4462208612354286,8,0.3055449878150098,8,0.4635324509336593,1,0.0009856917359167,1,0,1,0,1,0,1,0,near_zero_positive_le_0p01,positive_opportunity,0,0,0
78a96b59eca751e7,3,4,16,1,5,0.0309033475270032,0.0035972677305342,-1,-0.0242798276742108,5,0.1293398469310462,5,0.0353808901261783,5,0.1933683532448278,1,0.0035972677305342,0,1,1,0,1,0,1,0,near_zero_positive_le_0p01,positive_opportunity,0,0,0
986b52e5fc685833,3,4,17,1,25,0.1554460997651751,-0.0001533661117778,-1,-0.0846693121335851,25,0.0689503624716719,-1,-0.0183400289854959,25,0.1396474341331536,1,-0.0001533661117778,0,1,1,0,0,1,1,0,mild_harm,positive_opportunity,0,0,0
9f32f8bd95195212,3,4,4,0,26,0.0288047950986548,-0.0002767197914421,-1,-0.0245791813754596,26,0.1290404932297974,26,0.099970954667012,26,0.2579584177856616,1,-0.0002767197914421,0,1,1,0,1,0,1,0,mild_harm,no_positive_opportunity,0,0,0
b4c84a922cb957a8,3,4,19,1,22,0.0882435172987736,-0.000144931913248,-1,-0.0724624762542179,22,0.0811571983510391,-1,-0.1190761844294145,22,0.038911278689235,1,-0.000144931913248,0,1,1,0,0,1,1,0,mild_harm,positive_opportunity,0,0,0
b8c14f4001735d94,3,4,1,0,7,0.1187524706604721,-0.0021207949011702,-1,-0.0076013959838785,7,0.1460182786213785,7,0.0970612943569045,7,0.2550487574755541,1,-0.0021207949011702,0,1,1,0,1,0,1,0,mild_harm,no_positive_opportunity,0,0,0
bd29c544e8035592,3,4,2,1,-1,,,-1,,-1,,-1,,-1,,0,,0,0,0,0,0,0,0,0,RSMR_abstain,positive_opportunity,0,0,0
c34206b68ee6576f,3,4,11,1,1,0.0356502641264642,-4.7573717791848935e-06,-1,-0.0143360765861318,1,0.1392835980191251,1,0.0933893671631983,1,0.2513768302818479,1,-4.7573717791848935e-06,0,1,1,0,1,0,1,0,mild_harm,positive_opportunity,0,0,0
efc9ce296b1955e3,3,4,12,1,25,0.218784921514385,0.0001197258479893,-1,-0.0258421822003989,25,0.127777492404858,25,0.0576972534247827,25,0.2156847165434323,1,0.0001197258479893,0,1,1,0,1,0,1,0,near_zero_positive_le_0p01,positive_opportunity,0,0,0
0831e7eae1365d56,3,4,5,1,9,0.0454030205190284,-0.000454077412188,-1,-0.1588768196663403,-1,-0.0052571450610833,-1,-0.199070990670846,-1,-0.0410835275521964,1,-0.000454077412188,0,1,0,1,0,1,0,1,mild_harm,positive_opportunity,0,0,0
174ebef468f65cc9,3,4,15,1,-1,,,-1,,-1,,-1,,-1,,0,,0,0,0,0,0,0,0,0,RSMR_abstain,positive_opportunity,0,0,0
40e3009527ee5be5,3,4,16,1,5,0.0372938980704864,0.0004074828368609,-1,-0.0186719160365607,5,0.1349477585686962,5,0.2031001604051156,5,0.3610876235237652,1,0.0004074828368609,0,1,1,0,1,0,1,0,near_zero_positive_le_0p01,positive_opportunity,0,0,0
4f48d8ce00c3509c,3,4,16,1,6,0.0378809676349311,0.0004191477632149,-1,-0.019289333589922,6,0.1343303410153349,6,0.2027958045497128,6,0.3607832676683624,1,0.0004191477632149,0,1,1,0,1,0,1,0,near_zero_positive_le_0p01,positive_opportunity,0,0,0
5979437fa70f5fd8,3,4,2,0,9,0.1133785350342759,-0.0001650322461967,-1,-0.1394643969579376,9,0.0141552776473194,-1,-0.2000653393098898,-1,-0.0420778761912402,1,-0.0001650322461967,0,1,1,0,0,1,0,1,mild_harm,no_positive_opportunity,0,0,0
87237d7e0ff25ebb,3,4,1,0,-1,,,-1,,-1,,-1,,-1,,0,,0,0,0,0,0,0,0,0,RSMR_abstain,no_positive_opportunity,0,0,0
9bcb80a60af853a2,3,4,12,1,12,0.2697116658870999,-0.0004041901597287,12,0.0537843026832863,12,0.2074039772885433,-1,-0.317289750018419,-1,-0.1593022868997694,1,-0.0004041901597287,1,0,1,0,0,1,0,1,mild_harm,positive_opportunity,0,0,0
a2326fd4694d5191,3,4,2,0,9,0.0914734952301084,-0.0003037672139702,-1,-0.0945201765419186,9,0.0590994980633384,9,0.0089862565872368,9,0.1669737197058863,1,-0.0003037672139702,0,1,1,0,1,0,1,0,mild_harm,no_positive_opportunity,0,0,0
bc50e785e5cf5d5e,3,4,14,0,3,0.0046605179939849,-0.0001464746225625,3,0.0331187418930148,3,0.1867384164982719,3,0.3415603406231078,3,0.4995478037417573,1,-0.0001464746225625,1,0,1,0,1,0,1,0,mild_harm,no_positive_opportunity,0,0,0
be3f5af9cebd56a0,3,4,7,1,8,0.2565206817211672,7.009943267322072e-05,8,0.0136260744733295,8,0.1672457490785865,-1,-0.3920180369868541,-1,-0.2340305738682046,1,7.009943267322072e-05,1,0,1,0,0,1,0,1,near_zero_positive_le_0p01,positive_opportunity,0,1,1
ccb8e05950fc5fca,3,4,19,1,23,0.1053961359803062,-0.000183020631969,-1,-0.045759535112603,23,0.107860139492654,23,0.031498680969894,23,0.1894861440885436,1,-0.000183020631969,0,1,1,0,1,0,1,0,mild_harm,positive_opportunity,0,0,0
faf0ce0d2dc95076,3,4,7,1,-1,,,-1,,-1,,-1,,-1,,0,,0,0,0,0,0,0,0,0,RSMR_abstain,positive_opportunity,0,0,0
0395a156348a5041,3,4,8,1,24,0.0578667543811341,-0.0003903797159903,-1,-0.0804851997098748,24,0.0731344748953821,-1,-0.2051960005358549,-1,-0.0472085374172053,1,-0.0003903797159903,0,1,1,0,0,1,0,1,mild_harm,positive_opportunity,0,0,0
0d99f7ef1331585c,3,4,2,0,-1,,,-1,,-1,,-1,,-1,,0,,0,0,0,0,0,0,0,0,RSMR_abstain,no_positive_opportunity,0,0,0
1a775b7a88eb5558,3,4,12,1,21,0.0438683582306958,0.0,-1,-0.0347918090894504,21,0.1188278655158066,21,0.0665185085342515,21,0.2245059716529011,1,0.0,0,1,1,0,1,0,1,0,mild_harm,positive_opportunity,0,0,0
2777ce9cfe665ad6,3,4,19,1,20,0.7017357375583403,-0.0003108637665398,20,0.0687406251777994,20,0.2223602997830565,-1,-0.2410046194529582,-1,-0.0830171563343087,1,-0.0003108637665398,1,0,1,0,0,1,0,1,mild_harm,positive_opportunity,0,0,0
4db8527b43a95f0d,3,4,17,0,11,0.0947552042199292,-0.0003200179014353,-1,-0.1124014309323049,11,0.0412182436729521,-1,-0.2838312780718655,-1,-0.1258438149532159,1,-0.0003200179014353,0,1,1,0,0,1,0,1,mild_harm,no_positive_opportunity,0,0,0
5d00c83bfb0c508d,3,4,12,1,-1,,,-1,,-1,,-1,,-1,,0,,0,0,0,0,0,0,0,0,RSMR_abstain,positive_opportunity,0,0,0
5f60684cc6045646,3,4,17,1,2,0.0299469729123501,-0.9895701892308892,2,0.0121311301533633,2,0.1657508047586204,2,0.1101694008458576,2,0.2681568639645072,1,-0.9895701892308892,1,0,1,0,1,0,1,0,catastrophe,positive_opportunity,0,0,0
633d93f8f6bc51b5,3,4,5,0,-1,,,-1,,-1,,-1,,-1,,0,,0,0,0,0,0,0,0,0,RSMR_abstain,no_positive_opportunity,0,0,0
6f319806306450c0,3,4,17,0,9,0.1436213995102266,-0.0001257457367667,-1,-0.1032143251290602,9,0.0504053494761968,-1,-0.0456402240120259,9,0.1123472391066235,1,-0.0001257457367667,0,1,1,0,0,1,1,0,mild_harm,no_positive_opportunity,0,0,0
74bb5ba3f6a75df3,3,4,8,1,-1,,,-1,,-1,,-1,,-1,,0,,0,0,0,0,0,0,0,0,RSMR_abstain,positive_opportunity,0,0,0
8515fe3938815bd1,3,4,17,0,9,0.1763813119286015,-0.0001239293869381,-1,-0.0890042313329857,9,0.0646154432722712,-1,-0.0490062486024698,9,0.1089812145161797,1,-0.0001239293869381,0,1,1,0,0,1,1,0,mild_harm,no_positive_opportunity,0,0,0
9a807a00fda657be,3,4,4,1,9,0.1868845466003021,-7.209880230948321e-05,-1,-0.0939685026693422,9,0.0596511719359147,-1,-0.0717205895456921,9,0.0862668735729574,1,-7.209880230948321e-05,0,1,1,0,0,1,1,0,mild_harm,positive_opportunity,0,0,0
bb77e9686029538d,3,4,18,1,22,0.5400424241763673,0.0002012102944777,22,0.0988858574692837,22,0.2525055320745408,22,0.0890756910129502,22,0.2470631541315997,1,0.0002012102944777,1,0,1,0,1,0,1,0,near_zero_positive_le_0p01,positive_opportunity,0,0,0
d97f7fc3e5a35f1e,3,4,16,1,-1,,,-1,,-1,,-1,,-1,,0,,0,0,0,0,0,0,0,0,RSMR_abstain,positive_opportunity,0,0,0
fee89379e3375727,3,4,17,1,2,0.5196400216842526,0.0002513909440491,2,0.0961946000156521,2,0.2498142746209091,2,0.1471697456076031,2,0.3051572087262527,1,0.0002513909440491,1,0,1,0,1,0,1,0,near_zero_positive_le_0p01,positive_opportunity,0,0,0
0f6992119fc759c4,3,4,4,1,9,0.0660328831046773,0.9896811794601964,-1,-0.2643831589875029,-1,-0.1107634843822458,-1,-0.6034556269011035,-1,-0.445468163782454,1,0.9896811794601964,0,1,0,1,0,1,0,1,material_positive_gt_0p2,positive_opportunity,0,1,0
147b934bc401590e,3,4,18,1,1,0.1563545786358181,0.9893352683567442,1,0.0815282880562643,1,0.2351479626615214,1,0.0770869730176715,1,0.235074436136321,1,0.9893352683567442,1,0,1,0,1,0,1,0,material_positive_gt_0p2,positive_opportunity,0,0,0
1f19613acc175257,3,4,17,0,3,0.2000326452355238,-0.0001153716588855,3,0.035730392381289,3,0.1893500669865461,-1,-0.0441253914151342,3,0.1138620717035152,1,-0.0001153716588855,1,0,1,0,0,1,1,0,mild_harm,no_positive_opportunity,0,0,0
28a9f1a2abfe555c,3,4,4,1,0,0.1565967492322981,0.0001118290149955,-1,-0.10299015260693,0,0.050629521998327,-1,-0.0558732298112902,0,0.1021142333073593,1,0.0001118290149955,0,1,1,0,0,1,1,0,near_zero_positive_le_0p01,positive_opportunity,0,0,0
59d1bd367a965623,3,4,19,1,9,0.3956876854675589,0.0002097983349114,9,0.1120446376519186,9,0.2656643122571757,9,0.1842629386295901,9,0.3422504017482396,1,0.0002097983349114,1,0,1,0,1,0,1,0,near_zero_positive_le_0p01,positive_opportunity,0,0,0
86abbd3f53575fd5,3,4,17,1,9,0.047458457586582,1.9791943842181936,-1,-0.1090851070989278,9,0.0445345675063291,-1,-0.03417010841017,9,0.1238173547084795,1,1.9791943842181936,0,1,1,0,0,1,1,0,material_positive_gt_0p2,positive_opportunity,0,0,0
8ad88f000c1750a0,3,4,17,1,9,0.0871011249793017,-0.0005808805376524,-1,-0.122229190155585,9,0.031390484449672,-1,-0.022751188979148,9,0.1352362741395015,1,-0.0005808805376524,0,1,1,0,0,1,1,0,mild_harm,positive_opportunity,0,0,0
b183aa1eebac52fc,3,4,17,1,7,0.1376034804178827,0.0001314637799514,-1,-0.0152270552007408,7,0.1383926194045162,7,0.1031255779727703,7,0.26111304109142,1,0.0001314637799514,0,1,1,0,1,0,1,0,near_zero_positive_le_0p01,positive_opportunity,0,0,0
e06dab45945a571c,3,4,17,1,-1,,,-1,,-1,,-1,,-1,,0,,0,0,0,0,0,0,0,0,RSMR_abstain,positive_opportunity,0,0,0
15c64c983b935d86,3,4,5,1,-1,,,-1,,-1,,-1,,-1,,0,,0,0,0,0,0,0,0,0,RSMR_abstain,positive_opportunity,0,0,0
1fad9f3e334d5e4e,3,4,16,0,3,0.0841944703083496,-5.923158902421122e-05,3,0.042947094817836,3,0.1965667694230931,3,0.3322360823787748,3,0.4902235454974244,1,-5.923158902421122e-05,1,0,1,0,1,0,1,0,mild_harm,no_positive_opportunity,0,0,0
2d79aaf4c8d6582e,3,4,9,1,21,0.0393558657693903,0.0,-1,-0.0193493412622017,21,0.1342703333430553,21,0.1235762971858277,21,0.2815637603044773,1,0.0,0,1,1,0,1,0,1,0,mild_harm,positive_opportunity,0,0,0
3d5f4f15e1f053cd,3,4,4,1,-1,,,-1,,-1,,-1,,-1,,0,,0,0,0,0,0,0,0,0,RSMR_abstain,positive_opportunity,0,0,0
4f547ba1d6e953b1,3,4,17,0,3,0.0965188241437179,-4.712445205079519e-05,3,0.0346314309849554,3,0.1882511055902125,3,0.4004290778702014,3,0.558416540988851,1,-4.712445205079519e-05,1,0,1,0,1,0,1,0,mild_harm,no_positive_opportunity,0,0,0
57a59636cde25b02,3,4,10,1,2,0.3003703531729843,1.5957976206366964,-1,-0.0164681009664449,2,0.137151573638812,2,0.0621331894574882,2,0.2201206525761378,1,1.5957976206366964,0,1,1,0,1,0,1,0,material_positive_gt_0p2,positive_opportunity,0,0,0
77d52cd328e05b79,3,4,6,0,12,0.2025715040412954,-0.0012133296082392,-1,-0.1367753278304477,12,0.0168443467748093,-1,-0.2192060176848878,-1,-0.0612185545662382,1,-0.0012133296082392,0,1,1,0,0,1,0,1,mild_harm,no_positive_opportunity,0,0,0
7c467941fb3d5524,3,4,11,1,19,0.0205142260771262,0.0,-1,-0.0306665329502364,19,0.1229531416550206,19,0.1018405438599703,19,0.2598280069786198,1,0.0,0,1,1,0,1,0,1,0,mild_harm,positive_opportunity,0,0,0
855d4a2e69115db2,3,4,1,0,-1,,,-1,,-1,,-1,,-1,,0,,0,0,0,0,0,0,0,0,RSMR_abstain,no_positive_opportunity,0,0,0
949849ded44f514f,3,4,5,1,-1,,,-1,,-1,,-1,,-1,,0,,0,0,0,0,0,0,0,0,RSMR_abstain,positive_opportunity,0,0,0
a74ab03d0fb05d72,3,4,12,0,-1,,,-1,,-1,,-1,,-1,,0,,0,0,0,0,0,0,0,0,RSMR_abstain,no_positive_opportunity,0,0,0
c0815ea46b825526,3,4,12,0,-1,,,-1,,-1,,-1,,-1,,0,,0,0,0,0,0,0,0,0,RSMR_abstain,no_positive_opportunity,0,0,0
cfdc02dc40405e6f,3,4,2,1,9,0.3349356557440434,2.019834518898582,9,0.0409717846777438,9,0.1945914592830009,-1,-0.0469356819739982,9,0.1110517811446513,1,2.019834518898582,1,0,1,0,0,1,1,0,material_positive_gt_0p2,positive_opportunity,0,0,0
de3c0c52e7815332,3,4,1,1,22,0.802083150890449,3.1496425274491777,22,1.2011541698190578,22,1.3547738444243147,-1,-3.140280857449819,-1,-2.9822933943311694,1,3.1496425274491777,1,0,1,0,0,1,0,1,material_positive_gt_0p2,positive_opportunity,0,1,0
f26eb5a6f93c50b4,3,4,16,1,17,0.2173821609332621,0.0022419899821281,-1,-0.0533941909870651,17,0.1002254836181919,17,0.1779385920870288,17,0.3359260552056783,1,0.0022419899821281,0,1,1,0,1,0,1,0,near_zero_positive_le_0p01,positive_opportunity,0,0,0
f28c5026aff854cb,3,4,26,1,22,0.1652665989126248,0.92972289563152,22,0.1326387419101725,22,0.2862584165154295,22,0.3392143690612689,22,0.4972018321799184,1,0.92972289563152,1,0,1,0,1,0,1,0,material_positive_gt_0p2,positive_opportunity,0,0,0
faf93d61f8bd5238,3,4,18,0,24,0.0687673816029543,-9.455366143940049e-05,-1,-0.0282498058848486,24,0.1253698687204084,-1,-0.0073037859733687,24,0.1506836771452807,1,-9.455366143940049e-05,0,1,1,0,0,1,1,0,mild_harm,no_positive_opportunity,0,0,0
073ef4e9c6185fdd,3,4,2,1,-1,,,-1,,-1,,-1,,-1,,0,,0,0,0,0,0,0,0,0,RSMR_abstain,positive_opportunity,0,0,0
09884abf58435aaa,3,4,17,1,9,0.0662185506198301,-0.0006670752685522,-1,-0.1088987233641279,9,0.0447209512411291,9,0.0574904595568654,9,0.2154779226755149,1,-0.0006670752685522,0,1,1,0,1,0,1,0,mild_harm,positive_opportunity,0,0,0
10e0d0cf52855491,3,4,9,1,20,0.4207007276874806,-4.381986407098193e-05,20,0.0929131057878023,20,0.2465327803930594,20,0.1313397829449551,20,0.2893272460636046,1,-4.381986407098193e-05,1,0,1,0,1,0,1,0,mild_harm,positive_opportunity,0,0,0
1fc485893db05d58,3,4,4,0,-1,,,-1,,-1,,-1,,-1,,0,,0,0,0,0,0,0,0,0,RSMR_abstain,no_positive_opportunity,0,0,0
21870d2397795423,3,4,24,0,20,0.1069096550537814,0.0,-1,-0.0004074540103968,20,0.1532122205948601,20,0.1493148968533586,20,0.3073023599720081,1,0.0,0,1,1,0,1,0,1,0,mild_harm,no_positive_opportunity,0,0,0
538923756bab555f,3,4,17,1,9,0.0328951715535917,0.0007085304721989,-1,-0.0904901082397617,9,0.0631295663654952,-1,-0.2707060134805683,-1,-0.1127185503619187,1,0.0007085304721989,0,1,1,0,0,1,0,1,near_zero_positive_le_0p01,positive_opportunity,0,1,1
5a67404157535f5b,3,4,1,0,-1,,,-1,,-1,,-1,,-1,,0,,0,0,0,0,0,0,0,0,RSMR_abstain,no_positive_opportunity,0,0,0
7476e5ad4711587f,3,4,9,0,3,0.0699899557803309,-9.649557229707284e-05,-1,-0.128480777503534,3,0.025138897101723,-1,-0.1673915965388341,-1,-0.0094041334201846,1,-9.649557229707284e-05,0,1,1,0,0,1,0,1,mild_harm,no_positive_opportunity,0,0,0
7fb1a51c02db514e,3,4,18,1,-1,,,-1,,-1,,-1,,-1,,0,,0,0,0,0,0,0,0,0,RSMR_abstain,positive_opportunity,0,0,0
82bcaf16eea459db,3,4,24,1,1,0.0616066396810389,-0.0001157444000244,1,0.0315744395920484,1,0.1851941141973055,-1,-0.0198313843868158,1,0.1381560787318337,1,-0.0001157444000244,1,0,1,0,0,1,1,0,mild_harm,positive_opportunity,0,0,0
899c5ed91b8c5beb,3,4,17,1,-1,,,-1,,-1,,-1,,-1,,0,,0,0,0,0,0,0,0,0,RSMR_abstain,positive_opportunity,0,0,0
9857fe6079dc5b65,3,4,16,1,9,0.1521741271094596,0.0003742047014063,-1,-0.0270566908921547,9,0.1265629837131023,9,0.0635482952852042,9,0.2215357584038538,1,0.0003742047014063,0,1,1,0,1,0,1,0,near_zero_positive_le_0p01,positive_opportunity,0,0,0
9c0c9727fc975d7a,3,4,4,1,-1,,,-1,,-1,,-1,,-1,,0,,0,0,0,0,0,0,0,0,RSMR_abstain,positive_opportunity,0,0,0
a0cbabab4b2c5345,3,4,17,1,-1,,,-1,,-1,,-1,,-1,,0,,0,0,0,0,0,0,0,0,RSMR_abstain,positive_opportunity,0,0,0
a370a9747c5e599b,3,4,8,1,1,0.1125066199935203,-1.0564851760864276e-05,-1,-0.0469458771792385,1,0.1066737974260185,1,0.0141421169517634,1,0.172129580070413,1,-1.0564851760864276e-05,0,1,1,0,1,0,1,0,mild_harm,positive_opportunity,0,0,0
b0b57e6ca331564e,3,4,12,1,24,0.0220962488230839,0.0,24,0.0103765504475025,24,0.1639962250527596,24,0.1981810249231852,24,0.3561684880418347,1,0.0,1,0,1,0,1,0,1,0,mild_harm,positive_opportunity,0,0,0
b66edb8535dd5ec1,3,4,11,1,11,0.0966042071103635,-0.0002485304828732,11,0.0689730156838059,11,0.2225926902890629,-1,-0.1946504352935822,-1,-0.0366629721749326,1,-0.0002485304828732,1,0,1,0,0,1,0,1,mild_harm,positive_opportunity,0,0,0
bef88a7c044b5ebe,3,4,29,1,18,0.5154772621046892,0.0008987352035938,18,0.2192010509949196,18,0.3728207256001767,18,0.1380801482046465,18,0.296067611323296,1,0.0008987352035938,1,0,1,0,1,0,1,0,near_zero_positive_le_0p01,positive_opportunity,0,0,0
ce41992a83845d8a,3,4,20,1,-1,,,-1,,-1,,-1,,-1,,0,,0,0,0,0,0,0,0,0,RSMR_abstain,positive_opportunity,0,0,0
e2022a0506df54c7,3,4,11,1,15,0.303256798039182,0.0,15,0.0001753567220596,15,0.1537950313273167,15,0.22669310019161,15,0.3846805633102595,1,0.0,1,0,1,0,1,0,1,0,mild_harm,positive_opportunity,0,0,0
f88a28f7b54555ea,3,4,30,1,18,0.1818418476115941,0.0006765377013073,18,0.0842407975660231,18,0.2378604721712802,18,0.1415316095508728,18,0.2995190726695224,1,0.0006765377013073,1,0,1,0,1,0,1,0,near_zero_positive_le_0p01,positive_opportunity,0,0,0
034da27cd2f75292,3,4,1,0,5,0.304640614934026,-0.0041440810557571,5,0.1060708844805294,5,0.2596905590857865,-1,-0.6768417604299481,-1,-0.5188542973112986,1,-0.0041440810557571,1,0,1,0,0,1,0,1,mild_harm,no_positive_opportunity,0,0,0
1088d47284565808,3,4,5,0,-1,,,-1,,-1,,-1,,-1,,0,,0,0,0,0,0,0,0,0,RSMR_abstain,no_positive_opportunity,0,0,0
1a20ae9ff1e05d25,3,4,16,1,25,0.07274087088546,-0.0001797868408029,-1,-0.0480674079718401,25,0.1055522666334168,25,0.0602114219272293,25,0.2181988850458789,1,-0.0001797868408029,0,1,1,0,1,0,1,0,mild_harm,positive_opportunity,0,0,0
3f51b8b92c3b52cf,3,4,18,1,9,0.3739109692203046,0.0003213510554285,-1,-0.0058532184420344,9,0.1477664561632226,9,0.0308013985075297,9,0.1887888616261792,1,0.0003213510554285,0,1,1,0,1,0,1,0,near_zero_positive_le_0p01,positive_opportunity,0,0,0
452d348a65ac59f3,3,4,11,1,-1,,,-1,,-1,,-1,,-1,,0,,0,0,0,0,0,0,0,0,RSMR_abstain,positive_opportunity,0,0,0
4a35d5b02394561e,3,4,17,1,-1,,,-1,,-1,,-1,,-1,,0,,0,0,0,0,0,0,0,0,RSMR_abstain,positive_opportunity,0,0,0
4a90f1c8ef895e13,3,4,12,1,2,0.1530308856651394,-0.0002851558105612,-1,-0.0612887350055281,2,0.0923309395997288,-1,-0.1213115359996671,2,0.0366759271189824,1,-0.0002851558105612,0,1,1,0,0,1,1,0,mild_harm,positive_opportunity,0,0,0
4cf854e9eadf5084,3,4,2,1,-1,,,-1,,-1,,-1,,-1,,0,,0,0,0,0,0,0,0,0,RSMR_abstain,positive_opportunity,0,0,0
54059bb6b643525f,3,4,11,1,24,0.0111269355833754,-0.0005095285788178,-1,-0.1679738212024769,-1,-0.0143541465972198,-1,-0.5858999572374155,-1,-0.427912494118766,1,-0.0005095285788178,0,1,0,1,0,1,0,1,mild_harm,positive_opportunity,0,0,0
588dbd820a135056,3,4,6,1,3,0.1663461020295316,0.0005023064074397,-1,-0.1069971983736938,3,0.0466224762315631,-1,-0.0776351625829103,3,0.0803523005357391,1,0.0005023064074397,0,1,1,0,0,1,1,0,near_zero_positive_le_0p01,positive_opportunity,0,0,0
5a0bd184100f54d5,3,4,3,1,-1,,,-1,,-1,,-1,,-1,,0,,0,0,0,0,0,0,0,0,RSMR_abstain,positive_opportunity,0,0,0
8eb1c196434e51ec,3,4,10,1,-1,,,-1,,-1,,-1,,-1,,0,,0,0,0,0,0,0,0,0,RSMR_abstain,positive_opportunity,0,0,0
95e1e30a438d52cd,3,4,6,1,-1,,,-1,,-1,,-1,,-1,,0,,0,0,0,0,0,0,0,0,RSMR_abstain,positive_opportunity,0,0,0
9c5700ab41865a07,3,4,12,1,1,0.1634809305326644,-0.000125082693994,-1,-0.0357143189259887,1,0.1179053556792683,-1,-0.1976267101563809,-1,-0.0396392470377314,1,-0.000125082693994,0,1,1,0,0,1,0,1,mild_harm,positive_opportunity,0,0,0
aa05025b9a815254,3,4,9,1,-1,,,-1,,-1,,-1,,-1,,0,,0,0,0,0,0,0,0,0,RSMR_abstain,positive_opportunity,0,0,0
ac768eabfa5c5725,3,4,12,0,9,0.240029074240532,-9.121100050396568e-05,-1,-0.0754259712109991,9,0.0781937033942578,-1,-0.0671977628767695,9,0.09078970024188,1,-9.121100050396568e-05,0,1,1,0,0,1,1,0,mild_harm,no_positive_opportunity,0,0,0
ad963f2915a657a4,3,4,18,1,9,0.3407998694433851,0.0004896600965409,9,0.0202637760112859,9,0.173883450616543,9,0.0593476143069204,9,0.21733507742557,1,0.0004896600965409,1,0,1,0,1,0,1,0,near_zero_positive_le_0p01,positive_opportunity,0,0,0
ae1909ec83115e90,3,4,2,1,9,0.1650734353301483,-0.0003600291313676,-1,-0.0836276359708594,9,0.0699920386343976,-1,-0.0094433056261311,9,0.1485441574925184,1,-0.0003600291313676,0,1,1,0,0,1,1,0,mild_harm,positive_opportunity,0,0,0
be7fe135f5665966,3,4,7,1,0,0.1693357944237277,0.0062542543325573,-1,-0.0243329224704381,0,0.1292867521348188,0,0.0037744162041225,0,0.161761879322772,1,0.0062542543325573,0,1,1,0,1,0,1,0,near_zero_positive_le_0p01,positive_opportunity,0,0,0
c7bff0705f645b30,3,4,12,1,3,0.3619219615565519,-1.2310663021650163,3,0.0377354922804376,3,0.1913551668856947,3,0.5124891947602304,3,0.6704766578788799,1,-1.2310663021650163,1,0,1,0,1,0,1,0,catastrophe,positive_opportunity,0,0,0
de432d7c6c6e57a6,3,4,2,0,-1,,,-1,,-1,,-1,,-1,,0,,0,0,0,0,0,0,0,0,RSMR_abstain,no_positive_opportunity,0,0,0
e8b724310f7054d0,3,4,17,1,-1,,,-1,,-1,,-1,,-1,,0,,0,0,0,0,0,0,0,0,RSMR_abstain,positive_opportunity,0,0,0
ed9b2d124d9d5f5d,3,4,16,1,-1,,,-1,,-1,,-1,,-1,,0,,0,0,0,0,0,0,0,0,RSMR_abstain,positive_opportunity,0,0,0
ee0f338b4ebe5cb4,3,4,6,1,-1,,,-1,,-1,,-1,,-1,,0,,0,0,0,0,0,0,0,0,RSMR_abstain,positive_opportunity,0,0,0
f2a1763371075e21,3,4,14,0,-1,,,-1,,-1,,-1,,-1,,0,,0,0,0,0,0,0,0,0,RSMR_abstain,no_positive_opportunity,0,0,0
fe394302690d5074,3,4,16,1,-1,,,-1,,-1,,-1,,-1,,0,,0,0,0,0,0,0,0,0,RSMR_abstain,positive_opportunity,0,0,0
3acad4250aca5326,3,4,12,1,23,0.1064943923618443,0.0010598421217871,23,0.073914918076537,23,0.227534592681794,23,0.4160105462809395,23,0.573998009399589,1,0.0010598421217871,1,0,1,0,1,0,1,0,near_zero_positive_le_0p01,positive_opportunity,0,0,0
418e74ddfb5f5ca0,3,4,12,0,5,0.0190824957562154,-0.0027785253122454,-1,-0.0019308785155407,5,0.1516887960897163,5,0.1660380569666517,5,0.3240255200853013,1,-0.0027785253122454,0,1,1,0,1,0,1,0,mild_harm,no_positive_opportunity,0,0,0
43f8bc12d54d5cef,3,4,2,1,-1,,,-1,,-1,,-1,,-1,,0,,0,0,0,0,0,0,0,0,RSMR_abstain,positive_opportunity,0,0,0
479da12f5f165e29,3,4,17,1,-1,,,-1,,-1,,-1,,-1,,0,,0,0,0,0,0,0,0,0,RSMR_abstain,positive_opportunity,0,0,0
4d6b64ad777d51e8,3,4,8,1,9,0.1338223052648577,-0.0003549737431109,-1,-0.1100027373411712,9,0.0436169372640858,-1,-0.0394409513827395,9,0.1185465117359099,1,-0.0003549737431109,0,1,1,0,0,1,1,0,mild_harm,positive_opportunity,0,0,0
5c0a063437415679,3,4,6,1,-1,,,-1,,-1,,-1,,-1,,0,,0,0,0,0,0,0,0,0,RSMR_abstain,positive_opportunity,0,0,0
7defa49de9415496,3,4,5,1,9,0.0461323753535338,-0.000493478185098,-1,-0.1835721167871113,-1,-0.0299524421818542,-1,-0.2876639162688705,-1,-0.1296764531502209,1,-0.000493478185098,0,1,0,1,0,1,0,1,mild_harm,positive_opportunity,0,0,0
a849c65f124e5af0,3,4,21,1,-1,,,-1,,-1,,-1,,-1,,0,,0,0,0,0,0,0,0,0,RSMR_abstain,positive_opportunity,0,0,0
baef81dee84a5ff1,3,4,7,0,9,0.0800382702471463,-0.0007031749175715,-1,-0.1131702757630834,9,0.0404493988421736,-1,-0.0242991796513666,9,0.1336882834672829,1,-0.0007031749175715,0,1,1,0,0,1,1,0,mild_harm,no_positive_opportunity,0,0,0
bce79a86a0b75d48,3,4,3,0,20,0.2110831200213195,-0.9901073702458292,-1,-0.112325477415862,20,0.041294197189395,-1,-0.3038160063328236,-1,-0.145828543214174,1,-0.9901073702458292,0,1,1,0,0,1,0,1,catastrophe,no_positive_opportunity,1,0,0
d1faaed55b75587c,3,4,2,0,-1,,,-1,,-1,,-1,,-1,,0,,0,0,0,0,0,0,0,0,RSMR_abstain,no_positive_opportunity,0,0,0
faf6056c372e54f2,3,4,8,1,2,0.1794230692875083,1.246183863767609,-1,-0.0317533079034116,2,0.1218663667018454,2,0.0465837868786931,2,0.2045712499973427,1,1.246183863767609,0,1,1,0,1,0,1,0,material_positive_gt_0p2,positive_opportunity,0,0,0
fb0869a379e05f37,3,4,14,1,21,0.0944327000451346,-0.0005006849899888,-1,-0.1548490350416768,-1,-0.0012293604364197,-1,-0.4484042398566036,-1,-0.2904167767379541,1,-0.0005006849899888,0,1,0,1,0,1,0,1,mild_harm,positive_opportunity,0,0,0
054033a129155c88,3,4,9,1,1,0.1640087550507574,3.994131535741196,-1,-0.0746756106064754,1,0.0789440639987816,1,0.0048196449457704,1,0.16280710806442,1,3.994131535741196,0,1,1,0,1,0,1,0,material_positive_gt_0p2,positive_opportunity,0,0,0
188773ba51c15df2,3,4,15,1,3,0.6043913756965275,0.0007397349080302,3,0.1643757320116282,3,0.3179954066168852,-1,-0.1637418935207855,-1,-0.0057544304021359,1,0.0007397349080302,1,0,1,0,0,1,0,1,near_zero_positive_le_0p01,positive_opportunity,0,1,1
2796d5f962875a20,3,4,14,1,9,0.1171554864034826,1.657555662096244e-05,-1,-0.0222057434712014,9,0.1314139311340556,9,0.2779316788797386,9,0.4359191419983882,1,1.657555662096244e-05,0,1,1,0,1,0,1,0,near_zero_positive_le_0p01,positive_opportunity,0,0,0
2840205769d65c01,3,4,1,0,-1,,,-1,,-1,,-1,,-1,,0,,0,0,0,0,0,0,0,0,RSMR_abstain,no_positive_opportunity,0,0,0
2e5568e60278518f,3,4,16,1,-1,,,-1,,-1,,-1,,-1,,0,,0,0,0,0,0,0,0,0,RSMR_abstain,positive_opportunity,0,0,0
3d35dcf889f65305,3,4,14,1,-1,,,-1,,-1,,-1,,-1,,0,,0,0,0,0,0,0,0,0,RSMR_abstain,positive_opportunity,0,0,0
3effd9932b505526,3,4,4,1,9,0.0168672358755384,-0.0005002665493637,-1,-0.1571845949125045,-1,-0.0035649203072474,-1,-0.0806998531048156,9,0.0772876100138339,1,-0.0005002665493637,0,1,0,1,0,1,1,0,mild_harm,positive_opportunity,0,0,0
4f1e4809df7255cd,3,4,3,1,9,0.1159610912063854,-0.0004685123638249,-1,-0.1457527667620992,9,0.0078669078431578,-1,-0.1393321932438685,9,0.018655269874781,1,-0.0004685123638249,0,1,1,0,0,1,1,0,mild_harm,positive_opportunity,0,0,0
5db6ae467e8f530f,3,4,1,0,-1,,,-1,,-1,,-1,,-1,,0,,0,0,0,0,0,0,0,0,RSMR_abstain,no_positive_opportunity,0,0,0
5e6ab34948a9514f,3,4,15,1,2,0.4339535235807815,0.0020171442691236,2,0.1139314184579798,2,0.2675510930632369,-1,-0.0106817555421473,2,0.1473057075765022,1,0.0020171442691236,1,0,1,0,0,1,1,0,near_zero_positive_le_0p01,positive_opportunity,0,0,0
6004adf688695a08,3,4,17,0,9,0.2851985341042844,-0.0001960927274078,-1,-0.0402333435452654,9,0.1133863310599915,-1,-0.1298223293673107,9,0.0281651337513388,1,-0.0001960927274078,0,1,1,0,0,1,1,0,mild_harm,no_positive_opportunity,0,0,0
637d23f7438f50f6,3,4,17,1,9,0.143634935506948,0.0003521821435541,-1,-0.1107090397707733,9,0.0429106348344837,-1,-0.068702268917566,9,0.0892851942010834,1,0.0003521821435541,0,1,1,0,0,1,1,0,near_zero_positive_le_0p01,positive_opportunity,0,0,0
6a35a43b5e295b97,3,4,16,1,3,0.0900197638250282,9.041018076239028e-05,3,0.0284036344116014,3,0.1820233090168585,3,0.1829631082538343,3,0.3409505713724838,1,9.041018076239028e-05,1,0,1,0,1,0,1,0,near_zero_positive_le_0p01,positive_opportunity,0,0,0
2a89f35c7f5e55de,4,0,15,1,3,0.128003345304495,-6.618811858352279e-05,3,0.0050420542307714,3,0.0536964255825724,3,0.0107501828099632,3,0.0743058603816003,1,-6.618811858352279e-05,1,0,1,0,1,0,1,0,mild_harm,positive_opportunity,0,0,0
35695122c3535595,4,0,12,0,-1,,,-1,,-1,,-1,,-1,,0,,0,0,0,0,0,0,0,0,RSMR_abstain,no_positive_opportunity,0,0,0
5d0c2052e0a35e3f,4,0,17,1,24,0.3933365480036064,0.0017037782690954,24,0.1694419841831515,24,0.2180963555349525,24,0.113716719056446,24,0.1772723966280832,1,0.0017037782690954,1,0,1,0,1,0,1,0,near_zero_positive_le_0p01,positive_opportunity,0,0,0
62f95fe3004d54c9,4,0,3,1,26,0.0740367640274621,0.000285601210594,-1,-0.0621414392142303,-1,-0.0134870678624294,-1,-0.010065503370616,26,0.053490174201021,1,0.000285601210594,0,1,0,1,0,1,1,0,near_zero_positive_le_0p01,positive_opportunity,0,0,0
6a35bb3d0b895433,4,0,24,1,22,0.3630140261194227,0.003396335945744,22,0.1135230679593782,22,0.1621774393111792,22,0.212875671569889,22,0.2764313491415261,1,0.003396335945744,1,0,1,0,1,0,1,0,near_zero_positive_le_0p01,positive_opportunity,0,0,0
761122460ac451ca,4,0,28,1,17,0.1083005661778264,0.0023181671525582,17,0.0389519480936803,17,0.0876063194454812,17,0.2085797540461637,17,0.2721354316178008,1,0.0023181671525582,1,0,1,0,1,0,1,0,near_zero_positive_le_0p01,positive_opportunity,0,0,0
8a15e547b0d15f42,4,0,5,1,26,0.0700175343014619,-0.0002700675501488,-1,-0.0654459178103735,-1,-0.0167915464585726,26,0.052063398660756,26,0.1156190762323931,1,-0.0002700675501488,0,1,0,1,1,0,1,0,mild_harm,positive_opportunity,0,0,0
9c925a1f1799553e,4,0,2,1,9,0.0715993527754964,-0.9899525742542464,-1,-0.0293689664050079,9,0.0192854049467929,-1,-0.1305829514851719,-1,-0.0670272739135348,1,-0.9899525742542464,0,1,1,0,0,1,0,1,catastrophe,positive_opportunity,1,0,0
b7cc1a0b6eca5a11,4,0,4,1,9,0.1552360316234425,-0.9898243386149406,-1,-0.0554451186692776,-1,-0.0067907473174766,-1,-0.051709343034382,9,0.011846334537255,1,-0.9898243386149406,0,1,0,1,0,1,1,0,catastrophe,positive_opportunity,0,0,0
0dd2b9715fc65e18,4,0,14,1,10,0.142210095367837,-9.228003919126147e-05,10,0.0307674244483199,10,0.0794217958001208,10,0.102311103037313,10,0.1658667806089501,1,-9.228003919126147e-05,1,0,1,0,1,0,1,0,mild_harm,positive_opportunity,0,0,0
6281e79a633155a3,4,0,12,1,24,0.1664265637507269,0.0014172612654294,-1,-0.1190894877100937,-1,-0.0704351163582927,24,0.0555440680788892,24,0.1190997456505263,1,0.0014172612654294,0,1,0,1,1,0,1,0,near_zero_positive_le_0p01,positive_opportunity,0,0,0
16549991ac4b53ff,4,0,16,1,-1,,,-1,,-1,,-1,,-1,,0,,0,0,0,0,0,0,0,0,RSMR_abstain,positive_opportunity,0,0,0
254e4f21f68554f1,4,0,18,1,21,0.1547909017455164,-0.0001187025191262,-1,-0.0058582575061902,21,0.0427961138456106,21,0.0414000162202107,21,0.1049556937918478,1,-0.0001187025191262,0,1,1,0,1,0,1,0,mild_harm,positive_opportunity,0,0,0
2bdb803d07605094,4,0,6,1,23,0.1388094605003039,-0.0001160842318087,23,0.0103590994045871,23,0.059013470756388,23,0.0438259084247357,23,0.1073815859963728,1,-0.0001160842318087,1,0,1,0,1,0,1,0,mild_harm,positive_opportunity,0,0,0
3d78c0894c67503b,4,0,17,1,19,0.1528594000460052,-6.056209513917443e-06,19,0.0235328833703426,19,0.0721872547221435,19,0.0892036521506141,19,0.1527593297222512,1,-6.056209513917443e-06,1,0,1,0,1,0,1,0,mild_harm,positive_opportunity,0,0,0
4d104d17dc625c04,4,0,8,1,26,0.1951092553337246,-0.0004376932598653,26,0.025733415336704,26,0.074387786688505,-1,-0.0999453563480479,-1,-0.0363896787764108,1,-0.0004376932598653,1,0,1,0,0,1,0,1,mild_harm,positive_opportunity,0,0,0
70f797bbed2158f6,4,0,17,0,-1,,,-1,,-1,,-1,,-1,,0,,0,0,0,0,0,0,0,0,RSMR_abstain,no_positive_opportunity,0,0,0
83af8eb803795f59,4,0,16,1,-1,,,-1,,-1,,-1,,-1,,0,,0,0,0,0,0,0,0,0,RSMR_abstain,positive_opportunity,0,0,0
953f6386bfae55d0,4,0,18,1,17,0.3166235623280228,7.98645019531221e-06,17,0.148471843341058,17,0.1971262146928589,17,0.3692126818356983,17,0.4327683594073354,1,7.98645019531221e-06,1,0,1,0,1,0,1,0,near_zero_positive_le_0p01,positive_opportunity,0,0,0
b39ff897a8695a97,4,0,18,1,11,0.3074438146314735,-0.0001397995856908,11,0.2224824241440709,11,0.2711367954958719,11,0.0545399745844304,11,0.1180956521560675,1,-0.0001397995856908,1,0,1,0,1,0,1,0,mild_harm,positive_opportunity,0,0,0
d5ef40ff0f715517,4,0,26,1,27,0.116301684390159,-7.741929963334115e-06,27,0.0058382958580202,27,0.0544926672098211,27,0.048370296143211,27,0.1119259737148481,1,-7.741929963334115e-06,1,0,1,0,1,0,1,0,mild_harm,positive_opportunity,0,0,0
da9bf29b3087547f,4,0,17,0,12,0.265058934822036,-0.0006733096577692,12,0.0091167833330104,12,0.0577711546848113,12,0.1586619551926696,12,0.2222176327643067,1,-0.0006733096577692,1,0,1,0,1,0,1,0,mild_harm,no_positive_opportunity,0,0,0
eb02028413fb5a92,4,0,16,1,9,0.1707466036076085,-0.000601498145051,-1,-0.1187558026421117,-1,-0.0701014312903108,9,0.0571546582159648,9,0.1207103357876019,1,-0.000601498145051,0,1,0,1,1,0,1,0,mild_harm,positive_opportunity,0,0,0
ec65e8cddb3d5fbd,4,0,19,1,23,0.1314913061089589,-7.281030565500259e-05,-1,-0.0098205724003599,23,0.038833798951441,23,0.0760384037227327,23,0.1395940812943699,1,-7.281030565500259e-05,0,1,1,0,1,0,1,0,mild_harm,positive_opportunity,0,0,0
f2c4bbcda8c650a3,4,0,11,1,26,0.150082631756629,-0.0006146780819484,-1,-0.0997123239404619,-1,-0.051057952588661,26,0.0050275277302988,26,0.0685832053019359,1,-0.0006146780819484,0,1,0,1,1,0,1,0,mild_harm,positive_opportunity,0,0,0
f53a6e7af3825751,4,0,16,1,3,0.1406077762302769,-2.8481406136426912e-05,3,0.028827963955312,3,0.0774823353071129,-1,-0.041501757224232,3,0.022053920347405,1,-2.8481406136426912e-05,1,0,1,0,0,1,1,0,mild_harm,positive_opportunity,0,0,0
f53af77bf6fa5703,4,0,1,1,-1,,,-1,,-1,,-1,,-1,,0,,0,0,0,0,0,0,0,0,RSMR_abstain,positive_opportunity,0,0,0
0be5fd7a2dbb5d87,4,0,14,1,-1,,,-1,,-1,,-1,,-1,,0,,0,0,0,0,0,0,0,0,RSMR_abstain,positive_opportunity,0,0,0
25c67c9a53ef53ce,4,0,4,1,22,0.1047803050411713,0.0020756234128028,22,0.016948839034077,22,0.065603210385878,-1,-0.0563146670568721,22,0.0072410105147649,1,0.0020756234128028,1,0,1,0,0,1,1,0,near_zero_positive_le_0p01,positive_opportunity,0,0,0
90efa9d50cc8521e,4,0,1,1,-1,,,-1,,-1,,-1,,-1,,0,,0,0,0,0,0,0,0,0,RSMR_abstain,positive_opportunity,0,0,0
ac7fee08538b5bb0,4,0,13,1,24,0.051811720665278,0.0,-1,-0.0324764847716843,24,0.0161778865801166,24,0.0139581902474295,24,0.0775138678190666,1,0.0,0,1,1,0,1,0,1,0,mild_harm,positive_opportunity,0,0,0
c4292750158e5a5f,4,0,3,1,6,0.1879055889416699,0.9762204023627216,6,0.0400515687719335,6,0.0887059401237344,6,0.0813484591741176,6,0.1449041367457547,1,0.9762204023627216,1,0,1,0,1,0,1,0,material_positive_gt_0p2,positive_opportunity,0,0,0
cae918485e635e35,4,0,14,0,-1,,,-1,,-1,,-1,,-1,,0,,0,0,0,0,0,0,0,0,RSMR_abstain,no_positive_opportunity,0,0,0
4b308d5a04d05498,4,0,17,1,-1,,,-1,,-1,,-1,,-1,,0,,0,0,0,0,0,0,0,0,RSMR_abstain,positive_opportunity,0,0,0
8fba4b45daa85b15,4,0,19,1,-1,,,-1,,-1,,-1,,-1,,0,,0,0,0,0,0,0,0,0,RSMR_abstain,positive_opportunity,0,0,0
c9a1d813d64c52d1,4,0,4,0,15,0.1807867626130011,0.0,15,0.0506451228352458,15,0.0992994941870468,15,0.1084637487095842,15,0.1720194262812213,1,0.0,1,0,1,0,1,0,1,0,mild_harm,no_positive_opportunity,0,0,0
e747e181d08758c8,4,0,13,1,-1,,,-1,,-1,,-1,,-1,,0,,0,0,0,0,0,0,0,0,RSMR_abstain,positive_opportunity,0,0,0
f6db13314100532b,4,0,13,1,-1,,,-1,,-1,,-1,,-1,,0,,0,0,0,0,0,0,0,0,RSMR_abstain,positive_opportunity,0,0,0
0fb7d56584065e6f,4,0,27,1,21,0.4537955328428287,0.0021822822965567,21,0.1275270206969095,21,0.1761813920487104,21,0.3266189015478683,21,0.3901745791195054,1,0.0021822822965567,1,0,1,0,1,0,1,0,near_zero_positive_le_0p01,positive_opportunity,0,0,0
2abb6fcc99585318,4,0,20,1,-1,,,-1,,-1,,-1,,-1,,0,,0,0,0,0,0,0,0,0,RSMR_abstain,positive_opportunity,0,0,0
32b190836fd35675,4,0,7,1,17,0.079477254793465,4.21013753162695e-05,17,0.0180029459467494,17,0.0666573172985503,-1,-0.0939289995336344,-1,-0.0303733219619973,1,4.21013753162695e-05,1,0,1,0,0,1,0,1,near_zero_positive_le_0p01,positive_opportunity,0,1,1
48428a15cb2d56c8,4,0,5,0,-1,,,-1,,-1,,-1,,-1,,0,,0,0,0,0,0,0,0,0,RSMR_abstain,no_positive_opportunity,0,0,0
4d08ab0578415b3b,4,0,6,1,-1,,,-1,,-1,,-1,,-1,,0,,0,0,0,0,0,0,0,0,RSMR_abstain,positive_opportunity,0,0,0
58c0557c53635354,4,0,6,1,-1,,,-1,,-1,,-1,,-1,,0,,0,0,0,0,0,0,0,0,RSMR_abstain,positive_opportunity,0,0,0
58e646ea48eb59d3,4,0,18,1,22,0.4074574322979462,0.0003097406474874,22,0.1465894508607216,22,0.1952438222125225,22,0.2313723892495633,22,0.2949280668212004,1,0.0003097406474874,1,0,1,0,1,0,1,0,near_zero_positive_le_0p01,positive_opportunity,0,0,0
9d7dd692cec75a40,4,0,17,1,6,0.071384509950986,-0.0009404101041611,-1,-0.0304778591653025,6,0.0181765121864983,-1,-0.0210865777921112,6,0.0424690997795259,1,-0.0009404101041611,0,1,1,0,0,1,1,0,mild_harm,positive_opportunity,0,0,0
ad4b812be67052a1,4,0,27,1,23,0.0325772326487126,0.0001918116681274,23,0.0462037771613088,23,0.0948581485131097,23,0.1053744330949126,23,0.1689301106665497,1,0.0001918116681274,1,0,1,0,1,0,1,0,near_zero_positive_le_0p01,positive_opportunity,0,0,0
de3f8268d1675268,4,0,10,0,21,0.0976422817968061,0.0,21,0.0009991315725146,21,0.0496535029243155,-1,-0.0040017307979693,21,0.0595539467736677,1,0.0,1,0,1,0,0,1,1,0,mild_harm,no_positive_opportunity,0,0,0
f110d20f7a7957b7,4,0,17,1,6,0.1105924586426505,-9.978644736091669e-06,-1,-0.0184958618154005,6,0.0301585095364004,-1,-0.003576999347516,6,0.059978678224121,1,-9.978644736091669e-06,0,1,1,0,0,1,1,0,mild_harm,positive_opportunity,0,0,0
4fc4718214135eee,4,0,12,1,9,0.0541645163273681,0.989265655384527,-1,-0.1402151715236243,-1,-0.0915608001718233,-1,-0.1321033079325983,-1,-0.0685476303609612,1,0.989265655384527,0,1,0,1,0,1,0,1,material_positive_gt_0p2,positive_opportunity,0,1,0
5d64681dd478516a,4,0,27,1,-1,,,-1,,-1,,-1,,-1,,0,,0,0,0,0,0,0,0,0,RSMR_abstain,positive_opportunity,0,0,0
629734efb5f5564c,4,0,20,1,10,0.1707049247538192,0.0004178750086341,-1,-0.0038629584993671,10,0.0447914128524338,10,0.000755887466396,10,0.0643115650380331,1,0.0004178750086341,0,1,1,0,1,0,1,0,near_zero_positive_le_0p01,positive_opportunity,0,0,0
69244009b6eb50bf,4,0,13,1,17,0.1097213710752178,-4.581917114554468e-05,-1,-0.0402898294923072,17,0.0083645418594936,17,0.0521606095267893,17,0.1157162870984264,1,-4.581917114554468e-05,0,1,1,0,1,0,1,0,mild_harm,positive_opportunity,0,0,0
908340fb165954b2,4,0,14,1,-1,,,-1,,-1,,-1,,-1,,0,,0,0,0,0,0,0,0,0,RSMR_abstain,positive_opportunity,0,0,0
9229af9b7f1c5848,4,0,17,1,-1,,,-1,,-1,,-1,,-1,,0,,0,0,0,0,0,0,0,0,RSMR_abstain,positive_opportunity,0,0,0
beeb2d538d7f53d8,4,0,18,1,3,0.0430880762643704,0.0002613140884786,-1,-0.0164534009519335,3,0.0322009703998673,-1,-0.1406468697408826,-1,-0.0770911921692455,1,0.0002613140884786,0,1,1,0,0,1,0,1,near_zero_positive_le_0p01,positive_opportunity,0,1,1
fbd37ced14a15418,4,0,17,1,7,0.0984733013656512,0.0001307986882864,-1,-0.0126557727539727,7,0.0359985985978282,-1,-0.0023728033108179,7,0.0611828742608191,1,0.0001307986882864,0,1,1,0,0,1,1,0,near_zero_positive_le_0p01,positive_opportunity,0,0,0
ff54f555627f5338,4,0,14,1,9,0.1177941764125057,-0.0005246792767196,-1,-0.107321451667574,-1,-0.0586670803157731,-1,-0.0792657781902434,-1,-0.0157101006186063,1,-0.0005246792767196,0,1,0,1,0,1,0,1,mild_harm,positive_opportunity,0,0,0
052f0d46a5c059a1,4,0,12,1,0,0.4183251706955458,0.0031051245564599,0,0.0003605234502299,0,0.0490148948020309,0,0.2427381123896153,0,0.3062937899612524,1,0.0031051245564599,1,0,1,0,1,0,1,0,near_zero_positive_le_0p01,positive_opportunity,0,0,0
0af516a5b2725ac6,4,0,12,0,23,0.0709406999446695,-0.0001615021092407,-1,-0.1201654302039345,-1,-0.0715110588521335,23,0.0354136158143224,23,0.0989692933859595,1,-0.0001615021092407,0,1,0,1,1,0,1,0,mild_harm,no_positive_opportunity,0,0,0
103c7d249ab154af,4,0,17,1,9,0.1677078769076613,0.9936651484772564,9,0.0045686852374808,9,0.0532230565892818,9,0.0552734440631143,9,0.1188291216347514,1,0.9936651484772564,1,0,1,0,1,0,1,0,material_positive_gt_0p2,positive_opportunity,0,0,0
30c657863dc05485,4,0,9,1,2,0.163778539191512,2.020336450465309,-1,-0.0512401904187939,-1,-0.002585819066993,2,0.1176944550031175,2,0.1812501325747546,1,2.020336450465309,0,1,0,1,1,0,1,0,material_positive_gt_0p2,positive_opportunity,0,0,0
431f7c6b100d5249,4,0,8,1,21,0.2740727649917469,-9.228673037142698e-05,21,0.0352705901848053,21,0.0839249615366063,21,0.1804995257880419,21,0.244055203359679,1,-9.228673037142698e-05,1,0,1,0,1,0,1,0,mild_harm,positive_opportunity,0,0,0
4ace61964e9f5b4b,4,0,5,1,-1,,,-1,,-1,,-1,,-1,,0,,0,0,0,0,0,0,0,0,RSMR_abstain,positive_opportunity,0,0,0
5098ce6b12fa5143,4,0,9,1,-1,,,-1,,-1,,-1,,-1,,0,,0,0,0,0,0,0,0,0,RSMR_abstain,positive_opportunity,0,0,0
52092728a1c1574f,4,0,17,1,-1,,,-1,,-1,,-1,,-1,,0,,0,0,0,0,0,0,0,0,RSMR_abstain,positive_opportunity,0,0,0
58f2e39eebc65d24,4,0,9,1,0,0.0769163507807695,0.0098007870477623,-1,-0.0208208741807864,0,0.0278334971710144,0,0.0295210776807641,0,0.0930767552524012,1,0.0098007870477623,0,1,1,0,1,0,1,0,near_zero_positive_le_0p01,positive_opportunity,0,0,0
5a917f5bb8815bd0,4,0,2,1,7,0.1667378500895651,0.2376334074385464,-1,-0.0065937817897573,7,0.0420605895620436,7,0.0831495141750211,7,0.1467051917466582,1,0.2376334074385464,0,1,1,0,1,0,1,0,material_positive_gt_0p2,positive_opportunity,0,0,0
6429eb85b6ba5938,4,0,17,1,6,0.427585689576039,-4.805480735781131e-05,6,0.0438010236360466,6,0.0924553949878475,6,0.5904120087646867,6,0.6539676863363237,1,-4.805480735781131e-05,1,0,1,0,1,0,1,0,mild_harm,positive_opportunity,0,0,0
6b416b289a3b5858,4,0,16,1,6,0.3068556440334356,-0.0001057195663918,6,0.1521823832795071,6,0.200836754631308,6,0.058148987612448,6,0.1217046651840851,1,-0.0001057195663918,1,0,1,0,1,0,1,0,mild_harm,positive_opportunity,0,0,0
6e9b901524355c0b,4,0,21,1,21,0.1354023504874981,-0.0001405817615636,-1,-0.0381993785051661,21,0.0104549928466347,21,0.069824856978294,21,0.1333805345499312,1,-0.0001405817615636,0,1,1,0,1,0,1,0,mild_harm,positive_opportunity,0,0,0
8834fc612e1d524c,4,0,8,1,-1,,,-1,,-1,,-1,,-1,,0,,0,0,0,0,0,0,0,0,RSMR_abstain,positive_opportunity,0,0,0
9ddade724a6a54e2,4,0,16,1,3,0.0100307320304085,0.9292438401492256,3,0.0231269964201101,3,0.071781367771911,-1,-0.2012142824538207,-1,-0.1376586048821836,1,0.9292438401492256,1,0,1,0,0,1,0,1,material_positive_gt_0p2,positive_opportunity,0,1,0
a5fc167ac3e45fec,4,0,17,0,0,0.0078568709522654,-0.0001269786208872,-1,-0.030702146082059,0,0.0179522252697419,-1,-0.1790864322348671,-1,-0.11553075466323,1,-0.0001269786208872,0,1,1,0,0,1,0,1,mild_harm,no_positive_opportunity,0,0,0
bcb7ec6d46f45180,4,0,17,0,4,0.0161957322337677,-0.0002300234297289,-1,-0.0162426740237946,4,0.0324116973280062,-1,-0.032846557910485,4,0.030709119661152,1,-0.0002300234297289,0,1,1,0,0,1,1,0,mild_harm,no_positive_opportunity,0,0,0
c25f5ca801be5075,4,0,4,0,8,0.0834204205911207,-1.538959369074e-05,-1,-0.037560195951918,8,0.0110941753998829,8,0.0252186315942678,8,0.0887743091659049,1,-1.538959369074e-05,0,1,1,0,1,0,1,0,mild_harm,no_positive_opportunity,0,0,0
d0da55bb38fb5e83,4,0,3,1,5,0.0313879582296267,0.0001831561706144,5,0.043281504001932,5,0.091935875353733,-1,-0.0349019624432182,5,0.0286537151284188,1,0.0001831561706144,1,0,1,0,0,1,1,0,near_zero_positive_le_0p01,positive_opportunity,0,0,0
e056339b5ad457ea,4,0,17,0,4,0.014223174556874,-1.9974818360246616e-05,-1,-0.0180470026837422,4,0.0306073686680586,-1,-0.0387293500824291,4,0.0248263274892079,1,-1.9974818360246616e-05,0,1,1,0,0,1,1,0,mild_harm,no_positive_opportunity,0,0,0
03a7c978d0165fa2,4,0,20,1,-1,,,-1,,-1,,-1,,-1,,0,,0,0,0,0,0,0,0,0,RSMR_abstain,positive_opportunity,0,0,0
102e8bfe5f555974,4,0,19,1,22,0.181335571001979,-2.479011844847001e-05,22,0.0221771331477028,22,0.0708315044995037,22,0.0984773578785662,22,0.1620330354502033,1,-2.479011844847001e-05,1,0,1,0,1,0,1,0,mild_harm,positive_opportunity,0,0,0
11579a9c240a5c77,4,0,17,1,-1,,,-1,,-1,,-1,,-1,,0,,0,0,0,0,0,0,0,0,RSMR_abstain,positive_opportunity,0,0,0
1c8a733cea4d5aed,4,0,28,1,11,0.3064990305889103,0.0014269439846277,11,0.0764000252896651,11,0.1250543966414661,11,0.3536853612725701,11,0.4172410388442072,1,0.0014269439846277,1,0,1,0,1,0,1,0,near_zero_positive_le_0p01,positive_opportunity,0,0,0
1ed95e82b4f754ff,4,0,4,1,-1,,,-1,,-1,,-1,,-1,,0,,0,0,0,0,0,0,0,0,RSMR_abstain,positive_opportunity,0,0,0
2067e26ac57b5302,4,0,1,0,5,0.101678289322867,-0.0001615822235704,5,0.0315396859317696,5,0.0801940572835705,5,0.0499459730288806,5,0.1135016506005177,1,-0.0001615822235704,1,0,1,0,1,0,1,0,mild_harm,no_positive_opportunity,0,0,0
25f5f0c57aea54b9,4,0,21,1,-1,,,-1,,-1,,-1,,-1,,0,,0,0,0,0,0,0,0,0,RSMR_abstain,positive_opportunity,0,0,0
2b3f24482a765ccc,4,0,5,1,-1,,,-1,,-1,,-1,,-1,,0,,0,0,0,0,0,0,0,0,RSMR_abstain,positive_opportunity,0,0,0
330fd7f2e3aa5f55,4,0,26,1,19,0.100230714144779,5.4576332867145496e-05,19,0.0147085041553021,19,0.063362875507103,19,0.049521816024096,19,0.1130774935957331,1,5.4576332867145496e-05,1,0,1,0,1,0,1,0,near_zero_positive_le_0p01,positive_opportunity,0,0,0
3a46193d097552cd,4,0,16,1,9,0.2475115152844104,0.0008605283550969,-1,-0.0669686211351056,-1,-0.0183142497833046,9,0.1130692806617588,9,0.1766249582333959,1,0.0008605283550969,0,1,0,1,1,0,1,0,near_zero_positive_le_0p01,positive_opportunity,0,0,0
4b7fb448a9f35a56,4,0,18,1,-1,,,-1,,-1,,-1,,-1,,0,,0,0,0,0,0,0,0,0,RSMR_abstain,positive_opportunity,0,0,0
642e382b50db5133,4,0,17,1,9,0.0501590854568792,0.9895227806188628,-1,-0.1556294972892087,-1,-0.1069751259374077,-1,-0.0169721582776168,9,0.0465835192940202,1,0.9895227806188628,0,1,0,1,0,1,1,0,material_positive_gt_0p2,positive_opportunity,0,0,0
669d54218ee75215,4,0,2,1,1,0.0331137064146315,3.765455192187791e-05,-1,-0.0034915118261711,1,0.0451628595256298,-1,-0.0014033186266219,1,0.0621523589450151,1,3.765455192187791e-05,0,1,1,0,0,1,1,0,near_zero_positive_le_0p01,positive_opportunity,0,0,0
6715d16e80075f55,4,0,12,1,3,0.1644410899437026,-0.0001784819283985,-1,-0.0277123387592784,3,0.0209420325925224,3,0.0969397784683201,3,0.1604954560399573,1,-0.0001784819283985,0,1,1,0,1,0,1,0,mild_harm,positive_opportunity,0,0,0
8c7421c1a39954dc,4,0,1,1,-1,,,-1,,-1,,-1,,-1,,0,,0,0,0,0,0,0,0,0,RSMR_abstain,positive_opportunity,0,0,0
8e92f84a71e85b42,4,0,9,1,-1,,,-1,,-1,,-1,,-1,,0,,0,0,0,0,0,0,0,0,RSMR_abstain,positive_opportunity,0,0,0
9389f1437d2b5fad,4,0,12,1,0,0.1132243585578667,5.547304395592256e-05,-1,-0.0358703739613026,0,0.0127839973904982,0,0.0319019023601633,0,0.0954575799318004,1,5.547304395592256e-05,0,1,1,0,1,0,1,0,near_zero_positive_le_0p01,positive_opportunity,0,0,0
9f109cfcd3695a7c,4,0,18,1,-1,,,-1,,-1,,-1,,-1,,0,,0,0,0,0,0,0,0,0,RSMR_abstain,positive_opportunity,0,0,0
ac264ca2d43c52a7,4,0,25,1,-1,,,-1,,-1,,-1,,-1,,0,,0,0,0,0,0,0,0,0,RSMR_abstain,positive_opportunity,0,0,0
d7018055ca4b5f66,4,0,17,0,-1,,,-1,,-1,,-1,,-1,,0,,0,0,0,0,0,0,0,0,RSMR_abstain,no_positive_opportunity,0,0,0
ddcdcbbd930d5cd4,4,0,1,0,-1,,,-1,,-1,,-1,,-1,,0,,0,0,0,0,0,0,0,0,RSMR_abstain,no_positive_opportunity,0,0,0
e7e3b8bf23835b2a,4,0,3,1,16,0.0603552881913881,6.682571023874928e-06,-1,-0.024175755054516,16,0.0244786162972848,16,0.003850277344527,16,0.0674059549161641,1,6.682571023874928e-06,0,1,1,0,1,0,1,0,near_zero_positive_le_0p01,positive_opportunity,0,0,0
eae558be27b1587b,4,0,6,1,7,0.0562958634237197,-0.2252352770328521,7,0.00038703219674,7,0.0490414035485409,-1,-0.0391504945407026,7,0.0244051830309344,1,-0.2252352770328521,1,0,1,0,0,1,1,0,mild_harm,positive_opportunity,0,0,0
ffb77fcdc4bd5e37,4,0,13,1,-1,,,-1,,-1,,-1,,-1,,0,,0,0,0,0,0,0,0,0,RSMR_abstain,positive_opportunity,0,0,0
07f8bf05fc975975,4,0,1,0,1,0.0848350194252524,-7.274440014737316e-05,-1,-0.0407639763487699,1,0.0078903950030309,1,0.0503282692491152,1,0.1138839468207523,1,-7.274440014737316e-05,0,1,1,0,1,0,1,0,mild_harm,no_positive_opportunity,0,0,0
0fdd878a393d502e,4,0,2,0,-1,,,-1,,-1,,-1,,-1,,0,,0,0,0,0,0,0,0,0,RSMR_abstain,no_positive_opportunity,0,0,0
2b32a9f406845f75,4,0,12,0,2,0.0034219581389365,-3.806486467696913,2,0.090896734826775,2,0.139551106178576,-1,-0.0629595269149703,2,0.0005961506566667,1,-3.806486467696913,1,0,1,0,0,1,1,0,catastrophe,no_positive_opportunity,0,0,0
2c9450a5449e52fa,4,0,9,1,6,0.0352407520243091,-0.0005310452297329,6,0.0819377718069973,6,0.1305921431587983,-1,-0.0338889343176283,6,0.0296667432540087,1,-0.0005310452297329,1,0,1,0,0,1,1,0,mild_harm,positive_opportunity,0,0,0
447b5889e4005e16,4,0,5,0,-1,,,-1,,-1,,-1,,-1,,0,,0,0,0,0,0,0,0,0,RSMR_abstain,no_positive_opportunity,0,0,0
5465043a8ae85d79,4,0,2,1,9,0.2690886366362399,0.9894966626687548,-1,-0.0588954353074498,-1,-0.0102410639556489,9,0.1375408340829423,9,0.2010965116545794,1,0.9894966626687548,0,1,0,1,1,0,1,0,material_positive_gt_0p2,positive_opportunity,0,0,0
613662b53d9a5ae7,4,0,12,1,-1,,,-1,,-1,,-1,,-1,,0,,0,0,0,0,0,0,0,0,RSMR_abstain,positive_opportunity,0,0,0
66da55b392b45a5d,4,0,21,1,17,0.1806756273563497,0.0001668158262966,17,0.1235992674374991,17,0.1722536387893001,17,0.3072033365639415,17,0.3707590141355786,1,0.0001668158262966,1,0,1,0,1,0,1,0,near_zero_positive_le_0p01,positive_opportunity,0,0,0
78823d4302645d60,4,0,12,1,-1,,,-1,,-1,,-1,,-1,,0,,0,0,0,0,0,0,0,0,RSMR_abstain,positive_opportunity,0,0,0
7a1756cf8f7a566e,4,0,13,1,2,0.3735332769637671,-0.002361465603113,2,0.3118281848659253,2,0.3604825562177263,-1,-0.4655940185538453,-1,-0.4020383409822082,1,-0.002361465603113,1,0,1,0,0,1,0,1,mild_harm,positive_opportunity,0,0,0
7c8389cb32f25aed,4,0,10,1,1,0.2603238397963863,1.7302572846444375,-1,-0.0437621792342491,1,0.0048921921175518,1,0.1246755761077906,1,0.1882312536794277,1,1.7302572846444375,0,1,1,0,1,0,1,0,material_positive_gt_0p2,positive_opportunity,0,0,0
80bebabe4c6f5627,4,0,14,1,9,0.1118967726713505,-0.0004784055048858,-1,-0.1048227280729301,-1,-0.0561683567211292,-1,-0.0445917253048943,9,0.0189639522667427,1,-0.0004784055048858,0,1,0,1,0,1,1,0,mild_harm,positive_opportunity,0,0,0
b16054ccc4bd54f9,4,0,11,1,1,0.245862366966942,1.8926528397743596,-1,-0.0456007185973336,1,0.0030536527544672,1,0.1129304041472377,1,0.1764860817188749,1,1.8926528397743596,0,1,1,0,1,0,1,0,material_positive_gt_0p2,positive_opportunity,0,0,0
b3734dd3dc905040,4,0,16,1,-1,,,-1,,-1,,-1,,-1,,0,,0,0,0,0,0,0,0,0,RSMR_abstain,positive_opportunity,0,0,0
b3c270be7e145adc,4,0,10,1,14,2.874996171380168,-1.2199467135749755,14,2.201219381863515,14,2.249873753215316,14,1.0669975098700324,14,1.1305531874416694,1,-1.2199467135749755,1,0,1,0,1,0,1,0,catastrophe,positive_opportunity,0,0,0
b76a132378175658,4,0,17,1,-1,,,-1,,-1,,-1,,-1,,0,,0,0,0,0,0,0,0,0,RSMR_abstain,positive_opportunity,0,0,0
c49669e6594c55d7,4,0,24,1,24,0.1745995715304889,-4.205154404068878e-05,-1,-0.010842014896883,24,0.0378123564549178,24,0.1020090160271782,24,0.1655646935988153,1,-4.205154404068878e-05,0,1,1,0,1,0,1,0,mild_harm,positive_opportunity,0,0,0
d72a6e0e28a159a2,4,0,7,0,5,0.0511620147923316,-0.0113237933923491,5,0.4889578183875116,5,0.5376121897393126,-1,-0.7499460144399464,-1,-0.6863903368683093,1,-0.0113237933923491,1,0,1,0,0,1,0,1,mild_harm,no_positive_opportunity,0,0,0
da13a4ab1eaf5a07,4,0,17,1,10,0.1802335349999149,4.382104147193644e-05,-1,-0.0847685400662855,-1,-0.0361141687144846,10,0.0189644184784733,10,0.0825200960501104,1,4.382104147193644e-05,0,1,0,1,1,0,1,0,near_zero_positive_le_0p01,positive_opportunity,0,0,0
dd2f426104cb5f43,4,0,6,1,-1,,,-1,,-1,,-1,,-1,,0,,0,0,0,0,0,0,0,0,RSMR_abstain,positive_opportunity,0,0,0
ea01c4873e9b5cf8,4,0,17,1,9,0.1771561115427936,-0.0001069160800426,-1,-0.0517856173744151,-1,-0.0031312460226142,-1,-0.0113073560645068,9,0.0522483215071302,1,-0.0001069160800426,0,1,0,1,0,1,1,0,mild_harm,positive_opportunity,0,0,0
ea47b3db126a588e,4,0,1,0,-1,,,-1,,-1,,-1,,-1,,0,,0,0,0,0,0,0,0,0,RSMR_abstain,no_positive_opportunity,0,0,0
023f35fd45755497,4,0,11,1,-1,,,-1,,-1,,-1,,-1,,0,,0,0,0,0,0,0,0,0,RSMR_abstain,positive_opportunity,0,0,0
07704203d30b5747,4,0,1,0,-1,,,-1,,-1,,-1,,-1,,0,,0,0,0,0,0,0,0,0,RSMR_abstain,no_positive_opportunity,0,0,0
2daba893c5535189,4,0,4,1,-1,,,-1,,-1,,-1,,-1,,0,,0,0,0,0,0,0,0,0,RSMR_abstain,positive_opportunity,0,0,0
2f19f98982615f60,4,0,11,0,-1,,,-1,,-1,,-1,,-1,,0,,0,0,0,0,0,0,0,0,RSMR_abstain,no_positive_opportunity,0,0,0
36ba502aa1eb5ecd,4,0,14,0,-1,,,-1,,-1,,-1,,-1,,0,,0,0,0,0,0,0,0,0,RSMR_abstain,no_positive_opportunity,0,0,0
43557bbc55b85aa6,4,0,6,1,-1,,,-1,,-1,,-1,,-1,,0,,0,0,0,0,0,0,0,0,RSMR_abstain,positive_opportunity,0,0,0
47cdc9127a1e55a7,4,0,11,1,9,0.0667910640570561,-0.0004928609021008,-1,-0.1748622937729275,-1,-0.1262079224211266,-1,-0.0393442760447993,9,0.0242114015268377,1,-0.0004928609021008,0,1,0,1,0,1,1,0,mild_harm,positive_opportunity,0,0,0
49677b3a648b58be,4,0,28,1,-1,,,-1,,-1,,-1,,-1,,0,,0,0,0,0,0,0,0,0,RSMR_abstain,positive_opportunity,0,0,0
4a1db4bffda6552f,4,0,16,1,-1,,,-1,,-1,,-1,,-1,,0,,0,0,0,0,0,0,0,0,RSMR_abstain,positive_opportunity,0,0,0
671ff8b7146358da,4,0,10,1,20,0.3289768692500041,2.019998709635657,20,0.0568295727199901,20,0.105483944071791,20,0.2556931544378157,20,0.3192488320094528,1,2.019998709635657,1,0,1,0,1,0,1,0,material_positive_gt_0p2,positive_opportunity,0,0,0
696a489252f453fb,4,0,3,1,-1,,,-1,,-1,,-1,,-1,,0,,0,0,0,0,0,0,0,0,RSMR_abstain,positive_opportunity,0,0,0
69f3980cf2db525c,4,0,16,1,2,0.1138571835349765,-0.0001963694116682,-1,-0.0780665342754058,-1,-0.0294121629236049,2,0.0105784216782517,2,0.0741340992498888,1,-0.0001963694116682,0,1,0,1,1,0,1,0,mild_harm,positive_opportunity,0,0,0
6c6d30fe3b6e59f0,4,0,23,1,9,0.0872614959794125,1.0326532647209063e-05,9,0.0038421966163505,9,0.0524965679681514,9,0.0596934047982732,9,0.1232490823699103,1,1.0326532647209063e-05,1,0,1,0,1,0,1,0,near_zero_positive_le_0p01,positive_opportunity,0,0,0
7449973a63d255af,4,0,9,0,-1,,,-1,,-1,,-1,,-1,,0,,0,0,0,0,0,0,0,0,RSMR_abstain,no_positive_opportunity,0,0,0
84130118c5ec5189,4,0,1,0,-1,,,-1,,-1,,-1,,-1,,0,,0,0,0,0,0,0,0,0,RSMR_abstain,no_positive_opportunity,0,0,0
986bd829651151e2,4,0,27,1,-1,,,-1,,-1,,-1,,-1,,0,,0,0,0,0,0,0,0,0,RSMR_abstain,positive_opportunity,0,0,0
c1dbec763983596c,4,0,17,0,6,0.0443173906885192,-0.0004926864345327,-1,-0.0129196970162158,6,0.035734674335585,-1,-0.0173626869503552,6,0.0461929906212818,1,-0.0004926864345327,0,1,1,0,0,1,1,0,mild_harm,no_positive_opportunity,0,0,0
c70954fab4a650c7,4,0,5,0,13,3.516119810400146,-1.233023564266786,13,2.5851866495581923,13,2.633841020909993,13,1.5546856478555533,13,1.6182413254271903,1,-1.233023564266786,1,0,1,0,1,0,1,0,catastrophe,no_positive_opportunity,0,0,0
d8d6c32be32650ad,4,0,7,1,-1,,,-1,,-1,,-1,,-1,,0,,0,0,0,0,0,0,0,0,RSMR_abstain,positive_opportunity,0,0,0
deeae175505b5728,4,0,9,1,23,0.8651766032890484,0.0006355421473274,23,0.6556884071331995,23,0.7043427784850005,23,0.593966077670739,23,0.657521755242376,1,0.0006355421473274,1,0,1,0,1,0,1,0,near_zero_positive_le_0p01,positive_opportunity,0,0,0
e380b20d49215557,4,0,13,1,-1,,,-1,,-1,,-1,,-1,,0,,0,0,0,0,0,0,0,0,RSMR_abstain,positive_opportunity,0,0,0
e4499494731e5026,4,0,9,1,26,0.2215318270182057,0.0005548425547778,26,0.7313836667262402,26,0.7800380380780412,26,0.1111675613904096,26,0.1747232389620467,1,0.0005548425547778,1,0,1,0,1,0,1,0,near_zero_positive_le_0p01,positive_opportunity,0,0,0
ed710413165b5ca4,4,0,10,0,1,0.1204755507993103,-0.0001985852306709,-1,-0.1146794504370563,-1,-0.0660250790852554,-1,-0.0693586596759164,-1,-0.0058029821042792,1,-0.0001985852306709,0,1,0,1,0,1,0,1,mild_harm,no_positive_opportunity,0,0,0
f9922d29f7ca5693,4,0,9,1,21,0.1177966351516257,-8.826512694358815e-05,-1,-0.0220352413100278,21,0.026619130041773,-1,-0.0279105416089071,21,0.03564513596273,1,-8.826512694358815e-05,0,1,1,0,0,1,1,0,mild_harm,positive_opportunity,0,0,0
fbe3cf848a4c5391,4,0,1,0,2,0.1078436452474513,-0.0046172204494472,2,0.0007561199128068,2,0.0494104912646078,2,0.0169448286276448,2,0.0805005061992819,1,-0.0046172204494472,1,0,1,0,1,0,1,0,mild_harm,no_positive_opportunity,0,0,0
fdf3abf3cf375c35,4,0,5,1,-1,,,-1,,-1,,-1,,-1,,0,,0,0,0,0,0,0,0,0,RSMR_abstain,positive_opportunity,0,0,0
00f4aedf9b3c5f65,4,0,16,1,21,0.0490956043257411,3.5336512327194085e-05,-1,-0.0259936672190096,21,0.0226607041327912,-1,-0.0028176490250284,21,0.0607380285466086,1,3.5336512327194085e-05,0,1,1,0,0,1,1,0,near_zero_positive_le_0p01,positive_opportunity,0,0,0
3584e6b997845f86,4,0,27,1,-1,,,-1,,-1,,-1,,-1,,0,,0,0,0,0,0,0,0,0,RSMR_abstain,positive_opportunity,0,0,0
3d56147a52d550b3,4,0,17,1,3,0.166780640517493,0.0001904807411134,-1,-0.0046824300865426,3,0.0439719412652582,3,0.0630731220727836,3,0.1266287996444208,1,0.0001904807411134,0,1,1,0,1,0,1,0,near_zero_positive_le_0p01,positive_opportunity,0,0,0
4132da23bf54566f,4,0,17,1,1,0.0398373439906395,0.0012187561772414,-1,-0.030328423376472,1,0.0183259479753289,-1,-0.0424047203458485,1,0.0211509572257885,1,0.0012187561772414,0,1,1,0,0,1,1,0,near_zero_positive_le_0p01,positive_opportunity,0,0,0
44ae005ad8b25d52,4,0,10,0,-1,,,-1,,-1,,-1,,-1,,0,,0,0,0,0,0,0,0,0,RSMR_abstain,no_positive_opportunity,0,0,0
48ee2a6b3a4b54cc,4,0,8,0,-1,,,-1,,-1,,-1,,-1,,0,,0,0,0,0,0,0,0,0,RSMR_abstain,no_positive_opportunity,0,0,0
49f109b9cca4567a,4,0,8,1,-1,,,-1,,-1,,-1,,-1,,0,,0,0,0,0,0,0,0,0,RSMR_abstain,positive_opportunity,0,0,0
4ac48ad526735073,4,0,15,1,1,0.1935467795769919,0.0003725693814456,-1,-0.0944365860413526,-1,-0.0457822146895517,1,0.0742721235134847,1,0.1378278010851218,1,0.0003725693814456,0,1,0,1,1,0,1,0,near_zero_positive_le_0p01,positive_opportunity,0,0,0
5214a5118acc5d75,4,0,15,1,6,0.0770547692832109,-0.001846320647036,6,0.0171631623348896,6,0.0658175336866906,6,0.0082899617483589,6,0.071845639319996,1,-0.001846320647036,1,0,1,0,1,0,1,0,mild_harm,positive_opportunity,0,0,0
55a7c26fd2d35b8e,4,0,16,1,-1,,,-1,,-1,,-1,,-1,,0,,0,0,0,0,0,0,0,0,RSMR_abstain,positive_opportunity,0,0,0
5693aed0af7e548c,4,0,5,0,17,0.0663365633702129,-2.020414070067741,17,0.1480147182263578,17,0.1966690895781587,17,0.0438624433159182,17,0.1074181208875553,1,-2.020414070067741,1,0,1,0,1,0,1,0,catastrophe,no_positive_opportunity,0,0,0
7418da8c04e85efb,4,0,7,1,1,0.2122064190269177,4.00804797271723,-1,-0.0686218840253227,-1,-0.0199675126735218,1,0.084506234917017,1,0.1480619124886542,1,4.00804797271723,0,1,0,1,1,0,1,0,material_positive_gt_0p2,positive_opportunity,0,0,0
