scenario_token,outer_test_fold,calibration_fold,candidate_count,positive_opportunity,rsm_selected_action,rsm_selected_teacher_improvement,quality_selected_action,plan_control_selected_action,agent_2d_selected_action,ego_ref_selected_action,fsfr_joint_selected_action,quality_value,plan_control_value,agent_2d_value,ego_ref_value,fsfr_joint_value,fsfr_plan_1d_occupancy_cost_improvement,fsfr_plan_2d_occupancy_cost_improvement,fsfr_predicted_demo_cost_improvement,v48_sign_nomult_risk,v48_sign_mult_risk,v48_sign_nomult_threshold,v48_sign_mult_threshold,v48_sign_nomult_selected_action,v48_sign_mult_selected_action
30e193cab0fc5a5d,0,1,9,0,-1,nan,-1,-1,-1,-1,-1,nan,nan,nan,nan,nan,nan,nan,nan,nan,nan,1.524954491750987,1.1827798501632278,-1,-1
366e33370f605634,0,1,4,1,28,1.2326923098775557,28,-1,-1,-1,-1,0.04769988985690745,-0.07487062715117496,-0.25294451220666714,-0.04428899464432066,-0.22185132964333917,-0.02371130673414354,-0.06216400148744908,0.37405641266905776,0.46735991677846994,0.9240106358588932,1.524954491750987,1.1827798501632278,28,28
3fabf2e29e5f5fc4,0,1,18,1,22,0.00020328318849216487,22,22,22,22,22,0.07866194150568633,0.13030188604636064,0.12697554129973102,0.09414435142919082,0.08775516179978615,0.009989764215952102,0.009989764215952102,-0.4388285021998649,0.7612346317905395,0.42281246311916043,1.524954491750987,1.1827798501632278,22,22
46f5fac22c0b5cb0,0,1,5,0,5,-0.0008687456113751976,-1,5,5,5,5,-0.032732857784812885,0.06126515472422968,0.06925430390915721,0.018329094823775108,0.022974712379969744,0.01818394636333956,0.021087803490530382,-0.522297807424541,0.9220087034603573,1.130116221672557,1.524954491750987,1.1827798501632278,5,5
518c0014d1a45ca8,0,1,13,1,12,-0.00013040864672486663,-1,12,12,12,12,-0.001634691566095188,0.1334629953064226,0.12476078841973126,0.15386846866282233,0.14773390554317925,0.026134691854945144,0.026134691854945144,0.24161479104908268,0.025164739411624205,-0.041011521419203785,1.524954491750987,1.1827798501632278,12,12
586dc46118d75100,0,1,14,1,9,-0.00040474789324213,-1,-1,-1,-1,-1,-0.07252252497564693,-0.4322105728406123,-0.4090415617372268,-0.36663914656592717,-0.33927492334833326,-0.06958177088352421,-0.06958177088352421,0.8055922446878951,0.8526928204862987,0.8446027528067024,1.524954491750987,1.1827798501632278,9,9
6596827fb10b569a,0,1,23,1,1,0.0005793339748345616,1,1,1,1,1,0.09566207418370856,0.45443557351560326,0.4313150048485318,0.5754631402981103,0.5653106694962323,0.06940485116971187,0.06940268682169733,1.4493165302676108,-1.8761259670790091,-1.9664205387186122,1.524954491750987,1.1827798501632278,1,1
8f79455cf8a85fb9,0,1,4,0,-1,nan,-1,-1,-1,-1,-1,nan,nan,nan,nan,nan,nan,nan,nan,nan,nan,1.524954491750987,1.1827798501632278,-1,-1
b2f2a9a83437555c,0,1,1,0,7,-0.0007529566446319302,-1,-1,-1,-1,-1,-0.1404873922864834,-0.20804712565862846,-0.20369532074897895,-0.21768231994078335,-0.21456217570374764,-0.013069452589143049,-0.013069452589143049,-0.1139487735778153,1.117211119316077,2.096724702243905,1.524954491750987,1.1827798501632278,7,-1
d1d8fef2f07e554f,0,1,27,1,19,-6.528710596098719e-05,19,19,19,19,19,0.09169740943754676,0.30094341467510705,0.22286151139954075,0.4381959382477345,0.37322886554358137,0.040478708372869404,0.027120695990012586,1.650876851944063,-1.6855589025033797,-1.813258598042007,1.524954491750987,1.1827798501632278,19,19
d3578202f06d5c62,0,1,25,1,26,8.269424438478445e-05,26,26,26,26,26,0.028715813942870146,0.151317305638604,0.14341935750418167,0.14721153908000398,0.13956222229700124,0.0237172987976334,0.0237171595533425,-0.05412135363641468,0.2924232091708065,-0.11278916570021116,1.524954491750987,1.1827798501632278,26,26
e7ee1c000ef85255,0,1,16,1,9,0.0005864605173468984,-1,-1,-1,-1,-1,-0.09363308179079309,-0.32763808499382757,-0.23956909879546612,-0.2948319996726645,-0.20428243786667544,-0.04526834465343338,-0.030175072996145524,0.4050333274560387,0.9576161363138076,0.8239934362379013,1.524954491750987,1.1827798501632278,9,9
e8a90962974f55d3,0,1,12,1,-1,nan,-1,-1,-1,-1,-1,nan,nan,nan,nan,nan,nan,nan,nan,nan,nan,1.524954491750987,1.1827798501632278,-1,-1
f390221c855a53d1,0,1,17,1,23,0.00017691048837065182,23,-1,-1,-1,-1,0.059610245492826036,-0.42636323462329895,-0.3950596507994948,-0.46845756541495687,-0.44350978960231935,-0.09401172919041212,-0.09401172919041212,-0.4908058075588817,2.2071464694933542,1.8668747975597502,1.524954491750987,1.1827798501632278,-1,-1
f473bc020969511e,0,1,24,1,2,0.002340053756078042,2,2,2,2,2,0.09503579861004448,0.45706566064109294,0.43181066864651607,0.586123358085808,0.5745745705229861,0.07003479560236991,0.06963466932424606,1.5462334772960498,-1.9772547397502296,-2.0681250509023372,1.524954491750987,1.1827798501632278,2,2
5eae283cb1b95a45,0,1,6,1,25,0.00021139208469539883,25,25,25,25,25,0.0061142925815621035,0.13714374296756227,0.11889300500364555,0.13754235112992075,0.11990932667116543,0.02534769017172231,0.023319163765026574,0.0,0.2566035182119927,0.4803200394849044,1.524954491750987,1.1827798501632278,25,25
ea5915d23f345a29,0,1,6,1,26,-6.736000906726325e-06,-1,-1,-1,-1,-1,-0.004502313348245195,-0.008396203259108292,-0.008145380263342881,-0.00840804896476624,-0.008178210287400803,-0.0007532742809543136,-0.0007532740193217369,0.0,0.6166504403295038,0.8363951785987276,1.524954491750987,1.1827798501632278,26,26
190d01845dda5596,0,1,4,0,-1,nan,-1,-1,-1,-1,-1,nan,nan,nan,nan,nan,nan,nan,nan,nan,nan,1.524954491750987,1.1827798501632278,-1,-1
247baf6242815059,0,1,20,1,12,-0.0004707026612013579,-1,-1,-1,12,12,-0.012360534393614854,-0.02341730702211007,-0.02270509406613943,0.07467862480811445,0.08435968247152344,-0.0021389362930291367,-0.0021389362930291367,1.1858044948308397,-0.5011422392780466,-0.5856651228306874,1.524954491750987,1.1827798501632278,12,12
273d4e72b01d53cf,0,1,14,1,8,-1.5629368781690487,-1,-1,-1,-1,-1,-0.1434606417850462,-0.20972162205335904,-0.20545347526151983,-0.20265629183819794,-0.198076635171373,-0.012818208375048268,-0.012818208375048268,0.08781377723053363,0.923387000279445,0.7979925141732612,1.524954491750987,1.1827798501632278,8,8
275e9cfb52fd59de,0,1,12,1,8,0.12727462194093242,8,8,8,8,8,0.8503470886511855,0.7690258314863265,0.7742640736836353,0.766443288318508,0.7710284407150789,-0.01573162388239735,-0.01573162388239735,-0.028218158028206597,-0.5970764395570469,-0.731576455486443,1.524954491750987,1.1827798501632278,8,8
4082f94c512b5d1f,0,1,14,1,23,-0.00014774904392167443,23,23,23,23,23,0.06237464660863763,0.044633805848334165,0.04577656758033694,0.039081629280793534,0.03962292132418911,-0.003431971466363426,-0.003431971466363426,-0.06644071036951893,0.6037026499325371,0.4405704593635441,1.524954491750987,1.1827798501632278,23,23
421dd5398e885a27,0,1,18,1,22,-0.00011464735288172975,-1,22,22,22,22,-0.03523522735132063,0.013933640686532307,0.01076646830960197,0.03613661183651408,0.03526343923309351,0.009511733655649668,0.009511733655649668,0.26649473114339806,0.2754874834834964,0.0719715550558348,1.524954491750987,1.1827798501632278,22,22
53620555ea3a5d3c,0,1,9,1,21,0.0,21,21,21,21,21,0.006752905121048182,0.006752905121048182,0.006752905121048182,0.006752905121048182,0.006752905121048182,0.0,0.0,0.0,0.5878488203944401,0.631661990766181,1.524954491750987,1.1827798501632278,21,21
60bd62401d0857f9,0,1,15,1,22,-5.674398746347009e-05,-1,-1,-1,-1,-1,-0.01219350793858418,-0.09619387929090795,-0.09078306414677743,-0.081989999920419,-0.07570152447963145,-0.016249899401057227,-0.016249899401057227,0.17472862209880602,0.6634197979889109,0.516295475539564,1.524954491750987,1.1827798501632278,22,22
6db53a1807af5a90,0,1,13,0,-1,nan,-1,-1,-1,-1,-1,nan,nan,nan,nan,nan,nan,nan,nan,nan,nan,1.524954491750987,1.1827798501632278,-1,-1
8e6c888a92425ff1,0,1,6,1,1,0.00030813117888772723,1,1,1,1,1,0.052196836669575905,0.0627251663790884,0.06204699264107369,0.06275719488982281,0.06213575874530811,0.0020367088369545316,0.0020367088369545316,0.0,0.4847318321353297,0.7018755826450007,1.524954491750987,1.1827798501632278,1,1
9a82cf7a1636581e,0,1,5,0,2,-0.004264268382638825,-1,-1,-1,-1,-1,-0.15985361883586147,-0.05479905803766101,-0.061566061556522944,-0.11187646692967354,-0.12335814923028773,0.020322839257850278,0.020322839257850278,-0.693589300722045,1.273722955598741,1.4578484021251155,1.524954491750987,1.1827798501632278,2,-1
c70bcca6e16953d7,0,1,14,1,10,0.0003409750871363748,10,10,10,10,10,0.07521004609898382,0.7629628721326067,0.7186618369513099,0.7002931139823624,0.6537399670293764,0.1330460098677887,0.1330460098677887,-0.7825883630936471,-0.5131407922905168,-0.7839455245265694,1.524954491750987,1.1827798501632278,10,10
d04f957744a353ba,0,1,10,1,21,0.00016387412324547768,21,21,21,21,21,0.016963242458506913,0.02853253405224992,0.027787307606765226,0.012687017364373481,0.010543030288467025,0.002238083255028611,0.002238083255028611,-0.19190362285536788,0.7273131095490799,0.6903291537703217,1.524954491750987,1.1827798501632278,21,21
d0c144dfeca55025,0,1,25,1,22,-0.00010299410598381756,22,22,22,22,22,0.042978355051696435,0.06665607968381547,0.06513089843811996,0.057291427102350696,0.05502562218390669,0.004580463599429374,0.004580463599429374,-0.11403353350462964,0.5773940191667619,0.15712953689427986,1.524954491750987,1.1827798501632278,22,22
f6cbfc9328fd5914,0,1,5,1,15,0.0028377727983173173,15,15,15,15,15,0.38834456847300025,0.29100631745850336,0.2972762812004892,0.2930491129541862,0.29900970887790457,-0.018830116598248514,-0.018830116598248514,0.02826355969976757,0.16567548322498893,0.4449318092593281,1.524954491750987,1.1827798501632278,15,15
d0ce91bcf7ba557a,0,1,2,1,-1,nan,-1,-1,-1,-1,-1,nan,nan,nan,nan,nan,nan,nan,nan,nan,nan,1.524954491750987,1.1827798501632278,-1,-1
00bf712a8e9e59bf,0,1,1,0,-1,nan,-1,-1,-1,-1,-1,nan,nan,nan,nan,nan,nan,nan,nan,nan,nan,1.524954491750987,1.1827798501632278,-1,-1
07db46e8eac253cf,0,1,12,1,16,0.7593208522055517,16,16,16,16,16,0.2687226301796579,0.36906091135465713,0.36411632473538924,0.39400373347965334,0.391880344587747,0.01941047341719432,0.01972447758731849,0.29772222760361045,-0.39566315761360205,-0.43285243326195133,1.524954491750987,1.1827798501632278,16,16
13adf1483845581c,0,1,18,1,21,0.0006412762776015768,21,-1,-1,-1,-1,0.05230721333231074,-0.09649261444734232,-0.08783831744869806,-0.14060313133641378,-0.13677585708629614,-0.028785375509499,-0.028977778811553334,-0.5275644707242536,1.3999041828488477,1.0399552028417862,1.524954491750987,1.1827798501632278,21,21
2ffe7083e279569c,0,1,15,1,3,0.00016050723339500195,3,3,3,3,3,0.0630176207662971,0.22103344660567611,0.210854986561995,0.14869026503736293,0.13266318279814948,0.03056821335818838,0.03056821335818838,-0.8800088781881515,0.9453001197495503,0.6096530434218416,1.524954491750987,1.1827798501632278,3,3
36857cb219845df9,0,1,14,1,7,0.00013242636164667587,7,7,7,7,7,0.028753014406428443,0.3507405859052262,0.33000002011915236,0.2718701811100036,0.24551821074120345,0.06228860135987291,0.06228860135987291,-0.9649121048630591,0.6693291948892143,0.35542859834785423,1.524954491750987,1.1827798501632278,7,7
6f8bc109eabc5ad5,0,1,4,1,19,-4.585174424573402e-06,-1,-1,-1,-1,-1,-0.004795137743934571,-0.016757721985985848,-0.007213652123016217,-0.012024653916593768,-0.002027172072127445,-0.0023141658468945336,-0.0005000742752125364,0.05763448209453648,0.5817527325189022,0.9872150484033407,1.524954491750987,1.1827798501632278,19,19
8fbfbaa44855539e,0,1,16,0,-1,nan,-1,-1,-1,-1,-1,nan,nan,nan,nan,nan,nan,nan,nan,nan,nan,1.524954491750987,1.1827798501632278,-1,-1
b66888a9942d59ff,0,1,5,1,22,0.003121770005300641,22,22,22,22,22,0.02657102344023839,0.6550167855500851,0.6145359663329145,0.7068439889034324,0.674342364644281,0.121573038891372,0.121573038891372,0.6031810520131842,-1.6238984679593649,-1.1954919196146843,1.524954491750987,1.1827798501632278,22,22
e4f303186cdb50b1,0,1,4,1,19,-4.3645644211215764e-06,-1,-1,-1,-1,19,-0.0038601199243871354,-0.015519791255198727,-0.0035362061858882484,-0.010625919463600371,0.0018495798703727462,-0.002255567244820733,6.69753834884046e-05,0.05956650994764345,0.5775398845252646,0.9833142789960839,1.524954491750987,1.1827798501632278,19,19
ee17abab9d83514f,0,1,4,0,17,-5.260109603405505e-05,17,17,17,17,17,0.0290811394858199,0.028128518293997245,0.08476580474638534,0.028891318352275243,0.08610376140739512,-0.0001842848821406451,0.011513873500807459,0.009252748294044988,0.5437525970255506,0.9389073774647864,1.524954491750987,1.1827798501632278,17,17
5b4aedf8449c54ca,0,1,4,1,1,0.001329014174267673,1,1,1,1,1,0.00977872068524219,0.09301505704006478,0.0876534565847335,0.14760412188547545,0.14769026586006412,0.016102096580088654,0.016102096580088654,0.6565981669473826,-0.26465935027232695,0.2525868228880861,1.524954491750987,1.1827798501632278,1,1
73458ba61f445d19,0,1,16,1,9,-2.754281880346099e-06,-1,-1,-1,9,9,-0.061770231552315064,-0.08329653764761995,-0.08190993826546802,0.04297956400153469,0.05587423972474004,-0.0041642709775400605,-0.0041642709775400605,1.5267204918543014,-0.7218904040138128,-0.6452696222861105,1.524954491750987,1.1827798501632278,9,9
7647b4788f795d71,0,1,1,1,1,0.0035336643615271335,1,-1,-1,-1,-1,0.005543435643397154,-0.2864541924178065,-0.26764540428356154,-0.2259520200125899,-0.2030685770248882,-0.05648703696130292,-0.05648703696130292,0.7418466442479823,0.6115221742361027,1.7317787956707325,1.524954491750987,1.1827798501632278,1,-1
8f2f7b6da7495074,0,1,22,1,6,-0.0030044126219674894,-1,-1,-1,-1,-1,-0.03586987114742783,-0.10590269450605788,-0.10139158752980747,-0.10746280240818304,-0.10345304158685525,-0.013547872658520893,-0.013547872658520893,-0.016277956600606158,0.8529134033272637,0.5069469340644146,1.524954491750987,1.1827798501632278,6,6
c23e9cc0ed7e5b21,0,1,17,1,3,0.0016556329336947506,3,3,3,3,3,0.03126945233161001,0.16619973281303865,0.15750797240849929,0.253792935522466,0.2538495807326495,0.026102307033658068,0.02610223738067033,1.0535221196997453,-0.8165658272430635,-0.8523713614846993,1.524954491750987,1.1827798501632278,3,3
cdfa6ac2b00156d1,0,1,10,0,-1,nan,-1,-1,-1,-1,-1,nan,nan,nan,nan,nan,nan,nan,nan,nan,nan,1.524954491750987,1.1827798501632278,-1,-1
16599b5179df53bb,0,1,7,0,-1,nan,-1,-1,-1,-1,-1,nan,nan,nan,nan,nan,nan,nan,nan,nan,nan,1.524954491750987,1.1827798501632278,-1,-1
181f26554b4b5e75,0,1,15,0,9,-0.00012368360642556198,-1,-1,-1,-1,-1,-0.06891855516714751,-0.10545208159357364,-0.10309880440117308,-0.04054641330385538,-0.032408132624803854,-0.007067422674898294,-0.007067422674898294,0.7856676093742043,0.04635176041531814,0.015470602504305132,1.524954491750987,1.1827798501632278,9,9
21411e892e975adf,0,1,3,0,-1,nan,-1,-1,-1,-1,-1,nan,nan,nan,nan,nan,nan,nan,nan,nan,nan,1.524954491750987,1.1827798501632278,-1,-1
24f940b7a94f5ed7,0,1,17,0,3,-0.0003130765174522987,3,3,3,3,3,0.11763037642881544,0.11722425866491308,0.11725041840816001,0.04882941969758152,0.042560823980865914,-7.856361468588924e-05,-7.856361468588924e-05,-0.8264730413534127,1.203378131176445,0.8150306444117156,1.524954491750987,1.1827798501632278,3,3
257140a662885e1d,0,1,7,1,3,0.0005220740450080363,3,3,3,3,-1,0.08292756426380835,0.20559108713981725,0.019060121337836466,0.15252393242521525,-0.03987252844749549,0.023729298749811834,-0.013205819864925111,-0.645776439273008,0.7744856625362234,0.809119641167238,1.524954491750987,1.1827798501632278,3,3
3e1e8ae126d0578f,0,1,15,1,-1,nan,-1,-1,-1,-1,-1,nan,nan,nan,nan,nan,nan,nan,nan,nan,nan,1.524954491750987,1.1827798501632278,-1,-1
40d5b1af93cf50e4,0,1,12,1,4,8.93150708446977e-05,-1,4,4,4,4,-0.012803392494634558,0.07236950232016989,0.0651265028330814,0.02653968121418409,0.01549943069862809,0.016476724449612956,0.0161135018507495,-0.5569417957294251,0.9444531126167998,0.766025375415628,1.524954491750987,1.1827798501632278,4,4
4b30de14589f513c,0,1,14,1,23,0.0002240603599697351,23,-1,-1,-1,-1,0.06332825655039587,-0.0918955740481408,-0.0773851743587814,-0.11853033542673344,-0.10722287524171092,-0.030028100962713078,-0.02909520306482355,-0.31615007637016057,1.1927812913427853,0.9793655757962043,1.524954491750987,1.1827798501632278,23,23
648d283b25fa50d1,0,1,4,0,23,-0.0001290052613243456,-1,23,23,23,23,-0.03499785418358672,0.20315314869887113,0.18781284683780528,0.30001692246782186,0.2948053400015256,0.04607038965184018,0.04607038965184018,1.1617538178562785,-1.0718144707517698,-0.4546677930372197,1.524954491750987,1.1827798501632278,23,23
651762602ed854bf,0,1,1,1,-1,nan,-1,-1,-1,-1,-1,nan,nan,nan,nan,nan,nan,nan,nan,nan,nan,1.524954491750987,1.1827798501632278,-1,-1
864541f05d165c97,0,1,2,1,21,7.027299320325284e-05,21,21,21,21,21,0.13846283895041903,0.237822841522004,0.23142264830880688,0.18732636224240298,0.1767878756184389,0.019221225100362338,0.019221225100362338,-0.6138555523475504,0.709270004102893,1.2880095523121158,1.524954491750987,1.1827798501632278,21,-1
a054dd394e1b559c,0,1,17,1,21,0.00048019668860943554,21,21,21,21,21,0.031124435501779405,0.09172758542727924,0.08799582941556264,0.260648807019398,0.272769861092752,0.011723699238733398,0.011759252431056855,2.039027891747885,-1.582874123606253,-1.4412308400537777,1.524954491750987,1.1827798501632278,21,21
b7c6fe6429785952,0,1,15,1,22,6.060907109617375e-05,22,-1,-1,-1,-1,0.027689461587087197,-0.09601641067068098,-0.08804799819518433,-0.11308491485537052,-0.10731892516819343,-0.02393094157973813,-0.02393094157973813,-0.20170940201795218,1.0618668184177387,0.8424965810627505,1.524954491750987,1.1827798501632278,22,22
c031140da54d502a,0,1,17,1,3,0.9911725879896434,3,-1,-1,-1,-1,0.04978092427084749,-0.13437173344983339,-0.12249041589341561,-0.06369769977083417,-0.04625469356438332,-0.03562439206187634,-0.03562040660897303,0.8607996025581635,0.14833940135842916,0.06557585743155933,1.524954491750987,1.1827798501632278,3,3
cdabe76a1ba75152,0,1,16,1,3,0.9906680473752321,3,-1,-1,3,3,0.07339836743422296,-0.008999729846905669,-0.003695540623402077,0.04052215301614187,0.04996159782553426,-0.01593993895623208,-0.015940645434515843,0.6014549206214035,0.10188764790597526,0.00014775953929929806,1.524954491750987,1.1827798501632278,3,3
cdccf3dfd4e153cc,0,1,24,1,21,0.0025033863656862554,21,21,21,21,21,0.07441610347087325,0.17667560157777856,0.17055176473356531,0.3465440697846603,0.3565756471201655,0.01978213346307836,0.019877893447246567,2.048943145295165,-1.7709284086977268,-1.7776441660773468,1.524954491750987,1.1827798501632278,21,21
d3e0b427c9095c6f,0,1,17,1,9,0.0002687987604178266,-1,-1,-1,-1,-1,-0.061525502535597076,-0.1389755494907065,-0.1339866681294489,-0.07307186631657675,-0.062415207509567736,-0.014982736997065316,-0.014982736997065316,0.7992318334997461,0.1245481768868337,0.04020170445014087,1.524954491750987,1.1827798501632278,9,9
d86f407ee78151b0,0,1,5,1,-1,nan,-1,-1,-1,-1,-1,nan,nan,nan,nan,nan,nan,nan,nan,nan,nan,1.524954491750987,1.1827798501632278,-1,-1
de2c82b474d85dd5,0,1,17,1,9,0.0006124333238229085,-1,9,9,9,9,-0.09243612011287076,0.0006463271809105386,0.04588264211413444,0.06648199300220688,0.11871278921147853,0.018006829972023852,0.02860005934520421,0.7921409165065791,-0.24911058915253007,-0.3273180254852495,1.524954491750987,1.1827798501632278,9,9
046577552dd15fc3,0,1,15,1,-1,nan,-1,-1,-1,-1,-1,nan,nan,nan,nan,nan,nan,nan,nan,nan,nan,1.524954491750987,1.1827798501632278,-1,-1
1f8c9456286d59fb,0,1,17,0,9,-0.0006121215932071156,-1,9,9,9,9,-0.11570777632462331,0.18944075818718814,0.16987136746022008,0.24032789780707192,0.2270002171449929,0.059031084129365585,0.059048970136059364,0.603706072529647,-0.5652107123724387,-0.6694067720029224,1.524954491750987,1.1827798501632278,9,9
369040b3134c5769,0,1,17,1,-1,nan,-1,-1,-1,-1,-1,nan,nan,nan,nan,nan,nan,nan,nan,nan,nan,1.524954491750987,1.1827798501632278,-1,-1
39dca464ed145043,0,1,17,1,3,1.3998703285889036e-05,3,3,3,3,3,0.03833899762620055,0.4670205559696724,0.4402418964118837,0.5822575110535624,0.5682789683357099,0.0829285881243566,0.08310113950713172,1.376772468635205,-1.8867350575955577,-1.8539961386246095,1.524954491750987,1.1827798501632278,3,3
3e940b9ccdf456b7,0,1,17,1,3,-0.00983716126978429,3,3,3,3,3,0.03818383670517157,0.47936886100229426,0.4520079593560734,0.594694460125694,0.5802077241253514,0.085347387715839,0.08556608138864713,1.377384006094558,-1.918778302563353,-1.8854976314642626,1.524954491750987,1.1827798501632278,3,3
4f74e2eb505a5fd0,0,1,9,0,7,-0.24303894127057868,-1,-1,-1,-1,-1,-0.115313191079963,-0.029924657594796622,-0.030828339804924096,-0.059072776825764964,-0.062180552241381436,0.016518439821151754,0.017468864825954278,-0.3553668821333702,0.9209304974483852,0.9093819297548432,1.524954491750987,1.1827798501632278,7,7
524cadd627f25d7f,0,1,8,0,7,-0.2439054437735635,-1,-1,-1,-1,-1,-0.09263717732450064,-0.005796149795107355,-0.009477884553388202,-0.03127206186538791,-0.036836798364015044,0.016799425270612733,0.017194780159004913,-0.311045072007079,0.8361638604435777,0.8824886819204782,1.524954491750987,1.1827798501632278,7,7
70c45003ec3e527b,0,1,1,0,9,-0.0006647571086881854,-1,9,-1,9,9,-0.13748417770109567,0.0008539052827405968,-0.00805702906633976,0.04923522813299053,0.04548241672463499,0.02676154754594734,0.02676154754594734,0.5795577727292947,-0.08212341809505816,1.030799984462451,1.524954491750987,1.1827798501632278,9,9
b1bfa52c4bc452b7,0,1,17,1,-1,nan,-1,-1,-1,-1,-1,nan,nan,nan,nan,nan,nan,nan,nan,nan,nan,1.524954491750987,1.1827798501632278,-1,-1
bed9898a4bf45a6b,0,1,17,1,-1,nan,-1,-1,-1,-1,-1,nan,nan,nan,nan,nan,nan,nan,nan,nan,nan,1.524954491750987,1.1827798501632278,-1,-1
db219c4afef9558d,0,1,18,1,3,0.00014902080035517073,3,-1,-1,-1,-1,0.03688861254526187,-0.19585277835603856,-0.18162305429216627,-0.0778041346424446,-0.053909300405313325,-0.045023898439035204,-0.04518148180731624,1.4350638545431587,-0.263274637175358,-0.26685070504032266,1.524954491750987,1.1827798501632278,3,3
fa1f7200f4ff5651,0,1,16,0,-1,nan,-1,-1,-1,-1,-1,nan,nan,nan,nan,nan,nan,nan,nan,nan,nan,1.524954491750987,1.1827798501632278,-1,-1
04e294754b4d56a6,0,1,7,1,22,4.5298025821094434e-05,22,-1,22,22,22,0.072460694021912,-0.001236452859557452,0.006283394583497498,0.024605349068033598,0.0341512334995161,-0.014256737246384654,-0.013683427040344642,0.3149833246736514,0.35901888485060407,0.5630300461516178,1.524954491750987,1.1827798501632278,22,22
3a223e65af13545c,0,1,7,1,1,1.6616739350611343,1,1,1,1,1,1.0171702435192622,1.126085764257121,1.1190152415741381,1.125375722472374,1.1187958438628094,0.021069743225069715,0.021058408429084186,-0.01258406666312184,-1.375225740794368,-1.276308845952838,1.524954491750987,1.1827798501632278,1,1
3e1f06aa9ff354c9,0,1,17,1,3,0.0003580765151420806,3,-1,-1,-1,-1,0.026358467301641073,-0.17334489744927914,-0.1169985941520377,-0.07142948749468961,-0.006334901679929058,-0.03863268143951268,-0.029641824428709468,1.2388942207865317,-0.13924996813567672,-0.15222474982470685,1.524954491750987,1.1827798501632278,3,3
3e3a2d672dfb5b51,0,1,6,1,6,-1.987346634269027e-05,-1,6,6,6,6,-0.013658635254988142,0.04955946042847281,0.11333741730770283,0.047018272182250014,0.11149685817494337,0.012229561353650276,0.026258871764184344,-0.03303187206566338,0.4938478678280377,0.7103229012407561,1.524954491750987,1.1827798501632278,6,6
6110193eb32f5ad4,0,1,17,1,-1,nan,-1,-1,-1,-1,-1,nan,nan,nan,nan,nan,nan,nan,nan,nan,nan,1.524954491750987,1.1827798501632278,-1,-1
6e075e93bd485b81,0,1,10,1,-1,nan,-1,-1,-1,-1,-1,nan,nan,nan,nan,nan,nan,nan,nan,nan,nan,1.524954491750987,1.1827798501632278,-1,-1
6fc9e653b0ee5565,0,1,12,1,10,-0.00017160955206474426,-1,10,10,10,10,-0.00875971511251677,0.22323510633758367,0.20829134986301978,0.28065019580906975,0.27217422196294466,0.04487947433372955,0.04487947433372955,0.6852794938228313,-0.6385657464118099,-0.5854404869948705,1.524954491750987,1.1827798501632278,10,10
99426aa893625f69,0,1,7,0,2,-0.990559431026876,2,-1,-1,-1,-1,0.01674306856625082,-0.03360382792130075,-0.030356211832098617,-0.10566672831760268,-0.10930646216150683,-0.009739623645789057,-0.009738680370046084,-0.8689622633803167,1.5408594290518962,1.5325106136226447,1.524954491750987,1.1827798501632278,-1,-1
9fb5b34a36925a6c,0,1,7,0,4,-0.0037563836089917757,-1,-1,-1,-1,-1,-0.10675083145577419,-0.5400591246118485,-0.408938217780872,-0.6022953555987656,-0.4781842527661093,-0.08382363149201999,-0.06248304310362446,-0.7361379634542102,2.59106896043743,2.600783257651243,1.524954491750987,1.1827798501632278,-1,-1
a1c1a996e52f5c4e,0,1,5,0,9,-0.0004672088905239846,-1,9,9,9,9,-0.009831809166581508,1.7902514144679125,1.6743004530937233,1.848971204886812,1.747619661864226,0.3482266902714368,0.34822667489438974,0.6434006736489803,-4.573190611425103,-4.095948208099453,1.524954491750987,1.1827798501632278,9,9
a657d16d34c3519a,0,1,3,1,20,1.784201655457297,20,20,20,20,20,0.06358859414702837,0.5761541289106088,0.543198149353297,0.5942858036431448,0.565617351295338,0.09915597088758427,0.09916848242839621,0.200261854582915,-1.0017744478762107,-0.43182096560634436,1.524954491750987,1.1827798501632278,20,20
a68adc1c27615ce9,0,1,13,0,-1,nan,-1,-1,-1,-1,-1,nan,nan,nan,nan,nan,nan,nan,nan,nan,nan,1.524954491750987,1.1827798501632278,-1,-1
a75ce500226f5481,0,1,17,1,4,-0.0008296889021993104,-1,-1,-1,-1,-1,-0.04858008519327299,-0.04173562656432454,-0.03910387881656581,-0.046790376122628666,-0.04456103280809626,0.0013240627676348177,0.0019593875796577523,-0.06133355470122459,0.7229721509469786,0.48362933897900673,1.524954491750987,1.1827798501632278,4,4
b95dc2615771588d,0,1,14,1,23,1.9696841584348586,-1,-1,-1,23,23,-0.012030046683439098,-0.0051410423743981975,-0.006167359353611643,0.005475121777496364,0.005455494116989481,0.001332680144065429,0.0012122231493097158,0.1280332143042905,0.4778826501267993,0.3551422013580133,1.524954491750987,1.1827798501632278,23,23
c3fd16e5694a5353,0,1,10,1,9,0.004479305555485258,9,-1,-1,9,9,0.08662515940729502,-0.1846415797019919,-0.16755303664216753,0.004398543637453789,0.037490349660984475,-0.052476639691150656,-0.052556221399241876,2.294346051468054,-1.081936528542634,-0.6782773173890602,1.524954491750987,1.1827798501632278,9,9
c8c5d04b848e504c,0,1,16,1,3,0.00029568436057303416,3,3,3,3,3,0.02583236001285936,0.07646249696991744,0.08616172474292338,0.1836069249363215,0.20353946933911451,0.00979441660755448,0.012474254278725977,1.292879459825546,-0.8255829801663461,-0.7939969595539367,1.524954491750987,1.1827798501632278,3,3
c944de45a71e5a38,0,1,14,0,-1,nan,-1,-1,-1,-1,-1,nan,nan,nan,nan,nan,nan,nan,nan,nan,nan,1.524954491750987,1.1827798501632278,-1,-1
f7cbec94d1ff5621,0,1,3,0,-1,nan,-1,-1,-1,-1,-1,nan,nan,nan,nan,nan,nan,nan,nan,nan,nan,1.524954491750987,1.1827798501632278,-1,-1
03dac455f9ec5792,0,1,18,1,23,-0.0001943112442734929,-1,-1,-1,-1,-1,-0.0403824420345861,-0.08583527991494266,-0.06493897483876268,-0.059681511847965364,-0.036449223824544935,-0.00879286640234507,-0.005077534560056843,0.31771484851649945,0.47448597615217836,0.27741197978272747,1.524954491750987,1.1827798501632278,23,23
0966d80519ed5508,0,1,11,1,-1,nan,-1,-1,-1,-1,-1,nan,nan,nan,nan,nan,nan,nan,nan,nan,nan,1.524954491750987,1.1827798501632278,-1,-1
222f2b699516591c,0,1,14,1,-1,nan,-1,-1,-1,-1,-1,nan,nan,nan,nan,nan,nan,nan,nan,nan,nan,1.524954491750987,1.1827798501632278,-1,-1
343925e5442554f5,0,1,4,1,9,-0.00011903538778423872,9,9,9,9,9,0.3041924600587267,0.3736443440031495,0.31033296820381306,0.3767685078056343,0.3135691869808442,0.01343548973821948,0.001269667936089236,0.03519947248808841,-0.12255875923752355,0.26472778879360126,1.524954491750987,1.1827798501632278,9,9
650894e30d725ba8,0,1,14,0,-1,nan,-1,-1,-1,-1,-1,nan,nan,nan,nan,nan,nan,nan,nan,nan,nan,1.524954491750987,1.1827798501632278,-1,-1
70a67a5dedae584b,0,1,23,1,22,0.00020503079220652578,22,-1,-1,-1,-1,0.028617092390086953,-0.23833450821325244,-0.22113903943090557,-0.22962652065818387,-0.21299376725196065,-0.05164187473125342,-0.05164187473125342,0.11504140381094041,1.1166434084090078,0.7652683430817401,1.524954491750987,1.1827798501632278,22,22
80c337fb67145ff6,0,1,29,1,20,0.00020890609137680372,20,-1,-1,-1,-1,0.11805001890507956,-0.5654655499353407,-0.5214289830742564,-0.5011164148437798,-0.45465149969013,-0.13222631107339705,-0.1322245595041207,0.8027263034135856,1.356315695055175,1.0112871053469388,1.524954491750987,1.1827798501632278,20,20
84ed4f2cc4f057ce,0,1,14,1,25,1.8950668792427905e-05,25,-1,-1,-1,-1,0.005804183837780924,-0.0009283348933315262,-0.0017197101394008903,-0.003953257996291813,-0.005068378994481851,-0.0013024079576677283,-0.0015557095132276433,-0.0363058843466878,0.6417035796355967,0.4875253717304865,1.524954491750987,1.1827798501632278,25,25
8bdafd4a1d7c50eb,0,1,21,1,3,0.0008188129012006717,3,-1,-1,-1,-1,0.09467546244169443,-0.13831289249437495,-0.12362344147479522,-0.08689183004442934,-0.06866461474178755,-0.04507167371259729,-0.0451374889890801,0.629940626979494,0.4204336579235021,0.1999890877518487,1.524954491750987,1.1827798501632278,3,3
9cb860301c105ca7,0,1,9,1,20,-3.7070147320572566e-05,20,-1,-1,-1,-1,0.05377540786848012,-0.010453394584589076,-0.04744241087710588,-0.00917073169808745,-0.04674050611014839,-0.012425082909873097,-0.020928727067156316,0.017860919321419644,0.654368589548289,0.6967167113367881,1.524954491750987,1.1827798501632278,20,20
a1ceb182eb7250a1,0,1,16,1,9,0.0007709787252359046,-1,9,9,9,9,-0.12753762834616794,0.03896116624177995,0.3802406341483214,0.09737664104486846,0.4480534413648804,0.03220924644610631,0.10499290340462372,0.699775936396885,-0.28677484347244864,-0.3512274495063084,1.524954491750987,1.1827798501632278,9,9
b704090abc8d5afe,0,1,30,1,18,0.0007353571400976477,18,-1,-1,-1,-1,0.1275214467004856,-0.17135335535211899,-0.15210157968600452,-0.0652575164053954,-0.03777136817903906,-0.057817428526539025,-0.057817428526539025,1.29305648194992,-0.11032629068088298,-0.36803812658830704,1.524954491750987,1.1827798501632278,18,18
fd35b4e54a465e54,0,1,1,0,7,-2.0207331793509424,-1,-1,-1,-1,-1,-0.015976682067799838,-0.01896877038368124,-0.017558715309599727,-0.03120671642006321,-0.03092693291615206,-0.0005788204664979313,-0.00032711574245658515,-0.14777419448289664,0.7768668588803566,1.7456017203351848,1.524954491750987,1.1827798501632278,7,-1
fe98c3c19baf5ea3,0,1,2,1,4,2.1286245316340877,4,4,4,4,4,1.4566476081134123,1.2787500351753853,1.2908199783048362,1.1899614009213346,1.1929589276546857,-0.034414343858197805,-0.03428804579538,-1.0663882651546612,-0.3655447469546227,0.04943879153142482,1.524954491750987,1.1827798501632278,4,4
05ba4ac2db9c50d2,0,1,11,1,25,-0.9894486065524201,25,25,25,25,25,0.00785996975666826,0.07811120018764714,0.07509255656289457,0.15691821419653337,0.16152272564391965,0.013590123578332447,0.013901627961605989,0.9497268907985549,-0.5125733835073939,-0.3798699405644158,1.524954491750987,1.1827798501632278,25,25
0d399eab6caf5d71,0,1,1,0,-1,nan,-1,-1,-1,-1,-1,nan,nan,nan,nan,nan,nan,nan,nan,nan,nan,1.524954491750987,1.1827798501632278,-1,-1
154c14f381535c43,0,1,1,1,24,7.987478524418279e-05,24,24,24,24,24,0.02064245827871965,0.09070558075641019,0.08619252208721333,0.08433478872716663,0.07959354701536606,0.013553734033045162,0.013553734033045162,-0.07956070125752557,0.46390091290748414,1.4455607502846306,1.524954491750987,1.1827798501632278,24,-1
20cd0f5250875606,0,1,5,0,9,-0.00035151679222472035,-1,9,9,9,9,-0.09691612659109468,0.12284704719732996,0.10869114294798275,0.1745739486607909,0.16629999052535427,0.042513258080021155,0.04251324994487937,0.6169926868673712,-0.393129589434147,0.03074134672593196,1.524954491750987,1.1827798501632278,9,9
30a3163cf0805a69,0,1,4,0,1,-1.2324926170708386,1,1,1,1,1,0.09017863139875837,0.446687536387945,0.4196088736828934,0.46927962335610984,0.44606392929971117,0.06896676465103613,0.06811602654431342,0.2598986244123225,-0.7084871033578339,-0.2588384583710615,1.524954491750987,1.1827798501632278,1,1
3da38924ebd45f50,0,1,10,1,1,1.7286877593049779,1,1,1,1,1,0.4846372404412494,1.5700530611562562,1.5001368897649359,1.6464979617345301,1.5891606694220022,0.20997404667362693,0.20997404667362693,0.8838642117381572,-3.8251334572632874,-3.654941981650546,1.524954491750987,1.1827798501632278,1,1
48fd1a7abb7c59a6,0,1,19,1,23,-0.0003539639446881182,-1,-1,-1,23,23,-0.02686781975706791,-0.024628051676958584,-0.02477232450399604,0.027129090760391654,0.031758187260619415,0.00043328387002980473,0.00043328387002980473,0.6253545569343099,0.03266585352582373,-0.13075819000165345,1.524954491750987,1.1827798501632278,23,23
501128405d13533f,0,1,10,1,-1,nan,-1,-1,-1,-1,-1,nan,nan,nan,nan,nan,nan,nan,nan,nan,nan,1.524954491750987,1.1827798501632278,-1,-1
594c56337e94571b,0,1,14,0,-1,nan,-1,-1,-1,-1,-1,nan,nan,nan,nan,nan,nan,nan,nan,nan,nan,1.524954491750987,1.1827798501632278,-1,-1
5c92fa52c5165a1e,0,1,19,1,10,-7.041046395883654e-05,-1,10,10,10,10,-0.02555054900699092,0.05301842549966674,0.04794898120216375,0.08958057915207918,0.08827638705369917,0.015199193899064795,0.015197438814385539,0.43893130177588324,0.017527729676582178,-0.17743383101907328,1.524954491750987,1.1827798501632278,10,10
83d128720881565a,0,1,17,0,3,-0.000577886478602796,-1,-1,-1,-1,-1,-0.17126729515695682,-0.0861352538826575,-0.09161896461824083,-0.02947412631934701,-0.029309766650459368,0.01646882131879701,0.01646882131879701,0.6815674278158049,0.010767219321650019,-0.0836059218722544,1.524954491750987,1.1827798501632278,3,3
95a810911ba359ec,0,1,11,0,18,-1.2317849212438547,18,18,18,18,18,0.3068196474224927,0.3827735048134562,0.37460607525940776,0.38639109577117015,0.37891505049656454,0.014693298634938234,0.014016145226584925,0.04092305962077791,-0.14901361892068574,-0.19833862502865265,1.524954491750987,1.1827798501632278,18,18
9d1adc78bda259ce,0,1,10,1,-1,nan,-1,-1,-1,-1,-1,nan,nan,nan,nan,nan,nan,nan,nan,nan,nan,1.524954491750987,1.1827798501632278,-1,-1
a3b5d1855e7e5d96,0,1,12,1,5,0.11936206060417026,-1,5,5,5,5,-0.031655654350443166,0.0993269238551301,0.1367138064138383,0.09912841834857371,0.1375791966262283,0.025338622733038607,0.03481361814007278,-0.007213839847447834,0.3272242916084914,0.2517448579984271,1.524954491750987,1.1827798501632278,5,5
bbc08519add25675,0,1,3,1,9,2.284032596921548,9,9,-1,9,-1,0.04238978930282279,0.4830606937629409,-0.40610005135657185,0.595401329375003,-0.2889290412506755,0.08524793106467288,-0.09273388405203331,1.341332399997,-1.8896088612554747,-1.1125729470024983,1.524954491750987,1.1827798501632278,9,9
bf75c93832c7569d,0,1,9,1,-1,nan,-1,-1,-1,-1,-1,nan,nan,nan,nan,nan,nan,nan,nan,nan,nan,1.524954491750987,1.1827798501632278,-1,-1
d5b4a2295da55f8c,0,1,5,0,7,-1.2230283835736102,7,7,7,7,7,0.9347436413089348,1.0042547648015152,0.933445938483591,1.007004040151041,0.936205549814097,0.01344694964824876,-0.00026832497066711647,0.030667116738819278,-1.1786007756201804,-0.9230311404888678,1.524954491750987,1.1827798501632278,7,7
dec7d1a6632a516c,0,1,9,1,1,0.009756261034843616,1,-1,1,1,1,0.07279515630658591,-0.021739750250056394,0.30444234799809083,0.0010820736248998986,0.3317654670491624,-0.018287808693018187,0.047897503728770746,0.2792557231891313,0.44592948136795263,0.5339490822792451,1.524954491750987,1.1827798501632278,1,1
e14c53a47ffc5fe0,0,1,21,1,24,-0.0002950868985615671,-1,-1,-1,24,24,-0.02685888714310198,-0.019177573022405713,-0.019672358582302374,0.03167126983082773,0.035894086986148925,0.0014859527371099135,0.0014859527371099135,0.6141785637275761,0.02968063919862586,-0.17890847234396273,1.524954491750987,1.1827798501632278,24,24
0624fd97bb1d5859,0,1,23,1,22,0.0001875565206632679,22,22,-1,22,22,0.06933573492564553,0.13977176113239143,-0.06527376996355606,0.2473697345539249,0.050776733307630606,0.013625872381791415,-0.02783309918535465,1.2976320449282996,-0.9535725603492762,-1.0798535821943775,1.524954491750987,1.1827798501632278,22,22
1289017760ab5cda,0,1,22,1,23,-0.00010211831200868104,-1,-1,-1,23,23,-0.04231312664079305,-0.002445109275919781,-0.005865880778098291,0.04473278540118791,0.045848632686586926,0.0077124810410837685,0.007536167746582126,0.5686353477372952,0.018171086812510992,-0.21693685757714237,1.524954491750987,1.1827798501632278,23,23
15210c5280b851a8,0,1,18,1,24,1.220051444119215,24,24,24,24,24,0.005594310532173524,0.18641448192322874,0.17476709863222697,0.18301900129113818,0.17198305331896063,0.034979721487925164,0.034979721487925164,-0.047678401751263255,0.17740333480734924,-0.08126238494469872,1.524954491750987,1.1827798501632278,24,24
327472f9f4b755a7,0,1,12,1,-1,nan,-1,-1,-1,-1,-1,nan,nan,nan,nan,nan,nan,nan,nan,nan,nan,1.524954491750987,1.1827798501632278,-1,-1
35c70713d92251fc,0,1,12,1,17,0.0,-1,-1,-1,-1,-1,-0.002518133817698766,-0.002518133817698766,-0.002518133817698766,-0.002518133817698766,-0.002518133817698766,0.0,0.0,0.0,0.6034382532858085,0.5232724732925484,1.524954491750987,1.1827798501632278,17,17
3a4fd1d48a995545,0,1,12,1,19,0.014261765146213357,19,19,19,19,19,0.32605039942711356,0.8645377122352943,0.829851492875098,0.8301659006850076,0.7950685079359039,0.10417054735599693,0.10417054735599693,-0.4351468271904857,-0.893072483591279,-1.0524255512156742,1.524954491750987,1.1827798501632278,19,19
3c9d60b02bfb51c0,0,1,17,0,9,-0.0004975407660006148,-1,-1,-1,9,9,-0.12119981729281143,-0.018833408905118768,-0.02542725728742186,0.028788048273165612,0.02709862660021914,0.019802815291977027,0.019802815291977027,0.5716978676670887,-0.010656809449761016,-0.12723652033409144,1.524954491750987,1.1827798501632278,9,9
4750b9c4cfbd5d3f,0,1,2,0,-1,nan,-1,-1,-1,-1,-1,nan,nan,nan,nan,nan,nan,nan,nan,nan,nan,1.524954491750987,1.1827798501632278,-1,-1
506ddb4d458f5a70,0,1,1,0,9,-0.9297249210089445,-1,-1,-1,-1,-1,-0.046178427279010996,-0.22788621982603935,-0.21608765563361612,-0.17350602850622404,-0.15763172919265311,-0.035151432091802326,-0.03513199464772837,0.6638138067198497,0.4943967974809144,1.6069405906402359,1.524954491750987,1.1827798501632278,9,-1
54dbabed00525444,0,1,17,0,6,-0.00011966039536054351,-1,-1,-1,-1,-1,-0.0698255731318765,-0.19128845363683492,-0.1834645216386133,-0.20632012057315818,-0.20049975197478226,-0.023497034089166646,-0.023497034089166646,-0.17717857486699096,1.1963785081771146,0.9327131742017011,1.524954491750987,1.1827798501632278,6,6
77f9220d917b52d0,0,1,12,1,1,0.9964797705322503,1,1,1,1,1,0.16710005901992775,0.20402192231480404,0.16715057701057864,0.3162562988687363,0.28958889950133326,0.007142546569524531,1.0445564342494162e-05,1.3548906845722128,-1.0884558105066602,-0.9292176009123275,1.524954491750987,1.1827798501632278,1,1
7ca96f8e844f56ca,0,1,15,1,20,3.252210966228601,20,20,20,20,20,0.04393155207959519,0.6438462355867928,0.6052032224375751,0.6419210144771301,0.6061659244253198,0.11605369237381785,0.11605369237381785,-0.04531812921048306,-0.9522635416327259,-1.1195602342098068,1.524954491750987,1.1827798501632278,20,20
7d363b1db0fc5975,0,1,11,1,5,-0.9769596037015144,5,5,5,5,-1,0.14912918318352578,0.1141286020825226,0.11557271181507589,0.008305848613239103,-0.00017241122996528024,-0.006770873898691548,-0.0069384446267546085,-1.2774828159493172,1.675228691028599,1.3900156040086546,1.524954491750987,1.1827798501632278,-1,-1
8813e8c6790a59d3,0,1,13,1,22,0.00010857298851463248,22,22,22,22,22,0.12836853495404305,0.2703179349934203,0.2611743806130257,0.3819190943559609,0.38376866710306573,0.027460158015319258,0.027460158015319258,1.3433778988342033,-1.2785435018332112,-1.1503922750283369,1.524954491750987,1.1827798501632278,22,22
9626975e16725ec8,0,1,20,1,22,0.0008604435924439713,22,-1,-1,-1,-1,0.07126548310305211,-0.21016609973317665,-0.19203791475099483,-0.1349893005287895,-0.11138233528443003,-0.05444303204550663,-0.05444303204550663,0.9187874295665732,0.30273668808033605,0.15578703122352724,1.524954491750987,1.1827798501632278,22,22
9907ad0101c45e09,0,1,1,0,-1,nan,-1,-1,-1,-1,-1,nan,nan,nan,nan,nan,nan,nan,nan,nan,nan,1.524954491750987,1.1827798501632278,-1,-1
9e720f0176b35d63,0,1,24,1,19,-9.262234168127192e-05,-1,-1,-1,-1,-1,-0.0998189426026542,-0.22990186218098416,-0.22152096295732793,-0.21769573056492175,-0.20885640136789607,-0.025164583476394387,-0.025164228977573616,0.15228175275012423,0.9493924751819566,0.5980101291050656,1.524954491750987,1.1827798501632278,19,19
a67f3948c2445760,0,1,3,1,3,0.0006509598884731531,3,3,3,3,3,0.0992417242539443,0.24559068527448485,0.2361637367756934,0.19246047591735785,0.17889299074174297,0.028311254530748453,0.028311254530748453,-0.6474091026610055,0.6885638970446881,1.0894469424015274,1.524954491750987,1.1827798501632278,3,3
a8e99095a8235549,0,1,4,0,16,-1.2318749638779087,16,16,16,16,16,2.4079723824805743,2.3979479940237534,2.398593706798585,2.4009156742351836,2.401783212915426,-0.0019392212362636663,-0.0019392212362636663,0.036230162424029766,-3.459535515835122,-3.1892940303547705,1.524954491750987,1.1827798501632278,16,16
aed1237adf57578c,0,1,1,1,0,1.0332035451421078,0,0,0,0,0,1.0469789120425848,2.434306758065947,2.35212447703257,2.437878265304885,2.3631773614049685,0.2683790270355918,0.26986389996451204,-0.007841588851585701,-4.672276861163604,-3.6889860707723243,1.524954491750987,1.1827798501632278,0,0
ba5ddc3d1d5d56ad,0,1,1,0,25,-3.6526486277832504e-05,25,25,25,25,25,0.012762695531931724,0.01928817364568988,0.018867840315822542,0.018417071123740157,0.01794993147516344,0.0012623558823045278,0.0012623558823045278,-0.010766348048020569,0.5716269688962715,1.564134690506963,1.524954491750987,1.1827798501632278,25,-1
c81dc86e054f566d,0,1,15,1,3,0.0005305072082206763,3,3,3,-1,-1,0.0551113876017744,0.015256728065181566,0.017823933327647312,-0.051362793106626635,-0.055128553316531374,-0.007709896964819829,-0.007709896964819829,-0.8035697997773059,1.3863593767540834,1.0584275500964335,1.524954491750987,1.1827798501632278,3,3
cffbf96734fa5f35,0,1,2,0,1,-0.00012115731714312794,-1,-1,-1,-1,-1,-0.015386154573087764,-0.1055280480973427,-0.10497532395582848,-0.17536206758671105,-0.18174232883623245,-0.01743797888042828,-0.018524280580452482,-0.8405653976199329,1.668294459222719,2.207625054846091,1.524954491750987,1.1827798501632278,-1,-1
f4ba7c7ca86f5233,0,1,13,1,22,6.64908149863308e-05,22,22,22,22,22,0.1251936210924971,0.2528117128018531,0.24459129791356915,0.36438094854542724,0.36707750285771346,0.024687761716360092,0.024687761716360092,1.343518968666897,-1.2369942239430556,-1.1091276397313972,1.524954491750987,1.1827798501632278,22,22
045cd7a008c65925,0,1,17,1,9,0.00042712006894873866,-1,-1,-1,9,9,-0.045005448218968236,-0.014076764547112482,-0.01606901038252414,0.10338442688356503,0.11235724020251484,0.00598316400491572,0.00598316400491572,1.4182721944028245,-0.7780198074865832,-0.7465780679937021,1.524954491750987,1.1827798501632278,9,9
0c77a4182a655cf9,0,1,3,1,-1,nan,-1,-1,-1,-1,-1,nan,nan,nan,nan,nan,nan,nan,nan,nan,nan,1.524954491750987,1.1827798501632278,-1,-1
1470dbcb0c415442,0,1,9,1,9,0.0005928187692534337,-1,9,9,9,9,-0.1299976554846019,0.39705821045280515,0.3631083383831258,0.45094091074364323,0.4246413339539728,0.10195913020785757,0.10195913020785757,0.6317470404257322,-1.1311619220687235,-0.9467760394224789,1.524954491750987,1.1827798501632278,9,9
208da297c61b5a6b,0,1,14,0,9,-0.0002173149178734679,-1,-1,-1,-1,-1,-0.08673318476040684,-0.5163930055448205,-0.612284280347089,-0.4549637590545892,-0.5485119660396153,-0.08311783331455297,-0.10866777782502168,0.7581101083486632,1.1000672696185216,1.081721458441942,1.524954491750987,1.1827798501632278,9,9
249837af09305794,0,1,2,0,-1,nan,-1,-1,-1,-1,-1,nan,nan,nan,nan,nan,nan,nan,nan,nan,nan,1.524954491750987,1.1827798501632278,-1,-1
2648d4ed541751cc,0,1,13,1,-1,nan,-1,-1,-1,-1,-1,nan,nan,nan,nan,nan,nan,nan,nan,nan,nan,1.524954491750987,1.1827798501632278,-1,-1
2e3481cf5ec35baa,0,1,14,0,-1,nan,-1,-1,-1,-1,-1,nan,nan,nan,nan,nan,nan,nan,nan,nan,nan,1.524954491750987,1.1827798501632278,-1,-1
31d6d7b013a75d29,0,1,17,1,9,0.0001595312765800827,-1,-1,-1,-1,-1,-0.10738443188994276,-0.2403831257095861,-0.23181612374181448,-0.18357364714200108,-0.17045938811075878,-0.02572864096012628,-0.02572864096012628,0.6913788738674504,0.44706549895161146,0.3436495957742379,1.524954491750987,1.1827798501632278,9,9
45389fbdea6657a0,0,1,10,0,6,-0.00032883506886438596,6,6,6,6,6,0.007990966366270984,0.2965372650488857,0.2771700682382501,0.2199716340821655,0.19502719181362219,0.05581937616053395,0.0556579466449586,-0.9358317147364046,0.7608732646771009,0.5978812913972676,1.524954491750987,1.1827798501632278,6,6
46bf28b955d051b1,0,1,29,1,5,-0.0003345792815641069,-1,5,5,5,5,-0.01175419644744935,0.24959895069839155,0.23276410171169393,0.2270655705791972,0.20949282568788005,0.05055885207288591,0.05055885207288591,-0.28190259878805124,0.22931470124690617,-0.2748298057167285,1.524954491750987,1.1827798501632278,5,5
4efebde6623256df,0,1,6,1,-1,nan,-1,-1,-1,-1,-1,nan,nan,nan,nan,nan,nan,nan,nan,nan,nan,1.524954491750987,1.1827798501632278,-1,-1
5991dfcee3185e01,0,1,15,0,2,-3.552210174457291e-05,2,2,2,2,2,0.02969879853406421,0.1378135491728643,0.13084942603099523,0.16868349079299072,0.16511193702979315,0.020914833986651032,0.020914833986651032,0.3690600771926692,-0.08259684266532438,-0.19004002027081673,1.524954491750987,1.1827798501632278,2,2
6c82dcb2637f5ad4,0,1,3,0,9,-0.0003719746213523001,-1,9,9,9,9,-0.008926668399538897,0.4250313715423205,0.3970783197089413,0.48258567453664697,0.4621450738537158,0.08394932522093082,0.08394932522093082,0.6795373358302037,-1.1449428199612022,-0.48617879941996556,1.524954491750987,1.1827798501632278,9,9
1a9e0797610e5da4,1,2,17,1,9,-0.00031520080855118593,-1,-1,-1,-1,-1,-0.16301527135676588,-0.12769497036267113,-0.14461591026684117,-0.06587401226797586,-0.07791470318759888,0.00923570568601599,0.004980403345839837,0.7686247736076708,0.2661267466937653,0.16122018901899532,1.3753623354723035,1.2856047068539465,9,9
31e5a1e6febd5acb,1,2,12,1,4,0.0022942917462438484,4,-1,-1,-1,-1,0.019528038239878573,-0.03695275238790826,-0.03503325839780916,-0.10674762820956778,-0.11087515986160602,-0.014768842407060556,-0.014768842407060556,-0.8647294543218824,1.786471894503859,1.559810224538866,1.3753623354723035,1.2856047068539465,-1,-1
3f0c33142293536e,1,2,11,1,19,0.0,-1,-1,-1,-1,-1,-0.016931838450246758,-0.016931838450246758,-0.016931838450246758,-0.016931838450246758,-0.016931838450246758,0.0,0.0,0.0,0.8419054546584213,0.7844037983202441,1.3753623354723035,1.2856047068539465,19,19
48fc14e048fb5fe2,1,2,18,1,23,0.00012721833586692988,23,23,23,-1,-1,0.004444560494350229,0.01184770930782096,0.011596114039813588,-0.011597387928283838,-0.013693463508907213,0.0019358075006899178,0.0019358075006899178,-0.2952969963578852,1.100699367439839,0.7961939692876594,1.3753623354723035,1.2856047068539465,23,23
65f00228b6bc54b5,1,2,17,1,-1,nan,-1,-1,-1,-1,-1,nan,nan,nan,nan,nan,nan,nan,nan,nan,nan,1.3753623354723035,1.2856047068539465,-1,-1
d22547ad7061548d,1,2,11,1,26,0.004349149602115965,-1,-1,-1,-1,-1,-0.02077811052565462,-0.42405238757041086,-0.41034715181600656,-0.28967376571541403,-0.2679522491854276,-0.10544990922214825,-0.10544990922214825,1.7585018485042254,-0.3525464816875959,-0.12229468323943878,1.3753623354723035,1.2856047068539465,26,26
ebc361211e395b18,1,2,19,0,-1,nan,-1,-1,-1,-1,-1,nan,nan,nan,nan,nan,nan,nan,nan,nan,nan,1.3753623354723035,1.2856047068539465,-1,-1
f757646a2d865977,1,2,1,0,5,-0.00023967403620472894,-1,-1,-1,-1,-1,-0.14117526637964814,-0.276787285914598,-0.2721785250670741,-0.3076541119903209,-0.30650319215501043,-0.03546041977729608,-0.03546041977729608,-0.36220126615142245,1.7193629426831387,2.5928566145010707,1.3753623354723035,1.2856047068539465,-1,-1
9ca3798eb199579e,1,2,10,0,23,-7.272584703751916e-05,-1,-1,-1,-1,-1,-0.0756890779888464,-0.1850061387357592,-0.28601538544003036,-0.14557039407117642,-0.24663963317122156,-0.028584699764807153,-0.05693185976558829,0.5144119652419636,0.5989189299781115,0.6685348738510394,1.3753623354723035,1.2856047068539465,23,23
f7050dbcd3c954f3,1,2,6,1,2,1.2324836412908278,-1,-1,-1,-1,-1,-0.018314670360585806,-0.0057075811357303816,-0.006104185349994844,-0.007717865796242111,-0.008187079013878176,0.0032965564381111923,0.0033051767452063896,-0.027508813131726595,0.8529959565804626,1.0363414064339773,1.3753623354723035,1.2856047068539465,2,2
180f81d1ca5c5ee3,1,2,17,1,23,7.068096973794624e-05,-1,-1,-1,-1,-1,-0.004193164112363969,-0.016147423112250467,-0.01574115882219144,-0.032616638983360285,-0.03362754094790569,-0.0031258515559031766,-0.0031258515559031766,-0.20429779062714903,1.0540594881943162,0.788219803023444,1.3753623354723035,1.2856047068539465,23,23
1bd8ca835d485cd8,1,2,14,1,23,0.0001267136363314325,23,-1,-1,-1,-1,0.020882827703631316,-0.03520825653111391,-0.033302006673595674,-0.06909225791267094,-0.07032477241857561,-0.014666940287067498,-0.014666940287067498,-0.41456710856797274,1.3009881491295308,1.0811387116598534,1.3753623354723035,1.2856047068539465,23,23
291db523bb115ccf,1,2,16,1,24,-8.852075822662897e-05,-1,24,24,24,24,-0.07016669523809249,0.033467954800734584,0.029945941640074497,0.05368746203409064,0.052535355629853855,0.02709883833639748,0.02709883833639748,0.2345562733764197,0.5277380582569711,0.3547358309554904,1.3753623354723035,1.2856047068539465,24,24
2d4f708394ef542e,1,2,2,0,-1,nan,-1,-1,-1,-1,-1,nan,nan,nan,nan,nan,nan,nan,nan,nan,nan,1.3753623354723035,1.2856047068539465,-1,-1
39346eef49ad52a6,1,2,16,0,2,-1.8276321345854374,-1,-1,-1,-1,-1,-0.23474900042958136,-0.29853366508913765,-0.29636594967450475,-0.35829384156848393,-0.361412985907796,-0.016678691106720156,-0.016678691106720156,-0.7375838454555388,2.196608189777754,1.8940328306539087,1.3753623354723035,1.2856047068539465,-1,-1
621fb14952d45fbc,1,2,2,0,2,-1.793281329542026,-1,-1,-1,-1,-1,-0.3272054905934107,-0.11682729086080379,-0.1239769728242843,-0.17835172610090025,-0.18898930392049362,0.055010605255292055,0.055010605255292055,-0.8098254174870412,2.0056258543709014,2.5304453644012814,1.3753623354723035,1.2856047068539465,-1,-1
79a3cfc7d4535d5f,1,2,14,1,25,0.003068311465525664,25,-1,-1,25,25,0.022628821110373856,-0.026161525791151594,-0.021207410606659906,0.058597512757354815,0.07014176246225019,-0.012757911784966103,-0.011865744361747227,1.071588606573232,-0.30619627833198004,-0.29746841423053416,1.3753623354723035,1.2856047068539465,25,25
7a90e31caaa35114,1,2,11,1,23,-0.00024712731484388684,23,23,23,23,23,0.007792557094460343,0.05797883099791609,0.05627325552575268,0.053439252890531315,0.051721821165145385,0.01312292483938901,0.01312292483938901,-0.06609008218721002,0.7760914064265524,0.7043440616415869,1.3753623354723035,1.2856047068539465,23,23
9e4525cb8f5e5fcd,1,2,15,0,-1,nan,-1,-1,-1,-1,-1,nan,nan,nan,nan,nan,nan,nan,nan,nan,nan,1.3753623354723035,1.2856047068539465,-1,-1
c5e0107671965987,1,2,13,0,-1,nan,-1,-1,-1,-1,-1,nan,nan,nan,nan,nan,nan,nan,nan,nan,nan,1.3753623354723035,1.2856047068539465,-1,-1
ca00c31168b252d5,1,2,16,1,-1,nan,-1,-1,-1,-1,-1,nan,nan,nan,nan,nan,nan,nan,nan,nan,nan,1.3753623354723035,1.2856047068539465,-1,-1
e2c31e25cb35514d,1,2,14,1,9,-0.000541065095644444,-1,-1,-1,-1,-1,-0.14352313151685595,-0.2059984020240723,-0.20375108845797268,-0.15213297777570034,-0.14596701906356915,-0.01633630503758604,-0.01630271381688847,0.6867609157600467,0.4778143759942179,0.44132950496468476,1.3753623354723035,1.2856047068539465,9,9
114a8e53ec3c5e0d,1,2,3,1,-1,nan,-1,-1,-1,-1,-1,nan,nan,nan,nan,nan,nan,nan,nan,nan,nan,1.3753623354723035,1.2856047068539465,-1,-1
1907423ff64a51eb,1,2,9,1,22,4.7492956556399735e-05,-1,-1,-1,22,-1,-0.08935156207370522,-0.017911884332366096,-0.02668789031181998,0.0018459272177558106,-0.004975659583207281,0.018680357170035106,0.016962021614783135,0.2346535973653141,0.6222282356712598,0.6851423074974167,1.3753623354723035,1.2856047068539465,22,22
b8091003cbb95da3,1,2,2,1,21,0.005799536113289651,21,21,21,21,21,0.02364750881538573,0.06945601195788587,0.06789921458482986,0.113785966119564,0.11614027682735106,0.011978206329889551,0.011978206329889551,0.5474133825779106,0.09331466111931909,0.8054273647541111,1.3753623354723035,1.2856047068539465,21,21
c9281513f02f50f2,1,2,12,1,23,0.0,-1,-1,-1,-1,-1,-0.030076236021566404,-0.030076236021566404,-0.030076236021566404,-0.030076236021566404,-0.030076236021566404,0.0,0.0,0.0,0.8695069614222584,0.7778357173815245,1.3753623354723035,1.2856047068539465,23,23
eeb054ac63575b33,1,2,2,1,-1,nan,-1,-1,-1,-1,-1,nan,nan,nan,nan,nan,nan,nan,nan,nan,nan,1.3753623354723035,1.2856047068539465,-1,-1
6988613e2a3557be,1,2,17,1,-1,nan,-1,-1,-1,-1,-1,nan,nan,nan,nan,nan,nan,nan,nan,nan,nan,1.3753623354723035,1.2856047068539465,-1,-1
b66ea7e3342b533b,1,2,2,0,2,-5.520669647962606e-05,-1,-1,-1,2,2,-0.17549616442552207,-0.004673397514217137,-0.010478792070734488,0.05487614207959235,0.05509864247080054,0.044667478907597535,0.044667478907597535,0.7153744011713535,0.1207744538376834,0.8698870981842267,1.3753623354723035,1.2856047068539465,2,2
ebdc46dacb5f53f2,1,2,20,1,21,7.133007049464624e-07,-1,-1,-1,-1,-1,-0.03625465468093068,-0.034363535891441095,-0.03442780537334177,-0.03520775846379423,-0.035326939376351486,0.0004944979534557414,0.0004944979534557414,-0.010930196169180006,0.8909935425011403,0.5911770393922081,1.3753623354723035,1.2856047068539465,21,21
06a937676ff65c69,1,2,17,1,9,-0.0008672325992258312,-1,-1,-1,9,9,-0.12788100344072018,-0.039801144481419415,-0.04768807832883307,0.025314852098503565,0.02320445639502719,0.0230315040166251,0.021706901157487996,0.8002909710701636,0.06944648906107356,-0.03559421403087721,1.3753623354723035,1.2856047068539465,9,9
26f611f146275818,1,2,17,1,-1,nan,-1,-1,-1,-1,-1,nan,nan,nan,nan,nan,nan,nan,nan,nan,nan,1.3753623354723035,1.2856047068539465,-1,-1
441987f47a6f5784,1,2,9,0,-1,nan,-1,-1,-1,-1,-1,nan,nan,nan,nan,nan,nan,nan,nan,nan,nan,1.3753623354723035,1.2856047068539465,-1,-1
5f4392860e5752ce,1,2,6,1,24,-0.00046456240278203165,-1,-1,-1,-1,-1,-0.09254787050588073,-0.21958008114908711,-0.2159541244356088,-0.18926543138599272,-0.1841027842760951,-0.03321693408957066,-0.03340403598610464,0.4032946457475073,0.7831748068271256,1.0446501667012762,1.3753623354723035,1.2856047068539465,24,24
5fde760ec9f05c3d,1,2,16,1,22,-0.0001297025804172236,-1,-1,-1,22,22,-0.023236322590566814,-0.042469040196225105,-0.01986749778208146,0.14846534689741972,0.18689793852438485,-0.005029054519603782,0.0009118852695877699,2.3973613142118344,-1.6792285554334399,-1.5177501372405933,1.3753623354723035,1.2856047068539465,22,22
606e5b5125985e1f,1,2,12,1,-1,nan,-1,-1,-1,-1,-1,nan,nan,nan,nan,nan,nan,nan,nan,nan,nan,1.3753623354723035,1.2856047068539465,-1,-1
73cd1e45d87156ee,1,2,18,1,23,0.000388450409076313,23,-1,-1,23,23,0.02378442219667034,-0.12289050898964565,-0.11569099997572305,0.03031834098291297,0.04892735083257083,-0.038353197957739615,-0.0377536945905253,1.9476751725404986,-1.0815160717699954,-1.0356666758967241,1.3753623354723035,1.2856047068539465,23,23
7a9a7b86210b5dc4,1,2,17,0,3,-0.0001631911307573286,3,3,3,3,-1,0.10405793744860473,0.07152625969684057,0.07263184549403426,0.001593521735538811,-0.0031894571937596955,-0.008506524370724966,-0.008506524370724966,-0.870836253058381,1.5751096668188038,1.1985799137340265,1.3753623354723035,1.2856047068539465,-1,3
81195788481d5844,1,2,17,1,-1,nan,-1,-1,-1,-1,-1,nan,nan,nan,nan,nan,nan,nan,nan,nan,nan,1.3753623354723035,1.2856047068539465,-1,-1
948d834b78515695,1,2,10,1,22,2.8722488693892767e-05,22,22,22,22,22,0.030471284406013644,0.046609423593930756,0.04654615368245349,0.03694220356494317,0.03622254043904533,0.004219870716404228,0.00435120178016174,-0.12415339655106494,0.8480712282435655,0.8055196983097199,1.3753623354723035,1.2856047068539465,22,22
a08635adfbc45990,1,2,16,1,-1,nan,-1,-1,-1,-1,-1,nan,nan,nan,nan,nan,nan,nan,nan,nan,nan,1.3753623354723035,1.2856047068539465,-1,-1
a5836bf6d71f58f2,1,2,17,1,9,0.0008614462114870658,-1,-1,-1,-1,-1,-0.22023205595566844,-0.32300656478736867,-0.3189477177855299,-0.25952259552885715,-0.25104184011816216,-0.02687392487830531,-0.026720700249393714,0.814721151288213,0.5698676079053246,0.48235860133263964,1.3753623354723035,1.2856047068539465,9,9
a6e92119ed185a7d,1,2,19,0,-1,nan,-1,-1,-1,-1,-1,nan,nan,nan,nan,nan,nan,nan,nan,nan,nan,1.3753623354723035,1.2856047068539465,-1,-1
aeb0da156a7b5426,1,2,3,1,21,8.050889065489182e-05,21,21,21,21,21,0.1944553441453541,0.26342856589278546,0.26108451788725284,0.217754957241615,0.21220400817025178,0.018035417545906457,0.018035417545906457,-0.5852437465945524,0.9082823474025353,1.2667812525894744,1.3753623354723035,1.2856047068539465,21,21
b024a29a38815f5d,1,2,10,1,-1,nan,-1,-1,-1,-1,-1,nan,nan,nan,nan,nan,nan,nan,nan,nan,nan,1.3753623354723035,1.2856047068539465,-1,-1
c0eff628bb5d57f2,1,2,5,0,9,-0.0002712661859579357,-1,9,9,9,9,-0.04257741739227064,0.25776869141393444,0.2476354630520525,0.33020760520083337,0.32806420906913225,0.07853580481485761,0.07855583646120176,0.8532959869681872,-0.5244966694759746,-0.14134186723207967,1.3753623354723035,1.2856047068539465,9,9
c2ef8af22b6b57fa,1,2,16,1,8,0.0006266896873712569,-1,-1,-1,-1,-1,-0.1670342690588205,-0.17148723108592315,-0.17108449819371702,-0.10835922976958458,-0.10287448627404373,-0.001164379848297481,-0.0010963301734375208,0.792283165113503,0.31632772150379357,0.24157031082624808,1.3753623354723035,1.2856047068539465,8,8
e2becee9277c5811,1,2,18,1,22,0.0001367530750111534,-1,-1,-1,22,22,-0.017948989301927735,-0.14021567616109804,-0.10966289857615406,0.0126120483013002,0.055288219231313815,-0.0319708242357383,-0.02482544140402418,1.9384345146355089,-1.0251610696595461,-0.9783328784349882,1.3753623354723035,1.2856047068539465,22,22
e7c6e7ca0bf75a88,1,2,17,1,-1,nan,-1,-1,-1,-1,-1,nan,nan,nan,nan,nan,nan,nan,nan,nan,nan,1.3753623354723035,1.2856047068539465,-1,-1
f845609710815b95,1,2,16,1,22,-0.0001336572684111914,-1,-1,-1,22,22,-0.020847172965477716,-0.0577277605503366,-0.038506956028687304,0.1332707357335204,0.168108659885114,-0.009643696199475776,-0.004780211781537175,2.4013914475585403,-1.6587908187580103,-1.4961658635546944,1.3753623354723035,1.2856047068539465,22,22
0e7c79855e005220,1,2,17,1,3,0.9896743082495081,-1,-1,-1,-1,-1,-0.01886291795740282,-0.10624984656341604,-0.10328001058187192,-0.0661055413047129,-0.06050658453658671,-0.022850313578725356,-0.022850313578725356,0.5192863228284836,0.43737932215021713,0.28731676043252197,1.3753623354723035,1.2856047068539465,3,3
14dd0d86a4d353af,1,2,1,0,-1,nan,-1,-1,-1,-1,-1,nan,nan,nan,nan,nan,nan,nan,nan,nan,nan,1.3753623354723035,1.2856047068539465,-1,-1
2d691673d2a75468,1,2,5,1,9,-0.0005493406044321247,-1,9,9,9,9,-0.15802402090707934,0.2324497436379186,0.21920440996750856,0.29244837277554386,0.2868234951241449,0.10210277562615477,0.10210950967762099,0.680848539931314,-0.2494708086814901,0.11283413087379116,1.3753623354723035,1.2856047068539465,9,9
4a475083531f544e,1,2,17,1,5,0.0005351796336472425,-1,-1,-1,-1,-1,-0.12905987665455196,-0.1789358345051261,-0.16808260170792125,-0.1856946775658674,-0.1755249625405266,-0.013041782050301792,-0.010562807559987064,-0.07562092042518387,1.2424598583127329,1.0081654754345253,1.3753623354723035,1.2856047068539465,5,5
4aa6a5b42a9d5a1a,1,2,4,0,-1,nan,-1,-1,-1,-1,-1,nan,nan,nan,nan,nan,nan,nan,nan,nan,nan,1.3753623354723035,1.2856047068539465,-1,-1
4f8180de60ff5016,1,2,16,1,-1,nan,-1,-1,-1,-1,-1,nan,nan,nan,nan,nan,nan,nan,nan,nan,nan,1.3753623354723035,1.2856047068539465,-1,-1
65f6f0aad1645746,1,2,15,0,-1,nan,-1,-1,-1,-1,-1,nan,nan,nan,nan,nan,nan,nan,nan,nan,nan,1.3753623354723035,1.2856047068539465,-1,-1
86935537a5e256bd,1,2,3,1,23,-4.216529144323439e-05,-1,-1,-1,-1,-1,-0.10732788059942441,-0.15619078774065714,-0.1535484747784411,-0.1419905837321795,-0.1385221985572016,-0.012776885151545153,-0.01251115192374444,0.1869685129419445,0.9139664165937714,1.4208480776851096,1.3753623354723035,1.2856047068539465,23,-1
91dfe4ebf3c25298,1,2,3,0,-1,nan,-1,-1,-1,-1,-1,nan,nan,nan,nan,nan,nan,nan,nan,nan,nan,1.3753623354723035,1.2856047068539465,-1,-1
ae93b0cb5f2752c9,1,2,7,1,23,-1.621068492024813e-06,-1,-1,-1,-1,-1,-0.029353517135776754,-0.031395554929890684,-0.03132089070726652,-0.031287308631422414,-0.031218224176611062,-0.0005339609101663867,-0.0005325355521899056,0.0017304639096697993,0.8695812163929261,0.9964973503768211,1.3753623354723035,1.2856047068539465,23,23
c4b429aa06c65c18,1,2,5,1,27,2.0200232751698115,27,27,27,27,27,0.0735804685394211,0.4808835852161687,0.46802272427421365,0.5059524391238613,0.4980277200024237,0.10650338770477641,0.10676900793462352,0.23983878514661128,-0.2920167373266831,-0.01721965179235154,1.3753623354723035,1.2856047068539465,27,27
d124fe4c82a0504a,1,2,14,0,-1,nan,-1,-1,-1,-1,-1,nan,nan,nan,nan,nan,nan,nan,nan,nan,nan,1.3753623354723035,1.2856047068539465,-1,-1
d8a9f79a9b2f5af3,1,2,1,1,22,3.149701463542634,22,22,22,22,22,2.2019307595008084,2.566073995761594,2.478660102884493,2.2441874980319816,2.1315346998005396,0.09521775474734165,0.07490606553913792,-4.1022331897533375,-0.039481835755955964,0.046462845065614135,1.3753623354723035,1.2856047068539465,22,22
d9b829983ef95e41,1,2,17,0,-1,nan,-1,-1,-1,-1,-1,nan,nan,nan,nan,nan,nan,nan,nan,nan,nan,1.3753623354723035,1.2856047068539465,-1,-1
dba43762ec9a571c,1,2,3,0,-1,nan,-1,-1,-1,-1,-1,nan,nan,nan,nan,nan,nan,nan,nan,nan,nan,1.3753623354723035,1.2856047068539465,-1,-1
fefa06851c7f58a7,1,2,7,1,20,-1.2323258076974541,-1,-1,20,-1,20,-0.12507837748584566,-0.1020220519537169,0.23626141125652905,-0.08267187144540308,0.2653585647681959,0.006028868124632325,0.09780871651152251,0.23838829865299893,0.7748675168204118,0.9450243189643631,1.3753623354723035,1.2856047068539465,20,20
185ce8f5060f5856,1,2,1,0,-1,nan,-1,-1,-1,-1,-1,nan,nan,nan,nan,nan,nan,nan,nan,nan,nan,1.3753623354723035,1.2856047068539465,-1,-1
6b5577a2a92d5e63,1,2,14,1,4,-4.862848371267603e-05,-1,-1,-1,-1,-1,-0.12199063227373652,-0.1866524133712064,-0.18445488924262887,-0.1939220589793613,-0.19277066733674597,-0.01690804332187515,-0.01690804332187515,-0.07932199502526793,1.256519793278963,1.1003167990704583,1.3753623354723035,1.2856047068539465,4,4
6d5d40bcf2f153a8,1,2,28,1,11,0.00146313439374062,11,11,11,11,11,0.04693156707531004,0.028369770703617684,0.02900059148684125,0.13971448002343068,0.14922259317669156,-0.004853619121801142,-0.004853619121801142,1.3993808488747057,-0.7591822455401969,-0.9838819956311464,1.3753623354723035,1.2856047068539465,11,11
8ce184b9fe795518,1,2,12,1,12,0.0,-1,-1,-1,-1,-1,-0.2064090888528929,-0.2064090888528929,-0.2064090888528929,-0.2064090888528929,-0.2064090888528929,0.0,0.0,0.0,1.239782769324645,1.1624716838437472,1.3753623354723035,1.2856047068539465,12,12
ae75c379fc4f5ac0,1,2,15,1,-1,nan,-1,-1,-1,-1,-1,nan,nan,nan,nan,nan,nan,nan,nan,nan,nan,1.3753623354723035,1.2856047068539465,-1,-1
bc30bddda7655472,1,2,17,1,-1,nan,-1,-1,-1,-1,-1,nan,nan,nan,nan,nan,nan,nan,nan,nan,nan,1.3753623354723035,1.2856047068539465,-1,-1
ec003315c7f8544e,1,2,13,1,7,1.625132601845264,7,7,7,7,7,1.353453065244092,1.3759625949950662,1.3750273777714659,1.36826619915594,1.36686367073775,0.005885889589258536,0.005839810293976219,-0.10060894325743819,-1.9659729346802957,-2.219155757783807,1.3753623354723035,1.2856047068539465,7,7
f80967dcb45f5879,1,2,25,1,25,-8.79884749651616e-05,25,25,25,25,25,0.099576536580388,0.08889583259632929,0.08913812780232172,0.08958731985606004,0.08980706431607047,-0.002792836859819431,-0.0028255049590821396,0.010622174423897901,0.6038971383202765,0.20647877961882435,1.3753623354723035,1.2856047068539465,25,25
f8295ad66d0b502a,1,2,18,1,23,0.0001384854522026302,-1,-1,-1,-1,-1,-0.0008499481947263402,-0.1915718102200602,-0.18406201429150526,-0.23008988553237844,-0.22702297555530804,-0.049870780711903706,-0.04959248218060605,-0.4480539013744522,1.6095822937371287,1.2900519347249917,1.3753623354723035,1.2856047068539465,-1,-1
00d83b17d1755be3,1,2,7,0,-1,nan,-1,-1,-1,-1,-1,nan,nan,nan,nan,nan,nan,nan,nan,nan,nan,1.3753623354723035,1.2856047068539465,-1,-1
07f7850e943e5787,1,2,17,1,9,-0.0003208969734609102,-1,-1,-1,-1,-1,-0.19739799160185292,-0.2765028196901141,-0.273814450061865,-0.220118947912145,-0.21342887925007809,-0.020684673969460776,-0.020684673969460776,0.7213762179347488,0.5819343353381429,0.4772155129900957,1.3753623354723035,1.2856047068539465,9,9
0bd45dc9e3a759c2,1,2,17,1,17,0.00010564825385808935,-1,-1,-1,-1,-1,-0.04915027203822821,-0.1650703889399865,-0.1618950371794316,-0.1591758376889448,-0.15636261934738827,-0.030311295562634177,-0.03051814695036642,0.09509547876009405,1.0032847373583684,0.7914848753484005,1.3753623354723035,1.2856047068539465,17,17
183eebcd18325090,1,2,12,1,22,-2.6754828193224865e-05,-1,-1,-1,-1,-1,-0.06629784324139724,-0.07425574795094264,-0.07398529935959025,-0.06484473851051605,-0.06386921800551121,-0.002080867481480689,-0.002080867481480689,0.11944564840956362,0.8311030048900778,0.7611128993884018,1.3753623354723035,1.2856047068539465,22,22
19b32f02944d51ad,1,2,19,1,20,4.461837168800997e-05,-1,-1,-1,-1,-1,-0.001931795830399478,-0.2310833864620859,-0.22329569269664531,-0.2563131397987655,-0.25218967565836464,-0.05991955303298563,-0.05991955303298563,-0.27442551617267785,1.4907788472763481,1.1777633122190014,1.3753623354723035,1.2856047068539465,-1,20
1de30d88d7e15d70,1,2,11,1,4,0.00040731540024285806,-1,-1,-1,-1,-1,-0.10690801517933012,-0.12331512179708942,-0.11094115511093935,-0.12360109243910274,-0.1110870360244463,-0.004290201487978401,-0.0010917044081832916,-0.0005858372096898545,1.0591474729582928,1.0095524336587423,1.3753623354723035,1.2856047068539465,4,4
351a31864bda5923,1,2,12,1,9,-0.0003158109522206354,-1,-1,-1,-1,-1,-0.15789846587556994,-0.18550072024451703,-0.1845590624200037,-0.13240031902390925,-0.1273577808886564,-0.007217557338052294,-0.007216583422817502,0.6707939748780006,0.46627004119686805,0.48950427111083594,1.3753623354723035,1.2856047068539465,9,9
42e1302d4d595015,1,2,24,0,23,-3.214230805159701e-05,-1,-1,-1,-1,-1,-0.02387725946820527,-0.12566136772480216,-0.12220224504053123,-0.09822995988101885,-0.0932722654503278,-0.026614950635009793,-0.026614950635009793,0.36253009161890826,0.6400312683144576,0.32714616785818706,1.3753623354723035,1.2856047068539465,23,23
436d539f02525dbf,1,2,9,1,-1,nan,-1,-1,-1,-1,-1,nan,nan,nan,nan,nan,nan,nan,nan,nan,nan,1.3753623354723035,1.2856047068539465,-1,-1
53791dfcfb555d8b,1,2,13,0,-1,nan,-1,-1,-1,-1,-1,nan,nan,nan,nan,nan,nan,nan,nan,nan,nan,1.3753623354723035,1.2856047068539465,-1,-1
5787abf0e35d54cf,1,2,12,1,9,-0.00035294373019167935,-1,-1,-1,-1,-1,-0.18071498677054995,-0.1381113917666552,-0.13955927065888798,-0.07948286855780647,-0.07588545926727464,0.011140173032160139,0.011140173032160139,0.727268008908484,0.33528787675405664,0.3662184124939025,1.3753623354723035,1.2856047068539465,9,9
6a860de43c125dbf,1,2,17,1,9,0.00013104936927543775,-1,-1,-1,9,9,-0.020733820051270904,-0.0047644021570160434,-0.005300234289621453,0.11442787502636954,0.12364899537002995,0.00417575273984766,0.00417761691778068,1.4914569946849292,-0.7739278718684669,-0.7782431504301756,1.3753623354723035,1.2856047068539465,9,9
7b1eb807d4d95132,1,2,17,0,6,-0.001243818229436866,-1,-1,-1,-1,-1,-0.12091072354488844,-0.11917166710222937,-0.11923076876056353,-0.12395965127322109,-0.12439382583959008,0.00045473603065994406,0.00045473603065994406,-0.060347417518324065,1.1219268792712924,0.8872165354303188,1.3753623354723035,1.2856047068539465,6,6
89ec4c93349d5b58,1,2,25,1,22,-5.431908551845055e-05,22,-1,-1,22,22,0.01831054576037675,-0.04629647247617605,-0.04410080945792014,0.08862341990965147,0.10127770535342288,-0.016893723691189133,-0.016893723691189133,1.7033732977590623,-0.9468893897016931,-1.0746355220300834,1.3753623354723035,1.2856047068539465,22,22
a3fff53e9f375592,1,2,6,1,-1,nan,-1,-1,-1,-1,-1,nan,nan,nan,nan,nan,nan,nan,nan,nan,nan,1.3753623354723035,1.2856047068539465,-1,-1
a6bf958e054951f3,1,2,16,0,7,-0.0005569157022051741,-1,-1,-1,-1,-1,-0.14298912293409918,-0.1853015304696896,-0.183863547554287,-0.19941941972741656,-0.19942336631404048,-0.011064032068436064,-0.011064032068436064,-0.16926792695036363,1.3592170525484522,1.1358706523955462,1.3753623354723035,1.2856047068539465,7,7
ad9cdad9769f572f,1,2,15,1,10,-8.041050173335229e-05,-1,-1,-1,10,10,-0.0810169963580562,-0.01913675992266873,-0.01994912106143807,0.023298994404537532,0.026388829439914288,0.01618071294448689,0.016530065851968756,0.5207265840907187,0.3145585817282192,0.21438103396607885,1.3753623354723035,1.2856047068539465,10,10
c2c39f197ef95b97,1,2,25,1,20,5.7840400188968744e-05,-1,-1,-1,-1,-1,-0.001489065722496036,-0.14359316265281954,-0.1387637692078202,-0.1393339827361184,-0.13516641065024057,-0.03715799636715961,-0.03715799636715961,0.07937888903643797,0.9641988960083682,0.5909688057671851,1.3753623354723035,1.2856047068539465,20,20
cf7a886f70be5245,1,2,14,1,20,0.0004713724773375283,20,20,20,20,20,0.1561014722092734,0.1715631889582172,0.16954939378803754,0.1741603092998106,0.17243095316914037,0.0040429968396267085,0.003640130398992178,0.029734776177443134,0.4206398296382144,0.2553261795509513,1.3753623354723035,1.2856047068539465,20,20
d7ed9fbf26d0502e,1,2,14,1,9,-0.0003496023945510629,-1,9,9,9,9,-0.17666190697462691,0.13969879248799572,0.07320938360895543,0.1963753387517716,0.13539405837780827,0.08272336952472298,0.06763603396713841,0.6527470954454526,-0.05522694982408527,-0.10971167102084203,1.3753623354723035,1.2856047068539465,9,9
e9922a266cc35210,1,2,1,0,-1,nan,-1,-1,-1,-1,-1,nan,nan,nan,nan,nan,nan,nan,nan,nan,nan,1.3753623354723035,1.2856047068539465,-1,-1
eef9e53ca3eb51a8,1,2,8,0,2,-1.8450037153049488,-1,-1,-1,-1,-1,-0.38286886211392973,-0.3649356910743028,-0.36579694964991916,-0.4371289088297966,-0.4437101710804985,0.004689243440101798,0.004621084913769197,-0.9084030052099434,2.5526864764082746,2.5132441849884635,1.3753623354723035,1.2856047068539465,-1,-1
f19973f839e35f20,1,2,4,1,-1,nan,-1,-1,-1,-1,-1,nan,nan,nan,nan,nan,nan,nan,nan,nan,nan,1.3753623354723035,1.2856047068539465,-1,-1
02fca515559f520d,1,2,11,1,0,-5.0871647178318824e-05,-1,-1,-1,-1,-1,-0.0846660008741357,-0.08813299781984081,-0.08801517227726247,-0.057105962724395165,-0.05450233525899564,-0.0009065654171577509,-0.0009065654171577509,0.38963615146087216,0.5728095851804322,0.5810086425314607,1.3753623354723035,1.2856047068539465,0,0
115efd50328f5ecc,1,2,18,1,-1,nan,-1,-1,-1,-1,-1,nan,nan,nan,nan,nan,nan,nan,nan,nan,nan,1.3753623354723035,1.2856047068539465,-1,-1
117049ed19db55a2,1,2,20,1,25,-0.0005033181324601175,-1,25,25,25,25,-0.03244414764780325,0.07011805938201857,0.06663249308918076,0.11614654711373724,0.11711146260360182,0.026818411281207488,0.026818411281207488,0.5583331500668001,0.10367211646823289,-0.11283845185337905,1.3753623354723035,1.2856047068539465,25,25
2154d495b9b657a5,1,2,3,0,6,-1.220322729590535,6,6,6,6,6,1.0988049174796584,1.2253496555071839,1.2197370124121993,1.2316480030378394,1.2274101542941336,0.03308946763312193,0.03273432198421586,0.055830949719106515,-1.7742366549806825,-1.3929450390857636,1.3753623354723035,1.2856047068539465,6,6
2c572f2c1c485fc0,1,2,16,1,-1,nan,-1,-1,-1,-1,-1,nan,nan,nan,nan,nan,nan,nan,nan,nan,nan,1.3753623354723035,1.2856047068539465,-1,-1
3152efff212c51ff,1,2,3,1,1,-0.010228717434942247,1,1,1,1,1,0.16568558239458317,0.07613043817325635,0.0791739607444635,0.09973342963601765,0.1040523812324054,-0.023417268013519343,-0.023417268013519343,0.31229552965140184,0.2751308956572924,0.780752202998656,1.3753623354723035,1.2856047068539465,1,1
327d5cdfdd695e7e,1,2,17,1,3,0.00011524857694755752,3,-1,-1,3,3,0.06565950670369514,-0.015286407605845376,-0.01253546884749522,0.0862916754187444,0.09668787779093416,-0.021166089189709275,-0.021166089189709275,1.2883364890678806,-0.5743812719898963,-0.6130789238274723,1.3753623354723035,1.2856047068539465,3,3
64fe109ec6a858ec,1,2,24,1,14,-0.0001836422961903738,-1,14,14,14,14,-0.03216939459199772,0.023765785600663315,0.02186472269550531,0.030395861515813416,0.029427377189873552,0.014626173821113808,0.01462614365862655,0.07289875892401898,0.7014955169798187,0.33821819665779956,1.3753623354723035,1.2856047068539465,14,14
6c95d9b03b7a5944,1,2,6,1,10,-0.0025507494289427335,-1,10,-1,10,-1,-0.16555931540852467,0.026261211990244726,-0.11453837479070825,0.08865543819003222,-0.04891277954659165,0.05015806450481826,0.013810526469857358,0.747200953377124,0.030411747531626003,0.3378194905823251,1.3753623354723035,1.2856047068539465,10,10
73963278f6eb5002,1,2,10,1,18,0.0,-1,-1,-1,-1,-1,-0.02469329676521387,-0.02469329676521387,-0.02469329676521387,-0.02469329676521387,-0.02469329676521387,0.0,0.0,0.0,0.8582034966961362,0.8399350110720001,1.3753623354723035,1.2856047068539465,18,18
799dcf813dba5d8a,1,2,6,0,4,-0.003188489996641869,-1,-1,-1,-1,-1,-0.09623466267511868,-0.7459634446522223,-0.7273468176227259,-0.8320406858614996,-0.8250719611019915,-0.1698939034261754,-0.17083164316082872,-0.9604131735493651,3.1327366557305747,3.2056909430836793,1.3753623354723035,1.2856047068539465,-1,-1
7b6dfa3d4bc553a9,1,2,15,1,15,0.0,-1,-1,-1,-1,-1,-0.020114919239983438,-0.020114919239983438,-0.020114919239983438,-0.020114919239983438,-0.020114919239983438,0.0,0.0,0.0,0.8485895058270696,0.665732791129174,1.3753623354723035,1.2856047068539465,15,15
842b7f0b68fc5245,1,2,16,1,20,1.2322185659539886,-1,20,20,20,20,-0.01799829135824921,0.4235442811542448,0.408538501226411,0.42578135918488896,0.4140837218099213,0.115456469305105,0.115456469305105,-0.052674859246816697,0.15571874963973154,-0.07958155332992578,1.3753623354723035,1.2856047068539465,20,20
86839ab67df151f2,1,2,9,1,1,7.329354990481818e-05,-1,1,1,1,1,-0.03120497864958027,0.11073598644857735,0.10591213702249055,0.10780632813490892,0.10375071454771767,0.03711533994726793,0.03711533994726793,-0.0626801512327062,0.6995520544746655,0.7090349571022023,1.3753623354723035,1.2856047068539465,1,1
9a3e4f2df62b54fa,1,2,14,0,22,-0.00021218127441802181,-1,-1,-1,-1,-1,-0.0537527935339988,-0.09804353706486976,-0.19247151806646795,-0.10949531943858432,-0.20743210906299303,-0.01158133595561181,-0.03754886902950452,-0.13547986038621673,1.1389933536960346,0.9677480964623951,1.3753623354723035,1.2856047068539465,22,22
a7c4607a69e55039,1,2,17,1,23,-0.0001578706935048105,23,-1,-1,-1,-1,0.004468011470123237,-0.02309243888097056,-0.022155799747110367,-0.029860190487920334,-0.029666312954526926,-0.007206626241925723,-0.007206626241925723,-0.0798123060913829,0.9289131716354907,0.682188172634767,1.3753623354723035,1.2856047068539465,23,23
c608632e83a659ca,1,2,27,1,-1,nan,-1,-1,-1,-1,-1,nan,nan,nan,nan,nan,nan,nan,nan,nan,nan,1.3753623354723035,1.2856047068539465,-1,-1
d022d382b3aa5fa1,1,2,10,1,-1,nan,-1,-1,-1,-1,-1,nan,nan,nan,nan,nan,nan,nan,nan,nan,nan,1.3753623354723035,1.2856047068539465,-1,-1
d07acbfa3a6e55b0,1,2,17,1,3,-0.00012636717958378063,-1,3,3,3,3,-0.08072331440842127,0.009470634697145125,0.006405402406181662,0.10617554384938592,0.11157335953542867,0.023584305488726948,0.023584305488726948,1.1959513493935063,-0.45677176438620926,-0.5047676725900206,1.3753623354723035,1.2856047068539465,3,3
e88d31e512eb52aa,1,2,23,1,20,0.00010631383955628237,20,20,-1,20,20,0.00026265528343326393,0.031006355602109247,-0.052218588876424436,0.13936192500909672,0.06317826916833574,0.00803899626704313,-0.014205806534810628,1.3528904515028257,-0.6945790422853516,-0.8449854657009936,1.3753623354723035,1.2856047068539465,20,20
fc25adef73d35a71,1,2,6,1,9,-0.000565087180584678,-1,-1,-1,-1,-1,-0.13593949844137806,-0.4972101559233064,-0.48493240895610035,-0.4481235631488203,-0.4344329175743019,-0.09446662037377401,-0.09446662037377401,0.681471599661571,0.9715814351437175,1.2890149923033831,1.3753623354723035,1.2856047068539465,9,-1
06f2c0171372558e,1,2,14,0,9,-0.00021924246586857432,-1,-1,-1,-1,-1,-0.1318771233286076,-0.4599895177924729,-0.5153366613850409,-0.3991278620163533,-0.4534470758748267,-0.08579625376660555,-0.10379616754063464,0.8230398267872531,0.7555425621833373,0.7499482933380187,1.3753623354723035,1.2856047068539465,9,9
1139bbb1cfe35d48,1,2,2,1,1,0.0015995440794149829,-1,1,1,1,1,-0.08142297771084278,0.48723182875882914,0.6826282351071618,0.5663272850793994,0.7772282301559321,0.14869432823832252,0.20681605182451196,0.8877006981820155,-0.9323641363332328,-0.18058915078604562,1.3753623354723035,1.2856047068539465,1,1
190db336fe0e515f,1,2,4,0,9,-0.0006111538553610352,-1,-1,-1,-1,-1,-0.01465161420847141,-0.3585130737017789,-0.4119768831003298,-0.21089695849934745,-0.25639331040417584,-0.08991438768245674,-0.10754939200901475,1.9136055105319156,-0.631699886550645,0.029233787965660053,1.3753623354723035,1.2856047068539465,9,9
1bf5b342d1b052c3,1,2,3,0,11,-0.00019516362426785783,-1,-1,-1,-1,-1,-0.04522787138396328,-0.10524991410430559,-0.1032122835213301,-0.10411690388641072,-0.10241275027520799,-0.015694824382477435,-0.01569542327062834,0.025178305662766576,0.9756146917147468,1.4529624183434815,1.3753623354723035,1.2856047068539465,11,-1
1da0d8dce4485189,1,2,12,0,4,-0.00913377341185706,-1,-1,-1,-1,-1,-0.033008439556290015,-0.05721043968231647,-0.05638793714164859,-0.09965565744687306,-0.10243874740519089,-0.006328444092655761,-0.006328444092655761,-0.527733522515121,1.481525469544575,1.3097564825651136,1.3753623354723035,1.2856047068539465,-1,-1
21f2c3689d765b09,1,2,1,1,-1,nan,-1,-1,-1,-1,-1,nan,nan,nan,nan,nan,nan,nan,nan,nan,nan,1.3753623354723035,1.2856047068539465,-1,-1
234440ab79d55e59,1,2,18,0,-1,nan,-1,-1,-1,-1,-1,nan,nan,nan,nan,nan,nan,nan,nan,nan,nan,1.3753623354723035,1.2856047068539465,-1,-1
2ababb1ca1ba5637,1,2,17,1,3,0.00012872512789918744,3,3,3,3,3,0.037354415372685065,0.24708986956182277,0.23996203124100624,0.33607231140843313,0.3376293370511671,0.05484253735939637,0.05484253735939637,1.0772762641618092,-0.7793067862085197,-0.8600840419107475,1.3753623354723035,1.2856047068539465,3,3
3c6c3ba8c08e581a,1,2,16,1,-1,nan,-1,-1,-1,-1,-1,nan,nan,nan,nan,nan,nan,nan,nan,nan,nan,1.3753623354723035,1.2856047068539465,-1,-1
59b8dea90c1b5499,1,2,17,1,3,0.0010224562064280462,3,3,-1,3,3,0.03870815647642625,0.025788128072804936,-0.025333729414262013,0.09607650631572828,0.04933079787571358,-0.003378385133545825,-0.017335081430546684,0.8836045298424131,-0.19919779140806645,-0.30084554486963255,1.3753623354723035,1.2856047068539465,3,3
68e20734e9415e24,1,2,4,1,9,-8.91803213395187e-05,-1,-1,-1,-1,-1,-0.08090142136842336,-0.3052481484066827,-0.297623747447315,-0.3240687467169783,-0.31955598958708764,-0.05866315643495648,-0.05866315643495648,-0.1949489754416064,1.5634052697512135,1.8999284620736057,1.3753623354723035,1.2856047068539465,-1,-1
742976289d405b0d,1,2,17,0,-1,nan,-1,-1,-1,-1,-1,nan,nan,nan,nan,nan,nan,nan,nan,nan,nan,1.3753623354723035,1.2856047068539465,-1,-1
091cae980d54535d,2,3,17,0,20,-0.00011106623769737822,-1,20,20,20,20,-0.08283871479407888,0.07111729302038906,0.41160189185005397,0.14942574154041238,0.492763842955415,0.03915864245349898,0.13077691297662836,1.3393143772376064,-0.2749999538270368,-0.4140375893461101,0.7234480540753563,1.2576538513191542,20,20
0aea8543e71b5712,2,3,15,1,22,0.0,-1,-1,-1,-1,-1,-0.043597822913064174,-0.043597822913064174,-0.043597822913064174,-0.043597822913064174,-0.043597822913064174,0.0,0.0,0.0,0.8056543152097619,0.5342587884338744,0.7234480540753563,1.2576538513191542,-1,22
122436b1207258bf,2,3,19,1,2,1.2323318207158476,2,2,2,2,2,0.008305293886235195,0.05871090156420858,0.05677751161499907,0.04273764792798121,0.040396321269212075,0.012820644005602844,0.012820644005602844,-0.2731025016492198,0.8064974541687256,0.3344710484352909,0.7234480540753563,1.2576538513191542,-1,2
1bd7b3ce5adf5826,2,3,17,1,-1,nan,-1,-1,-1,-1,-1,nan,nan,nan,nan,nan,nan,nan,nan,nan,nan,0.7234480540753563,1.2576538513191542,-1,-1
581836f4f4365cc8,2,3,18,1,1,-0.00035384111877938274,1,1,1,1,1,0.11952465391366648,0.24485291722901772,0.24004343169887118,0.3444261124224858,0.34266607851357,0.03187718830952055,0.031876576281707286,1.7029300053702086,-1.0364821724164253,-1.1398787979929594,0.7234480540753563,1.2576538513191542,1,1
70b54ac4d8ae56de,2,3,1,1,-1,nan,-1,-1,-1,-1,-1,nan,nan,nan,nan,nan,nan,nan,nan,nan,nan,0.7234480540753563,1.2576538513191542,-1,-1
72eb13d3a4255179,2,3,1,0,-1,nan,-1,-1,-1,-1,-1,nan,nan,nan,nan,nan,nan,nan,nan,nan,nan,0.7234480540753563,1.2576538513191542,-1,-1
7fc2b30cb72a5d56,2,3,9,0,-1,nan,-1,-1,-1,-1,-1,nan,nan,nan,nan,nan,nan,nan,nan,nan,nan,0.7234480540753563,1.2576538513191542,-1,-1
83aa0b7439d45dd8,2,3,5,1,-1,nan,-1,-1,-1,-1,-1,nan,nan,nan,nan,nan,nan,nan,nan,nan,nan,0.7234480540753563,1.2576538513191542,-1,-1
8675d815740a5a0b,2,3,22,1,-1,nan,-1,-1,-1,-1,-1,nan,nan,nan,nan,nan,nan,nan,nan,nan,nan,0.7234480540753563,1.2576538513191542,-1,-1
9070daa02ad0542c,2,3,3,1,-1,nan,-1,-1,-1,-1,-1,nan,nan,nan,nan,nan,nan,nan,nan,nan,nan,0.7234480540753563,1.2576538513191542,-1,-1
9771a60ee60a5d27,2,3,5,0,-1,nan,-1,-1,-1,-1,-1,nan,nan,nan,nan,nan,nan,nan,nan,nan,nan,0.7234480540753563,1.2576538513191542,-1,-1
9c2eb9c5b45f522b,2,3,29,1,25,3.822718737644948e-05,25,25,25,25,25,0.03140388928753051,0.06063247180863471,0.059511361474305025,0.061663844504353596,0.060606504093785575,0.0074342770289666515,0.0074342770289666515,0.017669248334567955,0.5588051859100915,-0.11881534650598263,0.7234480540753563,1.2576538513191542,25,25
bb1419c18f39553e,2,3,21,1,22,0.0,-1,-1,-1,-1,-1,-0.016320363114991843,-0.016320363114991843,-0.016320363114991843,-0.016320363114991843,-0.016320363114991843,0.0,0.0,0.0,0.7341926329872386,0.25612610479299197,0.7234480540753563,1.2576538513191542,-1,22
c56712e13eb759f5,2,3,1,0,-1,nan,-1,-1,-1,-1,-1,nan,nan,nan,nan,nan,nan,nan,nan,nan,nan,0.7234480540753563,1.2576538513191542,-1,-1
b003a3bfbdb252e3,2,3,10,1,26,0.9897842141886242,-1,-1,-1,-1,-1,-0.015503996013382697,-0.04617922627578125,-0.04500262513832744,-0.04617727326625336,-0.04503596180666967,-0.0078022312417426465,-0.007802230646438979,0.0,0.7712429401457085,0.7545724164043021,0.7234480540753563,1.2576538513191542,-1,26
0f9ba65f3e2e5c1d,2,3,2,0,25,-0.00012799810242603016,-1,-1,-1,-1,-1,-0.04268369593584168,-0.030062490243157002,-0.0305465973367375,-0.03410827288906544,-0.034695872126275,0.003210198082347654,0.003210198082347654,-0.06917287623396828,0.8381000725549499,1.7922938231603318,0.7234480540753563,1.2576538513191542,-1,-1
2709051d421d536a,2,3,26,1,27,-1.0131592304229997e-05,-1,-1,-1,-1,-1,-0.023258277164851023,-0.043319054724952386,-0.042549590621755465,-0.05142301174547566,-0.05091309571854394,-0.005102449894400049,-0.005102449894400049,-0.13860698721338316,0.880119215725763,0.24949854630263515,0.7234480540753563,1.2576538513191542,-1,27
2bf633d593a957ad,2,3,11,1,-1,nan,-1,-1,-1,-1,-1,nan,nan,nan,nan,nan,nan,nan,nan,nan,nan,0.7234480540753563,1.2576538513191542,-1,-1
2cfe30b626795e99,2,3,7,1,10,-0.18940308858485655,-1,10,-1,10,10,-0.04621799880985483,0.034740904221877505,-0.005817175761248648,0.04098155873900754,0.0006565115139410063,0.020591861157296,0.010685803004473818,0.10680909847255093,0.6303957549320298,0.8336583273883744,0.7234480540753563,1.2576538513191542,10,10
4a42412827f55dc1,2,3,16,1,24,0.0,-1,-1,-1,-1,-1,-0.05131792744936843,-0.05131792744936843,-0.05131792744936843,-0.05131792744936843,-0.05131792744936843,0.0,0.0,0.0,0.8258794997094208,0.5146768871319369,0.7234480540753563,1.2576538513191542,-1,24
60183447caa4548b,2,3,17,1,3,-6.448373179882786e-05,-1,-1,-1,-1,-1,-0.02924569421960471,-0.03305115464587731,-0.032905189955058096,-0.03447501109685541,-0.03437497228750796,-0.0009679171752941806,-0.0009679171752941806,-0.024353402914311317,0.7908591111154546,0.43898299371192645,0.7234480540753563,1.2576538513191542,-1,3
618892326e0c530e,2,3,24,0,17,-1.1183486133825582e-05,-1,-1,-1,-1,-1,-0.02325137318249472,-0.04146039979838476,-0.04076196264692801,-0.050155879711130495,-0.04973211452189835,-0.00463145786124286,-0.00463145786124286,-0.14872055856217314,0.8851868462428942,0.30174783609621847,0.7234480540753563,1.2576538513191542,-1,17
63d0c4a8acfa5fc2,2,3,1,0,-1,nan,-1,-1,-1,-1,-1,nan,nan,nan,nan,nan,nan,nan,nan,nan,nan,0.7234480540753563,1.2576538513191542,-1,-1
8aeb517756f55681,2,3,14,1,15,1.1431345063428466e-05,15,15,15,15,15,0.01215175066487635,0.01977138345594778,0.019479119913584766,0.022063333822136447,0.021846717753046307,0.0019380502282969891,0.0019380502282969891,0.03920276293955349,0.620983180244716,0.39839566241210417,0.7234480540753563,1.2576538513191542,15,15
ab77602df4a154f7,2,3,11,1,10,-0.00017154795059148853,-1,-1,-1,-1,-1,-0.007018929752632018,-0.007033580188967078,-0.0070330182473961585,-0.005223761133560097,-0.005170414744726243,-3.7263319981883924e-06,-3.7263319981883924e-06,0.03094956050251696,0.6870405600875946,0.612360620570424,0.7234480540753563,1.2576538513191542,10,10
acdcf9be0fc85495,2,3,23,1,13,1.6302977381565595e-05,-1,-1,-1,-1,-1,-0.04294816339702082,-0.08008159593736885,-0.07865728208499304,-0.07996841613047803,-0.07858358862591822,-0.009444872133024779,-0.009444872133024779,0.0018950494101342974,0.8499957945075749,0.3218764192153991,0.7234480540753563,1.2576538513191542,-1,13
be58ded948ea5c00,2,3,4,0,2,-0.001292943146824932,2,2,2,2,2,0.20782734504367634,0.268733666313422,0.26639750423124736,0.24839751563622942,0.24553822949849405,0.015491495860519316,0.015491495860519316,-0.3477006354881622,0.3253349815769497,0.7997989806279334,0.7234480540753563,1.2576538513191542,2,2
d74df20dba705137,2,3,19,1,23,-8.57298430055383e-05,-1,-1,-1,-1,-1,-0.07109391779989811,-0.07884729448111708,-0.07854990097197276,-0.06366599555789802,-0.06293462295797625,-0.0019720679275668923,-0.0019720679275668923,0.25960578348293895,0.696323311052541,0.3258155450010379,0.7234480540753563,1.2576538513191542,23,23
ec0f4f7c37615b20,2,3,5,0,2,-0.7737388310596343,-1,-1,-1,-1,-1,-0.2884811745154493,-0.47915162733766326,-0.47183814865781415,-0.5157143662458731,-0.5096873096249016,-0.04849694529303175,-0.04849694529303175,-0.6254641818672417,2.1516175005517053,2.47397968869167,0.7234480540753563,1.2576538513191542,-1,-1
ec57eef8dffd515e,2,3,1,0,-1,nan,-1,-1,-1,-1,-1,nan,nan,nan,nan,nan,nan,nan,nan,nan,nan,0.7234480540753563,1.2576538513191542,-1,-1
f73c53f115a550d5,2,3,17,1,-1,nan,-1,-1,-1,-1,-1,nan,nan,nan,nan,nan,nan,nan,nan,nan,nan,0.7234480540753563,1.2576538513191542,-1,-1
06f8d2f6dca3537c,2,3,6,0,-1,nan,-1,-1,-1,-1,-1,nan,nan,nan,nan,nan,nan,nan,nan,nan,nan,0.7234480540753563,1.2576538513191542,-1,-1
79e0120026c25eed,2,3,2,1,-1,nan,-1,-1,-1,-1,-1,nan,nan,nan,nan,nan,nan,nan,nan,nan,nan,0.7234480540753563,1.2576538513191542,-1,-1
884e1c90e87b5fab,2,3,16,1,7,-2.0925029926001978e-05,-1,7,7,7,7,-0.0005398697315348961,0.08693706014581629,0.08358173868846816,0.11716423649963727,0.11479158903914491,0.02224971840088913,0.02224971840088913,0.5170078599662613,0.20017704354645444,-0.03383900875816607,0.7234480540753563,1.2576538513191542,7,7
8c1a6d183a275d96,2,3,12,0,-1,nan,-1,-1,-1,-1,-1,nan,nan,nan,nan,nan,nan,nan,nan,nan,nan,0.7234480540753563,1.2576538513191542,-1,-1
bd8986c6178e5d2a,2,3,1,0,-1,nan,-1,-1,-1,-1,-1,nan,nan,nan,nan,nan,nan,nan,nan,nan,nan,0.7234480540753563,1.2576538513191542,-1,-1
c1dd6c577b0f573a,2,3,5,0,1,-0.24775317546641729,-1,-1,-1,-1,-1,-0.1784255359785993,-0.15109917323758926,-0.1521473208050078,-0.16106326654480563,-0.16237062794783538,0.006950448269737938,0.006950448269737938,-0.17036544107920926,1.249487025794836,1.6181211891068996,0.7234480540753563,1.2576538513191542,-1,-1
d1d6c7f48e6d5708,2,3,15,0,-1,nan,-1,-1,-1,-1,-1,nan,nan,nan,nan,nan,nan,nan,nan,nan,nan,0.7234480540753563,1.2576538513191542,-1,-1
0fd565e4e40058b8,2,3,15,1,-1,nan,-1,-1,-1,-1,-1,nan,nan,nan,nan,nan,nan,nan,nan,nan,nan,0.7234480540753563,1.2576538513191542,-1,-1
25708e54a75c59eb,2,3,17,0,-1,nan,-1,-1,-1,-1,-1,nan,nan,nan,nan,nan,nan,nan,nan,nan,nan,0.7234480540753563,1.2576538513191542,-1,-1
321b3f53510c5059,2,3,7,1,-1,nan,-1,-1,-1,-1,-1,nan,nan,nan,nan,nan,nan,nan,nan,nan,nan,0.7234480540753563,1.2576538513191542,-1,-1
3e07748ebae855b8,2,3,12,1,23,-2.1420662570744223e-05,-1,-1,-1,-1,-1,-0.039910161815853794,-0.0636499335538902,-0.05299409927527444,-0.057749420325449385,-0.04693778085720009,-0.0060382004353979335,-0.003460631929354918,0.1008783756987377,0.7519974607954482,0.6393900443119155,0.7234480540753563,1.2576538513191542,-1,23
46f297276986585b,2,3,4,0,-1,nan,-1,-1,-1,-1,-1,nan,nan,nan,nan,nan,nan,nan,nan,nan,nan,0.7234480540753563,1.2576538513191542,-1,-1
4d6fb0d27a0f51ce,2,3,7,1,-1,nan,-1,-1,-1,-1,-1,nan,nan,nan,nan,nan,nan,nan,nan,nan,nan,0.7234480540753563,1.2576538513191542,-1,-1
5583fb05984f5685,2,3,17,0,2,-0.00044750133621285215,-1,-1,-1,-1,-1,-0.06991814616655602,-0.17990783251108752,-0.1634937325703971,-0.10221669479145393,-0.08364891968259028,-0.027975828045167433,-0.024750245338728605,1.3284704166116765,0.036343080348443906,-0.06229239550897902,0.7234480540753563,1.2576538513191542,2,2
97b8db1dfd4f5fb3,2,3,18,1,-1,nan,-1,-1,-1,-1,-1,nan,nan,nan,nan,nan,nan,nan,nan,nan,nan,0.7234480540753563,1.2576538513191542,-1,-1
edf9d12992c9551c,2,3,16,1,13,0.0,-1,-1,-1,-1,-1,-0.03811300423094534,-0.03811300423094534,-0.03811300423094534,-0.03811300423094534,-0.03811300423094534,0.0,0.0,0.0,0.7912851484100941,0.4802514236756476,0.7234480540753563,1.2576538513191542,-1,13
f94f2bcde8345a9a,2,3,3,0,15,0.0,-1,-1,-1,-1,-1,-0.052180631937880424,-0.052180631937880424,-0.052180631937880424,-0.052180631937880424,-0.052180631937880424,0.0,0.0,0.0,0.8281396190338142,1.5468664910653485,0.7234480540753563,1.2576538513191542,-1,-1
0bb64f8f31ba5310,2,3,17,1,-1,nan,-1,-1,-1,-1,-1,nan,nan,nan,nan,nan,nan,nan,nan,nan,nan,0.7234480540753563,1.2576538513191542,-1,-1
440a7c7dd1395be4,2,3,17,1,22,0.005498093330710496,22,-1,-1,-1,-1,0.0795708657337044,-0.32923733079770234,-0.3135568203398613,-0.22790814783945298,-0.20974243066957968,-0.10398018386736005,-0.10398018386736005,1.7323774653926534,-0.27112293839560575,-0.24944100888235105,0.7234480540753563,1.2576538513191542,22,22
630c3828efa0518a,2,3,17,0,-1,nan,-1,-1,-1,-1,-1,nan,nan,nan,nan,nan,nan,nan,nan,nan,nan,0.7234480540753563,1.2576538513191542,-1,-1
66a39f4cabc85bc4,2,3,14,1,6,-1.1789312648981811,-1,-1,-1,-1,-1,-0.14202432595427467,-0.32771317281706236,-0.320273139457508,-0.34632012151267255,-0.339636552245693,-0.04722987602188988,-0.04714586394898845,-0.31839817079609567,1.5353263550046958,1.2790282989568431,0.7234480540753563,1.2576538513191542,-1,-1
684af4044c445d01,2,3,4,1,9,-6.066455971449631e-05,-1,-1,-1,-1,-1,-0.07307416237460707,-0.1894266042844493,-0.18496371509180942,-0.141102250516637,-0.13536357346837513,-0.029594192107330386,-0.029594192107330386,0.8262643755968129,0.4227522558955949,1.127421448541836,0.7234480540753563,1.2576538513191542,9,9
69f12cf621135ce3,2,3,17,1,-1,nan,-1,-1,-1,-1,-1,nan,nan,nan,nan,nan,nan,nan,nan,nan,nan,0.7234480540753563,1.2576538513191542,-1,-1
71589a780d925ed6,2,3,17,1,3,0.9912868022998795,-1,-1,-1,-1,-1,-0.002836354342150991,-0.15317202127233503,-0.147164111821906,-0.0981363680702759,-0.09069575458402435,-0.03823781035178392,-0.038173924888872834,0.9409967910715282,0.19762604792853833,0.03846243313394653,0.7234480540753563,1.2576538513191542,3,3
7c39359aaa345e52,2,3,11,1,9,0.00043774992538837994,-1,-1,-1,-1,-1,-0.07931087455689126,-0.15437937728854828,-0.15149903630780492,-0.1263327363290451,-0.1227206361468489,-0.01909364044780215,-0.019093385171814414,0.4795417173514134,0.6418052957663519,0.6567074997806167,0.7234480540753563,1.2576538513191542,9,9
93ccd00db2005d2d,2,3,17,1,-1,nan,-1,-1,-1,-1,-1,nan,nan,nan,nan,nan,nan,nan,nan,nan,nan,0.7234480540753563,1.2576538513191542,-1,-1
a1c64a274ecc54b0,2,3,1,1,20,9.327751190868483e-05,-1,20,20,-1,-1,-0.019394977721152028,0.009190371617991397,0.008077144203562647,-0.0072140393477648345,-0.008772944619855835,0.0072706709538014475,0.007266230260933135,-0.28049944721574827,0.9123930917740334,2.2538135956102203,0.7234480540753563,1.2576538513191542,-1,-1
a71d387393a559d4,2,3,17,1,-1,nan,-1,-1,-1,-1,-1,nan,nan,nan,nan,nan,nan,nan,nan,nan,nan,0.7234480540753563,1.2576538513191542,-1,-1
c65275d1d5af5014,2,3,17,0,3,-0.00025896607432512875,3,3,3,3,3,0.07780330642207657,0.08979093986850552,0.08933144489080834,0.036417953578570264,0.03441511945991551,0.0030490492619035248,0.003049131363907054,-0.9127142812682781,1.1447560844521765,0.6362215422894284,0.7234480540753563,1.2576538513191542,-1,3
cd7aee35baa65cec,2,3,16,1,-1,nan,-1,-1,-1,-1,-1,nan,nan,nan,nan,nan,nan,nan,nan,nan,nan,0.7234480540753563,1.2576538513191542,-1,-1
dc6d75a4555c5fd6,2,3,10,1,21,3.0565711064264086e-05,-1,-1,-1,-1,-1,-0.0780733248875272,-0.07763968355063068,-0.07760679217220989,-0.08606451049318398,-0.08627685713185754,0.00011029648212917964,0.00012339542402453607,-0.14407184536309847,1.0015678584900047,0.9539114152776536,0.7234480540753563,1.2576538513191542,-1,21
24e5d608f799503b,2,3,17,1,-1,nan,-1,-1,-1,-1,-1,nan,nan,nan,nan,nan,nan,nan,nan,nan,nan,0.7234480540753563,1.2576538513191542,-1,-1
2fdb08ec2f205723,2,3,17,1,-1,nan,-1,-1,-1,-1,-1,nan,nan,nan,nan,nan,nan,nan,nan,nan,nan,0.7234480540753563,1.2576538513191542,-1,-1
77e69dcde5805f89,2,3,17,1,-1,nan,-1,-1,-1,-1,-1,nan,nan,nan,nan,nan,nan,nan,nan,nan,nan,0.7234480540753563,1.2576538513191542,-1,-1
79a429b2a2b450e7,2,3,17,1,3,4.5840236171379445e-05,-1,-1,-1,-1,-1,-0.05493916774902456,-0.13031043402241993,-0.12483218227546715,-0.07712193915893382,-0.07017584266979981,-0.019170648220653563,-0.018486330927462602,0.9094902973877201,0.2615680258248527,0.0842558703982498,0.7234480540753563,1.2576538513191542,3,3
8724d825e1c15a99,2,3,18,1,3,0.0005389120473116016,-1,-1,-1,-1,-1,-0.06902801728082229,-0.19137389094444784,-0.1888866995287084,-0.10102499977919091,-0.09604535663462864,-0.031118618821477706,-0.03170198451986539,1.5449162315944012,-0.1096749108055785,-0.20360557594893358,0.7234480540753563,1.2576538513191542,3,3
dd63e7a132215419,2,3,9,1,-1,nan,-1,-1,-1,-1,-1,nan,nan,nan,nan,nan,nan,nan,nan,nan,nan,0.7234480540753563,1.2576538513191542,-1,-1
0e59b30dfd9d5121,2,3,19,1,21,0.00026765271043404943,-1,21,21,21,21,-0.017847342872586276,0.24126920354720677,0.08620014069795895,0.21081947018960395,0.05499660232739057,0.0659061789083662,0.02752000649116554,-0.5204364296430428,0.7906035826246645,0.24162951211456957,0.7234480540753563,1.2576538513191542,-1,21
38eeabce6a485364,2,3,15,1,-1,nan,-1,-1,-1,-1,-1,nan,nan,nan,nan,nan,nan,nan,nan,nan,nan,0.7234480540753563,1.2576538513191542,-1,-1
5aa3112549445a00,2,3,4,0,20,-5.174224078752232e-06,-1,-1,-1,-1,-1,-0.026690793246761872,-0.055431615451943236,-0.052004281950458045,-0.051704471324942894,-0.04819888892626055,-0.007310215408472792,-0.006695283245052669,0.06370631287972839,0.7511417456222989,1.3089334400362393,0.7234480540753563,1.2576538513191542,-1,-1
683e8d239bf75a5d,2,3,17,1,22,-0.00015954406317320036,-1,-1,-1,-1,-1,-0.04967123717305491,-0.3763899451341939,-0.36385811196542484,-0.37933124767159787,-0.36726170038939376,-0.08310075877868467,-0.08310075877868467,-0.05065470992143295,1.2762848822364585,0.9710919681392282,0.7234480540753563,1.2576538513191542,-1,22
713177596893526a,2,3,23,1,1,0.9896099772717105,-1,1,1,1,1,-0.028815282895908803,0.009776586420643496,0.008295697479420272,0.08155791941531451,0.08221571340539036,0.009815824881612804,0.009815657099771426,1.2275690717154077,-0.18681685248979576,-0.5122912826192113,0.7234480540753563,1.2576538513191542,1,1
8be5348ca3425c10,2,3,10,0,-1,nan,-1,-1,-1,-1,-1,nan,nan,nan,nan,nan,nan,nan,nan,nan,nan,0.7234480540753563,1.2576538513191542,-1,-1
90244d4079fe5582,2,3,13,1,1,0.0010825669911689317,1,1,1,1,1,0.0011527811222699254,0.03778413329524459,0.09137954651102596,0.0702088038138027,0.12485457059285758,0.009317168213781896,0.02386449997603171,0.554531679512265,0.2330536409882646,0.14149790592017317,0.7234480540753563,1.2576538513191542,1,1
a63aaf23916e5f10,2,3,8,1,0,-9.402019237750216e-05,-1,-1,-1,-1,-1,-0.06153378612569097,-0.23343106963370214,-0.5029227265076045,-0.21269846145023905,-0.4820953272899389,-0.04372199798613763,-0.11674502916933244,0.35435958119420385,0.8111669499959042,1.0157745721429872,0.7234480540753563,1.2576538513191542,-1,0
ac29e7c780d75eee,2,3,3,0,17,-1.1126175523124004e-06,-1,-1,-1,-1,-1,-0.047039041991469556,-0.05095155957690782,-0.05006223355832803,-0.050321831494632624,-0.049417806111879306,-0.0009951471163492098,-0.0007996181040512418,0.010764671664524217,0.8117369390665875,1.5330384896890161,0.7234480540753563,1.2576538513191542,-1,-1
b4a3828e9a685c84,2,3,1,0,16,0.0,-1,-1,-1,-1,-1,-0.0372104772870941,-0.0372104772870941,-0.0372104772870941,-0.0372104772870941,-0.0372104772870941,0.0,0.0,0.0,0.788920701935378,2.1837776525404275,0.7234480540753563,1.2576538513191542,-1,-1
b9b7f27d456b5e0b,2,3,1,1,-1,nan,-1,-1,-1,-1,-1,nan,nan,nan,nan,nan,nan,nan,nan,nan,nan,0.7234480540753563,1.2576538513191542,-1,-1
c6eebddd3a955416,2,3,16,0,3,-0.00032615948114544935,-1,-1,-1,3,-1,-0.033915288989581516,-0.03891117322328229,-0.08101917824896172,0.034446242136506725,-0.005575125945708054,-0.0012707009438846784,-0.012458728396813001,1.2544740779758077,-0.13759334723907005,-0.22818180778840028,0.7234480540753563,1.2576538513191542,3,3
e06039dcbccd55a0,2,3,17,1,-1,nan,-1,-1,-1,-1,-1,nan,nan,nan,nan,nan,nan,nan,nan,nan,nan,0.7234480540753563,1.2576538513191542,-1,-1
ee1f7084ec1a54cf,2,3,11,0,-1,nan,-1,-1,-1,-1,-1,nan,nan,nan,nan,nan,nan,nan,nan,nan,nan,0.7234480540753563,1.2576538513191542,-1,-1
fa243f63e0525715,2,3,15,0,-1,nan,-1,-1,-1,-1,-1,nan,nan,nan,nan,nan,nan,nan,nan,nan,nan,0.7234480540753563,1.2576538513191542,-1,-1
1c3f933be722564d,2,3,2,0,7,-2.020616720138795,-1,-1,-1,-1,-1,-0.02437403588116404,-0.026038368778983922,-0.02681665239172079,-0.035071988379956114,-0.036116696613047734,-0.00042332233600045344,-0.0006460590868627158,-0.15448504599687873,0.8712385151504636,1.8130131381963628,0.7234480540753563,1.2576538513191542,-1,-1
27d3a84b2d335113,2,3,13,1,0,3.223411133512874e-06,-1,-1,-1,-1,-1,-0.018237994522996886,-0.022658942822520373,-0.022489370082461758,-0.02313874796925015,-0.022988267706504265,-0.0011244662434678684,-0.0011244662434678684,-0.00820992430234313,0.7509132821103542,0.5671557666393572,0.7234480540753563,1.2576538513191542,-1,0
37c65539bccb5da7,2,3,18,1,19,3.19452974479645e-05,19,19,19,19,19,0.130424363838848,0.12759153683178828,0.12770019456880619,0.193072282153877,0.19508807126279226,-0.0007205282955618647,-0.0007205282955618508,1.1197781046137087,-0.47165446049172294,-0.6565325901283704,0.7234480540753563,1.2576538513191542,19,19
3dae82a193c9501b,2,3,17,0,-1,nan,-1,-1,-1,-1,-1,nan,nan,nan,nan,nan,nan,nan,nan,nan,nan,0.7234480540753563,1.2576538513191542,-1,-1
69a069b9a6985aaf,2,3,15,1,7,0.00017445414308459029,-1,7,7,7,7,-0.07139186315221965,0.011861716577912282,0.004853566562164305,0.0071697868584541385,0.00011637098786768107,0.02117551116001165,0.02016651098763865,-0.08014568523752108,0.8311582729625595,0.532087633710286,0.7234480540753563,1.2576538513191542,-1,7
7d8759e340975895,2,3,12,1,14,0.00013285990655420576,14,14,14,14,14,0.030701925552864315,0.0358370972899855,0.035640129335795884,0.04708289055232805,0.04721993492312443,0.0013061286587371795,0.0013061286587371795,0.19231903656208682,0.4627472402838597,0.36244003542559555,0.7234480540753563,1.2576538513191542,14,14
a99fbe3c63d15894,2,3,23,1,21,-3.527703285222117e-05,-1,-1,-1,-1,-1,-0.003562803642287911,-0.00813890296763478,-0.007963379154912721,-0.012535082550414075,-0.012493089909974525,-0.0011639288382230724,-0.0011639288382230724,-0.07518371120564815,0.7620098643654486,0.2157043722342372,0.7234480540753563,1.2576538513191542,-1,21
aaf8a6e715785915,2,3,19,1,21,1.1295703612024255e-05,-1,-1,-1,-1,-1,-0.02125359957173692,-0.0232392172728247,-0.023899150333806806,-0.02483817409870332,-0.02554787646759142,-0.0005050409835252179,-0.0006997341179857397,-0.027345799566711237,0.7698011511550701,0.34877958998134484,0.7234480540753563,1.2576538513191542,-1,21
adb358cddcdf5ad4,2,3,17,1,-1,nan,-1,-1,-1,-1,-1,nan,nan,nan,nan,nan,nan,nan,nan,nan,nan,0.7234480540753563,1.2576538513191542,-1,-1
ae3f167434e35c78,2,3,4,1,-1,nan,-1,-1,-1,-1,-1,nan,nan,nan,nan,nan,nan,nan,nan,nan,nan,0.7234480540753563,1.2576538513191542,-1,-1
ae62df1371af5474,2,3,9,0,-1,nan,-1,-1,-1,-1,-1,nan,nan,nan,nan,nan,nan,nan,nan,nan,nan,0.7234480540753563,1.2576538513191542,-1,-1
f0a54058d2af5c6c,2,3,16,1,4,0.0006539796369151585,-1,-1,-1,-1,-1,-0.06406887382250681,-0.12680420535560943,-0.12439788857789442,-0.13080848036463105,-0.12859127708278245,-0.01595670381156522,-0.01595670381156522,-0.06854510325375673,0.9899340626554062,0.676584429768009,0.7234480540753563,1.2576538513191542,-1,4
f533a754e0245b89,2,3,7,1,10,-0.002852290576696337,-1,-1,-1,-1,-1,-0.04157756950242752,-0.014417003384805262,-0.015458791550164459,-0.001759953590254222,-0.002401176563544896,0.006908277971953494,0.006908277971953494,0.21647680654939094,0.6061682940533156,0.8372755360482732,0.7234480540753563,1.2576538513191542,10,10
f9c3f5c430be54aa,2,3,2,1,2,1.5646017807097174,2,2,2,2,2,0.14026879684115198,0.1355132682727966,0.13581265002238124,0.14264932837324504,0.14315155657865192,-0.0012095665867748462,-0.0011786271533901216,0.12202803718897082,0.24012757864529477,1.2329046649392834,0.7234480540753563,1.2576538513191542,2,2
02bb7e4c3012543c,2,3,8,1,-1,nan,-1,-1,-1,-1,-1,nan,nan,nan,nan,nan,nan,nan,nan,nan,nan,0.7234480540753563,1.2576538513191542,-1,-1
105b657c237a5c20,2,3,11,1,-1,nan,-1,-1,-1,-1,-1,nan,nan,nan,nan,nan,nan,nan,nan,nan,nan,0.7234480540753563,1.2576538513191542,-1,-1
11aaf0aadcfb5861,2,3,17,0,-1,nan,-1,-1,-1,-1,-1,nan,nan,nan,nan,nan,nan,nan,nan,nan,nan,0.7234480540753563,1.2576538513191542,-1,-1
22b187e4a9c25c9b,2,3,14,0,-1,nan,-1,-1,-1,-1,-1,nan,nan,nan,nan,nan,nan,nan,nan,nan,nan,0.7234480540753563,1.2576538513191542,-1,-1
2f2543566c675f13,2,3,11,1,1,4.0812372416265674e-05,-1,-1,-1,-1,-1,-0.030298933072655583,-0.08445404385412243,-0.08237683554920264,-0.0923533119945606,-0.09056896643002833,-0.013774328460612384,-0.013774328460612384,-0.13514373930182466,0.9395698395205727,0.8441604832021681,0.7234480540753563,1.2576538513191542,-1,1
359105de514f5258,2,3,12,1,9,-0.00038073421872697466,-1,9,9,9,9,-0.10074724498688739,0.027446846966355992,0.02252975181865187,0.07368000129178989,0.07025947113447295,0.03260611055527958,0.03260611055527958,0.7907691896816553,0.20898276456718987,0.19210769186807009,0.7234480540753563,1.2576538513191542,9,9
5740c711ed2d5d2f,2,3,17,1,-1,nan,-1,-1,-1,-1,-1,nan,nan,nan,nan,nan,nan,nan,nan,nan,nan,0.7234480540753563,1.2576538513191542,-1,-1
5f01892cbea95932,2,3,14,0,-1,nan,-1,-1,-1,-1,-1,nan,nan,nan,nan,nan,nan,nan,nan,nan,nan,0.7234480540753563,1.2576538513191542,-1,-1
75fd8a14d25350e5,2,3,12,1,14,6.06032689663456,14,14,14,14,14,0.1343404675354907,1.1163348645620657,1.0786688550672354,1.2047626250886028,1.17080802762638,0.24976984029647797,0.24976984029647797,1.513265496702639,-2.0299876614153267,-2.0536809051494327,0.7234480540753563,1.2576538513191542,14,14
78dae1caad5656a7,2,3,15,1,17,0.00012827663570642465,17,17,17,17,17,0.04223598323526685,0.11074638109015789,0.10811855214947291,0.035669372595155964,0.03093012144859312,0.017425589374723507,0.017425589374723507,-1.283811555221131,1.4391399403675433,0.9331759663991588,0.7234480540753563,1.2576538513191542,-1,17
a9e5024892425a19,2,3,10,1,9,0.10973590606988859,9,9,9,9,9,0.04724571316666407,0.161669301528403,0.3851400137929933,0.16322112881181372,0.38712647051262034,0.02910358906099547,0.08937124692938589,0.02666225995814664,0.4018362701886945,0.3674725570027538,0.7234480540753563,1.2576538513191542,9,9
aaddf9a720325142,2,3,11,0,-1,nan,-1,-1,-1,-1,-1,nan,nan,nan,nan,nan,nan,nan,nan,nan,nan,0.7234480540753563,1.2576538513191542,-1,-1
d32e31e6812d546f,2,3,9,1,-1,nan,-1,-1,-1,-1,-1,nan,nan,nan,nan,nan,nan,nan,nan,nan,nan,0.7234480540753563,1.2576538513191542,-1,-1
e034837cf84e5081,2,3,8,1,-1,nan,-1,-1,-1,-1,-1,nan,nan,nan,nan,nan,nan,nan,nan,nan,nan,0.7234480540753563,1.2576538513191542,-1,-1
e865980d1e455826,2,3,16,1,-1,nan,-1,-1,-1,-1,-1,nan,nan,nan,nan,nan,nan,nan,nan,nan,nan,0.7234480540753563,1.2576538513191542,-1,-1
f125490e18b15e5c,2,3,21,1,19,2.2940688254813324e-05,-1,-1,-1,-1,-1,-8.408425948855451e-05,-0.005850488930668196,-0.005629308999547053,-0.012363098482670094,-0.012338567974918967,-0.0014666824761592062,-0.0014666824761592062,-0.11137791328003654,0.7810839046910276,0.2846489993146894,0.7234480540753563,1.2576538513191542,-1,19
f1d77af4b7285825,2,3,7,1,9,-0.00017149056606013957,9,9,9,9,9,0.03900817853473899,0.05712136057087513,0.05642659969584314,0.058728084086133066,0.05810107082187513,0.004607079834799022,0.004607079834799022,0.027496176330092714,0.545843631416268,0.7463450171885496,0.7234480540753563,1.2576538513191542,9,9
2d8cf993fd4159e2,2,3,12,1,2,-0.0050927070549839915,-1,-1,-1,-1,-1,-0.13088493189571843,-0.09818142834078986,-0.10054384464836297,-0.013409848170056332,-0.013262628657095807,0.008318121656073721,0.008025056342954348,1.4497078783757078,-0.0755574790594791,0.037772052192318106,0.7234480540753563,1.2576538513191542,2,2
470e191769275e16,2,3,9,1,-1,nan,-1,-1,-1,-1,-1,nan,nan,nan,nan,nan,nan,nan,nan,nan,nan,0.7234480540753563,1.2576538513191542,-1,-1
549a8da7bb0b5e8a,2,3,2,0,2,-0.9131117959951052,-1,-1,-1,-1,-1,-0.38975925435497205,-0.48181325942076686,-0.4720834113711815,-0.5370150138381814,-0.5289947397343185,-0.023413895449458988,-0.02177430205632741,-0.9441011817443496,2.525722865119773,3.339032430086734,0.7234480540753563,1.2576538513191542,-1,-1
5c921b6094c95071,2,3,2,1,-1,nan,-1,-1,-1,-1,-1,nan,nan,nan,nan,nan,nan,nan,nan,nan,nan,0.7234480540753563,1.2576538513191542,-1,-1
698c37f393b852d6,2,3,14,0,-1,nan,-1,-1,-1,-1,-1,nan,nan,nan,nan,nan,nan,nan,nan,nan,nan,0.7234480540753563,1.2576538513191542,-1,-1
71dfd904537f5299,2,3,6,1,-1,nan,-1,-1,-1,-1,-1,nan,nan,nan,nan,nan,nan,nan,nan,nan,nan,0.7234480540753563,1.2576538513191542,-1,-1
7ef659e1786d5ef0,2,3,1,0,-1,nan,-1,-1,-1,-1,-1,nan,nan,nan,nan,nan,nan,nan,nan,nan,nan,0.7234480540753563,1.2576538513191542,-1,-1
893f5457b66f5c0a,2,3,4,0,-1,nan,-1,-1,-1,-1,-1,nan,nan,nan,nan,nan,nan,nan,nan,nan,nan,0.7234480540753563,1.2576538513191542,-1,-1
8f090017c0c45c30,2,3,13,1,2,0.9801628914909379,-1,-1,-1,-1,-1,-0.18330002289933214,-0.18745881298278977,-0.20983241124629057,-0.10327651064477929,-0.12322435384740302,-0.0010577864172311296,-0.0070176757234052395,1.4395905489323912,0.11630742393120715,0.183832543799406,0.7234480540753563,1.2576538513191542,2,2
90003a4fe9855d90,2,3,21,1,-1,nan,-1,-1,-1,-1,-1,nan,nan,nan,nan,nan,nan,nan,nan,nan,nan,0.7234480540753563,1.2576538513191542,-1,-1
9d6b57b25d0e5698,2,3,29,1,28,-4.430631548166253e-05,-1,-1,-1,-1,-1,-0.036670551804209195,-0.07865266083847236,-0.0770423680279577,-0.08673682067952933,-0.085410758022444,-0.010678130853442602,-0.010678130853442602,-0.13829230445482754,0.9430304568642064,0.24860616316269946,0.7234480540753563,1.2576538513191542,-1,28
a5a77a41a5d4527c,2,3,17,1,2,-0.00012272540132673981,-1,-1,-1,-1,-1,-0.056370761703063994,-0.11892298914355692,-0.48733716736528815,-0.09820957466219715,-0.4665105784101676,-0.01591013136664371,-0.11398832412181653,0.3541504027707192,0.6581015512738893,0.38151318500059295,0.7234480540753563,1.2576538513191542,2,2
b86d04e1e9105474,2,3,3,0,-1,nan,-1,-1,-1,-1,-1,nan,nan,nan,nan,nan,nan,nan,nan,nan,nan,0.7234480540753563,1.2576538513191542,-1,-1
c4a7fbc6d1e35668,2,3,6,1,21,1.9843287469431445,21,21,21,21,21,0.07908790289826137,0.14666076840212725,0.13691155835777422,0.14609387304433857,0.13639789860869897,0.017187128436150556,0.015294049591404013,-0.009620862609075798,0.4050023086787678,0.6864671365837921,0.7234480540753563,1.2576538513191542,21,21
db167c9f01af53f1,2,3,17,0,9,-0.00040012851879001055,-1,-1,-1,-1,-1,-0.1385159653695987,-0.08167391298298507,-0.08385418335049703,-0.04183899761530527,-0.04279158911634938,0.01445775086876011,0.01445775086876011,0.6812757114747896,0.4797570077941794,0.24032130577400115,0.7234480540753563,1.2576538513191542,9,9
e19f348970f556d2,2,3,5,0,-1,nan,-1,-1,-1,-1,-1,nan,nan,nan,nan,nan,nan,nan,nan,nan,nan,0.7234480540753563,1.2576538513191542,-1,-1
e1c764e511515749,2,3,10,1,20,0.000480583366891274,20,20,20,20,20,0.16238827366902414,0.4796461085230996,0.467477162696009,0.5647650668057234,0.5554450318777611,0.08069438989086651,0.08069438989086651,1.4559581789217666,-1.212013132110683,-1.0270873750385667,0.7234480540753563,1.2576538513191542,20,20
e75b5a59035b5493,2,3,9,1,22,1.9060943658999463e-05,-1,-1,-1,-1,-1,-0.048734250594347876,-0.09675423003860903,-0.1560902567423389,-0.10518425020836566,-0.1648906925843305,-0.012213860520131542,-0.028395093131254656,-0.14421340918323977,0.9867111956819772,1.0119648609443317,0.7234480540753563,1.2576538513191542,-1,22
e86d2d8665685c70,2,3,11,1,-1,nan,-1,-1,-1,-1,-1,nan,nan,nan,nan,nan,nan,nan,nan,nan,nan,0.7234480540753563,1.2576538513191542,-1,-1
e9c39cd0c047561f,2,3,29,1,-1,nan,-1,-1,-1,-1,-1,nan,nan,nan,nan,nan,nan,nan,nan,nan,nan,0.7234480540753563,1.2576538513191542,-1,-1
0612f5d26b32561d,2,3,15,1,-1,nan,-1,-1,-1,-1,-1,nan,nan,nan,nan,nan,nan,nan,nan,nan,nan,0.7234480540753563,1.2576538513191542,-1,-1
07003d3990e35817,2,3,2,1,-1,nan,-1,-1,-1,-1,-1,nan,nan,nan,nan,nan,nan,nan,nan,nan,nan,0.7234480540753563,1.2576538513191542,-1,-1
0938c742dd0159e8,2,3,4,0,-1,nan,-1,-1,-1,-1,-1,nan,nan,nan,nan,nan,nan,nan,nan,nan,nan,0.7234480540753563,1.2576538513191542,-1,-1
097a309009705384,2,3,9,1,3,0.00048242681920529495,3,3,3,3,3,0.10425942810473209,0.10059023043480947,0.10047203290014538,0.05466988842616006,0.05320744792767706,-0.0009332588035204231,-0.0010017459052161226,-0.7852842313642594,1.0015613430805204,0.9094731840713232,0.7234480540753563,1.2576538513191542,-1,3
12db610090455243,2,3,15,1,-1,nan,-1,-1,-1,-1,-1,nan,nan,nan,nan,nan,nan,nan,nan,nan,nan,0.7234480540753563,1.2576538513191542,-1,-1
1b2ded48330b5b03,2,3,17,1,5,0.0020229374388232024,5,5,5,5,5,0.08823775752168476,0.31020344444603254,0.416376614446466,0.23887803705517235,0.3433556708547296,0.056456874237024834,0.0867909839112152,-1.2194886358246642,1.075186458497833,0.47956494578574316,0.7234480540753563,1.2576538513191542,-1,5
2322ed0c8d8e5d5f,2,3,12,1,25,0.0026175350087694893,25,25,25,25,25,0.13203370551557148,0.35194116927258673,0.34274331001346126,0.4095675119295672,0.40230343091903037,0.05593336608529223,0.055731570668898056,0.9857030817179259,-0.6616487142955594,-0.6560643688542608,0.7234480540753563,1.2576538513191542,25,25
253b0edab17c5d6d,2,3,17,0,-1,nan,-1,-1,-1,-1,-1,nan,nan,nan,nan,nan,nan,nan,nan,nan,nan,0.7234480540753563,1.2576538513191542,-1,-1
326079b8c9395f39,2,3,1,0,23,-0.0004300676556301397,-1,23,23,23,23,-0.053651181954805977,0.10141794759152839,0.0954700161944318,0.09883284704142495,0.09298817963169889,0.039441764473380825,0.039441764473380825,-0.044038771066670535,0.6663307780513703,2.0285139724640646,0.7234480540753563,1.2576538513191542,23,-1
460cfd36104e5450,2,3,16,1,6,-0.001754277704656193,-1,6,6,-1,-1,-0.07389455999292449,0.0039424534810413026,0.0009568868653487966,-0.004269417580793758,-0.007404874335576864,0.019797809929888138,0.019797809929888138,-0.1403458287701973,0.8889886656983551,0.5405043900592231,0.7234480540753563,1.2576538513191542,-1,6
5b06ed05f63a5554,2,3,14,1,3,0.0001472774073248695,3,3,3,-1,-1,0.09839026524194888,0.026227277264665602,0.028995207304345988,-0.02353639488100892,-0.022303468516854677,-0.018354624055879343,-0.018354624055879343,-0.8510832983783094,1.1529204515926554,0.7883286338022588,0.7234480540753563,1.2576538513191542,-1,3
5da895ba0a415a80,2,3,16,1,6,-0.0020260254189370386,-1,-1,-1,-1,-1,-0.08885803527827532,-0.026268994947863805,-0.02866970048599713,-0.0299917243444734,-0.03242891970266073,0.01591949470890275,0.01591949470890275,-0.06359396399568773,0.8911213069192299,0.5583150854308393,0.7234480540753563,1.2576538513191542,-1,6
5e16781ce6685597,2,3,12,1,9,0.9893989870341495,-1,-1,-1,-1,-1,-0.08623712953344753,-0.07477148740830027,-0.07514262572154744,-0.028553274910201126,-0.027562711221294424,0.0029162810003457718,0.0029344373015301323,0.7903865802254749,0.320376974556,0.3222545238996922,0.7234480540753563,1.2576538513191542,9,9
5f9c0089a0a355fe,2,3,1,1,-1,nan,-1,-1,-1,-1,-1,nan,nan,nan,nan,nan,nan,nan,nan,nan,nan,0.7234480540753563,1.2576538513191542,-1,-1
628e147a02bf5128,2,3,15,1,2,0.00017715641876420163,-1,-1,-1,-1,-1,-0.0807706527913229,-0.14638287832853714,-0.14702300555608308,-0.09670749030756817,-0.09597751360497678,-0.016688440528325132,-0.017523395238146222,0.8494235528547076,0.36102951527586896,0.2483230918584763,0.7234480540753563,1.2576538513191542,2,2
767b810b38de5665,2,3,10,1,-1,nan,-1,-1,-1,-1,-1,nan,nan,nan,nan,nan,nan,nan,nan,nan,nan,0.7234480540753563,1.2576538513191542,-1,-1
1fd9a12a263556d8,3,4,4,0,-1,nan,-1,-1,-1,-1,-1,nan,nan,nan,nan,nan,nan,nan,nan,nan,nan,0.8328120115304404,2.052265911638216,-1,-1
399cc87ac7c55646,3,4,16,1,22,0.0005082323875802105,-1,22,22,22,22,-0.0034861667416903434,0.046059444140059067,0.04051103242376772,0.11340208971958082,0.10792279046531311,0.011687144862405824,0.011687144862405824,1.0890001473062827,0.05308529487480537,-0.10747410584509445,0.8328120115304404,2.052265911638216,22,22
41fdae5fd40d5324,3,4,19,1,22,-4.6419141395137586e-05,-1,-1,-1,-1,-1,-0.008961666360752673,-0.055142435432003555,-0.049970838682620075,-0.048672193996966054,-0.04351065854806871,-0.010893423824789916,-0.010893423824789916,0.1071875725158209,0.5012583568686687,0.1421249489867146,0.8328120115304404,2.052265911638216,22,22
46eb37ed09fc5718,3,4,22,1,-1,nan,-1,-1,-1,-1,-1,nan,nan,nan,nan,nan,nan,nan,nan,nan,nan,0.8328120115304404,2.052265911638216,-1,-1
538f3eb865185615,3,4,26,0,19,-9.282299746971034e-05,-1,-1,-1,-1,-1,-0.009374752338442361,-0.171307775980432,-0.15337199263562412,-0.09606607992819571,-0.07812508429073309,-0.038197827650732485,-0.03825053955846064,1.2276432459744973,0.10240168298836169,-0.31106230243233624,0.8328120115304404,2.052265911638216,19,19
667054412512521b,3,4,11,0,9,-0.00010643603205681695,-1,-1,-1,9,9,-0.02590477354665696,-0.03305047957763022,-0.025384237184243614,0.01489482707747981,0.022622866719453582,-0.0016855761800469438,0.0001382720716106567,0.7774545023665289,0.28028439042431086,0.36888494260094423,0.8328120115304404,2.052265911638216,9,9
86f569f804fb5848,3,4,8,1,-1,nan,-1,-1,-1,-1,-1,nan,nan,nan,nan,nan,nan,nan,nan,nan,nan,0.8328120115304404,2.052265911638216,-1,-1
98dbc922be205d29,3,4,16,1,26,0.00022450695186848613,26,26,26,26,26,0.10494979581398148,0.20295653167462252,0.1919811554132924,0.3136318732769142,0.30277551699266236,0.023118474050680876,0.023118474050680876,1.78890233146367,-0.6358221056702776,-0.7410683200257562,0.8328120115304404,2.052265911638216,26,26
ba95a132236555b4,3,4,9,0,25,-0.00042002055742784705,25,-1,-1,-1,-1,0.03651430245356667,-0.10935645080444824,-0.09302097765077787,-0.07833563124805996,-0.062023630019251166,-0.03440895357176149,-0.03440895357176149,0.5101065901079849,0.21604876883306423,0.4589504128990953,0.8328120115304404,2.052265911638216,25,25
bc346dea1bcd5cc3,3,4,29,1,28,-9.483449810643307e-05,-1,28,28,28,28,-0.12226759347284359,0.33371272636356036,0.2827175429937177,0.35860032522234636,0.3077744415563297,0.1075596396430187,0.10757775601138353,0.380488510556942,0.6036914154461904,-0.18640582438599138,0.8328120115304404,2.052265911638216,28,28
c0426fcae01a50cf,3,4,17,1,-1,nan,-1,-1,-1,-1,-1,nan,nan,nan,nan,nan,nan,nan,nan,nan,nan,0.8328120115304404,2.052265911638216,-1,-1
c075c65bf21d5842,3,4,14,1,9,-0.0004111885782156488,9,-1,-1,-1,-1,0.03009411012014647,-0.5292708428661502,-0.4666298338322872,-0.47068700363515564,-0.40818339629314493,-0.1319466875099481,-0.1319466875099481,0.9776031513511807,0.21592754740651024,0.3429896915940849,0.8328120115304404,2.052265911638216,9,9
d1f387a440e25adc,3,4,17,1,26,-0.00016852544695122873,26,26,26,26,26,0.016876260001926796,0.05919708889764091,0.05445775117005548,0.08014973311702635,0.07544071993219309,0.00998291572550769,0.00998291572550769,0.3374753313185591,0.28153770685517093,-0.005390302271525839,0.8328120115304404,2.052265911638216,26,26
f462fca7c1f8594c,3,4,5,1,20,-7.948029409162718e-05,-1,-1,-1,-1,-1,-0.05807161910903153,-0.0867473036037974,-0.26089891288163675,-0.07301615193453226,-0.24785092572207565,-0.00676420923578569,-0.053877792435279015,0.22399344409149002,0.6250951287859103,1.2150616642901169,0.8328120115304404,2.052265911638216,20,20
f5b6478d00565e99,3,4,2,1,-1,nan,-1,-1,-1,-1,-1,nan,nan,nan,nan,nan,nan,nan,nan,nan,nan,0.8328120115304404,2.052265911638216,-1,-1
258a909f4194587f,3,4,14,1,24,-0.00010657218275592073,24,-1,-1,-1,-1,0.0059125470350017304,-0.22963422005920026,-0.21746198414213774,-0.20168203427299342,-0.18961990832661815,-0.05556232206868095,-0.059335833961194295,0.4648717420171402,0.3797759728402866,0.33962991264152076,0.8328120115304404,2.052265911638216,24,24
09be490c13cb56b6,3,4,19,1,23,-8.767266422510158e-05,-1,-1,-1,-1,-1,-0.04059758086137133,-0.05054007722769306,-0.04942665744446047,-0.032701990184162276,-0.03157782608661837,-0.0023453014961199864,-0.0023453014961199864,0.28961815730409257,0.5285495358287955,0.17969178992015314,0.8328120115304404,2.052265911638216,23,23
2f4a06067a6f5d7f,3,4,3,1,-1,nan,-1,-1,-1,-1,-1,nan,nan,nan,nan,nan,nan,nan,nan,nan,nan,0.8328120115304404,2.052265911638216,-1,-1
33cd12f0c4a75e41,3,4,16,1,-1,nan,-1,-1,-1,-1,-1,nan,nan,nan,nan,nan,nan,nan,nan,nan,nan,0.8328120115304404,2.052265911638216,-1,-1
3cd8e7898e005bc4,3,4,8,1,-1,nan,-1,-1,-1,-1,-1,nan,nan,nan,nan,nan,nan,nan,nan,nan,nan,0.8328120115304404,2.052265911638216,-1,-1
3f68aa4cebd65ce8,3,4,21,1,23,-0.0006958824434317649,-1,-1,-1,-1,-1,-0.018466695048261903,-0.07993212354751,-0.07304885987262977,-0.052215868104010355,-0.04533099745487887,-0.014498869912312917,-0.014498869912312917,0.45230944782551374,0.40422461434668694,0.019557561645471556,0.8328120115304404,2.052265911638216,23,23
420b77ddd4f052b3,3,4,18,1,-1,nan,-1,-1,-1,-1,-1,nan,nan,nan,nan,nan,nan,nan,nan,nan,nan,0.8328120115304404,2.052265911638216,-1,-1
56e384e4189f536f,3,4,19,1,3,-1.771524733840124e-05,3,3,3,3,3,0.0018453444255964865,0.10789602239238555,0.09601983772779558,0.15878222295198352,0.14698075715734396,0.02501593206938879,0.02501593206938879,0.8194382976125993,0.11888287634981796,-0.21265360424730279,0.8328120115304404,2.052265911638216,3,3
7f9f132592f45a84,3,4,25,0,14,-0.000653486872685613,14,14,14,14,14,0.07147905122946537,0.22594333551198614,0.20864550772443147,0.38731457936445696,0.37019408138321663,0.03643605224257382,0.03643605224257382,2.6077457023024238,-0.8631435440489617,-1.2068369898735765,0.8328120115304404,2.052265911638216,14,14
9d81a9a1677354a1,3,4,10,1,26,-0.00040758806355301047,26,26,26,26,26,0.030586728803499195,0.04524626965770881,0.04360460722215875,0.039119360667577555,0.03747769449533452,0.003457989003070594,0.003457989003070594,-0.10004058460517906,0.41707111017807863,0.462398241003675,0.8328120115304404,2.052265911638216,26,26
b0f9569dfe425d61,3,4,9,0,-1,nan,-1,-1,-1,-1,-1,nan,nan,nan,nan,nan,nan,nan,nan,nan,nan,0.8328120115304404,2.052265911638216,-1,-1
e516f368a8fb5a16,3,4,3,1,11,-0.00044736977913416905,-1,-1,-1,-1,-1,-0.08479227233289507,-0.42792228961292655,-0.3894955905623254,-0.3791546904289177,-0.3408022007864683,-0.08093976736229405,-0.08093951178144315,0.8076475612706379,0.6130156788468163,1.7375173074884993,0.8328120115304404,2.052265911638216,11,11
f997536112085ece,3,4,17,1,24,-8.260559672490508e-05,-1,24,24,24,24,-0.03213826852396213,0.0762389063112506,0.06410218671222445,0.0921324760649729,0.08004376659079404,0.025564721466457593,0.025564721466457593,0.25216221005431105,0.4663568581285355,0.15039847668253553,0.8328120115304404,2.052265911638216,24,24
925cbce83b0c5797,3,4,16,1,-1,nan,-1,-1,-1,-1,-1,nan,nan,nan,nan,nan,nan,nan,nan,nan,nan,0.8328120115304404,2.052265911638216,-1,-1
050392bdc27a5f5c,3,4,1,1,-1,nan,-1,-1,-1,-1,-1,nan,nan,nan,nan,nan,nan,nan,nan,nan,nan,0.8328120115304404,2.052265911638216,-1,-1
1ae7a63963375f27,3,4,2,1,-1,nan,-1,-1,-1,-1,-1,nan,nan,nan,nan,nan,nan,nan,nan,nan,nan,0.8328120115304404,2.052265911638216,-1,-1
1bd0f4142cdc52f5,3,4,10,1,0,-2.8255283832552547e-06,-1,-1,-1,-1,-1,-0.034371246286480375,-0.04238399537806429,-0.041692750668009676,-0.04226317096990521,-0.041575253812800174,-0.0018901000050833422,-0.001944839306608645,0.002360532842706986,0.6196428847603537,0.6885745753519091,0.8328120115304404,2.052265911638216,0,0
2e91c253ccb958d1,3,4,16,1,3,-6.759409550577411e-05,-1,-1,-1,-1,-1,-0.0394050494065771,-0.0456741396917903,-0.044972089734792435,-0.037806201513306846,-0.03710003009742151,-0.0014787942870188031,-0.0014787942870188031,0.1278379486110699,0.5871844095212195,0.3395509498696713,0.8328120115304404,2.052265911638216,3,3
63464806708f5d70,3,4,3,1,-1,nan,-1,-1,-1,-1,-1,nan,nan,nan,nan,nan,nan,nan,nan,nan,nan,0.8328120115304404,2.052265911638216,-1,-1
67a57ae417045162,3,4,4,0,-1,nan,-1,-1,-1,-1,-1,nan,nan,nan,nan,nan,nan,nan,nan,nan,nan,0.8328120115304404,2.052265911638216,-1,-1
6ed7b0d3fc715d28,3,4,11,1,8,0.0009856917359167827,-1,8,8,8,8,-0.06961207781528286,0.11387030135950843,0.21641754586351555,0.11644804210546986,0.21953255836396576,0.0432810314970718,0.07597914663390681,0.03256968276365102,0.6594090728266858,0.6014789570328788,0.8328120115304404,2.052265911638216,8,8
78a96b59eca751e7,3,4,16,1,5,0.0035972677305342593,-1,-1,-1,-1,-1,-0.004522987805391773,-0.0538926444867074,-0.04812280812610474,-0.09029627115119612,-0.0845702697512317,-0.011645639627269527,-0.011581587594855086,-0.5875504711258648,0.7629832441196301,0.44701910639202386,0.8328120115304404,2.052265911638216,5,5
986b52e5fc685833,3,4,17,1,25,-0.00015336611177785286,-1,25,25,25,25,-0.0071615107857436935,0.21265753744417515,0.33564029404224766,0.25890505839359323,0.382565861157547,0.0518523642045873,0.09105975898721036,0.7385439253372792,0.13879549126251164,-0.16203930927955443,0.8328120115304404,2.052265911638216,25,25
9f32f8bd95195212,3,4,4,0,26,-0.0002767197914421558,-1,-1,-1,-1,-1,-0.03265742855754608,-0.0474457701404666,-0.037263289660645904,-0.05027950182397888,-0.04007118639530609,-0.0034883713668771577,-0.001223472560733116,-0.04518669254343677,0.6350481292133997,1.3450828989945767,0.8328120115304404,2.052265911638216,26,26
b4c84a922cb957a8,3,4,19,1,22,-0.00014493191324800115,-1,-1,-1,-1,-1,-0.054129146975057475,-0.13342804496453728,-0.1245476834781499,-0.09098603397253399,-0.08209835172302427,-0.018705546096588338,-0.018705546096588338,0.6918791503174047,0.4445897952965613,0.16580470435664094,0.8328120115304404,2.052265911638216,22,22
b8c14f4001735d94,3,4,1,0,7,-0.002120794901170231,-1,7,7,7,-1,-0.06496347924107788,0.011530496346795413,0.0029642467270172834,0.0008438854019860303,-0.007705674531451538,0.018043902535191503,0.018043902535191503,-0.1770479672705778,0.7681701795114687,2.4089150850467993,0.8328120115304404,2.052265911638216,7,-1
bd29c544e8035592,3,4,2,1,-1,nan,-1,-1,-1,-1,-1,nan,nan,nan,nan,nan,nan,nan,nan,nan,nan,0.8328120115304404,2.052265911638216,-1,-1
c34206b68ee6576f,3,4,11,1,1,-4.7573717791848935e-06,-1,-1,-1,-1,-1,-0.010200336842411825,-0.010893115553299854,-0.010815534079423945,-0.010431807588530193,-0.010354091092614676,-0.00016341720301044083,-0.00016341720301044083,0.007511638286184508,0.5274910759638255,0.5258920993577698,0.8328120115304404,2.052265911638216,1,1
efc9ce296b1955e3,3,4,12,1,25,0.00011972584798932075,-1,25,25,25,25,-0.017564470039007178,0.12786713930250007,0.05725267614582898,0.17183638913180305,0.10109444321168584,0.034305365413772715,0.019873965666897697,0.7053518076438274,0.21882488452789906,0.18530294968525238,0.8328120115304404,2.052265911638216,25,25
0831e7eae1365d56,3,4,5,1,9,-0.00045407741218805257,-1,-1,-1,-1,-1,-0.034164652453523056,-0.17342429108856805,-0.11124049452495943,-0.12078738971819242,-0.058428115711605624,-0.03284948033234525,-0.02047395172345426,0.8601274111371231,0.3291920993250655,1.0272989538992479,0.8328120115304404,2.052265911638216,9,9
174ebef468f65cc9,3,4,15,1,-1,nan,-1,-1,-1,-1,-1,nan,nan,nan,nan,nan,nan,nan,nan,nan,nan,0.8328120115304404,2.052265911638216,-1,-1
40e3009527ee5be5,3,4,16,1,5,0.00040748283686098397,-1,5,5,5,5,-0.004527685163649546,0.02273188350136502,0.019684130730353723,0.01836685839947326,0.015324635190957041,0.00643016651132014,0.006431477573628636,-0.07211651610241177,0.5277083929992666,0.2437148705169262,0.8328120115304404,2.052265911638216,5,5
4f48d8ce00c3509c,3,4,16,1,6,0.0004191477632149443,-1,6,6,6,6,-0.0033652878207937236,0.028541222281497743,0.024958392397280708,0.02455536256959607,0.020979826789912115,0.007526317649191705,0.007523727874136549,-0.06620427912299842,0.519331827185881,0.23433815550839954,0.8328120115304404,2.052265911638216,6,6
5979437fa70f5fd8,3,4,2,0,9,-0.00016503224619679457,-1,9,9,9,9,-0.08499399933087717,0.2684469307033245,0.22886651656938464,0.32008297457908497,0.28065897756187763,0.0833719733413307,0.0833719733413307,0.8191735072683249,0.33496773979659467,1.5073331112667143,0.8328120115304404,2.052265911638216,9,9
87237d7e0ff25ebb,3,4,1,0,-1,nan,-1,-1,-1,-1,-1,nan,nan,nan,nan,nan,nan,nan,nan,nan,nan,0.8328120115304404,2.052265911638216,-1,-1
9bcb80a60af853a2,3,4,12,1,12,-0.0004041901597287012,-1,-1,-1,-1,-1,-0.006622917066955742,-0.1973627014158017,-0.1280011255694345,-0.15943614094809624,-0.08992206206026976,-0.04499295600632422,-0.0322421593377579,0.624286877329266,0.34393001673920776,0.4156557220100956,0.8328120115304404,2.052265911638216,12,12
a2326fd4694d5191,3,4,2,0,9,-0.00030376721397029627,-1,9,9,9,9,-0.023243581585685024,0.11022574967734543,0.09527906140029856,0.15875710209931312,0.1438922734839593,0.0314836245108053,0.0314836245108053,0.7798946720698047,0.21436056625916622,1.4535557013100153,0.8328120115304404,2.052265911638216,9,9
bc50e785e5cf5d5e,3,4,14,0,3,-0.0001464746225625646,-1,-1,-1,3,3,-0.059256347576498725,-0.03550730721885541,-0.03816686578370021,0.048892271303388385,0.04630675832789918,0.005602079983741626,0.005602079983741626,1.3667532123566357,0.1539475700062693,0.13115094535283378,0.8328120115304404,2.052265911638216,3,3
be3f5af9cebd56a0,3,4,7,1,8,7.009943267322072e-05,-1,-1,-1,-1,-1,-0.050573627478246244,-0.2142517578916101,-0.15233115508345296,-0.18404565845559884,-0.12198676360976007,-0.03860947492431427,-0.027030242572713303,0.4977955107699199,0.5422135873240073,0.9722599595158032,0.8328120115304404,2.052265911638216,8,8
ccb8e05950fc5fca,3,4,19,1,23,-0.00018302063196906637,23,23,23,23,23,0.03059005446147329,0.24076051255740835,0.21722437663406752,0.2824476867963611,0.2590131846997849,0.049576391245388485,0.049576391245388485,0.665114318792027,0.035590260200822926,-0.35092340533543676,0.8328120115304404,2.052265911638216,23,23
faf0ce0d2dc95076,3,4,7,1,-1,nan,-1,-1,-1,-1,-1,nan,nan,nan,nan,nan,nan,nan,nan,nan,nan,0.8328120115304404,2.052265911638216,-1,-1
0395a156348a5041,3,4,8,1,24,-0.00039037971599031884,24,-1,24,-1,24,0.00015365869916134436,-0.044376481324247444,0.05524648436771107,-0.04830140415488625,0.051669134704944025,-0.01050406257859865,0.014634518712116462,-0.06137973340395819,0.5348012084831267,0.7636648199986407,0.8328120115304404,2.052265911638216,24,24
0d99f7ef1331585c,3,4,2,0,-1,nan,-1,-1,-1,-1,-1,nan,nan,nan,nan,nan,nan,nan,nan,nan,nan,0.8328120115304404,2.052265911638216,-1,-1
1a775b7a88eb5558,3,4,12,1,21,0.0,-1,-1,-1,-1,-1,-0.042542676124587654,-0.042542676124587654,-0.042542676124587654,-0.042542676124587654,-0.042542676124587654,0.0,0.0,0.0,0.6469148002039691,0.5851791664654278,0.8328120115304404,2.052265911638216,21,21
2777ce9cfe665ad6,3,4,19,1,20,-0.0003108637665398817,20,-1,-1,20,20,0.08303370123073452,-0.14102440506309327,-0.11577063815992973,0.01916271025842832,0.04446940151834313,-0.05285230112717962,-0.05280915962390889,2.6075540403981092,-0.7557656172782463,-0.7776518591971076,0.8328120115304404,2.052265911638216,20,20
4db8527b43a95f0d,3,4,17,0,11,-0.00032001790143532105,11,11,11,11,11,0.02691777011596715,0.17454903978993705,0.15801641355378032,0.2814412173080084,0.2650409109570569,0.03482423577375143,0.03482423577375143,1.725093945925483,-0.34838391039762345,-0.5153213999964118,0.8328120115304404,2.052265911638216,11,11
5d00c83bfb0c508d,3,4,12,1,-1,nan,-1,-1,-1,-1,-1,nan,nan,nan,nan,nan,nan,nan,nan,nan,nan,0.8328120115304404,2.052265911638216,-1,-1
5f60684cc6045646,3,4,17,1,2,-0.9895701892308891,-1,-1,-1,-1,-1,-0.008635258626844484,-0.1389181974409042,-0.12432834031160049,-0.07733257043124159,-0.06273707921292074,-0.03073199728335063,-0.03073199728335063,1.0047174327245125,0.17599323780167195,0.025210335939658202,0.8328120115304404,2.052265911638216,2,2
633d93f8f6bc51b5,3,4,5,0,-1,nan,-1,-1,-1,-1,-1,nan,nan,nan,nan,nan,nan,nan,nan,nan,nan,0.8328120115304404,2.052265911638216,-1,-1
6f319806306450c0,3,4,17,0,9,-0.00012574573676671363,9,-1,-1,-1,-1,0.01017431425830735,-0.3884312331216573,-0.3437930169426254,-0.3342559428032155,-0.28970588260601216,-0.09402570060760396,-0.09402570060760396,0.8980799248328418,0.25617679523839154,0.18400049536787103,0.8328120115304404,2.052265911638216,9,9
74bb5ba3f6a75df3,3,4,8,1,-1,nan,-1,-1,-1,-1,-1,nan,nan,nan,nan,nan,nan,nan,nan,nan,nan,0.8328120115304404,2.052265911638216,-1,-1
8515fe3938815bd1,3,4,17,0,9,-0.00012392938693811528,9,-1,-1,-1,-1,0.03685076885206104,-0.10312636716684373,-0.08745089626884968,-0.0446415408871773,-0.02896604857972214,-0.033018728338663705,-0.033018728338663705,0.9549463843983035,0.03548077852943343,-0.12059712329554563,0.8328120115304404,2.052265911638216,9,9
9a807a00fda657be,3,4,4,1,9,-7.209880230948321e-05,-1,-1,-1,-1,-1,-0.0004692511794667821,-0.13769301274967974,-0.12232588107242758,-0.08251297754656721,-0.0671475162141911,-0.032369244247749784,-0.032369244247749784,0.9012442383360456,0.19043785499946825,1.0471709064774586,0.8328120115304404,2.052265911638216,9,9
bb77e9686029538d,3,4,18,1,22,0.0002012102944777272,22,-1,-1,22,22,0.024901757687047964,-0.0810698873216108,-0.057028929325864876,0.05299788706321862,0.07715633794737758,-0.02499728925493691,-0.021763562816700832,2.178285125245839,-0.421641886196241,-0.4906061961024821,0.8328120115304404,2.052265911638216,22,22
d97f7fc3e5a35f1e,3,4,16,1,-1,nan,-1,-1,-1,-1,-1,nan,nan,nan,nan,nan,nan,nan,nan,nan,nan,0.8328120115304404,2.052265911638216,-1,-1
fee89379e3375727,3,4,17,1,2,0.00025139094404913465,2,2,2,2,2,0.08295393888836523,0.10919957765387207,0.10631363525721085,0.2589865417652409,0.25622700221369576,0.006190994051742366,0.006205125793981248,2.4264242904956754,-0.7819193649568241,-0.8317689370455496,0.8328120115304404,2.052265911638216,2,2
0f6992119fc759c4,3,4,4,1,9,0.9896811794601963,-1,-1,-1,-1,-1,-0.20594169276408886,-0.20172390762659043,-0.20220398544362453,-0.148943968112296,-0.14938125725862195,0.000994918924667132,0.000992861539737211,0.8552436462524194,0.8945148376515153,1.7111390588785842,0.8328120115304404,2.052265911638216,-1,9
147b934bc401590e,3,4,18,1,1,0.9893352683567442,-1,1,1,1,1,-0.05313847208140236,0.04662562571659995,0.031038845123194478,0.1407277114483988,0.12523047747631694,0.023533012153493627,0.022360343816412276,1.5201953808120983,0.040883979100926074,-0.16772248876439258,0.8328120115304404,2.052265911638216,1,1
1f19613acc175257,3,4,17,0,3,-0.00011537165888553247,-1,-1,-1,3,3,-0.030941004448048176,-0.07672275208638757,-0.07159584012651454,0.0018682615952324844,0.007041862618688506,-0.010799300022365288,-0.010799300022365288,1.276098431879629,0.11521921917718816,-0.03238400305762431,0.8328120115304404,2.052265911638216,3,3
28a9f1a2abfe555c,3,4,4,1,0,0.00011182901499556808,-1,-1,-1,0,0,-0.02455116671723812,-0.02016591810652936,-0.0210451598475281,0.029344980013242598,0.028504547218831115,0.0010344213111699863,0.000931314059806343,0.8022507344702647,0.26099280711529527,1.0596361717003495,0.8328120115304404,2.052265911638216,0,0
59d1bd367a965623,3,4,19,1,9,0.0002097983349114152,-1,9,9,9,9,-0.024294100705087394,0.013785447687901433,0.009581659877186451,0.11568101990644786,0.11156994543661902,0.008982454559416653,0.00899854828850194,1.6496083033716842,-0.09042272968856738,-0.30320379363872624,0.8328120115304404,2.052265911638216,9,9
86abbd3f53575fd5,3,4,17,1,9,1.9791943842181936,9,9,9,9,9,0.061479874179848557,0.0744728405660468,0.06461455303856667,0.131224033286681,0.12138212617498073,0.0030648664461982444,0.0008326767752007691,0.9191690888375278,-0.09936781811485003,-0.3134925316934425,0.8328120115304404,2.052265911638216,9,9
8ad88f000c1750a0,3,4,17,1,9,-0.0005808805376524007,-1,9,9,9,9,-0.01922015600232755,0.11099628645197676,0.09835934528019147,0.16819465092507413,0.15565281574957676,0.030716311684254094,0.03123309416061837,0.9205325773734122,0.14515249264419103,-0.10365040586031873,0.8328120115304404,2.052265911638216,9,9
b183aa1eebac52fc,3,4,17,1,7,0.0001314637799514351,7,7,7,7,7,0.016848934867236886,0.15246503027557082,0.13712579778590112,0.14227440356099977,0.126971046783245,0.031990017369931845,0.031949604683694455,-0.17197681983791524,0.44766071625582177,0.071248512523032,0.8328120115304404,2.052265911638216,7,7
e06dab45945a571c,3,4,17,1,-1,nan,-1,-1,-1,-1,-1,nan,nan,nan,nan,nan,nan,nan,nan,nan,nan,0.8328120115304404,2.052265911638216,-1,-1
15c64c983b935d86,3,4,5,1,-1,nan,-1,-1,-1,-1,-1,nan,nan,nan,nan,nan,nan,nan,nan,nan,nan,0.8328120115304404,2.052265911638216,-1,-1
1fad9f3e334d5e4e,3,4,16,0,3,-5.923158902421122e-05,-1,-1,-1,3,3,-0.04078095642299187,-0.054967415650917034,-0.054051079061247134,0.028309588774197772,0.029284057129788515,-0.0033463953946816505,-0.0035249936031596374,1.3504628161709331,0.10869486335401843,0.0019445369175939162,0.8328120115304404,2.052265911638216,3,3
2d79aaf4c8d6582e,3,4,9,1,21,0.0,-1,-1,-1,-1,-1,-0.042039112038469106,-0.042039112038469106,-0.042039112038469106,-0.042039112038469106,-0.042039112038469106,0.0,0.0,0.0,0.6450976944276253,0.7856049151022472,0.8328120115304404,2.052265911638216,21,21
3d5f4f15e1f053cd,3,4,4,1,-1,nan,-1,-1,-1,-1,-1,nan,nan,nan,nan,nan,nan,nan,nan,nan,nan,0.8328120115304404,2.052265911638216,-1,-1
4f547ba1d6e953b1,3,4,17,0,3,-4.7124452050795185e-05,-1,-1,-1,-1,-1,-0.06112107870907165,-0.1839830593907677,-0.148888331872544,-0.10118819219788522,-0.06598639966038153,-0.028981492825593896,-0.023313952282268374,1.3481035275647513,0.22580849226854804,0.11472017539130676,0.8328120115304404,2.052265911638216,3,3
57a59636cde25b02,3,4,10,1,2,1.5957976206366964,-1,2,2,2,2,-0.03141976821068224,0.845052624406821,0.7469000412484162,0.8952275544689396,0.7974017228804828,0.20674807794515393,0.20674807794515393,0.7692372686249411,-0.04436017234018688,-0.1919081040192372,0.8328120115304404,2.052265911638216,2,2
77d52cd328e05b79,3,4,6,0,12,-0.0012133296082392775,-1,-1,-1,-1,-1,-0.001471183383308412,-0.12960019557704805,-0.1152515479410482,-0.07835916391502165,-0.06401229718827768,-0.030223914892465314,-0.030223914892465314,0.8369444820357487,0.21606291132706734,0.777393461837831,0.8328120115304404,2.052265911638216,12,12
7c467941fb3d5524,3,4,11,1,19,0.0,-1,-1,-1,-1,-1,-0.04225889330997362,-0.04225889330997362,-0.04225889330997362,-0.04225889330997362,-0.04225889330997362,0.0,0.0,0.0,0.6458907728639001,0.6453161968009409,0.8328120115304404,2.052265911638216,19,19
855d4a2e69115db2,3,4,1,0,-1,nan,-1,-1,-1,-1,-1,nan,nan,nan,nan,nan,nan,nan,nan,nan,nan,0.8328120115304404,2.052265911638216,-1,-1
949849ded44f514f,3,4,5,1,-1,nan,-1,-1,-1,-1,-1,nan,nan,nan,nan,nan,nan,nan,nan,nan,nan,0.8328120115304404,2.052265911638216,-1,-1
a74ab03d0fb05d72,3,4,12,0,-1,nan,-1,-1,-1,-1,-1,nan,nan,nan,nan,nan,nan,nan,nan,nan,nan,0.8328120115304404,2.052265911638216,-1,-1
c0815ea46b825526,3,4,12,0,-1,nan,-1,-1,-1,-1,-1,nan,nan,nan,nan,nan,nan,nan,nan,nan,nan,0.8328120115304404,2.052265911638216,-1,-1
cfdc02dc40405e6f,3,4,2,1,9,2.019834518898582,-1,9,9,9,9,-0.03868948412631111,0.27282010947211977,0.22046344140173535,0.2756395778829426,0.22331982093443575,0.07348093366137298,0.06883978615939734,0.03006102671757893,0.4984286721633906,1.5929848928728456,0.8328120115304404,2.052265911638216,9,9
de3c0c52e7815332,3,4,1,1,22,3.1496425274491777,22,22,22,22,22,2.5707630267016706,2.9754703468032084,2.8804719502756817,2.7271701812406572,2.631917809593274,0.09546502692622993,0.08226916993913969,-4.044755228001119,-7.332774231667599,-6.414715231788566,0.8328120115304404,2.052265911638216,22,22
f26eb5a6f93c50b4,3,4,16,1,17,0.0022419899821281434,17,17,17,17,17,0.018112161728310858,0.26992226495599997,0.24172307430793993,0.4385290592061916,0.4105447946263716,0.059398624860298704,0.059398624860298704,2.7201327851454016,-0.7536145415650133,-0.800644252615227,0.8328120115304404,2.052265911638216,17,17
f28c5026aff854cb,3,4,26,1,22,0.92972289563152,-1,22,-1,22,22,-0.07780697044758272,0.23909221685855897,-0.042007941018465375,0.30319519355400265,0.021301305603131482,0.07475226650580724,0.009509433573219317,1.0230713893475876,0.24227148906178636,-0.35377034134836893,0.8328120115304404,2.052265911638216,22,22
faf93d61f8bd5238,3,4,18,0,24,-9.455366143940047e-05,-1,-1,-1,-1,-1,-0.037330753465325786,-0.1371205863148107,-0.2032401631352873,-0.13686759128234433,-0.20331800996160843,-0.023539082706855785,-0.04407115320130145,0.00910967473652391,0.6637621656416379,0.3517937166738873,0.8328120115304404,2.052265911638216,24,24
073ef4e9c6185fdd,3,4,2,1,-1,nan,-1,-1,-1,-1,-1,nan,nan,nan,nan,nan,nan,nan,nan,nan,nan,0.8328120115304404,2.052265911638216,-1,-1
09884abf58435aaa,3,4,17,1,9,-0.000667075268552253,-1,-1,-1,-1,-1,-0.022732861359669364,-0.06511775088986752,-0.06037123927203028,-0.012702891375380861,-0.00792912699663325,-0.0099980267696924,-0.0099980267696924,0.8516657525451897,0.25317562759402873,0.05593417445845675,0.8328120115304404,2.052265911638216,9,9
10e0d0cf52855491,3,4,9,1,20,-4.381986407098193e-05,20,-1,-1,-1,-1,0.013451048370112656,-0.056041522525517196,-0.06287036092301268,-0.05530490956912705,-0.06221234571555993,-0.016392365104885676,-0.020273548849264245,0.01542730804725434,0.46607650865181927,0.6284718540164397,0.8328120115304404,2.052265911638216,20,20
1fc485893db05d58,3,4,4,0,-1,nan,-1,-1,-1,-1,-1,nan,nan,nan,nan,nan,nan,nan,nan,nan,nan,0.8328120115304404,2.052265911638216,-1,-1
21870d2397795423,3,4,24,0,20,0.0,20,20,20,20,20,0.018572832737196707,0.018572832737196707,0.018572832737196707,0.018572832737196707,0.018572832737196707,0.0,0.0,0.0,0.4263801210275316,-0.12674595434176225,0.8328120115304404,2.052265911638216,20,20
538923756bab555f,3,4,17,1,9,0.0007085304721989871,9,-1,-1,9,9,0.05623709455150663,-0.05233302468192029,-0.04017469802344745,0.03274220447273293,0.04493172488268139,-0.025610234461295844,-0.025610234461295844,1.3843461452761605,-0.21772647673854745,-0.337340072024127,0.8328120115304404,2.052265911638216,9,9
5a67404157535f5b,3,4,1,0,-1,nan,-1,-1,-1,-1,-1,nan,nan,nan,nan,nan,nan,nan,nan,nan,nan,0.8328120115304404,2.052265911638216,-1,-1
7476e5ad4711587f,3,4,9,0,3,-9.649557229707284e-05,-1,3,-1,3,-1,-0.010112181063316203,0.40483825771603293,-0.15606202001610636,0.45411633542130564,-0.1085946897939404,0.0978812411922345,-0.038769215832839266,0.7778680894761518,0.056984113840744505,0.14113985277001567,0.8328120115304404,2.052265911638216,3,3
7fb1a51c02db514e,3,4,18,1,-1,nan,-1,-1,-1,-1,-1,nan,nan,nan,nan,nan,nan,nan,nan,nan,nan,0.8328120115304404,2.052265911638216,-1,-1
82bcaf16eea459db,3,4,24,1,1,-0.00011574440002441407,-1,-1,-1,-1,-1,-0.19050918038289366,-0.20121923902573788,-0.20001986306087288,-0.14848111390641278,-0.14724384645993321,-0.0025263591389058718,-0.0025263591389058718,0.8553152515304316,0.8446742765637252,0.40557494446204334,0.8328120115304404,2.052265911638216,-1,1
899c5ed91b8c5beb,3,4,17,1,-1,nan,-1,-1,-1,-1,-1,nan,nan,nan,nan,nan,nan,nan,nan,nan,nan,0.8328120115304404,2.052265911638216,-1,-1
9857fe6079dc5b65,3,4,16,1,9,0.0003742047014063665,9,9,9,9,9,0.060402879394292217,0.041180164949896264,0.04333283866092921,0.07047352908677781,0.07264289763672523,-0.004534380429711715,-0.004534380429711715,0.47575071562248694,0.093667739440545,-0.11680606421079537,0.8328120115304404,2.052265911638216,9,9
9c0c9727fc975d7a,3,4,4,1,-1,nan,-1,-1,-1,-1,-1,nan,nan,nan,nan,nan,nan,nan,nan,nan,nan,0.8328120115304404,2.052265911638216,-1,-1
a0cbabab4b2c5345,3,4,17,1,-1,nan,-1,-1,-1,-1,-1,nan,nan,nan,nan,nan,nan,nan,nan,nan,nan,0.8328120115304404,2.052265911638216,-1,-1
a370a9747c5e599b,3,4,8,1,1,-1.0564851760864276e-05,-1,-1,-1,-1,-1,-0.050779948636086224,-0.05370359001019689,-0.0533761832880744,-0.04051451512584392,-0.04017771266159573,-0.0006896477741793472,-0.0006896477741793472,0.21391481025986314,0.5926575404880791,0.8417164640996896,0.8328120115304404,2.052265911638216,1,1
b0b57e6ca331564e,3,4,12,1,24,0.0,24,24,24,24,24,0.0023408636038411753,0.0023408636038411753,0.0023408636038411753,0.0023408636038411753,0.0023408636038411753,0.0,0.0,0.0,0.4849530131116356,0.4202632805416653,0.8328120115304404,2.052265911638216,24,24
b66edb8535dd5ec1,3,4,11,1,11,-0.00024853048287321045,-1,-1,-1,-1,-1,-0.06154522507626105,-0.10959303090762826,-0.1424202841606769,-0.0661345096933321,-0.09909086396237382,-0.011333832746803107,-0.02148315231887006,0.7067860035608213,0.4531168581931809,0.5500890462508098,0.8328120115304404,2.052265911638216,11,11
bef88a7c044b5ebe,3,4,29,1,18,0.0008987352035938478,18,-1,-1,-1,-1,0.04224258972237578,-0.1778125671862983,-0.1531694839929862,-0.05918226558684597,-0.0345181972831826,-0.05190805907407775,-0.05190805907407775,1.9338017589253171,-0.3420121551995313,-0.735997497099896,0.8328120115304404,2.052265911638216,18,18
ce41992a83845d8a,3,4,20,1,-1,nan,-1,-1,-1,-1,-1,nan,nan,nan,nan,nan,nan,nan,nan,nan,nan,0.8328120115304404,2.052265911638216,-1,-1
e2022a0506df54c7,3,4,11,1,15,0.0,-1,-1,-1,-1,-1,-0.16544253253778257,-0.16544253253778257,-0.16544253253778257,-0.16544253253778257,-0.16544253253778257,0.0,0.0,0.0,1.0903976560239284,1.0979306545171614,0.8328120115304404,2.052265911638216,-1,15
f88a28f7b54555ea,3,4,30,1,18,0.0006765377013073781,-1,-1,-1,-1,-1,-0.12823890861419035,-0.7463483905193549,-0.677128820302759,-0.6535997595856726,-0.5845100294860371,-0.14580373371707228,-0.14580373371707228,1.5342936627772268,0.5888465403033385,0.2734401684144286,0.8328120115304404,2.052265911638216,18,18
034da27cd2f75292,3,4,1,0,5,-0.004144081055757143,5,5,5,5,5,0.1480630470221737,0.18077613538537998,0.17711272949492304,0.1651909112701809,0.16152599529563239,0.007716578639225258,0.007716578639225258,-0.25424684893519434,0.047422519393531135,1.6804208729891355,0.8328120115304404,2.052265911638216,5,5
1088d47284565808,3,4,5,0,-1,nan,-1,-1,-1,-1,-1,nan,nan,nan,nan,nan,nan,nan,nan,nan,nan,0.8328120115304404,2.052265911638216,-1,-1
1a20ae9ff1e05d25,3,4,16,1,25,-0.00017978684080298987,25,25,25,25,25,0.03002385193523128,0.3479468601953531,0.31303509860534834,0.39387649818191994,0.3591076963853338,0.07499377213242853,0.075177363565463,0.7284671749435968,-0.029993564423363636,-0.32538331333572873,0.8328120115304404,2.052265911638216,25,25
3f51b8b92c3b52cf,3,4,18,1,9,0.0003213510554285204,9,-1,-1,-1,-1,0.003071078395353314,-0.21337085088535843,-0.188997789189241,-0.05141685764904724,-0.02698709473262263,-0.051055747154670206,-0.05101999039933719,2.635809225767465,-0.4814640374970238,-0.45948854627571756,0.8328120115304404,2.052265911638216,9,9
452d348a65ac59f3,3,4,11,1,-1,nan,-1,-1,-1,-1,-1,nan,nan,nan,nan,nan,nan,nan,nan,nan,nan,0.8328120115304404,2.052265911638216,-1,-1
4a35d5b02394561e,3,4,17,1,-1,nan,-1,-1,-1,-1,-1,nan,nan,nan,nan,nan,nan,nan,nan,nan,nan,0.8328120115304404,2.052265911638216,-1,-1
4a90f1c8ef895e13,3,4,12,1,2,-0.00028515581056126355,-1,-1,-1,2,2,-0.016924127827913176,-0.006542655205684511,-0.007705234156764702,0.025833505083495977,0.024699747221685223,0.0024488501052225276,0.0024488501052225276,0.524230526615937,0.3417548185635604,0.333983610457177,0.8328120115304404,2.052265911638216,2,2
4cf854e9eadf5084,3,4,2,1,-1,nan,-1,-1,-1,-1,-1,nan,nan,nan,nan,nan,nan,nan,nan,nan,nan,0.8328120115304404,2.052265911638216,-1,-1
54059bb6b643525f,3,4,11,1,24,-0.0005095285788178439,-1,-1,-1,-1,-1,-0.057850613025718756,-0.24964959033603842,-0.22815803806738205,-0.24250528037508762,-0.221070953460958,-0.04524280541493336,-0.04523941490275357,0.12542243373399775,0.7277358429983061,0.8080347297363643,0.8328120115304404,2.052265911638216,24,24
588dbd820a135056,3,4,6,1,3,0.0005023064074397565,-1,-1,-1,3,3,-0.009825418920578796,-0.024864302827144653,-0.023180159303992087,0.02826429686675317,0.02998521916749946,-0.003547470939543551,-0.003547470939543551,0.8618613430373254,0.1917775762550206,0.7177439196555602,0.8328120115304404,2.052265911638216,3,3
5a0bd184100f54d5,3,4,3,1,-1,nan,-1,-1,-1,-1,-1,nan,nan,nan,nan,nan,nan,nan,nan,nan,nan,0.8328120115304404,2.052265911638216,-1,-1
8eb1c196434e51ec,3,4,10,1,-1,nan,-1,-1,-1,-1,-1,nan,nan,nan,nan,nan,nan,nan,nan,nan,nan,0.8328120115304404,2.052265911638216,-1,-1
95e1e30a438d52cd,3,4,6,1,-1,nan,-1,-1,-1,-1,-1,nan,nan,nan,nan,nan,nan,nan,nan,nan,nan,0.8328120115304404,2.052265911638216,-1,-1
9c5700ab41865a07,3,4,12,1,1,-0.00012508269399404527,-1,-1,-1,-1,-1,-0.05951533624356048,-0.18591104334386832,-0.2579251124908607,-0.18769052366616343,-0.2600800029676942,-0.029815051476369148,-0.05270435030192183,-0.02249708046473675,0.7668663992407084,0.7469917423189397,0.8328120115304404,2.052265911638216,1,1
aa05025b9a815254,3,4,9,1,-1,nan,-1,-1,-1,-1,-1,nan,nan,nan,nan,nan,nan,nan,nan,nan,nan,0.8328120115304404,2.052265911638216,-1,-1
ac768eabfa5c5725,3,4,12,0,9,-9.121100050396569e-05,9,-1,-1,-1,9,0.004668072907273228,-0.048062746425757946,-0.042114357333437005,-0.0023898749903372186,0.0035772489718714205,-0.012438492800691148,-0.012426996481808505,0.742911185261297,0.20165339257896533,0.23877151993804513,0.8328120115304404,2.052265911638216,9,9
ad963f2915a657a4,3,4,18,1,9,0.0004896600965409448,9,-1,-1,-1,-1,0.01466289559645306,-0.18261424040476926,-0.16666607018103685,-0.01675131905777152,-0.0007613285005775607,-0.04653502955064204,-0.048167109065786584,2.6982029791152433,-0.5556677552318627,-0.5339716077595108,0.8328120115304404,2.052265911638216,9,9
ae1909ec83115e90,3,4,2,1,9,-0.00036002913136767845,-1,9,9,9,9,-0.02343804007158927,0.08653477871495387,0.07421936943106903,0.14082599956050634,0.12858926822731848,0.02594111246610696,0.02594111246610696,0.8744298649279241,0.18668872058203018,1.4446197700336425,0.8328120115304404,2.052265911638216,9,9
be7fe135f5665966,3,4,7,1,0,0.006254254332557302,0,-1,-1,-1,0,0.18329435162124513,-0.07391661583235459,-0.0451126043370825,-0.020376106881087708,0.008385608030032105,-0.060672616268761775,-0.060672616268761775,0.8806938415248176,-0.4172625495142685,0.07266590910153464,0.8328120115304404,2.052265911638216,0,0
c7bff0705f645b30,3,4,12,1,3,-1.2310663021650163,3,-1,-1,-1,-1,0.021512604368488973,-0.2365153862817568,-0.2611025049742859,-0.0817402290522079,-0.10649685576895432,-0.06086534107899649,-0.07507213608694457,2.5215424007259686,-0.4861656670733789,-0.17897574413004258,0.8328120115304404,2.052265911638216,3,3
de432d7c6c6e57a6,3,4,2,0,-1,nan,-1,-1,-1,-1,-1,nan,nan,nan,nan,nan,nan,nan,nan,nan,nan,0.8328120115304404,2.052265911638216,-1,-1
e8b724310f7054d0,3,4,17,1,-1,nan,-1,-1,-1,-1,-1,nan,nan,nan,nan,nan,nan,nan,nan,nan,nan,0.8328120115304404,2.052265911638216,-1,-1
ed9b2d124d9d5f5d,3,4,16,1,-1,nan,-1,-1,-1,-1,-1,nan,nan,nan,nan,nan,nan,nan,nan,nan,nan,0.8328120115304404,2.052265911638216,-1,-1
ee0f338b4ebe5cb4,3,4,6,1,-1,nan,-1,-1,-1,-1,-1,nan,nan,nan,nan,nan,nan,nan,nan,nan,nan,0.8328120115304404,2.052265911638216,-1,-1
f2a1763371075e21,3,4,14,0,-1,nan,-1,-1,-1,-1,-1,nan,nan,nan,nan,nan,nan,nan,nan,nan,nan,0.8328120115304404,2.052265911638216,-1,-1
fe394302690d5074,3,4,16,1,-1,nan,-1,-1,-1,-1,-1,nan,nan,nan,nan,nan,nan,nan,nan,nan,nan,0.8328120115304404,2.052265911638216,-1,-1
3acad4250aca5326,3,4,12,1,23,0.0010598421217871135,23,-1,-1,-1,-1,0.05610490404330976,-0.3607794502026184,-0.3140942646882604,-0.2827513488485201,-0.236141586198094,-0.09833742590380261,-0.09833742590380261,1.2856029697534284,-0.056591721014962855,0.16313741436316706,0.8328120115304404,2.052265911638216,23,23
418e74ddfb5f5ca0,3,4,12,0,5,-0.002778525312245428,-1,-1,-1,-1,-1,-0.04203019913996072,-0.013025315845411979,-0.02727563982065194,-0.030683202676756196,-0.044980343283053364,0.006841862815853056,0.003919310215571681,-0.28765435147340024,0.7481269373437195,0.6439375361034516,0.8328120115304404,2.052265911638216,5,5
43f8bc12d54d5cef,3,4,2,1,-1,nan,-1,-1,-1,-1,-1,nan,nan,nan,nan,nan,nan,nan,nan,nan,nan,0.8328120115304404,2.052265911638216,-1,-1
479da12f5f165e29,3,4,17,1,-1,nan,-1,-1,-1,-1,-1,nan,nan,nan,nan,nan,nan,nan,nan,nan,nan,0.8328120115304404,2.052265911638216,-1,-1
4d6b64ad777d51e8,3,4,8,1,9,-0.00035497374311091456,-1,-1,-1,-1,-1,-0.045477059432490245,-0.34053904691817016,-0.30343402658351104,-0.29383521890204467,-0.25677459385200196,-0.06960116405396422,-0.06852209914597762,0.7717851661092031,0.4664985299631657,0.8782572369213117,0.8328120115304404,2.052265911638216,9,9
5c0a063437415679,3,4,6,1,-1,nan,-1,-1,-1,-1,-1,nan,nan,nan,nan,nan,nan,nan,nan,nan,nan,0.8328120115304404,2.052265911638216,-1,-1
7defa49de9415496,3,4,5,1,9,-0.000493478185098047,-1,-1,-1,-1,-1,-0.043110691110769914,-0.406671364595593,-0.36501120223410355,-0.3581448089021005,-0.31656209431514687,-0.08575908504654456,-0.08550766812753113,0.8047662926446933,0.47179684116128723,1.241052810782132,0.8328120115304404,2.052265911638216,9,9
a849c65f124e5af0,3,4,21,1,-1,nan,-1,-1,-1,-1,-1,nan,nan,nan,nan,nan,nan,nan,nan,nan,nan,0.8328120115304404,2.052265911638216,-1,-1
baef81dee84a5ff1,3,4,7,0,9,-0.000703174917571589,-1,-1,-1,-1,-1,-0.05405052654548237,-0.06644124046719137,-0.06505365474419952,-0.02059060048060827,-0.01917108142497498,-0.0029228031701388213,-0.0029228031701388213,0.7437675032961909,0.3973191191622369,0.8035650753048248,0.8328120115304404,2.052265911638216,9,9
bce79a86a0b75d48,3,4,3,0,20,-0.9901073702458292,-1,-1,-1,-1,-1,-0.022952409084364914,-0.19161119697928108,-0.17249014342110275,-0.16907621742281068,-0.149991867283248,-0.03978434519962193,-0.039722282252946176,0.37371228855781025,0.4938849272958616,1.5055601976650823,0.8328120115304404,2.052265911638216,20,20
d1faaed55b75587c,3,4,2,0,-1,nan,-1,-1,-1,-1,-1,nan,nan,nan,nan,nan,nan,nan,nan,nan,nan,0.8328120115304404,2.052265911638216,-1,-1
faf6056c372e54f2,3,4,8,1,2,1.246183863767609,-1,-1,-1,-1,-1,-0.04804074135269951,-0.2847043854057771,-0.25820138519818453,-0.22102599435282766,-0.19455059516416714,-0.05582577835834131,-0.05582577835834131,1.0439768589473188,0.3444376204542809,0.7671072179440882,0.8328120115304404,2.052265911638216,2,2
fb0869a379e05f37,3,4,14,1,21,-0.000500684989988804,-1,-1,-1,-1,-1,-0.05598556391169117,-0.12145071123493686,-0.11411953529517599,-0.08270693551039851,-0.07536680662015291,-0.015442349919381926,-0.015442349919381926,0.6312438743805945,0.4699744917761929,0.39444710213125567,0.8328120115304404,2.052265911638216,21,21
054033a129155c88,3,4,9,1,1,3.994131535741196,1,1,1,1,1,0.5914612254363342,1.8746281780899308,1.7309391723700331,1.9442904375292827,1.8010768509464006,0.30268186810950276,0.30268390001939505,1.0646723975663792,-2.5696806051127257,-2.790051313302349,0.8328120115304404,2.052265911638216,1,1
188773ba51c15df2,3,4,15,1,3,0.000739734908030254,3,3,3,3,3,0.03703884120027692,0.3501502772410954,0.31508619932751314,0.4071150459369146,0.372198346077938,0.0738587868018987,0.0738587868018987,0.9075657035703557,-0.12468939266300977,-0.35328746845511916,0.8328120115304404,2.052265911638216,3,3
2796d5f962875a20,3,4,14,1,9,1.657555662096244e-05,-1,9,9,9,9,-0.061437336186697326,0.06839541459778672,0.007740060338288342,0.17881346205180176,0.11810937313963249,0.030625803967265997,0.01837585732107999,1.7831345498298483,-0.045648015733106305,-0.05760442393723786,0.8328120115304404,2.052265911638216,9,9
2840205769d65c01,3,4,1,0,-1,nan,-1,-1,-1,-1,-1,nan,nan,nan,nan,nan,nan,nan,nan,nan,nan,0.8328120115304404,2.052265911638216,-1,-1
2e5568e60278518f,3,4,16,1,-1,nan,-1,-1,-1,-1,-1,nan,nan,nan,nan,nan,nan,nan,nan,nan,nan,0.8328120115304404,2.052265911638216,-1,-1
3d35dcf889f65305,3,4,14,1,-1,nan,-1,-1,-1,-1,-1,nan,nan,nan,nan,nan,nan,nan,nan,nan,nan,0.8328120115304404,2.052265911638216,-1,-1
3effd9932b505526,3,4,4,1,9,-0.0005002665493637323,-1,-1,-1,-1,-1,-0.05696752885494683,-0.07875007223982795,-0.07628330428156123,-0.021977166915245705,-0.019472864276523075,-0.005138209732005156,-0.0051309235547378484,0.9212666287530047,0.3409022088790483,1.1640818357090301,0.8328120115304404,2.052265911638216,9,9
4f1e4809df7255cd,3,4,3,1,9,-0.0004685123638249935,-1,-1,-1,-1,-1,-0.06583067235542547,-0.31864461962707624,-0.2903330125619871,-0.2735287382233304,-0.24526460001741612,-0.05963541820187329,-0.05963541820187329,0.7439270637104649,0.5344011345223079,1.6195292121001668,0.8328120115304404,2.052265911638216,9,9
5db6ae467e8f530f,3,4,1,0,-1,nan,-1,-1,-1,-1,-1,nan,nan,nan,nan,nan,nan,nan,nan,nan,nan,0.8328120115304404,2.052265911638216,-1,-1
5e6ab34948a9514f,3,4,15,1,2,0.002017144269123694,2,2,2,2,2,0.05569232400744485,0.03174970931811534,0.03443094548609767,0.06246412881176289,0.0651616279700418,-0.005647741571434217,-0.005647741571434217,0.49902005422368534,0.1032630529393902,-0.05727782374397309,0.8328120115304404,2.052265911638216,2,2
6004adf688695a08,3,4,17,0,9,-0.00019609272740783723,9,9,9,9,9,0.013985632627903333,0.1519232078671533,0.13647613909650275,0.2712641819397833,0.2559560279942409,0.0325376233151653,0.0325376233151653,1.9273501872569647,-0.37839513664928076,-0.5183193435416654,0.8328120115304404,2.052265911638216,9,9
637d23f7438f50f6,3,4,17,1,9,0.00035218214355414723,-1,-1,-1,-1,-1,-0.00813329942400968,-0.21171139999951952,-0.1889135154177881,-0.15940105066493826,-0.13662884430777364,-0.04802134255480184,-0.04802134255480184,0.8580632549023123,0.2613971675469371,0.11911854192330928,0.8328120115304404,2.052265911638216,9,9
6a35a43b5e295b97,3,4,16,1,3,9.041018076239027e-05,-1,-1,-1,3,3,-0.02499721255079273,-0.03890298245231246,-0.03734573176405695,0.04375640249687777,0.045373987071383536,-0.003280184548541093,-0.003280184548541093,1.3404383721300381,0.055618352954827706,-0.05339907908389441,0.8328120115304404,2.052265911638216,3,3
2a89f35c7f5e55de,4,0,15,1,3,-6.618811858352279e-05,3,3,3,3,3,0.017946168504640165,0.04958490654673847,0.04642015086701336,0.05300964621231313,0.05015215334060087,0.007515034884346794,0.007515034884346794,0.08025589833092572,0.19032891782790892,0.11265729430948075,0.35754857548187097,0.4856473198482096,3,3
35695122c3535595,4,0,12,0,-1,nan,-1,-1,-1,-1,-1,nan,nan,nan,nan,nan,nan,nan,nan,nan,nan,0.35754857548187097,0.4856473198482096,-1,-1
5d0c2052e0a35e3f,4,0,17,1,24,0.0017037782690954018,24,-1,-1,-1,-1,0.1133914376610515,-0.14840452474169788,-0.12221763138834166,-0.08977051041223336,-0.05982812145655855,-0.062183446995262126,-0.062183446995262126,1.463509241247022,-0.046484448025369086,-0.09774435098603244,0.35754857548187097,0.4856473198482096,24,24
62f95fe3004d54c9,4,0,3,1,26,0.0002856012105940664,-1,-1,-1,-1,-1,-0.06284868276276552,-0.059084962754264704,-0.023419707117803064,-0.059067830403387755,-0.023123770602213246,0.0008939827853172433,0.010406346525574539,0.0,0.4485589541122363,0.8883563584034143,0.35754857548187097,0.4856473198482096,-1,-1
6a35bb3d0b895433,4,0,24,1,22,0.0033963359457440667,22,-1,-1,22,22,0.04769491607690113,-0.00789969643950797,-0.002338685583470869,0.031355247418661886,0.03965470440780706,-0.013205187004824315,-0.013205187004824315,0.9664798568108233,0.07372816913454733,-0.1215572742072112,0.35754857548187097,0.4856473198482096,22,22
761122460ac451ca,4,0,28,1,17,0.0023181671525582814,-1,17,17,17,17,-0.04947280913134673,0.24534646328962773,0.217269080567618,0.28405340638545656,0.25934178512151185,0.07002735424761034,0.07040021942463659,0.9140540556267449,0.1654513339059776,-0.12428444992873112,0.35754857548187097,0.4856473198482096,17,17
8a15e547b0d15f42,4,0,5,1,26,-0.0002700675501488149,-1,-1,26,-1,26,-0.07345626866350465,-0.009245979143994831,0.00661402659421341,-0.0052643871735114645,0.011171462974186336,0.015251637566297854,0.02113266259716637,0.09025112687136683,0.4376239821847496,0.710850049939233,0.35754857548187097,0.4856473198482096,-1,-1
9c925a1f1799553e,4,0,2,1,9,-0.9899525742542464,-1,-1,-1,-1,-1,-0.01598359722567365,-0.11895703967529554,-0.12981547933239385,-0.10557876195986764,-0.11582013152434356,-0.024458908921730915,-0.030043235754521114,0.33873780512211127,0.34161829406324207,0.9270651917916797,0.35754857548187097,0.4856473198482096,9,-1
b7cc1a0b6eca5a11,4,0,4,1,9,-0.9898243386149406,9,-1,-1,-1,-1,0.009687294789355646,-0.22724749869432712,-0.49783043134640165,-0.19744171525474746,-0.46851889264633806,-0.0562782635633621,-0.13394731259560616,0.7555191619133248,0.3047605480249219,0.7009185940209464,0.35754857548187097,0.4856473198482096,9,-1
0dd2b9715fc65e18,4,0,14,1,10,-9.228003919126149e-05,10,-1,-1,-1,-1,0.02782724616932233,-0.019761638653413644,-0.01234855837748695,-0.015294139027343886,-0.007626783839079342,-0.011303615494213437,-0.010603454368748377,0.1145871577307076,0.20282826517424454,0.15928778272008526,0.35754857548187097,0.4856473198482096,10,10
6281e79a633155a3,4,0,12,1,24,0.0014172612654294314,-1,-1,-1,-1,-1,-0.036272003206657126,-0.34198433076243934,-0.3114045768004832,-0.34337592494353214,-0.3134696006521749,-0.0726147421903996,-0.0726147421903996,0.0,0.5443322264819339,0.5978003231847402,0.35754857548187097,0.4856473198482096,-1,-1
16549991ac4b53ff,4,0,16,1,-1,nan,-1,-1,-1,-1,-1,nan,nan,nan,nan,nan,nan,nan,nan,nan,nan,0.35754857548187097,0.4856473198482096,-1,-1
254e4f21f68554f1,4,0,18,1,21,-0.0001187025191262364,21,-1,-1,-1,-1,0.020786564877020724,-0.06744438550521743,-0.058618831180699424,-0.05536219231315931,-0.04582699871322901,-0.02095717816302689,-0.02095717816302689,0.30539019817133894,0.2291519544490209,0.11869333818320323,0.35754857548187097,0.4856473198482096,21,21
2bdb803d07605094,4,0,6,1,23,-0.00011608423180878161,23,23,23,23,23,0.0034606076524032795,0.030696411137842702,0.02797207163802664,0.03082038777284055,0.02815604388496574,0.006469221781979673,0.006469221781979673,0.0,0.24214443963157437,0.4522556457883569,0.35754857548187097,0.4856473198482096,23,23
3d78c0894c67503b,4,0,17,1,19,-6.056209513917443e-06,19,19,19,19,19,0.015321807527253052,0.01520519798870243,0.015216862192848221,0.015140687820955801,0.015147462188770075,-2.7697841452761773e-05,-2.7697841452761773e-05,-0.0015651197918857829,0.22302224071970977,0.1100100699165613,0.35754857548187097,0.4856473198482096,19,19
4d104d17dc625c04,4,0,8,1,26,-0.0004376932598653127,26,26,26,26,26,0.06073795958106612,0.07416360909077872,0.07282066992287241,0.0703061343283432,0.06870901100597979,0.0031889459142224463,0.0031889459142224463,-0.09585996403728547,0.09144065403186435,0.20410804922702233,0.35754857548187097,0.4856473198482096,26,26
70f797bbed2158f6,4,0,17,0,-1,nan,-1,-1,-1,-1,-1,nan,nan,nan,nan,nan,nan,nan,nan,nan,nan,0.35754857548187097,0.4856473198482096,-1,-1
83af8eb803795f59,4,0,16,1,-1,nan,-1,-1,-1,-1,-1,nan,nan,nan,nan,nan,nan,nan,nan,nan,nan,0.35754857548187097,0.4856473198482096,-1,-1
953f6386bfae55d0,4,0,18,1,17,7.98645019531221e-06,17,17,17,17,17,0.15332037586810277,0.09693715608256362,0.10257704964658783,0.09576926425928378,0.1012189698491138,-0.013392502033940712,-0.013392502033940684,-0.02229148400283143,-0.14587195706699382,-0.28624070344614705,0.35754857548187097,0.4856473198482096,17,17
b39ff897a8695a97,4,0,18,1,11,-0.0001397995856908807,-1,-1,-1,-1,-1,-0.020867664271842012,-0.24957374023446274,-0.2267812224312651,-0.2052482731850285,-0.1796750410816064,-0.05432372608649011,-0.05434601851734319,1.109796199571081,0.35774472467575774,0.29334349850494223,0.35754857548187097,0.4856473198482096,-1,11
d5ef40ff0f715517,4,0,26,1,27,-7.741929963334115e-06,27,-1,-1,-1,-1,0.01207226147902787,-0.009309609956172287,-0.007170826829687827,-0.01488530796986412,-0.013190332824947908,-0.005078758498974906,-0.005078758498974906,-0.13401669076337264,0.25616313168833577,0.011239053495234663,0.35754857548187097,0.4856473198482096,27,27
da9bf29b3087547f,4,0,17,0,12,-0.0006733096577692943,12,12,12,12,12,0.029311244189303066,0.17800120287029172,0.16312806252481973,0.27775029708165544,0.27037885817961366,0.03531778748421932,0.03531778748421932,2.4235932803724984,-0.11647468669725693,-0.20384164956008557,0.35754857548187097,0.4856473198482096,12,12
eb02028413fb5a92,4,0,16,1,9,-0.0006014981450510604,-1,-1,-1,-1,-1,-0.052903040849404295,-0.08064407390209892,-0.07786919736315037,-0.05233879067554486,-0.04756619542624535,-0.006589227131670747,-0.006589227131670747,0.6955179566007627,0.37542386623250434,0.3100016200870049,0.35754857548187097,0.4856473198482096,-1,9
ec65e8cddb3d5fbd,4,0,19,1,23,-7.281030565500259e-05,-1,-1,-1,-1,-1,-0.03403827813691387,-0.06361343154577191,-0.06065509184825034,-0.054018983806844584,-0.05042127717209362,-0.0070248790985829035,-0.0070248790985829035,0.2380011887066691,0.3621048030988538,0.23084854255426066,0.35754857548187097,0.4856473198482096,-1,23
f2c4bbcda8c650a3,4,0,11,1,26,-0.0006146780819484832,-1,-1,-1,-1,-1,-0.03373691046882881,-0.21794549967279334,-0.19951950625416537,-0.21236199119960128,-0.19387673573429562,-0.04375439918059043,-0.04375439918059043,0.1571011559919706,0.45497294805517213,0.5186206134439172,0.35754857548187097,0.4856473198482096,-1,-1
f53a6e7af3825751,4,0,16,1,3,-2.8481406136426912e-05,3,3,3,3,3,0.046889621352587764,0.008062225187651706,0.011946047051166489,0.011092100020542943,0.015122594188553815,-0.009222530818378233,-0.009222530818378233,0.07844307846753007,0.14557223200751038,0.05547066911746999,0.35754857548187097,0.4856473198482096,3,3
f53af77bf6fa5703,4,0,1,1,-1,nan,-1,-1,-1,-1,-1,nan,nan,nan,nan,nan,nan,nan,nan,nan,nan,0.35754857548187097,0.4856473198482096,-1,-1
0be5fd7a2dbb5d87,4,0,14,1,-1,nan,-1,-1,-1,-1,-1,nan,nan,nan,nan,nan,nan,nan,nan,nan,nan,0.35754857548187097,0.4856473198482096,-1,-1
25c67c9a53ef53ce,4,0,4,1,22,0.0020756234128028158,22,22,22,22,22,0.03228141033312142,0.41342744995304764,0.3753022221994347,0.44279829190447195,0.407513869845138,0.09053223867409366,0.09053223867409366,0.6760532288641232,-0.10002482927488102,0.1891776800373972,0.35754857548187097,0.4856473198482096,22,22
90efa9d50cc8521e,4,0,1,1,-1,nan,-1,-1,-1,-1,-1,nan,nan,nan,nan,nan,nan,nan,nan,nan,nan,0.35754857548187097,0.4856473198482096,-1,-1
ac7fee08538b5bb0,4,0,13,1,24,0.0,-1,-1,-1,-1,-1,-0.03719713700742724,-0.03719713700742724,-0.03719713700742724,-0.03719713700742724,-0.03719713700742724,0.0,0.0,0.0,0.37589781802220473,0.35385729578243413,0.35754857548187097,0.4856473198482096,-1,24
c4292750158e5a5f,4,0,3,1,6,0.9762204023627215,-1,-1,-1,-1,-1,-0.1365609636461427,-0.40824360446880825,-0.3810677676992698,-0.434855177612799,-0.4101152918160822,-0.06453179392101899,-0.06453179392101899,-0.6207427842634432,0.8727404457822707,1.3545520516989342,0.35754857548187097,0.4856473198482096,-1,-1
cae918485e635e35,4,0,14,0,-1,nan,-1,-1,-1,-1,-1,nan,nan,nan,nan,nan,nan,nan,nan,nan,nan,0.35754857548187097,0.4856473198482096,-1,-1
4b308d5a04d05498,4,0,17,1,-1,nan,-1,-1,-1,-1,-1,nan,nan,nan,nan,nan,nan,nan,nan,nan,nan,0.35754857548187097,0.4856473198482096,-1,-1
8fba4b45daa85b15,4,0,19,1,-1,nan,-1,-1,-1,-1,-1,nan,nan,nan,nan,nan,nan,nan,nan,nan,nan,0.35754857548187097,0.4856473198482096,-1,-1
c9a1d813d64c52d1,4,0,4,0,15,0.0,15,15,15,15,15,0.009066909602905847,0.009066909602905847,0.009066909602905847,0.009066909602905847,0.009066909602905847,0.0,0.0,0.0,0.24104943625361033,0.5818573852919928,0.35754857548187097,0.4856473198482096,15,-1
e747e181d08758c8,4,0,13,1,-1,nan,-1,-1,-1,-1,-1,nan,nan,nan,nan,nan,nan,nan,nan,nan,nan,0.35754857548187097,0.4856473198482096,-1,-1
f6db13314100532b,4,0,13,1,-1,nan,-1,-1,-1,-1,-1,nan,nan,nan,nan,nan,nan,nan,nan,nan,nan,0.35754857548187097,0.4856473198482096,-1,-1
0fb7d56584065e6f,4,0,27,1,21,0.0021822822965567035,21,21,21,21,21,0.00021468865029561184,0.009958087157593888,0.008973038291092562,0.10432372832839946,0.11019019383647755,0.0023143141669244305,0.002311559452494144,2.3073707995174724,0.056437682383919226,-0.15140750442169915,0.35754857548187097,0.4856473198482096,21,21
2abb6fcc99585318,4,0,20,1,-1,nan,-1,-1,-1,-1,-1,nan,nan,nan,nan,nan,nan,nan,nan,nan,nan,0.35754857548187097,0.4856473198482096,-1,-1
32b190836fd35675,4,0,7,1,17,4.21013753162695e-05,-1,-1,-1,-1,-1,-0.020172652919587312,-0.024327332206010632,-0.023911748472814666,-0.02922093720823312,-0.029167498818501787,-0.0009868459269519458,-0.0009868459269519458,-0.11924905163534105,0.3391939899828911,0.5068148298625993,0.35754857548187097,0.4856473198482096,17,-1
48428a15cb2d56c8,4,0,5,0,-1,nan,-1,-1,-1,-1,-1,nan,nan,nan,nan,nan,nan,nan,nan,nan,nan,0.35754857548187097,0.4856473198482096,-1,-1
4d08ab0578415b3b,4,0,6,1,-1,nan,-1,-1,-1,-1,-1,nan,nan,nan,nan,nan,nan,nan,nan,nan,nan,0.35754857548187097,0.4856473198482096,-1,-1
58c0557c53635354,4,0,6,1,-1,nan,-1,-1,-1,-1,-1,nan,nan,nan,nan,nan,nan,nan,nan,nan,nan,0.35754857548187097,0.4856473198482096,-1,-1
58e646ea48eb59d3,4,0,18,1,22,0.00030974064748745533,-1,-1,-1,-1,-1,-0.030032985847803267,-0.12052826963731499,-0.11159121643537515,-0.028178175373814476,-0.012724112119317205,-0.021495017078182438,-0.021525367971750003,2.2692267251596734,0.2041019073594676,0.14297147398497578,0.35754857548187097,0.4856473198482096,22,22
9d7dd692cec75a40,4,0,17,1,6,-0.0009404101041611268,-1,6,6,6,6,-0.021541159800018094,0.024341695012046336,0.019752130625019553,0.01935886946852634,0.014494429150033936,0.010898388363255185,0.010898388363255185,-0.1270035421496818,0.31586177421976697,0.19743930984679886,0.35754857548187097,0.4856473198482096,6,6
ad4b812be67052a1,4,0,27,1,23,0.00019181166812742845,-1,-1,-1,-1,-1,-0.09573302073102849,-0.26011932243419245,-0.2495420177533874,-0.23622838221611364,-0.22427300709977951,-0.03904608300635315,-0.040594250689599765,0.6027464435172432,0.5849944889145761,0.3820617371973249,0.35754857548187097,0.4856473198482096,-1,23
de3f8268d1675268,4,0,10,0,21,0.0,21,21,21,21,21,0.015645540102893776,0.015645540102893776,0.015645540102893776,0.015645540102893776,0.015645540102893776,0.0,0.0,0.0,0.22187433718264507,0.27495300080536955,0.35754857548187097,0.4856473198482096,21,21
f110d20f7a7957b7,4,0,17,1,6,-9.978644736091669e-06,-1,6,6,6,6,-0.003927839405930075,0.07693808618704062,0.06871648752747321,0.07079583511366334,0.06227993634147567,0.019207790493336097,0.019172753712730695,-0.15926195309315538,0.24780596708575614,0.12056417683919236,0.35754857548187097,0.4856473198482096,6,6
4fc4718214135eee,4,0,12,1,9,0.989265655384527,-1,-1,-1,-1,-1,-0.06727952454679505,-0.04093578130468226,-0.04892125228555737,-0.008482679040028078,-0.014108919433902162,0.0062573339425020524,0.004845232208960271,0.7909629972844917,0.37857413353333325,0.39822738619983267,0.35754857548187097,0.4856473198482096,-1,9
5d64681dd478516a,4,0,27,1,-1,nan,-1,-1,-1,-1,-1,nan,nan,nan,nan,nan,nan,nan,nan,nan,nan,0.35754857548187097,0.4856473198482096,-1,-1
629734efb5f5564c,4,0,20,1,10,0.0004178750086341054,-1,-1,-1,-1,-1,-0.01902140356969312,-0.09409932462091561,-0.0865894398476147,-0.04699903669950764,-0.0362190934654739,-0.01783298673270195,-0.01783298673270195,1.1605691533684475,0.26185563731427064,0.13990177096701856,0.35754857548187097,0.4856473198482096,10,10
69244009b6eb50bf,4,0,13,1,17,-4.581917114554468e-05,-1,-1,-1,-1,-1,-0.047658849689665224,-0.21037604508421814,-0.19208466415438114,-0.21337291997575383,-0.19558822986943658,-0.03864962622864587,-0.03811778135175037,-0.05519293111103951,0.5023793020239837,0.5074597029573436,0.35754857548187097,0.4856473198482096,-1,-1
908340fb165954b2,4,0,14,1,-1,nan,-1,-1,-1,-1,-1,nan,nan,nan,nan,nan,nan,nan,nan,nan,nan,0.35754857548187097,0.4856473198482096,-1,-1
9229af9b7f1c5848,4,0,17,1,-1,nan,-1,-1,-1,-1,-1,nan,nan,nan,nan,nan,nan,nan,nan,nan,nan,0.35754857548187097,0.4856473198482096,-1,-1
beeb2d538d7f53d8,4,0,18,1,3,0.0002613140884786258,-1,-1,-1,-1,-1,-0.033648774103237654,-0.1897536190412139,-0.17413878339281635,-0.12658167739633705,-0.1066847588572406,-0.037079018567791,-0.037079018567791,1.5627508633440454,0.3141228198122125,0.24914313232696267,0.35754857548187097,0.4856473198482096,3,3
fbd37ced14a15418,4,0,17,1,7,0.0001307986882864709,-1,7,7,7,7,-0.0013284855296864832,0.09802651073081883,0.08808682642067606,0.09398330142602467,0.08393693528928983,0.023599432500700457,0.023599058956701557,-0.10997217604754406,0.2255013926445467,0.09591513012049269,0.35754857548187097,0.4856473198482096,7,7
ff54f555627f5338,4,0,14,1,9,-0.0005246792767196751,-1,9,9,9,9,-0.008921855755959655,0.06900639120454291,0.05529829783102445,0.10363475447077702,0.09253581415624554,0.018510014325000212,0.016949392197490643,0.8384319950926541,0.1753833579026544,0.13151518364192313,0.35754857548187097,0.4856473198482096,9,9
052f0d46a5c059a1,4,0,12,1,0,0.0031051245564599483,0,0,0,0,0,0.12387955085293391,0.04178367239281498,0.028427367650717253,0.0993059826479597,0.08979940365338553,-0.019499936744252377,-0.025192348489322197,1.4163033610668365,-0.17345361987054508,-0.14780650863575998,0.35754857548187097,0.4856473198482096,0,0
0af516a5b2725ac6,4,0,12,0,23,-0.00016150210924070763,-1,-1,-1,-1,-1,-0.11027025063415331,-0.20713486797092348,-0.19767741367876762,-0.209954547012104,-0.20088446104342786,-0.023007901812522907,-0.023069055499945784,-0.05819118269833723,0.6482797477742863,0.6757744908956701,0.35754857548187097,0.4856473198482096,-1,-1
103c7d249ab154af,4,0,17,1,9,0.9936651484772563,9,9,9,9,9,0.07633661125369162,0.04967249851462012,0.04030382437322083,0.07932218073286612,0.07196025952623593,-0.00633343014906762,-0.009510002743585405,0.7282859139016313,-0.0047916692573456016,-0.10582904355687932,0.35754857548187097,0.4856473198482096,9,9
30c657863dc05485,4,0,9,1,2,2.020336450465309,-1,2,2,2,2,-0.028177940768255257,0.8382906754839302,0.7516196625333201,0.8719385401171511,0.7893271518090568,0.2058091529650346,0.2058091529650346,0.7266387442344684,-0.1999667900158569,-0.2358055582305823,0.35754857548187097,0.4856473198482096,2,2
431f7c6b100d5249,4,0,8,1,21,-9.228673037142698e-05,21,21,21,21,21,0.03310275023558566,0.020277939955162604,0.225215946343494,0.026892701719846132,0.23381422835397336,-0.0030462307477076844,0.05070373901762712,0.16324425110117835,0.16366918313758774,0.28991730219811684,0.35754857548187097,0.4856473198482096,21,21
4ace61964e9f5b4b,4,0,5,1,-1,nan,-1,-1,-1,-1,-1,nan,nan,nan,nan,nan,nan,nan,nan,nan,nan,0.35754857548187097,0.4856473198482096,-1,-1
5098ce6b12fa5143,4,0,9,1,-1,nan,-1,-1,-1,-1,-1,nan,nan,nan,nan,nan,nan,nan,nan,nan,nan,0.35754857548187097,0.4856473198482096,-1,-1
52092728a1c1574f,4,0,17,1,-1,nan,-1,-1,-1,-1,-1,nan,nan,nan,nan,nan,nan,nan,nan,nan,nan,0.35754857548187097,0.4856473198482096,-1,-1
58f2e39eebc65d24,4,0,9,1,0,0.009800787047762327,-1,-1,-1,-1,-1,-0.04777799926559303,-0.04602380945099619,-0.04973331234362422,-0.046020019365691334,-0.04975248677081791,0.00041666635479961633,-0.0005160586883920237,-0.00010262030556396073,0.4057656031225978,0.49995834506509723,0.35754857548187097,0.4856473198482096,-1,-1
5a917f5bb8815bd0,4,0,2,1,7,0.23763340743854644,-1,-1,-1,-1,-1,-0.07437085985389308,-0.22137092601491817,-0.20642794123127914,-0.223869873981396,-0.20938141384356396,-0.03491639343299563,-0.034853346491760834,-0.04476237353810808,0.5705136524378183,1.1627552149747857,0.35754857548187097,0.4856473198482096,-1,-1
6429eb85b6ba5938,4,0,17,1,6,-4.805480735781131e-05,6,6,6,6,6,0.059982896240711535,0.2004500969902906,0.1784754315979946,0.1946438240053822,0.17245235488734806,0.033364665567097995,0.031273305061865625,-0.1576798231710148,0.02801779911423732,-0.11753647316691544,0.35754857548187097,0.4856473198482096,6,6
6b416b289a3b5858,4,0,16,1,6,-0.00010571956639182645,6,6,6,6,6,0.16239099381842098,0.2653371659196398,0.23361926919414328,0.26517637789539883,0.23347890429869683,0.02445243149461973,0.01879902036140052,-0.01539684630647531,-0.2621120710672378,-0.3930211893898774,0.35754857548187097,0.4856473198482096,6,6
6e9b901524355c0b,4,0,21,1,21,-0.00014058176156361846,-1,-1,-1,-1,-1,-0.014499571215053988,-0.036412444005638964,-0.03422054594286471,-0.014790439801527777,-0.01107386500847916,-0.005204885328181641,-0.005204885328181641,0.5313766833894986,0.2748050493907035,0.11465933653908371,0.35754857548187097,0.4856473198482096,21,21
8834fc612e1d524c,4,0,8,1,-1,nan,-1,-1,-1,-1,-1,nan,nan,nan,nan,nan,nan,nan,nan,nan,nan,0.35754857548187097,0.4856473198482096,-1,-1
9ddade724a6a54e2,4,0,16,1,3,0.9292438401492255,3,3,3,3,3,0.005423663768680321,0.19184636318615897,0.18221327158536998,0.2613093632315743,0.25712319137869116,0.04428030876238878,0.046659439941497516,1.6785063543350978,-0.001785422260511673,-0.08925588766535565,0.35754857548187097,0.4856473198482096,3,3
a5fc167ac3e45fec,4,0,17,0,0,-0.00012697862088728584,0,-1,-1,-1,-1,0.0002676043668692835,-0.11234228971299688,-0.07294999757765659,-0.057650147605127974,-0.014297231865962889,-0.026747820384199705,-0.01932405610703869,1.3504671542740028,0.20977415412572809,0.14642729659712622,0.35754857548187097,0.4856473198482096,0,0
bcb7ec6d46f45180,4,0,17,0,4,-0.00023002342972899825,-1,-1,-1,-1,-1,-0.02090943238266111,-0.05879667128089115,-0.054583315381658865,-0.07021002076659504,-0.06689093595437248,-0.008999218667094994,-0.008887425798341647,-0.274984538781442,0.3740579654340666,0.2662291806407916,0.35754857548187097,0.4856473198482096,-1,4
c25f5ca801be5075,4,0,4,0,8,-1.538959369074e-05,-1,-1,-1,-1,-1,-0.033155931385946205,-0.031080590168671297,-0.030882491951348113,-0.03072292600155399,-0.030491995633301325,0.0004929482845994482,0.000600020623775871,0.008518398827547458,0.36220028784069225,0.7084548282220201,0.35754857548187097,0.4856473198482096,-1,-1
d0da55bb38fb5e83,4,0,3,1,5,0.00018315617061448464,5,-1,-1,-1,-1,0.011877101028391646,-0.31021033876737425,-0.23719461744900341,-0.33480729841398993,-0.26386984929139395,-0.07650426330703924,-0.06573659522720243,-0.5658467319201868,0.46341895211608664,0.9350373381433338,0.35754857548187097,0.4856473198482096,-1,-1
e056339b5ad457ea,4,0,17,0,4,-1.9974818360246616e-05,-1,-1,-1,-1,-1,-0.020364995216408627,-0.04431090335854287,-0.04166233076526102,-0.05552106583784036,-0.053727213904196644,-0.005687784853683375,-0.005620928521918395,-0.27156642681790855,0.3643633931536563,0.25422949502730113,0.35754857548187097,0.4856473198482096,-1,4
03a7c978d0165fa2,4,0,20,1,-1,nan,-1,-1,-1,-1,-1,nan,nan,nan,nan,nan,nan,nan,nan,nan,nan,0.35754857548187097,0.4856473198482096,-1,-1
102e8bfe5f555974,4,0,19,1,22,-2.479011844847001e-05,22,22,22,22,22,0.04219910235310825,0.03766590608221343,0.03811935206436777,0.03422006453824365,0.03441549368310562,-0.001076753695676353,-0.001076753695676353,-0.08379043201765213,0.1544577354559404,0.0020194828983058073,0.35754857548187097,0.4856473198482096,22,22
11579a9c240a5c77,4,0,17,1,-1,nan,-1,-1,-1,-1,-1,nan,nan,nan,nan,nan,nan,nan,nan,nan,nan,0.35754857548187097,0.4856473198482096,-1,-1
1c8a733cea4d5aed,4,0,28,1,11,0.0014269439846277235,-1,-1,-1,-1,11,-0.012279365479871074,-0.06444459708561792,-0.059226619908753435,-0.0045351770919401894,0.0049233319491359395,-0.012390618574786183,-0.012390618574786183,1.4713660419007195,0.20177069313499357,-0.023526077041538862,0.35754857548187097,0.4856473198482096,11,11
1ed95e82b4f754ff,4,0,4,1,-1,nan,-1,-1,-1,-1,-1,nan,nan,nan,nan,nan,nan,nan,nan,nan,nan,0.35754857548187097,0.4856473198482096,-1,-1
2067e26ac57b5302,4,0,1,0,5,-0.00016158222357044033,-1,-1,-1,-1,-1,-0.012634730774427014,-0.052872112953444676,-0.0030155171940089535,-0.05959611380892127,-0.009957805879211943,-0.009557439690791703,0.0025387641495609597,-0.16000784665620382,0.3410416150581892,1.1219448774346843,0.35754857548187097,0.4856473198482096,5,-1
25f5f0c57aea54b9,4,0,21,1,-1,nan,-1,-1,-1,-1,-1,nan,nan,nan,nan,nan,nan,nan,nan,nan,nan,0.35754857548187097,0.4856473198482096,-1,-1
2b3f24482a765ccc,4,0,5,1,-1,nan,-1,-1,-1,-1,-1,nan,nan,nan,nan,nan,nan,nan,nan,nan,nan,0.35754857548187097,0.4856473198482096,-1,-1
330fd7f2e3aa5f55,4,0,26,1,19,5.4576332867145496e-05,19,19,19,-1,-1,0.03097830289381803,0.004438477337715723,0.007093199645407933,-0.003883984995335193,-0.001881635209369962,-0.006303908664536603,-0.006303908664536603,-0.2006361079361041,0.20986163753481,-0.03815146885712141,0.35754857548187097,0.4856473198482096,19,19
3a46193d097552cd,4,0,16,1,9,0.0008605283550969234,9,9,9,9,9,0.002164546427517186,0.15871229720280275,0.5353222779149899,0.19250930094767343,0.5748040832010709,0.03718422038758013,0.14071438620690413,0.8093399169152738,0.10164395876869238,0.0008689831706173826,0.35754857548187097,0.4856473198482096,9,9
4b7fb448a9f35a56,4,0,18,1,-1,nan,-1,-1,-1,-1,-1,nan,nan,nan,nan,nan,nan,nan,nan,nan,nan,0.35754857548187097,0.4856473198482096,-1,-1
642e382b50db5133,4,0,17,1,9,0.9895227806188629,-1,9,9,9,9,-0.08396516620374936,0.009140295876066573,0.01512445402018614,0.04172880158756084,0.05036202547851398,0.02211500327611171,0.02615236404878795,0.7868411461514804,0.39020311295008864,0.2918977396505341,0.35754857548187097,0.4856473198482096,-1,9
669d54218ee75215,4,0,2,1,1,3.765455192187791e-05,-1,-1,-1,-1,-1,-0.03125104301634359,-0.2042501354824453,-0.1869454041830842,-0.2310653852408954,-0.21602650007357307,-0.041091848009651766,-0.041091848009651766,-0.6367141473574244,0.511965638292591,1.0900604484078786,0.35754857548187097,0.4856473198482096,-1,-1
6715d16e80075f55,4,0,12,1,3,-0.00017848192839853283,-1,-1,3,-1,3,-0.008395555582896903,-0.009769823622592558,0.028446296409716708,-0.00294433414430296,0.03604927044012488,-0.0003264249112911455,0.009723536364000085,0.16712419073099716,0.2778721894574068,0.28088441922045193,0.35754857548187097,0.4856473198482096,3,3
8c7421c1a39954dc,4,0,1,1,-1,nan,-1,-1,-1,-1,-1,nan,nan,nan,nan,nan,nan,nan,nan,nan,nan,0.35754857548187097,0.4856473198482096,-1,-1
8e92f84a71e85b42,4,0,9,1,-1,nan,-1,-1,-1,-1,-1,nan,nan,nan,nan,nan,nan,nan,nan,nan,nan,0.35754857548187097,0.4856473198482096,-1,-1
9389f1437d2b5fad,4,0,12,1,0,5.547304395592256e-05,-1,-1,-1,-1,-1,-0.013748430852274889,-0.01802388300153847,-0.017596218615722234,-0.01216469187702832,-0.011320752028077563,-0.001015532667747971,-0.001015532667747971,0.14380880538946572,0.297169594528331,0.300871500622565,0.35754857548187097,0.4856473198482096,0,0
9f109cfcd3695a7c,4,0,18,1,-1,nan,-1,-1,-1,-1,-1,nan,nan,nan,nan,nan,nan,nan,nan,nan,nan,0.35754857548187097,0.4856473198482096,-1,-1
ac264ca2d43c52a7,4,0,25,1,-1,nan,-1,-1,-1,-1,-1,nan,nan,nan,nan,nan,nan,nan,nan,nan,nan,0.35754857548187097,0.4856473198482096,-1,-1
d7018055ca4b5f66,4,0,17,0,-1,nan,-1,-1,-1,-1,-1,nan,nan,nan,nan,nan,nan,nan,nan,nan,nan,0.35754857548187097,0.4856473198482096,-1,-1
ddcdcbbd930d5cd4,4,0,1,0,-1,nan,-1,-1,-1,-1,-1,nan,nan,nan,nan,nan,nan,nan,nan,nan,nan,0.35754857548187097,0.4856473198482096,-1,-1
e7e3b8bf23835b2a,4,0,3,1,16,6.682571023874928e-06,-1,-1,-1,-1,-1,-0.047936146195140424,-0.061191398471290404,-0.05986550377627074,-0.06094279449211047,-0.05962372723004648,-0.0031484720763368945,-0.0031484720763368945,0.007557600836225475,0.4139480699739999,0.8547430381980127,0.35754857548187097,0.4856473198482096,-1,-1
eae558be27b1587b,4,0,6,1,7,-0.22523527703285218,-1,-1,-1,-1,-1,-0.41993250765567414,-0.3891643894665833,-0.3922420588939737,-0.4074805427413328,-0.4118269132135228,0.007308239703146757,0.007308239703146757,-0.45149210470482304,1.5143597636476969,1.7704065753008846,0.35754857548187097,0.4856473198482096,-1,-1
ffb77fcdc4bd5e37,4,0,13,1,-1,nan,-1,-1,-1,-1,-1,nan,nan,nan,nan,nan,nan,nan,nan,nan,nan,0.35754857548187097,0.4856473198482096,-1,-1
07f8bf05fc975975,4,0,1,0,1,-7.274440014737316e-05,-1,-1,-1,-1,-1,-0.060331290639262916,-0.005445760341799569,-0.010936398716247471,-0.001631948606454485,-0.006743608461449918,0.013036761272920694,0.013036614660565604,0.08718509118574436,0.40486002394280546,1.1816735388004487,0.35754857548187097,0.4856473198482096,-1,-1
0fdd878a393d502e,4,0,2,0,-1,nan,-1,-1,-1,-1,-1,nan,nan,nan,nan,nan,nan,nan,nan,nan,nan,0.35754857548187097,0.4856473198482096,-1,-1
2b32a9f406845f75,4,0,12,0,2,-3.806486467696913,-1,-1,-1,-1,-1,-0.08204999073895891,-0.571456540805917,-0.5225022444317005,-0.6132192832285136,-0.5682059260901561,-0.11624696571295623,-0.11624696571295623,-0.9671395750442199,0.8665010980030401,0.9356511726909499,0.35754857548187097,0.4856473198482096,-1,-1
2c9450a5449e52fa,4,0,9,1,6,-0.0005310452297329904,6,-1,-1,-1,-1,0.044547568316248155,-0.38498553009682973,-0.34260027025649004,-0.43114536168597883,-0.3929116480661542,-0.10202544154133919,-0.10217852477559447,-1.0813722302022906,0.47413143478363384,0.6041730105080243,0.35754857548187097,0.4856473198482096,-1,-1
447b5889e4005e16,4,0,5,0,-1,nan,-1,-1,-1,-1,-1,nan,nan,nan,nan,nan,nan,nan,nan,nan,nan,0.35754857548187097,0.4856473198482096,-1,-1
5465043a8ae85d79,4,0,2,1,9,0.9894966626687549,9,9,9,9,9,0.028189001739512012,0.01597654910449266,0.46298350065815175,0.052130615803606464,0.5050786001414407,-0.0029007796535211183,0.11475373501718111,0.8857926637448362,0.11346607391413228,0.6897897426096532,0.35754857548187097,0.4856473198482096,9,-1
613662b53d9a5ae7,4,0,12,1,-1,nan,-1,-1,-1,-1,-1,nan,nan,nan,nan,nan,nan,nan,nan,nan,nan,0.35754857548187097,0.4856473198482096,-1,-1
66da55b392b45a5d,4,0,21,1,17,0.00016681582629662906,17,17,17,17,17,0.17095584061496766,0.174337544824554,0.1739992801443952,0.22694344971903457,0.23042089457172135,0.0008032439558672833,0.0008032439558672833,1.2865156016869879,-0.3469891198414591,-0.5197173298447383,0.35754857548187097,0.4856473198482096,17,17
78823d4302645d60,4,0,12,1,-1,nan,-1,-1,-1,-1,-1,nan,nan,nan,nan,nan,nan,nan,nan,nan,nan,0.35754857548187097,0.4856473198482096,-1,-1
7a1756cf8f7a566e,4,0,13,1,2,-0.002361465603113011,2,2,2,2,2,0.18104216857988423,0.17607772436018188,0.17657430715751332,0.1763135524398451,0.17681791297742142,-0.001179186459422471,-0.001179186459422471,0.006321847669150449,-0.2579989596117004,-0.3080627108437429,0.35754857548187097,0.4856473198482096,2,2
7c8389cb32f25aed,4,0,10,1,1,1.7302572846444377,1,1,1,1,1,0.43380218613445687,1.0949715576337238,1.0288361915224584,1.1381388897585611,1.0763679197370832,0.1570451667404465,0.1570451667404465,0.9823733475607429,-1.4543203923817332,-1.5450324730272265,0.35754857548187097,0.4856473198482096,1,1
80bebabe4c6f5627,4,0,14,1,9,-0.0004784055048858704,-1,9,9,9,9,-0.02577778300873839,0.047101354952681036,0.03981140977566488,0.07751455398292792,0.07256345040983914,0.017310717747099705,0.017310717747099705,0.7358791601507639,0.2364502296566166,0.19345165838465686,0.35754857548187097,0.4856473198482096,9,9
b16054ccc4bd54f9,4,0,11,1,1,1.8926528397743594,1,1,1,1,1,0.38621790252811866,0.6597478306742719,0.6324738853860847,0.7020876882994446,0.6783927441403628,0.06497057339000256,0.06499344833837561,1.0052962855223504,-1.1006681260889393,-1.150280630512607,0.35754857548187097,0.4856473198482096,1,1
b3734dd3dc905040,4,0,16,1,-1,nan,-1,-1,-1,-1,-1,nan,nan,nan,nan,nan,nan,nan,nan,nan,nan,0.35754857548187097,0.4856473198482096,-1,-1
b3c270be7e145adc,4,0,10,1,14,-1.2199467135749757,14,14,14,14,14,1.7256074779917452,1.9670632491641007,1.9429109418817005,1.972028602076323,1.9486881474402282,0.05735211502344631,0.05735211502344631,0.09457969582974868,-4.905809438731838,-5.117710095851017,0.35754857548187097,0.4856473198482096,14,14
b76a132378175658,4,0,17,1,-1,nan,-1,-1,-1,-1,-1,nan,nan,nan,nan,nan,nan,nan,nan,nan,nan,0.35754857548187097,0.4856473198482096,-1,-1
c49669e6594c55d7,4,0,24,1,24,-4.205154404068878e-05,24,-1,-1,-1,-1,0.012029649003454476,-0.06607640659245485,-0.0582636239606326,-0.054220771289366254,-0.04569578929330359,-0.018552248566329366,-0.018552248566329366,0.29872048731734413,0.24960099087960347,0.04842465576013466,0.35754857548187097,0.4856473198482096,24,24
d72a6e0e28a159a2,4,0,7,0,5,-0.011323793392349124,-1,5,5,5,5,-0.07067209859078,0.32682177786459415,0.28706131075954555,0.29226069035365854,0.2507421202494621,0.09441528116265724,0.09441528116265724,-0.8897265732072703,0.3299937730743166,0.42131841933826963,0.35754857548187097,0.4856473198482096,5,5
da13a4ab1eaf5a07,4,0,17,1,10,4.382104147193644e-05,-1,-1,-1,10,10,-0.048945045925155084,-0.06480716422632804,-0.0632205102668903,0.0010866532505241777,0.007415192824863061,-0.003767671523887517,-0.003767671523887517,1.6137191548537795,0.27567553537677403,0.2085165861718783,0.35754857548187097,0.4856473198482096,10,10
dd2f426104cb5f43,4,0,6,1,-1,nan,-1,-1,-1,-1,-1,nan,nan,nan,nan,nan,nan,nan,nan,nan,nan,0.35754857548187097,0.4856473198482096,-1,-1
ea01c4873e9b5cf8,4,0,17,1,9,-0.00010691608004265163,9,-1,-1,9,9,0.015302458683370115,-0.06979134879599809,-0.0613061616053501,0.03202958824850752,0.04772838363275182,-0.02021202396879579,-0.02021903527875285,2.500309379055638,0.04840988320676031,0.0032260945832330635,0.35754857548187097,0.4856473198482096,9,9
ea47b3db126a588e,4,0,1,0,-1,nan,-1,-1,-1,-1,-1,nan,nan,nan,nan,nan,nan,nan,nan,nan,nan,0.35754857548187097,0.4856473198482096,-1,-1
023f35fd45755497,4,0,11,1,-1,nan,-1,-1,-1,-1,-1,nan,nan,nan,nan,nan,nan,nan,nan,nan,nan,0.35754857548187097,0.4856473198482096,-1,-1
07704203d30b5747,4,0,1,0,-1,nan,-1,-1,-1,-1,-1,nan,nan,nan,nan,nan,nan,nan,nan,nan,nan,0.35754857548187097,0.4856473198482096,-1,-1
2daba893c5535189,4,0,4,1,-1,nan,-1,-1,-1,-1,-1,nan,nan,nan,nan,nan,nan,nan,nan,nan,nan,0.35754857548187097,0.4856473198482096,-1,-1
2f19f98982615f60,4,0,11,0,-1,nan,-1,-1,-1,-1,-1,nan,nan,nan,nan,nan,nan,nan,nan,nan,nan,0.35754857548187097,0.4856473198482096,-1,-1
36ba502aa1eb5ecd,4,0,14,0,-1,nan,-1,-1,-1,-1,-1,nan,nan,nan,nan,nan,nan,nan,nan,nan,nan,0.35754857548187097,0.4856473198482096,-1,-1
43557bbc55b85aa6,4,0,6,1,-1,nan,-1,-1,-1,-1,-1,nan,nan,nan,nan,nan,nan,nan,nan,nan,nan,0.35754857548187097,0.4856473198482096,-1,-1
47cdc9127a1e55a7,4,0,11,1,9,-0.0004928609021008779,-1,-1,-1,-1,-1,-0.06817105053764612,-0.3866580760054792,-0.35480049617954135,-0.3587801313433116,-0.32550040250399054,-0.07564906992870302,-0.07564906992870302,0.7174398632545952,0.5807322227305552,0.6832081123115319,0.35754857548187097,0.4856473198482096,-1,-1
49677b3a648b58be,4,0,28,1,-1,nan,-1,-1,-1,-1,-1,nan,nan,nan,nan,nan,nan,nan,nan,nan,nan,0.35754857548187097,0.4856473198482096,-1,-1
4a1db4bffda6552f,4,0,16,1,-1,nan,-1,-1,-1,-1,-1,nan,nan,nan,nan,nan,nan,nan,nan,nan,nan,0.35754857548187097,0.4856473198482096,-1,-1
671ff8b7146358da,4,0,10,1,20,2.0199987096356575,20,20,20,20,20,0.05405521804050613,0.5749207002687257,0.522819633814648,0.575326625106859,0.5242306369389715,0.12371929195749881,0.12371929195749881,-0.04807056192939396,-0.17737934544514228,-0.2165996006277309,0.35754857548187097,0.4856473198482096,20,20
696a489252f453fb,4,0,3,1,-1,nan,-1,-1,-1,-1,-1,nan,nan,nan,nan,nan,nan,nan,nan,nan,nan,0.35754857548187097,0.4856473198482096,-1,-1
69f3980cf2db525c,4,0,16,1,2,-0.00019636941166822908,-1,2,-1,2,-1,-0.030117846442719844,0.033628619840839695,-0.30955686456841863,0.050790870307774925,-0.2935603670489972,0.015141467312550727,-0.07375132647540267,0.41273970050589404,0.28291662712000404,0.1932569311782251,0.35754857548187097,0.4856473198482096,2,2
6c6d30fe3b6e59f0,4,0,23,1,9,1.0326532647209063e-05,9,9,9,9,9,0.06500935049327752,0.06794979975789517,0.0676556728714574,0.06364391476205397,0.06304349194037391,0.0006984342665579957,0.0006984342665579957,-0.10566179873085768,0.0857306551915603,-0.13125510464542417,0.35754857548187097,0.4856473198482096,9,9
7449973a63d255af,4,0,9,0,-1,nan,-1,-1,-1,-1,-1,nan,nan,nan,nan,nan,nan,nan,nan,nan,nan,0.35754857548187097,0.4856473198482096,-1,-1
84130118c5ec5189,4,0,1,0,-1,nan,-1,-1,-1,-1,-1,nan,nan,nan,nan,nan,nan,nan,nan,nan,nan,0.35754857548187097,0.4856473198482096,-1,-1
986bd829651151e2,4,0,27,1,-1,nan,-1,-1,-1,-1,-1,nan,nan,nan,nan,nan,nan,nan,nan,nan,nan,0.35754857548187097,0.4856473198482096,-1,-1
c1dbec763983596c,4,0,17,0,6,-0.0004926864345327076,-1,-1,-1,-1,-1,-0.006990502497278265,-0.10323844562763103,-0.09361096856838981,-0.11297003200067293,-0.1042275440577663,-0.022861425421228876,-0.022861425421228876,-0.22734504199610495,0.3619249778266154,0.26292615623886595,0.35754857548187097,0.4856473198482096,-1,6
c70954fab4a650c7,4,0,5,0,13,-1.233023564266786,13,13,13,13,13,1.72126977691608,1.663260218519726,1.6703317614638589,1.6665698866585914,1.673781955059618,-0.013778800355250864,-0.013443885656426069,0.08742364759926824,-4.724896424765062,-4.669837179849627,0.35754857548187097,0.4856473198482096,13,13
d8d6c32be32650ad,4,0,7,1,-1,nan,-1,-1,-1,-1,-1,nan,nan,nan,nan,nan,nan,nan,nan,nan,nan,0.35754857548187097,0.4856473198482096,-1,-1
deeae175505b5728,4,0,9,1,23,0.000635542147327417,23,23,23,23,23,0.3954759134189749,0.5247773981215179,0.5118436455943225,0.5865257868552717,0.578305655240568,0.030712513465123013,0.030712513465123013,1.4961454073730105,-1.090518356849216,-1.0441296546704222,0.35754857548187097,0.4856473198482096,23,23
e380b20d49215557,4,0,13,1,-1,nan,-1,-1,-1,-1,-1,nan,nan,nan,nan,nan,nan,nan,nan,nan,nan,0.35754857548187097,0.4856473198482096,-1,-1
e4499494731e5026,4,0,9,1,26,0.0005548425547778901,26,26,26,26,26,0.5096191889083524,0.5909062049952771,0.5827752376505397,0.6073567288803295,0.6005692673111387,0.01930781059361064,0.01930781059361064,0.39337559832341207,-1.2983835653924978,-1.2829090698569094,0.35754857548187097,0.4856473198482096,26,26
ed710413165b5ca4,4,0,10,0,1,-0.00019858523067095568,-1,-1,-1,-1,-1,-0.042847212966489905,-0.1417502347320564,-0.14385141512750352,-0.11349717955261046,-0.11382774717791894,-0.023492076635501888,-0.02665767271488783,0.7021645072571371,0.3853580810135282,0.47765569894222526,0.35754857548187097,0.4856473198482096,-1,1
f9922d29f7ca5693,4,0,9,1,21,-8.826512694358815e-05,-1,-1,-1,-1,-1,-0.014525060194193036,-0.03208792292061879,-0.030331147113324228,-0.018094785695346657,-0.015357617288823809,-0.004171643188880178,-0.004171643188880178,0.3442681998304272,0.2890648212114734,0.3894383587845899,0.35754857548187097,0.4856473198482096,21,21
fbe3cf848a4c5391,4,0,1,0,2,-0.004617220449447235,2,2,2,2,2,0.008066390153771249,0.0024394173414686105,0.0030022714649073643,0.002711419631265936,0.0032834299473768506,-0.0013365544770293503,-0.0013365544770293503,0.007280548651829255,0.24646884144504588,1.0224928913408116,0.35754857548187097,0.4856473198482096,2,-1
fdf3abf3cf375c35,4,0,5,1,-1,nan,-1,-1,-1,-1,-1,nan,nan,nan,nan,nan,nan,nan,nan,nan,nan,0.35754857548187097,0.4856473198482096,-1,-1
00f4aedf9b3c5f65,4,0,16,1,21,3.5336512327194085e-05,-1,-1,-1,-1,-1,-0.05278721039727652,-0.019509632749499024,-0.02294490022875806,-0.026510677895919217,-0.030391379677122098,0.007904302521701378,0.007876172679037285,-0.17497136209491904,0.41825342033085156,0.3240137977522944,0.35754857548187097,0.4856473198482096,-1,21
3584e6b997845f86,4,0,27,1,-1,nan,-1,-1,-1,-1,-1,nan,nan,nan,nan,nan,nan,nan,nan,nan,nan,0.35754857548187097,0.4856473198482096,-1,-1
3d56147a52d550b3,4,0,17,1,3,0.00019048074111349678,-1,-1,-1,-1,-1,-0.031765126775074586,-0.0519582776789167,-0.06404374608331298,-0.012619520615851698,-0.02200002827173074,-0.004796406015477983,-0.008519178913326542,0.9645880616426417,0.28568585734680857,0.2030114279893178,0.35754857548187097,0.4856473198482096,3,3
4132da23bf54566f,4,0,17,1,1,0.0012187561772414313,1,-1,-1,1,1,0.01031431341696132,-0.024474605311564403,-0.02099474375731717,0.006613045579719619,0.012278904598035226,-0.008263285896096928,-0.008263285896096928,0.7643675080524592,0.18899020383870216,0.0988395371509112,0.35754857548187097,0.4856473198482096,1,1
44ae005ad8b25d52,4,0,10,0,-1,nan,-1,-1,-1,-1,-1,nan,nan,nan,nan,nan,nan,nan,nan,nan,nan,0.35754857548187097,0.4856473198482096,-1,-1
48ee2a6b3a4b54cc,4,0,8,0,-1,nan,-1,-1,-1,-1,-1,nan,nan,nan,nan,nan,nan,nan,nan,nan,nan,0.35754857548187097,0.4856473198482096,-1,-1
49f109b9cca4567a,4,0,8,1,-1,nan,-1,-1,-1,-1,-1,nan,nan,nan,nan,nan,nan,nan,nan,nan,nan,0.35754857548187097,0.4856473198482096,-1,-1
4ac48ad526735073,4,0,15,1,1,0.0003725693814456421,-1,1,1,1,1,-0.018222531399934017,0.08749988507625373,0.07703140848490517,0.1232865294767283,0.11560832707008073,0.02511186276831978,0.025140026849633013,0.8636718899692658,0.18469198094574743,0.11640434285562065,0.35754857548187097,0.4856473198482096,1,1
5214a5118acc5d75,4,0,15,1,6,-0.0018463206470360483,-1,6,6,6,6,-0.015420270159797503,0.16901506228076024,0.15056638821839444,0.14475079088921916,0.12489054106980348,0.043808256680548885,0.043808256680548885,-0.6141117482942142,0.26373125113538903,0.15029090123216401,0.35754857548187097,0.4856473198482096,6,6
55a7c26fd2d35b8e,4,0,16,1,-1,nan,-1,-1,-1,-1,-1,nan,nan,nan,nan,nan,nan,nan,nan,nan,nan,0.35754857548187097,0.4856473198482096,-1,-1
5693aed0af7e548c,4,0,5,0,17,-2.020414070067741,17,-1,-1,-1,-1,0.07660071653820894,-0.1170812394340193,-0.09775704918691858,-0.11559136967178646,-0.09652246815992577,-0.04600457368631772,-0.04601761267902571,0.058013846411750336,0.14747047934188126,0.44273982572086,0.35754857548187097,0.4856473198482096,17,17
7418da8c04e85efb,4,0,7,1,1,4.00804797271723,1,1,1,1,1,0.46376580612643953,1.7325388417340297,1.6056293904077021,1.778678896385145,1.6574872919877903,0.3013670649639241,0.3013679140427672,0.9874353839984467,-1.8822296575546889,-1.9656647387805037,0.35754857548187097,0.4856473198482096,1,1
