scenario_token,outer_test_fold,calibration_fold,candidate_count,positive_opportunity,incumbent_action,rsm_selected_action,teacher_improvement,outcome_bin,quality_accept,future_mean_accept,future_robust_raw_accept,cfrv_main_accept,quality_value,future_mean_value,future_robust_raw_value,cfrv_main_value,delta_route_deviation_cost,delta_progress_deficit_cost,delta_global_comfort_cost,delta_hard_agent_risk,delta_soft_agent_risk,delta_agent_ttc_risk,delta_hard_off_route_risk,delta_soft_off_route_risk,delta_red_light_risk,delta_future_response_mean_agent_cost,delta_future_response_cvar_agent_cost,delta_future_response_robust_agent_cost,current_risk_all_zero,future_response_all_zero,current_and_future_all_zero
30e193cab0fc5a5d,0,1,9,0,3,-1,nan,no_rsmr_proposal,False,False,False,False,nan,nan,nan,nan,nan,nan,nan,nan,nan,nan,nan,nan,nan,nan,nan,nan,False,False,False
366e33370f605634,0,1,4,1,6,28,1.2326923098775557,material_positive_gt_0.2,True,True,True,True,0.04769988985690745,0.04769988985690745,0.04769988985690745,0.004673155607097641,5.814137935638367,-3.507160186767578,0.0,0.0,0.0,0.0,0.0,0.0,0.0,0.0,0.0,0.0,True,True,True
3fabf2e29e5f5fc4,0,1,18,1,3,22,0.00020328318849216487,positive_le_0.001,True,False,False,False,0.07866194150568633,-0.5219291429885932,-0.34577197915725627,-0.38879871340706607,3.3306690738754696e-14,5.089912414550781,0.0004880539418081753,0.0,-0.03849369287490845,-0.3802199065685272,0.0,0.0,0.0,-2.1451010704040527,-2.1451010704040527,-2.1451010704040527,False,False,False
46f5fac22c0b5cb0,0,1,5,0,3,5,-0.0008687456113751976,mild_harm,False,False,False,False,-0.032732857784812885,-0.032732857784812885,-0.032732857784812885,-0.0757595920346227,-18.88117027282715,1.4556808471679688,0.0,0.0,0.0,0.0,0.0,0.0,0.0,0.0,0.0,0.0,True,True,True
518c0014d1a45ca8,0,1,13,1,10,12,-0.00013040864672486663,mild_harm,False,False,False,False,-0.001634691566095188,-0.001634691566095188,-0.001634691566095188,-0.044661425815904994,-1.9783979142429242e-14,-2.377349853515625,-2.0874867914244533e-05,0.0,0.0,0.0,0.0,0.0,0.0,0.0,0.0,0.0,True,True,True
586dc46118d75100,0,1,14,1,3,9,-0.00040474789324213,mild_harm,False,False,False,False,-0.07252252497564693,-0.07252252497564693,-0.07252252497564693,-0.11554925922545674,-0.27922821044921875,-6.674612045288086,-0.00010484027734491974,0.0,0.0,0.0,0.0,0.0,0.0,0.0,0.0,0.0,True,True,True
6596827fb10b569a,0,1,23,1,7,1,0.0005793339748345616,positive_le_0.001,True,False,False,False,0.09566207418370856,-0.045247756846526516,-0.003918012148200853,-0.04694474639801066,19.347351074218693,-7.905290603637695,-7.468004332622513e-05,0.0,0.0,-0.09150552749633789,0.0,0.0,0.0,-0.5032805800437927,-0.5032805800437927,-0.5032805800437927,False,False,False
8f79455cf8a85fb9,0,1,4,0,5,-1,nan,no_rsmr_proposal,False,False,False,False,nan,nan,nan,nan,nan,nan,nan,nan,nan,nan,nan,nan,nan,nan,nan,nan,False,False,False
b2f2a9a83437555c,0,1,1,0,2,7,-0.0007529566446319302,mild_harm,False,False,False,False,-0.1404873922864834,-0.267869597706372,-0.32426321363172195,-0.36728994788153174,-14.911311626434326,-0.10411262512207031,0.0,0.0,-0.1416720747947693,-0.021469414234161377,0.0,0.0,0.0,-0.45496463775634766,-1.6395740509033203,-0.9288082122802734,False,False,False
d1d8fef2f07e554f,0,1,27,1,7,19,-6.528710596098719e-05,mild_harm,True,True,True,True,0.09169740943754676,0.09169740943754676,0.09169740943754676,0.04867067518773695,0.8505535125732422,-5.193880081176758,-0.00022513637668453157,0.0,0.0,0.0,0.0,0.0,0.0,0.0,0.0,0.0,True,True,True
d3578202f06d5c62,0,1,25,1,21,26,8.269424438478445e-05,positive_le_0.001,True,True,True,False,0.028715813942870146,0.033731502935662246,0.032260369629755294,-0.010766364620054515,1.021405182655144e-13,2.2554969787597656,-1.3039095392741729e-05,0.0,0.0,0.003257195057813078,0.0,0.0,0.0,0.017914284951984882,0.01791428681463003,0.017914284951984882,False,False,False
e7ee1c000ef85255,0,1,16,1,6,9,0.0005864605173468984,positive_le_0.001,False,False,False,False,-0.09363308179079309,-0.09363308179079309,-0.09363308179079309,-0.1366598160406029,10.423959732055664,-2.3729286193847656,0.0,0.0,0.0,0.0,0.0,0.0,0.0,0.0,0.0,0.0,True,True,True
e8a90962974f55d3,0,1,12,1,23,-1,nan,no_rsmr_proposal,False,False,False,False,nan,nan,nan,nan,nan,nan,nan,nan,nan,nan,nan,nan,nan,nan,nan,nan,False,False,False
f390221c855a53d1,0,1,17,1,3,23,0.00017691048837065182,positive_le_0.001,True,True,True,True,0.059610245492826036,0.059610245492826036,0.059610245492826036,0.016583511243016227,3.996801872211027e-14,4.244878768920898,0.00011982975411228836,0.0,0.0,0.0,0.0,0.0,0.0,0.0,0.0,0.0,True,True,True
f473bc020969511e,0,1,24,1,7,2,0.002340053756078042,positive_0.001_0.01,True,True,True,True,0.09503579861004448,0.09503579861004448,0.09503579861004448,0.05200906436023467,51.30136489868149,-5.743677139282227,-0.00013970755389891565,0.0,0.0,0.0,0.0,0.0,0.0,0.0,0.0,0.0,True,True,True
5eae283cb1b95a45,0,1,6,1,3,25,0.00021139208469539883,positive_le_0.001,True,True,True,False,0.0061142925815621035,0.0061142925815621035,0.0061142925815621035,-0.036912441668247704,-3.885781433220995e-15,-2.4070472717285156,-1.4695455320179462e-05,0.0,0.0,0.0,0.0,0.0,0.0,0.0,0.0,0.0,True,True,True
ea5915d23f345a29,0,1,6,1,0,26,-6.736000906726325e-06,mild_harm,False,False,False,False,-0.004502313348245195,-0.004502313348245195,-0.004502313348245195,-0.047529047598055006,1.1102230246251565e-15,-0.1673736572265625,0.00015709077706560493,0.0,0.0,0.0,0.0,0.0,0.0,0.0,0.0,0.0,True,True,True
190d01845dda5596,0,1,4,0,5,-1,nan,no_rsmr_proposal,False,False,False,False,nan,nan,nan,nan,nan,nan,nan,nan,nan,nan,nan,nan,nan,nan,nan,nan,False,False,False
247baf6242815059,0,1,20,1,23,12,-0.0004707026612013579,mild_harm,False,False,False,False,-0.012360534393614854,-0.012360534393614854,-0.012360534393614854,-0.055387268643424664,3.85822829847976e-14,-5.039295196533203,-0.0006256959750317037,0.0,0.0,0.0,0.0,0.0,0.0,0.0,0.0,0.0,True,True,True
273d4e72b01d53cf,0,1,14,1,4,8,-1.5629368781690487,catastrophe,False,False,False,False,-0.1434606417850462,-0.1434606417850462,-0.1434606417850462,-0.186487376034856,-194.3709716796875,0.8441333770751953,0.0,0.0,0.0,0.0,0.0,-0.5600485801696777,0.0,0.0,0.0,0.0,False,True,False
275e9cfb52fd59de,0,1,12,1,16,8,0.12727462194093242,positive_0.01_0.2,True,True,True,True,0.8503470886511855,1.2307748134654704,1.119193049913334,1.0761663156635242,496.87872314453125,-0.9671494960784912,0.0,0.0,0.23279321193695068,0.18778985738754272,0.0,1.3147706985473633,0.0,1.3587546348571777,1.358755111694336,1.358755111694336,False,False,False
4082f94c512b5d1f,0,1,14,1,0,23,-0.00014774904392167443,mild_harm,True,True,True,True,0.06237464660863763,0.06237464660863763,0.06237464660863763,0.019347912358827823,4.6074255521943996e-14,-1.2902336120605469,-0.00011291893315501511,0.0,0.0,0.0,0.0,0.0,0.0,0.0,0.0,0.0,True,True,True
421dd5398e885a27,0,1,18,1,21,22,-0.00011464735288172975,mild_harm,False,False,False,False,-0.03523522735132063,-0.03523522735132063,-0.03523522735132063,-0.07826196160113044,9.115971866258121e-15,-1.9991455078125,9.660201612859964e-06,0.0,0.0,0.0,0.0,0.0,0.0,0.0,0.0,0.0,True,True,True
53620555ea3a5d3c,0,1,9,1,22,21,0.0,mild_harm,True,True,True,False,0.006752905121048182,0.006752905121048182,0.006752905121048182,-0.03627382912876163,0.0,0.0,0.0,0.0,0.0,0.0,0.0,0.0,0.0,0.0,0.0,0.0,True,True,True
60bd62401d0857f9,0,1,15,1,21,22,-5.674398746347009e-05,mild_harm,False,False,False,False,-0.01219350793858418,-0.01219350793858418,-0.01219350793858418,-0.05522024218839399,-4.440888710368837e-15,-1.1831283569335938,-0.00011745147639885545,0.0,0.0,0.0,0.0,0.0,0.0,0.0,0.0,0.0,True,True,True
6db53a1807af5a90,0,1,13,0,3,-1,nan,no_rsmr_proposal,False,False,False,False,nan,nan,nan,nan,nan,nan,nan,nan,nan,nan,nan,nan,nan,nan,nan,nan,False,False,False
8e6c888a92425ff1,0,1,6,1,23,1,0.00030813117888772723,positive_le_0.001,True,True,True,True,0.052196836669575905,0.052196836669575905,0.052196836669575905,0.009170102419766096,4.9960036108132044e-15,3.2907447814941406,0.0002800737420329824,0.0,0.0,0.0,0.0,0.0,0.0,0.0,0.0,0.0,True,True,True
9a82cf7a1636581e,0,1,5,0,0,2,-0.004264268382638825,mild_harm,False,False,False,False,-0.15985361883586147,-0.16561357400453272,-0.16392411913475907,-0.20695085338456887,-83.22172832489014,4.276065826416016,0.0,0.0,0.0,-0.0037404000759124756,0.0,0.0,0.0,-0.020572543144226074,-0.020572543144226074,-0.020572423934936523,False,False,False
c70bcca6e16953d7,0,1,14,1,12,10,0.0003409750871363748,positive_le_0.001,True,True,True,True,0.07521004609898382,0.06170389828757131,0.06566533686728088,0.022638602617471068,-1.406536340713501,6.829339981079102,0.00011666821228573099,0.0,1.0132789611816406e-05,-0.008773162961006165,0.0,0.0,0.0,-0.04823923110961914,-0.04823923110961914,-0.04823923110961914,False,False,False
d04f957744a353ba,0,1,10,1,2,21,0.00016387412324547768,positive_le_0.001,True,True,True,False,0.016963242458506913,0.016963242458506913,0.016963242458506913,-0.026063491791302896,2.220442661118524e-15,2.547056198120117,1.5894212992861867e-05,0.0,0.0,0.0,0.0,0.0,0.0,0.0,0.0,0.0,True,True,True
d0c144dfeca55025,0,1,25,1,23,22,-0.00010299410598381756,mild_harm,True,True,True,False,0.042978355051696435,0.042978355051696435,0.042978355051696435,-4.83791981133741e-05,7.771561172376096e-15,0.6929244995117188,-4.846078809350729e-05,0.0,0.0,0.0,0.0,0.0,0.0,0.0,0.0,0.0,True,True,True
f6cbfc9328fd5914,0,1,5,1,5,15,0.0028377727983173173,positive_0.001_0.01,True,True,True,True,0.38834456847300025,0.38834456847300025,0.38834456847300025,0.34531783422319046,116.248046875,-1.442908763885498,0.0,0.0,0.0,0.0,0.0,0.0,0.0,0.0,0.0,0.0,True,True,True
d0ce91bcf7ba557a,0,1,2,1,3,-1,nan,no_rsmr_proposal,False,False,False,False,nan,nan,nan,nan,nan,nan,nan,nan,nan,nan,nan,nan,nan,nan,nan,nan,False,False,False
00bf712a8e9e59bf,0,1,1,0,1,-1,nan,no_rsmr_proposal,False,False,False,False,nan,nan,nan,nan,nan,nan,nan,nan,nan,nan,nan,nan,nan,nan,nan,nan,False,False,False
07db46e8eac253cf,0,1,12,1,13,16,0.7593208522055517,material_positive_gt_0.2,True,True,True,True,0.2687226301796579,0.1999326612885891,0.18813939518967016,0.14511266093986036,179.5611572265625,-3.162412643432617,0.0,0.0,-0.021577835083007812,-0.02741551399230957,0.0,0.0,0.0,-0.24569368362426758,-0.6496343612670898,-0.4072699546813965,False,False,False
13adf1483845581c,0,1,18,1,2,21,0.0006412762776015768,positive_le_0.001,True,True,True,True,0.05230721333231074,0.05230721333231074,0.05230721333231074,0.009280479082500931,0.0,4.592937469482422,0.0002039316983655226,0.0,0.0,0.0,0.0,0.0,0.0,0.0,0.0,0.0,True,True,True
2ffe7083e279569c,0,1,15,1,9,3,0.00016050723339500195,positive_le_0.001,True,True,True,True,0.0630176207662971,0.0630176207662971,0.0630176207662971,0.019990886516487297,-0.20151680707931519,6.073187828063965,3.36316334141884e-05,0.0,0.0,0.0,0.0,0.0,0.0,0.0,0.0,0.0,True,True,True
36857cb219845df9,0,1,14,1,9,7,0.00013242636164667587,positive_le_0.001,True,False,False,False,0.028753014406428443,-0.18631114532711227,-0.12323146699267479,-0.16625820124248458,0.6866836547851562,5.679928779602051,3.246494452469051e-05,0.0,0.0,-0.1396608054637909,0.0,0.0,0.0,-0.7681338787078857,-0.7681341171264648,-0.7681338787078857,False,False,False
6f8bc109eabc5ad5,0,1,4,1,20,19,-4.585174424573402e-06,mild_harm,False,True,True,False,-0.004795137743934571,0.0076480676235742865,0.01152748023932202,-0.03149925401048779,0.0,0.3635120391845703,0.0,0.0,0.0,0.0,0.0,0.0,0.0,0.04444277286529541,0.1395735740661621,0.08249497413635254,True,False,False
8fbfbaa44855539e,0,1,16,0,4,-1,nan,no_rsmr_proposal,False,False,False,False,nan,nan,nan,nan,nan,nan,nan,nan,nan,nan,nan,nan,nan,nan,nan,nan,False,False,False
b66888a9942d59ff,0,1,5,1,6,22,0.003121770005300641,positive_0.001_0.01,True,True,True,False,0.02657102344023839,0.02657102344023839,0.02657102344023839,-0.01645571080957142,62.536842346191406,-1.8153095245361328,0.0,0.0,0.0,0.0,0.0,0.0,0.0,0.0,0.0,0.0,True,True,True
e4f303186cdb50b1,0,1,4,1,20,19,-4.3645644211215764e-06,mild_harm,False,True,True,False,-0.0038601199243871354,0.00933789573510782,0.013490796244173962,-0.029535938005635847,0.0,0.3748455047607422,0.0,0.0,0.0,0.0,0.0,0.0,0.0,0.04713869094848633,0.14852142333984375,0.0876920223236084,True,False,False
ee17abab9d83514f,0,1,4,0,12,17,-5.260109603405505e-05,mild_harm,True,True,True,False,0.0290811394858199,0.034359671543652895,0.03778516140858113,-0.005241572841228677,-0.480438232421875,-0.5165615081787109,0.0,0.0,0.0,0.0,0.0,0.0,0.0,0.018853068351745605,0.0816965103149414,0.043990373611450195,True,False,False
5b4aedf8449c54ca,0,1,4,1,2,1,0.001329014174267673,positive_0.001_0.01,True,True,True,True,0.00977872068524219,0.43527357634623576,0.31047324391842634,0.26744650966861655,34.14556121826172,-7.582691192626953,-0.0003337643584018224,0.0,0.0,0.2763125002384186,0.0,0.0,0.0,1.5197186470031738,1.5197186470031738,1.5197186470031738,False,False,False
73458ba61f445d19,0,1,16,1,7,9,-2.754281880346099e-06,mild_harm,False,False,False,False,-0.061770231552315064,-0.061770231552315064,-0.061770231552315064,-0.10479696580212487,1.9271202087402344,-4.421302795410156,-6.961661711102352e-05,0.0,0.0,0.0,0.0,0.0,0.0,0.0,0.0,0.0,True,True,True
7647b4788f795d71,0,1,1,1,2,1,0.0035336643615271335,positive_0.001_0.01,True,True,True,False,0.005543435643397154,0.005543435643397154,0.005543435643397154,-0.037483298606412654,73.66458129882812,-7.037710189819336,-0.00013674391266249586,0.0,0.0,0.0,0.0,0.0,0.0,0.0,0.0,0.0,True,True,True
8f2f7b6da7495074,0,1,22,1,21,6,-0.0030044126219674894,mild_harm,False,False,False,False,-0.03586987114742783,-0.03586987114742783,-0.03586987114742783,-0.07889660539723764,-59.104454040527344,-0.2576446533203125,-1.5401512953872043e-08,0.0,0.0,0.0,0.0,0.0,0.0,0.0,0.0,0.0,True,True,True
c23e9cc0ed7e5b21,0,1,17,1,6,3,0.0016556329336947506,positive_0.001_0.01,True,True,True,False,0.03126945233161001,0.033617291163335415,0.03275552671611605,-0.01027120753369376,34.30272722244263,-2.993694305419922,-8.980993879958987e-05,0.0,0.0,0.0011327862739562988,0.0,0.0,0.0,0.008385658264160156,0.006197929382324219,0.007510662078857422,False,False,False
cdfa6ac2b00156d1,0,1,10,0,3,-1,nan,no_rsmr_proposal,False,False,False,False,nan,nan,nan,nan,nan,nan,nan,nan,nan,nan,nan,nan,nan,nan,nan,nan,False,False,False
16599b5179df53bb,0,1,7,0,22,-1,nan,no_rsmr_proposal,False,False,False,False,nan,nan,nan,nan,nan,nan,nan,nan,nan,nan,nan,nan,nan,nan,nan,nan,False,False,False
181f26554b4b5e75,0,1,15,0,3,9,-0.00012368360642556198,mild_harm,False,True,True,False,-0.06891855516714751,0.08080533398833817,0.03689037029280395,-0.006136363957005855,4.792945861816406,-6.825386047363281,-9.384244708598999e-05,0.0,0.0,0.09722932428121567,0.0,0.0,0.0,0.5347613096237183,0.5347613096237183,0.5347613096237183,False,False,False
21411e892e975adf,0,1,3,0,4,-1,nan,no_rsmr_proposal,False,False,False,False,nan,nan,nan,nan,nan,nan,nan,nan,nan,nan,nan,nan,nan,nan,nan,nan,False,False,False
24f940b7a94f5ed7,0,1,17,0,9,3,-0.0003130765174522987,mild_harm,True,False,False,False,0.11763037642881544,-0.5243267485532053,-0.43966876963416945,-0.48269550388397925,-1.584090232849121,6.530763626098633,9.320519166067243e-05,0.0,0.0,-0.3454594016075134,0.0,0.0,0.0,-2.2928460836410522,-3.6022452116012573,-2.8166056871414185,False,False,False
257140a662885e1d,0,1,7,1,9,3,0.0005220740450080363,positive_le_0.001,True,True,True,True,0.08292756426380835,0.16245623236269388,0.44416459375635475,0.40113785950654496,1.0929765701293945,7.534799575805664,0.0002848002186510712,0.0,0.0,-0.10096961259841919,0.0,0.0,0.0,0.28404855728149414,4.13818359375,1.82570219039917,False,False,False
3e1e8ae126d0578f,0,1,15,1,21,-1,nan,no_rsmr_proposal,False,False,False,False,nan,nan,nan,nan,nan,nan,nan,nan,nan,nan,nan,nan,nan,nan,nan,nan,False,False,False
40d5b1af93cf50e4,0,1,12,1,0,4,8.93150708446977e-05,positive_le_0.001,False,False,False,False,-0.012803392494634558,-0.012803392494634558,-0.012803392494634558,-0.05583012674444437,1.6054508686065674,1.4861602783203125,0.0,0.0,0.0,0.0,0.0,0.0,0.0,0.0,0.0,0.0,True,True,True
4b30de14589f513c,0,1,14,1,2,23,0.0002240603599697351,positive_le_0.001,True,True,True,True,0.06332825655039587,0.06332825655039587,0.06332825655039587,0.02030152230058606,-2.9004576518332215e-14,3.5254478454589844,0.0001894592642202042,0.0,0.0,0.0,0.0,0.0,0.0,0.0,0.0,0.0,True,True,True
648d283b25fa50d1,0,1,4,0,21,23,-0.0001290052613243456,mild_harm,False,False,False,False,-0.03499785418358672,-0.03499785418358672,-0.03499785418358672,-0.07802458843339652,0.0,-4.469936370849609,-8.91087474883534e-05,0.0,0.0,0.0,0.0,0.0,0.0,0.0,0.0,0.0,True,True,True
651762602ed854bf,0,1,1,1,14,-1,nan,no_rsmr_proposal,False,False,False,False,nan,nan,nan,nan,nan,nan,nan,nan,nan,nan,nan,nan,nan,nan,nan,nan,False,False,False
864541f05d165c97,0,1,2,1,12,21,7.027299320325284e-05,positive_le_0.001,True,True,True,True,0.13846283895041903,0.13846283895041903,0.13846283895041903,0.09543610470060922,-4.440892098500626e-15,-0.2729377746582031,-0.00024857205426087603,0.0,0.0,0.0,0.0,0.0,0.0,0.0,0.0,0.0,True,True,True
a054dd394e1b559c,0,1,17,1,7,21,0.00048019668860943554,positive_le_0.001,True,True,True,False,0.031124435501779405,0.031124435501779405,0.031124435501779405,-0.011902298748030404,18.00416755676268,-7.901546478271484,-0.000254303275141865,0.0,0.0,0.0,0.0,0.0,0.0,0.0,0.0,0.0,True,True,True
b7c6fe6429785952,0,1,15,1,23,22,6.060907109617375e-05,positive_le_0.001,True,True,True,False,0.027689461587087197,0.027689461587087197,0.027689461587087197,-0.015337272662722612,-3.3755550438163695e-14,1.452585220336914,0.00028062501223757863,0.0,0.0,0.0,0.0,0.0,0.0,0.0,0.0,0.0,True,True,True
c031140da54d502a,0,1,17,1,6,3,0.9911725879896434,material_positive_gt_0.2,True,True,True,True,0.04978092427084749,0.0945670247103696,0.11505469661870099,0.07202796236889118,34.277164459228516,-2.443340301513672,0.0,0.0,0.0,0.005590856075286865,0.0,0.0,0.0,0.15996026992797852,0.5847983360290527,0.3298954963684082,False,False,False
cdabe76a1ba75152,0,1,16,1,16,3,0.9906680473752321,material_positive_gt_0.2,True,True,True,True,0.07339836743422296,0.09965568588239729,0.11224537646382643,0.06921864221401662,4.0250701904296875,-4.253608703613281,0.0,0.0,0.0,0.0030669569969177246,0.0,0.0,0.0,0.09378194808959961,0.3501615524291992,0.1963338851928711,False,False,False
cdccf3dfd4e153cc,0,1,24,1,7,21,0.0025033863656862554,positive_0.001_0.01,True,True,True,True,0.07441610347087325,0.07441610347087325,0.07441610347087325,0.031389369221063446,21.666721343994126,-7.961864471435547,-0.0002734872105065733,0.0,0.0,0.0,0.0,0.0,0.0,0.0,0.0,0.0,True,True,True
d3e0b427c9095c6f,0,1,17,1,3,9,0.0002687987604178266,positive_le_0.001,False,False,False,False,-0.061525502535597076,-0.05888949071864028,-0.05966264965737478,-0.10268938390718459,6.467914581298828,-6.737327575683594,-5.381872324505821e-05,0.0,0.0,0.0017117857933044434,0.0,0.0,0.0,0.009414911270141602,0.009415149688720703,0.009414911270141602,False,False,False
d86f407ee78151b0,0,1,5,1,6,-1,nan,no_rsmr_proposal,False,False,False,False,nan,nan,nan,nan,nan,nan,nan,nan,nan,nan,nan,nan,nan,nan,nan,nan,False,False,False
de2c82b474d85dd5,0,1,17,1,3,9,0.0006124333238229085,positive_le_0.001,False,True,True,True,-0.09243612011287076,0.24255225875958158,0.07292005878671363,0.029893324536903826,-1.7736384868621826,-6.779962539672852,-4.719489243143471e-05,0.0,0.0,0.11213725805282593,0.0,0.0,0.0,1.1964612007141113,0.29459524154663086,0.8357148170471191,False,False,False
046577552dd15fc3,0,1,15,1,4,-1,nan,no_rsmr_proposal,False,False,False,False,nan,nan,nan,nan,nan,nan,nan,nan,nan,nan,nan,nan,nan,nan,nan,nan,False,False,False
1f8c9456286d59fb,0,1,17,0,3,9,-0.0006121215932071156,mild_harm,False,True,True,True,-0.11570777632462331,0.421323542116752,0.2638088596853693,0.22078212543555953,-3.697484016418457,-7.7014923095703125,-0.0005122334696352482,0.0,0.0,0.3487432673573494,0.0,0.0,0.0,1.9180878400802612,1.9180878400802612,1.9180878400802612,False,False,False
369040b3134c5769,0,1,17,1,3,-1,nan,no_rsmr_proposal,False,False,False,False,nan,nan,nan,nan,nan,nan,nan,nan,nan,nan,nan,nan,nan,nan,nan,nan,False,False,False
39dca464ed145043,0,1,17,1,6,3,1.3998703285889036e-05,positive_le_0.001,True,True,True,True,0.03833899762620055,0.10477124823179966,0.14346798107799133,0.10044124682818152,-8.135963439941406,-3.9021453857421875,-0.000141068798257038,0.0,0.002845942974090576,0.002318143844604492,0.0,0.0,0.0,0.2372727394104004,0.9724030494689941,0.5313248634338379,False,False,False
3e940b9ccdf456b7,0,1,17,1,6,3,-0.00983716126978429,mild_harm,True,True,True,True,0.03818383670517157,0.09199081295618314,0.12396149181536531,0.0809347575655555,-9.499065399169922,-3.9001502990722656,-0.0001416286249877885,0.0,0.0,0.0020313262939453125,0.0,0.0,0.0,0.19217967987060547,0.7955374717712402,0.43352270126342773,False,False,False
4f74e2eb505a5fd0,0,1,9,0,1,7,-0.24303894127057868,mild_harm,False,False,False,False,-0.115313191079963,-0.11530902318541461,-0.1153102471294342,-0.158336981379244,-123.85665893554688,3.2502059936523438,0.0,0.0,1.055002212524414e-05,0.0,0.0,0.0,0.0,1.4886260032653809e-05,1.4878809452056885e-05,1.4878809452056885e-05,False,False,False
524cadd627f25d7f,0,1,8,0,1,7,-0.2439054437735635,mild_harm,False,False,False,False,-0.09263717732450064,-0.4084869849491565,-0.6134599950168551,-0.656486729266665,-120.32293701171875,2.9126834869384766,0.0,0.0,4.589557647705078e-06,0.0,0.0,0.0,0.0,-1.1281049251556396,-4.888475775718689,-2.6322532892227173,False,False,False
70c45003ec3e527b,0,1,1,0,3,9,-0.0006647571086881854,mild_harm,False,False,False,False,-0.13748417770109567,-0.20309603312752084,-0.2868047922213127,-0.3298315264711225,-3.637601852416992,-7.765678405761719,-0.0007296488474821672,0.0,0.0,0.011944890022277832,0.0,0.0,0.0,-0.2343425750732422,-1.5351629257202148,-0.7546706199645996,False,False,False
b1bfa52c4bc452b7,0,1,17,1,6,-1,nan,no_rsmr_proposal,False,False,False,False,nan,nan,nan,nan,nan,nan,nan,nan,nan,nan,nan,nan,nan,nan,nan,nan,False,False,False
bed9898a4bf45a6b,0,1,17,1,7,-1,nan,no_rsmr_proposal,False,False,False,False,nan,nan,nan,nan,nan,nan,nan,nan,nan,nan,nan,nan,nan,nan,nan,nan,False,False,False
db219c4afef9558d,0,1,18,1,5,3,0.00014902080035517073,positive_le_0.001,True,True,True,True,0.03688861254526187,0.04634311627244815,0.04375846336320502,0.0007317291133952103,5.9217119216918945,-4.116813659667969,-0.00019450663239695132,0.0,0.0,0.006060898303985596,0.0,0.0,0.0,0.0337681770324707,0.036149024963378906,0.034720420837402344,False,False,False
fa1f7200f4ff5651,0,1,16,0,3,-1,nan,no_rsmr_proposal,False,False,False,False,nan,nan,nan,nan,nan,nan,nan,nan,nan,nan,nan,nan,nan,nan,nan,nan,False,False,False
04e294754b4d56a6,0,1,7,1,6,22,4.5298025821094434e-05,positive_le_0.001,True,True,True,True,0.072460694021912,0.3719177510090352,0.23912005382658114,0.19609331957677134,0.16151247918605804,-1.9285697937011719,0.0,0.0,0.38408923149108887,-0.01988041400909424,0.0,0.0,0.0,1.0695557594299316,0.5014195442199707,0.8423011302947998,False,False,False
3a223e65af13545c,0,1,7,1,2,1,1.6616739350611343,material_positive_gt_0.2,True,True,True,True,1.0171702435192622,1.0393577109845025,1.0328499864408258,0.989823252191016,499.59808349609375,-0.9927406311035156,0.0,0.0,0.05660414695739746,0.0,0.0,0.9100494384765625,0.0,0.07924586534500122,0.07924586534500122,0.07924586534500122,False,False,False
3e1f06aa9ff354c9,0,1,17,1,6,3,0.0003580765151420806,positive_le_0.001,True,False,False,False,0.026358467301641073,-0.950825853990008,-0.610909390245257,-0.6539361244950669,9.29402208328247,-3.5438480377197266,-0.00014583746087737381,0.0,0.0,-0.7707508206367493,0.0,0.0,0.0,-3.490160256624222,-2.816684126853943,-3.2207698225975037,False,False,False
3e3a2d672dfb5b51,0,1,6,1,20,6,-1.987346634269027e-05,mild_harm,False,False,False,False,-0.013658635254988142,-0.19800083123777606,-0.15367663735453918,-0.19670337160434898,0.0,-1.0064258575439453,0.0,0.0,-0.16911113262176514,-0.14261776208877563,0.0,0.0,0.0,-0.6584057807922363,-0.781529426574707,-0.7076549530029297,False,False,False
6110193eb32f5ad4,0,1,17,1,2,-1,nan,no_rsmr_proposal,False,False,False,False,nan,nan,nan,nan,nan,nan,nan,nan,nan,nan,nan,nan,nan,nan,nan,nan,False,False,False
6e075e93bd485b81,0,1,10,1,6,-1,nan,no_rsmr_proposal,False,False,False,False,nan,nan,nan,nan,nan,nan,nan,nan,nan,nan,nan,nan,nan,nan,nan,nan,False,False,False
6fc9e653b0ee5565,0,1,12,1,24,10,-0.00017160955206474426,mild_harm,False,True,True,True,-0.00875971511251677,0.16325195467790024,0.38023089276204125,0.33720415851223146,0.0,-4.939716339111328,-2.339187267352827e-05,0.0,0.0,0.0,0.0,0.0,0.0,0.6143654584884644,3.993375539779663,1.9659695625305176,True,False,False
99426aa893625f69,0,1,7,0,0,2,-0.990559431026876,catastrophe,True,True,True,False,0.01674306856625082,0.01674306856625082,0.01674306856625082,-0.02628366568355899,-19.722450256347656,6.181476593017578,9.075384696188848e-06,0.0,0.0,0.0,0.0,0.0,0.0,0.0,0.0,0.0,True,True,True
9fb5b34a36925a6c,0,1,7,0,0,4,-0.0037563836089917757,mild_harm,False,True,True,True,-0.10675083145577419,0.5584048279590994,0.296810400351943,0.2537836661021332,-155.03726196289062,-4.201059341430664,2.541276626288891e-05,0.0,0.0,0.656873881816864,0.0,0.0,0.0,2.375703126192093,1.5354700088500977,2.039609909057617,False,False,False
a1c1a996e52f5c4e,0,1,5,0,3,9,-0.0004672088905239846,mild_harm,False,True,True,True,-0.009831809166581508,0.40511446001810775,0.28340809472379325,0.24038136047398345,-2.1158018112182617,-7.543598175048828,-0.0002555678292992525,0.0,0.02921968698501587,0.2620246410369873,0.0,0.0,0.0,1.4820427894592285,1.4820427894592285,1.4820427894592285,False,False,False
a657d16d34c3519a,0,1,3,1,6,20,1.784201655457297,material_positive_gt_0.2,True,False,False,False,0.06358859414702837,-0.0539140240224046,-0.1095621397189687,-0.15258887396877852,79.18461608886719,2.040708541870117,0.0,0.0,-0.12099778652191162,-0.0005199313163757324,0.0,0.0,0.0,-0.4196782112121582,-1.558253288269043,-0.8751087188720703,False,False,False
a68adc1c27615ce9,0,1,13,0,3,-1,nan,no_rsmr_proposal,False,False,False,False,nan,nan,nan,nan,nan,nan,nan,nan,nan,nan,nan,nan,nan,nan,nan,nan,False,False,False
a75ce500226f5481,0,1,17,1,3,4,-0.0008296889021993104,mild_harm,False,False,False,False,-0.04858008519327299,-0.04858008519327299,-0.04858008519327299,-0.0916068194430828,-16.424415588378906,-0.5339546203613281,0.0,0.0,0.0,0.0,0.0,0.0,0.0,0.0,0.0,0.0,True,True,True
b95dc2615771588d,0,1,14,1,3,23,1.9696841584348586,material_positive_gt_0.2,False,True,True,True,-0.012030046683439098,0.09634039432436603,0.1666676015215374,0.12364086727172759,0.0,-1.6174125671386719,0.0,0.0,0.0,0.0,0.0,0.0,0.0,0.3870612718164921,1.6772655844688416,0.9031429812312126,True,False,False
c3fd16e5694a5353,0,1,10,1,6,9,0.004479305555485258,positive_0.001_0.01,True,True,True,True,0.08662515940729502,0.22217580398789588,0.39316206081758254,0.35013532656777274,95.28983497619629,-12.777441024780273,-0.0011812986340373755,0.0,0.0,0.0,0.0,0.0,0.0,0.48413944244384766,3.1469063758850098,1.5492461919784546,True,False,False
c8c5d04b848e504c,0,1,16,1,6,3,0.00029568436057303416,positive_le_0.001,True,True,True,False,0.02583236001285936,0.02583236001285936,0.02583236001285936,-0.017194374236950447,4.677310228347778,-3.7096004486083984,-3.604446828830987e-05,0.0,0.0,0.0,0.0,0.0,0.0,0.0,0.0,0.0,True,True,True
c944de45a71e5a38,0,1,14,0,3,-1,nan,no_rsmr_proposal,False,False,False,False,nan,nan,nan,nan,nan,nan,nan,nan,nan,nan,nan,nan,nan,nan,nan,nan,False,False,False
f7cbec94d1ff5621,0,1,3,0,8,-1,nan,no_rsmr_proposal,False,False,False,False,nan,nan,nan,nan,nan,nan,nan,nan,nan,nan,nan,nan,nan,nan,nan,nan,False,False,False
03dac455f9ec5792,0,1,18,1,2,23,-0.0001943112442734929,mild_harm,False,False,False,False,-0.0403824420345861,-0.0403824420345861,-0.0403824420345861,-0.08340917628439591,0.0,-3.4610729217529297,0.0,0.0,0.0,0.0,0.0,0.0,0.0,0.0,0.0,0.0,True,True,True
0966d80519ed5508,0,1,11,1,13,-1,nan,no_rsmr_proposal,False,False,False,False,nan,nan,nan,nan,nan,nan,nan,nan,nan,nan,nan,nan,nan,nan,nan,nan,False,False,False
222f2b699516591c,0,1,14,1,3,-1,nan,no_rsmr_proposal,False,False,False,False,nan,nan,nan,nan,nan,nan,nan,nan,nan,nan,nan,nan,nan,nan,nan,nan,False,False,False
343925e5442554f5,0,1,4,1,5,9,-0.00011903538778423872,mild_harm,True,True,True,True,0.3041924600587267,0.3041924600587267,0.3041924600587267,0.2611657258089169,-2.4448318481445312,-1.6800756454467773,0.0,0.0,0.0,0.0,0.0,0.0,0.0,0.0,0.0,0.0,True,True,True
650894e30d725ba8,0,1,14,0,5,-1,nan,no_rsmr_proposal,False,False,False,False,nan,nan,nan,nan,nan,nan,nan,nan,nan,nan,nan,nan,nan,nan,nan,nan,False,False,False
70a67a5dedae584b,0,1,23,1,7,22,0.00020503079220652578,positive_le_0.001,True,False,False,False,0.028617092390086953,-0.9436222201930655,-0.658458280381688,-0.7014850146314978,16.74386596679677,1.2462825775146484,0.0,0.0,0.0,-0.6313633918762207,0.0,0.0,0.0,-3.4724984169006348,-3.4724984169006348,-3.4724984169006348,False,False,False
80c337fb67145ff6,0,1,29,1,6,20,0.00020890609137680372,positive_le_0.001,True,True,True,True,0.11805001890507956,0.28219540728730913,0.23405052665233483,0.19102379240252504,5.517644882202148,-2.559080123901367,0.0,0.0,-0.046522319316864014,0.11843639612197876,0.0,0.0,0.0,0.5862698554992676,0.5862698554992676,0.5862698554992676,False,False,False
84ed4f2cc4f057ce,0,1,14,1,10,25,1.8950668792427905e-05,positive_le_0.001,True,True,True,False,0.005804183837780924,0.0068811778020439075,0.007580095090371688,-0.03544663915943812,0.0,0.26305389404296875,0.0,0.0,0.0,0.0,0.0,0.0,0.0,0.0038466453552246094,0.016668792814016342,0.008975505828857422,True,False,False
8bdafd4a1d7c50eb,0,1,21,1,6,3,0.0008188129012006717,positive_le_0.001,True,False,False,False,0.09467546244169443,-0.07788927318747367,-0.027274944752453026,-0.07030167900226283,15.036905288696174,-4.171516418457031,0.0,0.0,0.0,-0.1120619922876358,0.0,0.0,0.0,-0.6163408160209656,-0.6163408160209656,-0.6163408160209656,False,False,False
9cb860301c105ca7,0,1,9,1,13,20,-3.7070147320572566e-05,mild_harm,True,True,True,True,0.05377540786848012,0.0537871939566675,0.053783737022454925,0.010757002772645116,0.0,-0.9822807312011719,0.0,0.0,3.0040740966796875e-05,0.0,0.0,0.0,0.0,4.209578037261963e-05,4.209578037261963e-05,4.209578037261963e-05,False,False,False
a1ceb182eb7250a1,0,1,16,1,3,9,0.0007709787252359046,positive_le_0.001,False,False,False,False,-0.12753762834616794,-0.05906248777393375,-0.014625423474116397,-0.057652157723926206,0.7118141651153564,-7.270673751831055,-0.0003418133201193996,0.0,0.0,0.0,0.0,0.0,0.0,0.24456922709941864,1.0597999095916748,0.5706614851951599,True,False,False
b704090abc8d5afe,0,1,30,1,7,18,0.0007353571400976477,positive_le_0.001,True,True,True,True,0.1275214467004856,0.1275214467004856,0.1275214467004856,0.08449471245067579,16.81711006164548,-4.158290863037109,-8.004213304957375e-05,0.0,0.0,0.0,0.0,0.0,0.0,0.0,0.0,0.0,True,True,True
fd35b4e54a465e54,0,1,1,0,0,7,-2.0207331793509424,catastrophe,False,False,False,False,-0.015976682067799838,-0.03159689947436599,-0.025575075276696866,-0.06860180952650667,-5.518806457519531,1.8758506774902344,0.0,0.0,0.0,-0.009189009666442871,0.0,0.0,0.0,-0.055789947509765625,-0.03759145736694336,-0.04851055145263672,False,False,False
fe98c3c19baf5ea3,0,1,2,1,1,4,2.1286245316340877,material_positive_gt_0.2,True,True,True,True,1.4566476081134123,1.7103825865483375,2.030448892700262,1.9874221584504521,1144.4269714355469,14.187929153442383,0.0,0.0,0.0,0.0,0.0,2.4677343368530273,0.0,0.9062525033950806,5.890641212463379,2.900007963180542,False,False,False
05ba4ac2db9c50d2,0,1,11,1,6,25,-0.9894486065524201,catastrophe,True,True,True,False,0.00785996975666826,0.011897608474022098,0.014517842131766046,-0.028508892118043763,8.267751693725586,-5.152580261230469,-3.174727680743672e-06,0.0,0.0,0.0,0.0,0.0,0.0,0.014421031810343266,0.06249113753437996,0.03364907577633858,True,False,False
0d399eab6caf5d71,0,1,1,0,9,-1,nan,no_rsmr_proposal,False,False,False,False,nan,nan,nan,nan,nan,nan,nan,nan,nan,nan,nan,nan,nan,nan,nan,nan,False,False,False
154c14f381535c43,0,1,1,1,1,24,7.987478524418279e-05,positive_le_0.001,True,True,True,False,0.02064245827871965,0.049580846863292796,0.04109303445562111,-0.001933699794188698,0.0,-1.3410987854003906,-0.00014069443568587303,0.0,0.0036409497261047363,0.01786559820175171,0.0,0.0,0.0,0.10335779190063477,0.10335779190063477,0.10335779190063477,False,False,False
20cd0f5250875606,0,1,5,0,1,9,-0.00035151679222472035,mild_harm,False,False,False,False,-0.09691612659109468,-0.09691612659109468,-0.09691612659109468,-0.1399428608409045,1.8702316284179688,-7.590089797973633,-0.00044590758261620067,0.0,0.0,0.0,0.0,0.0,0.0,0.0,0.0,0.0,True,True,True
30a3163cf0805a69,0,1,4,0,25,1,-1.2324926170708386,catastrophe,True,True,True,True,0.09017863139875837,0.09017863139875837,0.09017863139875837,0.04715189714894856,0.0,-3.9300174713134766,-4.2367719288449734e-06,0.0,0.0,0.0,0.0,0.0,0.0,0.0,0.0,0.0,True,True,True
3da38924ebd45f50,0,1,10,1,2,1,1.7286877593049779,material_positive_gt_0.2,True,True,True,True,0.4846372404412494,0.4846372404412494,0.4846372404412494,0.4416105061914396,646.0894165039062,-5.797870635986328,-3.355649096192792e-05,0.0,0.0,0.0,0.0,1.7354841232299805,0.0,0.0,0.0,0.0,False,True,False
48fd1a7abb7c59a6,0,1,19,1,21,23,-0.0003539639446881182,mild_harm,False,False,False,False,-0.02686781975706791,-0.02686781975706791,-0.02686781975706791,-0.06989455400687772,0.0,-4.75286865234375,-3.610912972362712e-05,0.0,0.0,0.0,0.0,0.0,0.0,0.0,0.0,0.0,True,True,True
501128405d13533f,0,1,10,1,2,-1,nan,no_rsmr_proposal,False,False,False,False,nan,nan,nan,nan,nan,nan,nan,nan,nan,nan,nan,nan,nan,nan,nan,nan,False,False,False
594c56337e94571b,0,1,14,0,4,-1,nan,no_rsmr_proposal,False,False,False,False,nan,nan,nan,nan,nan,nan,nan,nan,nan,nan,nan,nan,nan,nan,nan,nan,False,False,False
5c92fa52c5165a1e,0,1,19,1,22,10,-7.041046395883654e-05,mild_harm,False,False,False,False,-0.02555054900699092,-0.02555054900699092,-0.02555054900699092,-0.06857728325680074,0.0,-2.489835739135742,-8.520754818164278e-06,0.0,0.0,0.0,0.0,0.0,0.0,0.0,0.0,0.0,True,True,True
83d128720881565a,0,1,17,0,2,3,-0.000577886478602796,mild_harm,False,False,False,False,-0.17126729515695682,-0.17783032308421654,-0.1965269272979145,-0.23955366154772428,-5.652797698974609,-7.298362731933594,-0.0005929705300786736,0.0,0.0,0.004351437091827393,0.0,0.0,0.0,-0.023440837860107422,-0.2839958667755127,-0.12766289710998535,False,False,False
95a810911ba359ec,0,1,11,0,7,18,-1.2317849212438547,catastrophe,True,True,True,True,0.3068196474224927,0.34674659194032176,0.39711119097011405,0.35408445672030425,9.891172409057617,-2.5768041610717773,0.0,0.0,0.0,0.0,0.0,0.0,0.0,0.14260506629943848,0.9269325733184814,0.45633602142333984,True,False,False
9d1adc78bda259ce,0,1,10,1,9,-1,nan,no_rsmr_proposal,False,False,False,False,nan,nan,nan,nan,nan,nan,nan,nan,nan,nan,nan,nan,nan,nan,nan,nan,False,False,False
a3b5d1855e7e5d96,0,1,12,1,19,5,0.11936206060417026,positive_0.01_0.2,False,True,True,True,-0.031655654350443166,0.31270899365603094,0.15767282623873757,0.11464609198892776,-34.24879837036133,-2.3500213623046875,-7.601766469633731e-07,0.0,0.29254043102264404,0.03260403871536255,0.0,0.0,0.0,1.229949951171875,0.5472536087036133,0.956871509552002,False,False,False
bbc08519add25675,0,1,3,1,6,9,2.284032596921548,material_positive_gt_0.2,True,True,True,True,0.04238978930282279,0.5662491925334466,0.6670939097168999,0.62406717546709,32.58952760696411,-8.161115646362305,-8.529145270586014e-05,0.0,0.45502549409866333,0.45506319403648376,0.0,0.0,0.0,1.8710423707962036,5.086617469787598,3.1572723388671875,False,False,False
bf75c93832c7569d,0,1,9,1,1,-1,nan,no_rsmr_proposal,False,False,False,False,nan,nan,nan,nan,nan,nan,nan,nan,nan,nan,nan,nan,nan,nan,nan,nan,False,False,False
d5b4a2295da55f8c,0,1,5,0,5,7,-1.2230283835736102,catastrophe,True,True,True,True,0.9347436413089348,0.9347436413089348,0.9347436413089348,0.891716907059125,0.782783031463623,-3.319075345993042,0.0,0.0,0.0,0.0,0.0,0.0,0.0,0.0,0.0,0.0,True,True,True
dec7d1a6632a516c,0,1,9,1,19,1,0.009756261034843616,positive_0.001_0.01,True,True,True,True,0.07279515630658591,0.07279515630658591,0.07279515630658591,0.0297684220567761,0.0,-1.6875476837158203,-2.1188784558034968e-06,0.0,0.0,0.0,0.0,0.0,0.0,0.0,0.0,0.0,True,True,True
e14c53a47ffc5fe0,0,1,21,1,21,24,-0.0002950868985615671,mild_harm,False,False,False,False,-0.02685888714310198,-0.02685888714310198,-0.02685888714310198,-0.0698856213929118,0.0,-4.088279724121094,-1.5479137971396995e-07,0.0,0.0,0.0,0.0,0.0,0.0,0.0,0.0,0.0,True,True,True
0624fd97bb1d5859,0,1,23,1,7,22,0.0001875565206632679,positive_le_0.001,True,False,False,False,0.06933573492564553,-0.19449434303279967,-0.3657074227628151,-0.4087341570126249,1.1653214693069458,-4.216480255126953,-1.5047568012960255e-05,0.0,0.0,0.0,0.0,0.0,0.0,-0.9423086643218994,-4.083338260650635,-2.1987204551696777,True,False,False
1289017760ab5cda,0,1,22,1,20,23,-0.00010211831200868104,mild_harm,False,False,False,False,-0.04231312664079305,-0.04231312664079305,-0.04231312664079305,-0.08533986089060286,0.0,-3.124919891357422,0.0,0.0,0.0,0.0,0.0,0.0,0.0,0.0,0.0,0.0,True,True,True
15210c5280b851a8,0,1,18,1,25,24,1.220051444119215,material_positive_gt_0.2,True,True,True,False,0.005594310532173524,0.005594310532173524,0.005594310532173524,-0.03743242371763628,1.3739009929736312e-14,2.273226737976074,0.0,0.0,0.0,0.0,0.0,0.0,0.0,0.0,0.0,0.0,True,True,True
327472f9f4b755a7,0,1,12,1,3,-1,nan,no_rsmr_proposal,False,False,False,False,nan,nan,nan,nan,nan,nan,nan,nan,nan,nan,nan,nan,nan,nan,nan,nan,False,False,False
35c70713d92251fc,0,1,12,1,11,17,0.0,mild_harm,False,False,False,False,-0.002518133817698766,-0.002518133817698766,-0.002518133817698766,-0.04554486806750858,0.0,0.0,0.0,0.0,0.0,0.0,0.0,0.0,0.0,0.0,0.0,0.0,True,True,True
3a4fd1d48a995545,0,1,12,1,2,19,0.014261765146213357,positive_0.01_0.2,True,True,True,True,0.32605039942711356,0.32605039942711356,0.32605039942711356,0.28302366517730376,276.12625122070125,5.520755767822266,0.0,0.0,0.0,0.0,0.0,0.0,0.0,0.0,0.0,0.0,True,True,True
3c9d60b02bfb51c0,0,1,17,0,3,9,-0.0004975407660006148,mild_harm,False,False,False,False,-0.12119981729281143,-0.1003067752155416,-0.1019859538980892,-0.14501268814789903,-1.9175424575805664,-7.815952301025391,-0.0008616258419351652,0.0,0.0,0.011709511280059814,0.0,0.0,0.0,0.07462263107299805,0.13083457946777344,0.0971074104309082,False,False,False
4750b9c4cfbd5d3f,0,1,2,0,1,-1,nan,no_rsmr_proposal,False,False,False,False,nan,nan,nan,nan,nan,nan,nan,nan,nan,nan,nan,nan,nan,nan,nan,nan,False,False,False
506ddb4d458f5a70,0,1,1,0,3,9,-0.9297249210089445,catastrophe,False,True,True,True,-0.046178427279010996,0.3266840390774921,0.21732111933347703,0.17429438508366724,-0.08220100402832031,-7.487995147705078,-0.0003119744942523539,0.0,0.0,0.24213354289531708,0.0,0.0,0.0,1.3317341804504395,1.3317341804504395,1.3317341804504395,False,False,False
54dbabed00525444,0,1,17,0,2,6,-0.00011966039536054351,mild_harm,False,False,False,False,-0.0698255731318765,-0.07370793144113243,-0.07256921119304312,-0.11559594544285293,-2.45599365234375,0.03448677062988281,1.9561091903597116e-05,0.0,0.0,-0.002521216869354248,0.0,0.0,0.0,-0.013866424560546875,-0.013866424560546875,-0.013866424560546875,False,False,False
77f9220d917b52d0,0,1,12,1,5,1,0.9964797705322503,material_positive_gt_0.2,True,True,True,True,0.16710005901992775,0.18109397148343334,0.19017530050713163,0.1471485662573218,134.95159530639648,-4.790712356567383,-2.9805587473674677e-05,0.0,0.0,0.0,0.0,0.0,0.0,0.04998135566711426,0.21658563613891602,0.1166229248046875,True,False,False
7ca96f8e844f56ca,0,1,15,1,16,20,3.252210966228601,material_positive_gt_0.2,True,True,True,True,0.04393155207959519,0.13019123219592688,0.08865105986577343,0.04562432561596362,0.0,-1.8479385375976562,0.0,0.0,0.055235862731933594,0.10795456171035767,0.0,0.0,0.0,0.30808937549591064,0.10289955139160156,0.2260136604309082,False,False,False
7d363b1db0fc5975,0,1,11,1,2,5,-0.9769596037015144,catastrophe,True,True,True,True,0.14912918318352578,0.7468877014584824,1.1348042719026499,1.09177753765284,251.97483825683594,3.5954933166503906,8.41380242491141e-05,0.0,0.0,0.0,0.0,0.0,0.0,2.1349841356277466,9.251597881317139,4.981629848480225,True,False,False
8813e8c6790a59d3,0,1,13,1,7,22,0.00010857298851463248,positive_le_0.001,True,True,True,True,0.12836853495404305,0.12836853495404305,0.12836853495404305,0.08534180070423324,11.65246772766111,-9.867355346679688,-0.0001360418100375682,0.0,0.0,0.0,0.0,0.0,0.0,0.0,0.0,0.0,True,True,True
9626975e16725ec8,0,1,20,1,5,22,0.0008604435924439713,positive_le_0.001,True,True,True,True,0.07126548310305211,0.07126548310305211,0.07126548310305211,0.028238748853242304,21.077589035034116,-4.912752151489258,0.0,0.0,0.0,0.0,0.0,0.0,0.0,0.0,0.0,0.0,True,True,True
9907ad0101c45e09,0,1,1,0,2,-1,nan,no_rsmr_proposal,False,False,False,False,nan,nan,nan,nan,nan,nan,nan,nan,nan,nan,nan,nan,nan,nan,nan,nan,False,False,False
9e720f0176b35d63,0,1,24,1,15,19,-9.262234168127192e-05,mild_harm,False,False,False,False,-0.0998189426026542,-0.0998189426026542,-0.0998189426026542,-0.14284567685246402,0.0,-2.9018592834472656,0.0,0.0,0.0,0.0,0.0,0.0,0.0,0.0,0.0,0.0,True,True,True
a67f3948c2445760,0,1,3,1,9,3,0.0006509598884731531,positive_le_0.001,True,True,True,True,0.0992417242539443,0.0992417242539443,0.0992417242539443,0.05621499000413449,2.907771110534668,7.517730712890625,0.00030310097281471826,0.0,0.0,0.0,0.0,0.0,0.0,0.0,0.0,0.0,True,True,True
a8e99095a8235549,0,1,4,0,6,16,-1.2318749638779087,catastrophe,True,True,True,True,2.4079723824805743,2.4079723824805743,2.4079723824805743,2.3649456482307647,7.122690916061401,-2.14888858795166,0.0,0.0,0.0,0.0,0.0,0.0,0.0,0.0,0.0,0.0,True,True,True
aed1237adf57578c,0,1,1,1,1,0,1.0332035451421078,material_positive_gt_0.2,True,True,True,True,1.0469789120425848,1.5127752302973028,1.3761542239832947,1.3331274897334848,1088.4249572753906,-6.068545341491699,0.0,0.0,0.14313173294067383,0.26605042815208435,0.0,2.413938522338867,0.0,1.6636613607406616,1.6636614799499512,1.6636613607406616,False,False,False
ba5ddc3d1d5d56ad,0,1,1,0,23,25,-3.6526486277832504e-05,mild_harm,True,True,True,False,0.012762695531931724,0.012762695531931724,0.012762695531931724,-0.030264038717878083,-2.4424909929885233e-14,-0.42341041564941406,-8.000176603673026e-05,0.0,0.0,0.0,0.0,0.0,0.0,0.0,0.0,0.0,True,True,True
c81dc86e054f566d,0,1,15,1,9,3,0.0005305072082206763,positive_le_0.001,True,True,True,True,0.0551113876017744,0.0551113876017744,0.0551113876017744,0.01208465335196459,3.3281402587890625,6.693565368652344,8.141760190483183e-05,0.0,0.0,0.0,0.0,0.0,0.0,0.0,0.0,0.0,True,True,True
cffbf96734fa5f35,0,1,2,0,0,1,-0.00012115731714312794,mild_harm,False,False,False,False,-0.015386154573087764,-0.015386154573087764,-0.015386154573087764,-0.05841288882289757,-9.528026103973389,6.351705551147461,1.5620957128703594e-05,0.0,0.0,0.0,0.0,0.0,0.0,0.0,0.0,0.0,True,True,True
f4ba7c7ca86f5233,0,1,13,1,7,22,6.64908149863308e-05,positive_le_0.001,True,True,True,True,0.1251936210924971,0.1251936210924971,0.1251936210924971,0.08216688684268729,10.844727516174267,-9.871070861816406,-0.00013832870172336698,0.0,0.0,0.0,0.0,0.0,0.0,0.0,0.0,0.0,True,True,True
045cd7a008c65925,0,1,17,1,7,9,0.00042712006894873866,positive_le_0.001,False,False,False,False,-0.045005448218968236,-0.04877272424271596,-0.20950457044222398,-0.2525313046920338,6.116230010986328,-8.661458969116211,-0.0001993537152884528,0.0,0.0,0.10908907651901245,0.0,0.0,0.0,-0.013455390930175781,-2.0582752227783203,-0.831383228302002,False,False,False
0c77a4182a655cf9,0,1,3,1,2,-1,nan,no_rsmr_proposal,False,False,False,False,nan,nan,nan,nan,nan,nan,nan,nan,nan,nan,nan,nan,nan,nan,nan,nan,False,False,False
1470dbcb0c415442,0,1,9,1,3,9,0.0005928187692534337,positive_le_0.001,False,False,False,False,-0.1299976554846019,-0.08641364425472699,-0.09919711041808632,-0.14222384466789612,2.062439441680908,-7.617401123046875,-0.00029867269040551037,0.0,0.10661125183105469,0.0011656880378723145,0.0,0.0,0.0,0.15566682815551758,0.15566682815551758,0.15566682815551758,False,False,False
208da297c61b5a6b,0,1,14,0,3,9,-0.0002173149178734679,mild_harm,False,False,False,False,-0.08673318476040684,-0.07101944630859881,-0.07562838518618598,-0.11865511943599578,3.5351009368896484,-6.951133728027344,-0.0003141752058581915,0.0,0.0,0.010204315185546875,0.0,0.0,0.0,0.056123971939086914,0.056123971939086914,0.056123971939086914,False,False,False
249837af09305794,0,1,2,0,1,-1,nan,no_rsmr_proposal,False,False,False,False,nan,nan,nan,nan,nan,nan,nan,nan,nan,nan,nan,nan,nan,nan,nan,nan,False,False,False
2648d4ed541751cc,0,1,13,1,9,-1,nan,no_rsmr_proposal,False,False,False,False,nan,nan,nan,nan,nan,nan,nan,nan,nan,nan,nan,nan,nan,nan,nan,nan,False,False,False
2e3481cf5ec35baa,0,1,14,0,8,-1,nan,no_rsmr_proposal,False,False,False,False,nan,nan,nan,nan,nan,nan,nan,nan,nan,nan,nan,nan,nan,nan,nan,nan,False,False,False
31d6d7b013a75d29,0,1,17,1,3,9,0.0001595312765800827,positive_le_0.001,False,False,False,False,-0.10738443188994276,-0.09429135204994833,-0.0981316351809788,-0.1411583694307886,2.8546557426452637,-7.270204544067383,-0.0004562573249131674,0.0,0.0,0.008502542972564697,0.0,0.0,0.0,0.04676389694213867,0.04676389694213867,0.04676389694213867,False,False,False
45389fbdea6657a0,0,1,10,0,9,6,-0.00032883506886438596,mild_harm,True,False,True,False,0.007990966366270984,-0.058032822229452996,0.0045378789790747,-0.03848885527073511,-17.3081014752388,5.461669921875,0.0,0.0,0.0,-0.024578332901000977,0.0,0.0,0.0,-0.23581385612487793,0.3100907802581787,-0.017452001571655273,False,False,False
46bf28b955d051b1,0,1,29,1,13,5,-0.0003345792815641069,mild_harm,False,True,True,True,-0.01175419644744935,1.061686610594602,0.7468396323571982,0.7038128981073883,-18.54276275634761,-1.7128849029541016,0.0,0.0,0.0,0.6970826983451843,0.0,0.0,0.0,3.8339547216892242,3.8339547216892242,3.8339547216892242,False,False,False
4efebde6623256df,0,1,6,1,3,-1,nan,no_rsmr_proposal,False,False,False,False,nan,nan,nan,nan,nan,nan,nan,nan,nan,nan,nan,nan,nan,nan,nan,nan,False,False,False
5991dfcee3185e01,0,1,15,0,21,2,-3.552210174457291e-05,mild_harm,True,True,True,False,0.02969879853406421,0.02969879853406421,0.02969879853406421,-0.013327935715745597,0.0,-2.513286590576172,-8.12992493024467e-05,0.0,0.0,0.0,0.0,0.0,0.0,0.0,0.0,0.0,True,True,True
6c82dcb2637f5ad4,0,1,3,0,3,9,-0.0003719746213523001,mild_harm,False,True,True,True,-0.008926668399538897,0.3762201977808396,0.26325418586943716,0.22022745161962737,0.15441370010375977,-7.347223281860352,-0.0005491052998536361,0.0,0.0,0.25011077523231506,0.0,0.0,0.0,1.3756097555160522,1.3756097555160522,1.3756097555160522,False,False,False
1a9e0797610e5da4,1,2,17,1,3,9,-0.00031520080855118593,mild_harm,False,False,False,False,-0.16301527135676588,-0.16301527135676588,-0.16301527135676588,-0.03782115601418615,0.9957414865493774,-7.238168716430664,-0.00026961148978443816,0.0,0.0,0.0,0.0,0.0,0.0,0.0,0.0,0.0,True,True,True
31e5a1e6febd5acb,1,2,12,1,1,4,0.0022942917462438484,positive_0.001_0.01,True,True,True,True,0.019528038239878573,0.019528038239878573,0.019528038239878573,0.14472215358245832,40.7867169380188,4.613786697387695,1.7102520644129982e-07,0.0,0.0,0.0,0.0,0.0,0.0,0.0,0.0,0.0,True,True,True
3f0c33142293536e,1,2,11,1,20,19,0.0,mild_harm,False,False,False,True,-0.016931838450246758,-0.016931838450246758,-0.016931838450246758,0.10826227689233298,0.0,0.0,0.0,0.0,0.0,0.0,0.0,0.0,0.0,0.0,0.0,0.0,True,True,True
48fc14e048fb5fe2,1,2,18,1,24,23,0.00012721833586692988,positive_le_0.001,True,True,True,True,0.004444560494350229,0.046451193313586735,0.03378645615728407,0.1589805714998638,4.438452643612534e-18,2.105846405029297,-6.904880865477026e-05,0.0,-0.0027443766593933105,0.0360562838613987,0.0,0.0,0.0,0.19446775317192078,0.19446775317192078,0.19446775317192078,False,False,False
65f00228b6bc54b5,1,2,17,1,3,-1,nan,no_rsmr_proposal,False,False,False,False,nan,nan,nan,nan,nan,nan,nan,nan,nan,nan,nan,nan,nan,nan,nan,nan,False,False,False
d22547ad7061548d,1,2,11,1,6,26,0.004349149602115965,positive_0.001_0.01,False,False,False,True,-0.02077811052565462,-0.047761886759067354,-0.03962644693576017,0.08556766840681956,96.94733428955064,-9.731689453125,-0.00014408465358428657,0.0,-0.029147207736968994,-0.015293438918888569,0.0,0.0,0.0,-0.12492013722658157,-0.12492013722658157,-0.12492013722658157,False,False,False
ebc361211e395b18,1,2,19,0,4,-1,nan,no_rsmr_proposal,False,False,False,False,nan,nan,nan,nan,nan,nan,nan,nan,nan,nan,nan,nan,nan,nan,nan,nan,False,False,False
f757646a2d865977,1,2,1,0,2,5,-0.00023967403620472894,mild_harm,False,True,True,True,-0.14117526637964814,0.010640003421051702,0.07336810357641116,0.1985622189189909,19.996779441833496,0.39940452575683594,0.0,0.0,0.16480165719985962,0.03015005588531494,0.0,0.0,0.0,0.7028217315673828,2.5005617141723633,1.4219179153442383,False,False,False
9ca3798eb199579e,1,2,10,0,21,23,-7.272584703751916e-05,mild_harm,False,False,False,True,-0.0756890779888464,-0.15099379802942173,-0.07527142760289623,0.0499226877396835,-1.110221330559262e-15,-7.949642181396484,-0.0003500915081531275,0.0,-0.0013227462768554688,-0.11096519231796265,0.0,0.0,0.0,-0.3486196994781494,0.5298492908477783,0.0027680397033691406,False,False,False
f7050dbcd3c954f3,1,2,6,1,3,2,1.2324836412908278,material_positive_gt_0.2,False,False,False,True,-0.018314670360585806,-0.018314670360585806,-0.018314670360585806,0.10687944498199393,-3.3306690738754696e-15,2.9884262084960938,0.00040082563646137714,0.0,0.0,0.0,0.0,0.0,0.0,0.0,0.0,0.0,True,True,True
180f81d1ca5c5ee3,1,2,17,1,24,23,7.068096973794624e-05,positive_le_0.001,False,False,False,True,-0.004193164112363969,-0.004193164112363969,-0.004193164112363969,0.12100095123021577,-2.6607947616053007e-14,1.2831001281738281,1.0570460290182382e-05,0.0,0.0,0.0,0.0,0.0,0.0,0.0,0.0,0.0,True,True,True
1bd8ca835d485cd8,1,2,14,1,3,23,0.0001267136363314325,positive_le_0.001,True,True,True,True,0.020882827703631316,0.020882827703631316,0.020882827703631316,0.14607694304621105,-3.2439329000766293e-15,2.6781845092773438,0.00013741162547376007,0.0,0.0,0.0,0.0,0.0,0.0,0.0,0.0,0.0,True,True,True
291db523bb115ccf,1,2,16,1,23,24,-8.852075822662897e-05,mild_harm,False,False,False,True,-0.07016669523809249,-0.07016669523809249,-0.07016669523809249,0.055027420104487246,0.0,-1.5121307373046875,-0.000287002170807682,0.0,0.0,0.0,0.0,0.0,0.0,0.0,0.0,0.0,True,True,True
2d4f708394ef542e,1,2,2,0,7,-1,nan,no_rsmr_proposal,False,False,False,False,nan,nan,nan,nan,nan,nan,nan,nan,nan,nan,nan,nan,nan,nan,nan,nan,False,False,False
39346eef49ad52a6,1,2,16,0,1,2,-1.8276321345854374,catastrophe,False,False,False,False,-0.23474900042958136,-0.23474900042958136,-0.23474900042958136,-0.10955488508700162,-390.14715576171875,5.207857131958008,0.0,0.0,0.0,0.0,0.0,-0.41190338134765625,0.0,0.0,0.0,0.0,False,True,False
621fb14952d45fbc,1,2,2,0,1,2,-1.793281329542026,catastrophe,False,False,False,False,-0.3272054905934107,-0.3272054905934107,-0.3272054905934107,-0.20201137525083096,-351.0781555175781,4.858137130737305,0.0,0.0,0.0,0.0,0.0,0.0,0.0,0.0,0.0,0.0,True,True,True
79a3cfc7d4535d5f,1,2,14,1,4,25,0.003068311465525664,positive_0.001_0.01,True,True,True,True,0.022628821110373856,0.022628821110373856,0.022628821110373856,0.14782293645295358,65.38349151611321,-5.714321136474609,0.0,0.0,0.0,0.0,0.0,0.0,0.0,0.0,0.0,0.0,True,True,True
7a90e31caaa35114,1,2,11,1,1,23,-0.00024712731484388684,mild_harm,True,True,True,True,0.007792557094460343,0.007792557094460343,0.007792557094460343,0.13298667243704007,-1.1657340911531196e-14,-2.5373878479003906,-0.0003293001209385693,0.0,0.0,0.0,0.0,0.0,0.0,0.0,0.0,0.0,True,True,True
9e4525cb8f5e5fcd,1,2,15,0,5,-1,nan,no_rsmr_proposal,False,False,False,False,nan,nan,nan,nan,nan,nan,nan,nan,nan,nan,nan,nan,nan,nan,nan,nan,False,False,False
c5e0107671965987,1,2,13,0,3,-1,nan,no_rsmr_proposal,False,False,False,False,nan,nan,nan,nan,nan,nan,nan,nan,nan,nan,nan,nan,nan,nan,nan,nan,False,False,False
ca00c31168b252d5,1,2,16,1,2,-1,nan,no_rsmr_proposal,False,False,False,False,nan,nan,nan,nan,nan,nan,nan,nan,nan,nan,nan,nan,nan,nan,nan,nan,False,False,False
e2c31e25cb35514d,1,2,14,1,3,9,-0.000541065095644444,mild_harm,False,False,False,False,-0.14352313151685595,-0.14352313151685595,-0.14352313151685595,-0.018329016174276208,-1.101015567779541,-7.645792007446289,-0.00037721162516390905,0.0,0.0,0.0,0.0,0.0,0.0,0.0,0.0,0.0,True,True,True
114a8e53ec3c5e0d,1,2,3,1,3,-1,nan,no_rsmr_proposal,False,False,False,False,nan,nan,nan,nan,nan,nan,nan,nan,nan,nan,nan,nan,nan,nan,nan,nan,False,False,False
1907423ff64a51eb,1,2,9,1,21,22,4.7492956556399735e-05,positive_le_0.001,False,False,False,False,-0.08935156207370522,-0.15047220404692452,-0.1728294059854969,-0.04763529064291716,0.0,-1.51312255859375,-0.00028445654606912285,0.0,0.0,0.0068999528884887695,0.0,0.0,0.0,-0.2829551696777344,-0.9587221145629883,-0.5532617568969727,False,False,False
b8091003cbb95da3,1,2,2,1,6,21,0.005799536113289651,positive_0.001_0.01,True,False,False,False,0.02364750881538573,-0.1728774874135564,-0.2537088064276358,-0.1285146910850561,115.55731201171875,-1.4457359313964844,0.0,0.0,0.0,0.0,0.0,0.0,0.0,-0.9098033308982849,-3.2308449745178223,-1.8382200002670288,True,False,False
c9281513f02f50f2,1,2,12,1,24,23,0.0,mild_harm,False,False,False,True,-0.030076236021566404,-0.030076236021566404,-0.030076236021566404,0.09511787932101333,0.0,0.0,0.0,0.0,0.0,0.0,0.0,0.0,0.0,0.0,0.0,0.0,True,True,True
eeb054ac63575b33,1,2,2,1,9,-1,nan,no_rsmr_proposal,False,False,False,False,nan,nan,nan,nan,nan,nan,nan,nan,nan,nan,nan,nan,nan,nan,nan,nan,False,False,False
6988613e2a3557be,1,2,17,1,3,-1,nan,no_rsmr_proposal,False,False,False,False,nan,nan,nan,nan,nan,nan,nan,nan,nan,nan,nan,nan,nan,nan,nan,nan,False,False,False
b66ea7e3342b533b,1,2,2,0,3,2,-5.520669647962606e-05,mild_harm,False,False,False,False,-0.17549616442552207,-0.17549616442552207,-0.17549616442552207,-0.050302049082942335,7.9757080078125,-7.473442077636719,-0.0003331765847178758,0.0,0.0,0.0,0.0,0.0,0.0,0.0,0.0,0.0,True,True,True
ebdc46dacb5f53f2,1,2,20,1,22,21,7.133007049464624e-07,positive_le_0.001,False,False,False,True,-0.03625465468093068,-0.03625465468093068,-0.03625465468093068,0.08893946066164907,0.0,0.06085205078125,-8.409733709413558e-05,0.0,0.0,0.0,0.0,0.0,0.0,0.0,0.0,0.0,True,True,True
06a937676ff65c69,1,2,17,1,3,9,-0.0008672325992258312,mild_harm,False,False,False,False,-0.12788100344072018,-0.1468314924747626,-0.16964122160923295,-0.044447106266653214,1.712019920349121,-7.057651519775391,-0.00014720369199494598,0.0,0.0,0.01317054033279419,0.0,0.0,0.0,-0.08773040771484375,-0.5603342056274414,-0.27677202224731445,False,False,False
26f611f146275818,1,2,17,1,7,-1,nan,no_rsmr_proposal,False,False,False,False,nan,nan,nan,nan,nan,nan,nan,nan,nan,nan,nan,nan,nan,nan,nan,nan,False,False,False
441987f47a6f5784,1,2,9,0,9,-1,nan,no_rsmr_proposal,False,False,False,False,nan,nan,nan,nan,nan,nan,nan,nan,nan,nan,nan,nan,nan,nan,nan,nan,False,False,False
5f4392860e5752ce,1,2,6,1,23,24,-0.00046456240278203165,mild_harm,False,False,False,True,-0.09254787050588073,-0.09254787050588073,-0.09254787050588073,0.03264624483669901,-1.9984017831384607e-14,-7.632843017578125,-0.00040299067040905356,0.0,0.0,0.0,0.0,0.0,0.0,0.0,0.0,0.0,True,True,True
5fde760ec9f05c3d,1,2,16,1,7,22,-0.0001297025804172236,mild_harm,False,False,False,True,-0.023236322590566814,-0.023236322590566814,-0.023236322590566814,0.10195779275201292,3.9672439098357954,-9.037698745727539,-0.0005771169671788812,0.0,0.0,0.0,0.0,0.0,0.0,0.0,0.0,0.0,True,True,True
606e5b5125985e1f,1,2,12,1,3,-1,nan,no_rsmr_proposal,False,False,False,False,nan,nan,nan,nan,nan,nan,nan,nan,nan,nan,nan,nan,nan,nan,nan,nan,False,False,False
73cd1e45d87156ee,1,2,18,1,7,23,0.000388450409076313,positive_le_0.001,True,False,False,True,0.02378442219667034,-0.012658168325578978,-0.0035909238157518786,0.12160319152682786,12.648288726806626,-6.616949081420898,-0.00016463588690385222,0.0,0.0,-0.03018409013748169,0.0,0.0,0.0,-0.16870927810668945,-0.20052146911621094,-0.18143415451049805,False,False,False
7a9a7b86210b5dc4,1,2,17,0,9,3,-0.0001631911307573286,mild_harm,True,True,True,True,0.10405793744860473,0.03456215041336079,0.05551469569494064,0.18070881103752037,-2.9557580947875977,6.663801193237305,0.00016391853478125995,0.0,0.0,-0.05849587917327881,0.0,0.0,0.0,-0.3217275142669678,-0.3217275142669678,-0.3217275142669678,False,False,False
81195788481d5844,1,2,17,1,3,-1,nan,no_rsmr_proposal,False,False,False,False,nan,nan,nan,nan,nan,nan,nan,nan,nan,nan,nan,nan,nan,nan,nan,nan,False,False,False
948d834b78515695,1,2,10,1,23,22,2.8722488693892767e-05,positive_le_0.001,True,True,True,True,0.030471284406013644,0.030471284406013644,0.030471284406013644,0.1556653997485934,2.220446049250313e-15,0.7166957855224609,-3.8347185181919485e-05,0.0,0.0,0.0,0.0,0.0,0.0,0.0,0.0,0.0,True,True,True
a08635adfbc45990,1,2,16,1,6,-1,nan,no_rsmr_proposal,False,False,False,False,nan,nan,nan,nan,nan,nan,nan,nan,nan,nan,nan,nan,nan,nan,nan,nan,False,False,False
a5836bf6d71f58f2,1,2,17,1,3,9,0.0008614462114870658,positive_le_0.001,False,False,False,False,-0.22023205595566844,-0.187368329312761,-0.18810995682292778,-0.06291584148034804,-0.3988475799560547,-6.9760589599609375,-0.0002638329377759874,0.0,0.0,0.014667093753814697,0.0,0.0,0.0,0.15214109420776367,0.30402278900146484,0.21289396286010742,False,False,False
a6e92119ed185a7d,1,2,19,0,5,-1,nan,no_rsmr_proposal,False,False,False,False,nan,nan,nan,nan,nan,nan,nan,nan,nan,nan,nan,nan,nan,nan,nan,nan,False,False,False
aeb0da156a7b5426,1,2,3,1,12,21,8.050889065489182e-05,positive_le_0.001,True,True,True,True,0.1944553441453541,0.1944553441453541,0.1944553441453541,0.31964945948793383,-5.551123593455255e-16,-0.2618293762207031,-0.00024125077470671386,0.0,0.0,0.0,0.0,0.0,0.0,0.0,0.0,0.0,True,True,True
b024a29a38815f5d,1,2,10,1,3,-1,nan,no_rsmr_proposal,False,False,False,False,nan,nan,nan,nan,nan,nan,nan,nan,nan,nan,nan,nan,nan,nan,nan,nan,False,False,False
c0eff628bb5d57f2,1,2,5,0,3,9,-0.0002712661859579357,mild_harm,False,False,False,True,-0.04257741739227064,-0.04257741739227064,-0.04257741739227064,0.0826166979503091,0.1531839370727539,-6.747690200805664,-5.138352207723074e-05,0.0,0.0,0.0,0.0,0.0,0.0,0.0,0.0,0.0,True,True,True
c2ef8af22b6b57fa,1,2,16,1,3,8,0.0006266896873712569,positive_le_0.001,False,False,False,False,-0.1670342690588205,-0.15470610991191347,-0.16000824561517707,-0.03481413027259733,-0.009973287582397461,-7.111257553100586,-8.986054308479652e-05,0.0,0.0,0.004701852798461914,0.0,0.0,0.0,0.05707263946533203,0.030806541442871094,0.046566009521484375,False,False,False
e2becee9277c5811,1,2,18,1,7,22,0.0001367530750111534,positive_le_0.001,False,False,False,True,-0.017948989301927735,-0.04856997772723342,-0.03503977550032423,0.09015433984225552,7.702535629272448,-6.569948196411133,-0.0002029778843279928,0.0,0.0,-0.02863478660583496,0.0,0.0,0.0,-0.14175844192504883,-0.0705418586730957,-0.11327171325683594,False,False,False
e7c6e7ca0bf75a88,1,2,17,1,3,-1,nan,no_rsmr_proposal,False,False,False,False,nan,nan,nan,nan,nan,nan,nan,nan,nan,nan,nan,nan,nan,nan,nan,nan,False,False,False
f845609710815b95,1,2,16,1,7,22,-0.0001336572684111914,mild_harm,False,False,False,True,-0.020847172965477716,-0.020847172965477716,-0.020847172965477716,0.10434694237710201,3.8681170940398677,-9.063940048217773,-0.0005398212233558297,0.0,0.0,0.0,0.0,0.0,0.0,0.0,0.0,0.0,True,True,True
0e7c79855e005220,1,2,17,1,22,3,0.9896743082495081,material_positive_gt_0.2,False,True,True,True,-0.01886291795740282,0.07375566078247704,0.1320912561644741,0.25728537150705383,0.0,-2.672504425048828,0.0,0.0,0.0,0.0,0.0,0.0,0.0,0.4287734031677246,1.858017921447754,1.0004711151123047,True,False,False
14dd0d86a4d353af,1,2,1,0,9,-1,nan,no_rsmr_proposal,False,False,False,False,nan,nan,nan,nan,nan,nan,nan,nan,nan,nan,nan,nan,nan,nan,nan,nan,False,False,False
2d691673d2a75468,1,2,5,1,3,9,-0.0005493406044321247,mild_harm,False,False,False,False,-0.15802402090707934,-0.15802402090707934,-0.15802402090707934,-0.032829905564499606,-1.6989245414733887,-7.662528991699219,-0.0004705305473180488,0.0,0.0,0.0,0.0,0.0,0.0,0.0,0.0,0.0,True,True,True
4a475083531f544e,1,2,17,1,2,5,0.0005351796336472425,positive_le_0.001,False,False,False,False,-0.12905987665455196,-0.12905987665455196,-0.12905987665455196,-0.003865761311972221,10.539509773254395,-0.38095855712890625,0.0,0.0,0.0,0.0,0.0,0.0,0.0,0.0,0.0,0.0,True,True,True
4aa6a5b42a9d5a1a,1,2,4,0,1,-1,nan,no_rsmr_proposal,False,False,False,False,nan,nan,nan,nan,nan,nan,nan,nan,nan,nan,nan,nan,nan,nan,nan,nan,False,False,False
4f8180de60ff5016,1,2,16,1,3,-1,nan,no_rsmr_proposal,False,False,False,False,nan,nan,nan,nan,nan,nan,nan,nan,nan,nan,nan,nan,nan,nan,nan,nan,False,False,False
65f6f0aad1645746,1,2,15,0,3,-1,nan,no_rsmr_proposal,False,False,False,False,nan,nan,nan,nan,nan,nan,nan,nan,nan,nan,nan,nan,nan,nan,nan,nan,False,False,False
86935537a5e256bd,1,2,3,1,22,23,-4.216529144323439e-05,mild_harm,False,False,False,True,-0.10732788059942441,-0.1111203680235126,-0.1101064607726192,0.015087654569960543,0.0,-1.1394538879394531,-0.0002065278240479529,0.0,-0.001562356948852539,-0.005124986171722412,0.0,0.0,0.0,-0.017557144165039062,-0.019702911376953125,-0.018415451049804688,False,False,False
91dfe4ebf3c25298,1,2,3,0,6,-1,nan,no_rsmr_proposal,False,False,False,False,nan,nan,nan,nan,nan,nan,nan,nan,nan,nan,nan,nan,nan,nan,nan,nan,False,False,False
ae93b0cb5f2752c9,1,2,7,1,21,23,-1.621068492024813e-06,mild_harm,False,False,False,True,-0.029353517135776754,-0.029362452450389456,-0.029464890572030132,0.0957292247705496,0.0,-0.023712158203125,0.0,0.0,0.0,0.0,0.0,0.0,0.0,-4.1365623474121094e-05,-0.0017833709716796875,-0.0007381439208984375,True,False,False
c4b429aa06c65c18,1,2,5,1,6,27,2.0200232751698115,material_positive_gt_0.2,True,True,True,True,0.0735804685394211,0.28913898527781967,0.31453970379351304,0.4397338191360928,0.09558787941932678,-2.0205764770507812,0.0,0.0,0.4090355634689331,-0.006708979606628418,0.0,0.0,0.0,0.9979181289672852,2.49560546875,1.5969929695129395,False,False,False
d124fe4c82a0504a,1,2,14,0,3,-1,nan,no_rsmr_proposal,False,False,False,False,nan,nan,nan,nan,nan,nan,nan,nan,nan,nan,nan,nan,nan,nan,nan,nan,False,False,False
d8a9f79a9b2f5af3,1,2,1,1,24,22,3.149701463542634,material_positive_gt_0.2,True,True,True,True,2.2019307595008084,3.2723137786130447,3.380430142202563,3.5056242575451426,0.0,22.202110290527344,0.0,0.0,0.0,0.0,0.0,0.0,0.0,4.955288410186768,12.093764305114746,7.810678958892822,True,False,False
d9b829983ef95e41,1,2,17,0,3,-1,nan,no_rsmr_proposal,False,False,False,False,nan,nan,nan,nan,nan,nan,nan,nan,nan,nan,nan,nan,nan,nan,nan,nan,False,False,False
dba43762ec9a571c,1,2,3,0,6,-1,nan,no_rsmr_proposal,False,False,False,False,nan,nan,nan,nan,nan,nan,nan,nan,nan,nan,nan,nan,nan,nan,nan,nan,False,False,False
fefa06851c7f58a7,1,2,7,1,16,20,-1.2323258076974541,catastrophe,False,False,False,False,-0.12507837748584566,-0.2999844379472767,-0.4101486701760344,-0.28495455483345467,0.0,-3.067873001098633,0.0,0.0,0.0,0.0,0.0,0.0,0.0,-0.8097194731235504,-3.508784770965576,-1.8893455266952515,True,False,False
185ce8f5060f5856,1,2,1,0,1,-1,nan,no_rsmr_proposal,False,False,False,False,nan,nan,nan,nan,nan,nan,nan,nan,nan,nan,nan,nan,nan,nan,nan,nan,False,False,False
6b5577a2a92d5e63,1,2,14,1,2,4,-4.862848371267603e-05,mild_harm,False,False,False,True,-0.12199063227373652,-0.12199063227373652,-0.12199063227373652,0.003203483068843216,-0.57818603515625,-0.6985340118408203,0.0,0.0,0.0,0.0,0.0,0.0,0.0,0.0,0.0,0.0,True,True,True
6d5d40bcf2f153a8,1,2,28,1,6,11,0.00146313439374062,positive_0.001_0.01,True,False,False,True,0.04693156707531004,-0.11661075596310302,-0.06730376808512795,0.05789034725745179,31.450027465820284,-4.192451477050781,-5.87427566642873e-05,0.0,0.0,-0.13765660673379898,0.0,0.0,0.0,-0.7571115791797638,-0.7571115791797638,-0.7571115791797638,False,False,False
8ce184b9fe795518,1,2,12,1,0,12,0.0,mild_harm,False,False,False,False,-0.2064090888528929,-0.2064090888528929,-0.2064090888528929,-0.08121497351031318,0.0,0.0,0.0,0.0,0.0,0.0,0.0,0.0,0.0,0.0,0.0,0.0,True,True,True
ae75c379fc4f5ac0,1,2,15,1,9,-1,nan,no_rsmr_proposal,False,False,False,False,nan,nan,nan,nan,nan,nan,nan,nan,nan,nan,nan,nan,nan,nan,nan,nan,False,False,False
bc30bddda7655472,1,2,17,1,19,-1,nan,no_rsmr_proposal,False,False,False,False,nan,nan,nan,nan,nan,nan,nan,nan,nan,nan,nan,nan,nan,nan,nan,nan,False,False,False
ec003315c7f8544e,1,2,13,1,8,7,1.625132601845264,material_positive_gt_0.2,True,True,True,True,1.353453065244092,1.353453065244092,1.353453065244092,1.4786471805866717,1315.163330078125,-0.9993686676025391,0.0,0.0,0.0,0.0,0.0,2.7524185180664062,0.0,0.0,0.0,0.0,False,True,False
f80967dcb45f5879,1,2,25,1,10,25,-8.79884749651616e-05,mild_harm,True,True,True,True,0.099576536580388,0.099576536580388,0.099576536580388,0.22477065192296775,1.029037965949442e-13,-3.9613523483276367,0.0,0.0,0.0,0.0,0.0,0.0,0.0,0.0,0.0,0.0,True,True,True
f8295ad66d0b502a,1,2,18,1,1,23,0.0001384854522026302,positive_le_0.001,False,False,False,True,-0.0008499481947263402,-0.0008499481947263402,-0.0008499481947263402,0.1243441671478534,-1.7763561617738927e-14,2.7547988891601562,6.238225068955217e-05,0.0,0.0,0.0,0.0,0.0,0.0,0.0,0.0,0.0,True,True,True
00d83b17d1755be3,1,2,7,0,3,-1,nan,no_rsmr_proposal,False,False,False,False,nan,nan,nan,nan,nan,nan,nan,nan,nan,nan,nan,nan,nan,nan,nan,nan,False,False,False
07f7850e943e5787,1,2,17,1,3,9,-0.0003208969734609102,mild_harm,False,False,False,False,-0.19739799160185292,-0.19739799160185292,-0.19739799160185292,-0.07220387625927319,0.7141952514648438,-7.511133193969727,-0.000321956817060709,0.0,0.0,0.0,0.0,0.0,0.0,0.0,0.0,0.0,True,True,True
0bd45dc9e3a759c2,1,2,17,1,19,17,0.00010564825385808935,positive_le_0.001,False,False,False,False,-0.04915027203822821,-0.11396946475626442,-0.1535707826588385,-0.028376667316258763,0.0,2.4593067169189453,0.0,0.0,0.0,-0.00077056884765625,0.0,0.0,0.0,-0.3000774383544922,-1.280038833618164,-0.6920623779296875,False,False,False
183eebcd18325090,1,2,12,1,21,22,-2.6754828193224865e-05,mild_harm,False,False,False,True,-0.06629784324139724,-0.06629784324139724,-0.06629784324139724,0.05889627210118249,0.0,-0.686737060546875,4.8698238970246166e-05,0.0,0.0,0.0,0.0,0.0,0.0,0.0,0.0,0.0,True,True,True
19b32f02944d51ad,1,2,19,1,21,20,4.461837168800997e-05,positive_le_0.001,False,False,False,True,-0.001931795830399478,-0.001931795830399478,-0.001931795830399478,0.12326231951218027,0.0,2.130308151245117,0.0,0.0,0.0,0.0,0.0,0.0,0.0,0.0,0.0,0.0,True,True,True
1de30d88d7e15d70,1,2,11,1,7,4,0.00040731540024285806,positive_le_0.001,False,False,False,True,-0.10690801517933012,-0.12783107147732456,-0.1222502815965471,0.0029438337460326314,8.148530960083008,0.008340835571289062,0.0,0.0,-0.0627179741859436,-0.019879817962646484,0.0,0.0,0.0,-0.0968623161315918,-0.10891437530517578,-0.10168313980102539,False,False,False
351a31864bda5923,1,2,12,1,3,9,-0.0003158109522206354,mild_harm,False,False,False,False,-0.15789846587556994,-0.1566867651135663,-0.15724454264423468,-0.03205042730165494,2.640583038330078,-7.790914535522461,-0.0005091041894047521,0.0,0.0,0.0007435083389282227,0.0,0.0,0.0,0.0056095123291015625,0.0024204254150390625,0.004333972930908203,False,False,False
42e1302d4d595015,1,2,24,0,22,23,-3.214230805159701e-05,mild_harm,False,False,False,True,-0.02387725946820527,-0.02387725946820527,-0.02387725946820527,0.10131685587437447,0.0,-2.0691394805908203,0.0,0.0,0.0,0.0,0.0,0.0,0.0,0.0,0.0,0.0,True,True,True
436d539f02525dbf,1,2,9,1,3,-1,nan,no_rsmr_proposal,False,False,False,False,nan,nan,nan,nan,nan,nan,nan,nan,nan,nan,nan,nan,nan,nan,nan,nan,False,False,False
53791dfcfb555d8b,1,2,13,0,3,-1,nan,no_rsmr_proposal,False,False,False,False,nan,nan,nan,nan,nan,nan,nan,nan,nan,nan,nan,nan,nan,nan,nan,nan,False,False,False
5787abf0e35d54cf,1,2,12,1,3,9,-0.00035294373019167935,mild_harm,False,False,False,False,-0.18071498677054995,-0.18071498677054995,-0.18071498677054995,-0.055520871427970214,0.7800800204277039,-7.454338073730469,-0.00029289584199432284,0.0,0.0,0.0,0.0,0.0,0.0,0.0,0.0,0.0,True,True,True
6a860de43c125dbf,1,2,17,1,6,9,0.00013104936927543775,positive_le_0.001,False,False,False,True,-0.020733820051270904,-0.019548281478450287,-0.02007845788665073,0.105115657455929,3.7914276123046875,-3.968404769897461,-0.000186648903763853,0.0,0.0,0.0007143616676330566,0.0,0.0,0.0,0.005488395690917969,0.002624988555908203,0.004343509674072266,False,False,False
7b1eb807d4d95132,1,2,17,0,2,6,-0.001243818229436866,mild_harm,False,False,False,True,-0.12091072354488844,-0.12091072354488844,-0.12091072354488844,0.004283391797691299,-24.733527183532715,-0.2207317352294922,0.0,0.0,0.0,0.0,0.0,0.0,0.0,0.0,0.0,0.0,True,True,True
89ec4c93349d5b58,1,2,25,1,7,22,-5.431908551845055e-05,mild_harm,True,True,True,True,0.01831054576037675,0.01831054576037675,0.01831054576037675,0.14350466110295648,0.2190963625907898,-5.498781204223633,-0.00014045709394849837,0.0,0.0,0.0,0.0,0.0,0.0,0.0,0.0,0.0,True,True,True
a3fff53e9f375592,1,2,6,1,3,-1,nan,no_rsmr_proposal,False,False,False,False,nan,nan,nan,nan,nan,nan,nan,nan,nan,nan,nan,nan,nan,nan,nan,nan,False,False,False
a6bf958e054951f3,1,2,16,0,2,7,-0.0005569157022051741,mild_harm,False,False,False,False,-0.14298912293409918,-0.14298912293409918,-0.14298912293409918,-0.017795007591519446,-11.054267883300781,-0.001739501953125,0.0001064748503267765,0.0,0.0,0.0,0.0,0.0,0.0,0.0,0.0,0.0,True,True,True
ad9cdad9769f572f,1,2,15,1,24,10,-8.041050173335229e-05,mild_harm,False,False,False,True,-0.0810169963580562,-0.0810169963580562,-0.0810169963580562,0.044177118984523533,0.0,-2.9134788513183594,0.0,0.0,0.0,0.0,0.0,0.0,0.0,0.0,0.0,0.0,True,True,True
c2c39f197ef95b97,1,2,25,1,21,20,5.7840400188968744e-05,positive_le_0.001,False,False,False,True,-0.001489065722496036,-0.001489065722496036,-0.001489065722496036,0.1237050496200837,0.0,2.282024383544922,0.0,0.0,0.0,0.0,0.0,0.0,0.0,0.0,0.0,0.0,True,True,True
cf7a886f70be5245,1,2,14,1,7,20,0.0004713724773375283,positive_le_0.001,True,True,True,True,0.1561014722092734,0.1561014722092734,0.1561014722092734,0.28129558755185313,10.125667572021484,-1.7202391624450684,0.0,0.0,0.0,0.0,0.0,0.0,0.0,0.0,0.0,0.0,True,True,True
d7ed9fbf26d0502e,1,2,14,1,3,9,-0.0003496023945510629,mild_harm,False,False,False,False,-0.17666190697462691,-0.17433759216713168,-0.17527621422124184,-0.05008209887866211,2.7957382202148438,-7.78108024597168,-0.0007545990956714377,0.0,0.0,0.001055598258972168,0.0,0.0,0.0,0.010760307312011719,0.006818294525146484,0.009183883666992188,False,False,False
e9922a266cc35210,1,2,1,0,1,-1,nan,no_rsmr_proposal,False,False,False,False,nan,nan,nan,nan,nan,nan,nan,nan,nan,nan,nan,nan,nan,nan,nan,nan,False,False,False
eef9e53ca3eb51a8,1,2,8,0,1,2,-1.8450037153049488,catastrophe,False,False,False,False,-0.38286886211392973,-0.38286886211392973,-0.38286886211392973,-0.25767474677135,-528.3002319335938,4.806770324707031,5.751171556767076e-07,0.0,0.0,0.0,0.0,-0.4270806312561035,0.0,0.0,0.0,0.0,False,True,False
f19973f839e35f20,1,2,4,1,3,-1,nan,no_rsmr_proposal,False,False,False,False,nan,nan,nan,nan,nan,nan,nan,nan,nan,nan,nan,nan,nan,nan,nan,nan,False,False,False
02fca515559f520d,1,2,11,1,24,0,-5.0871647178318824e-05,mild_harm,False,False,False,True,-0.0846660008741357,-0.0846660008741357,-0.0846660008741357,0.04052811446844404,4.773959005888173e-14,-0.421600341796875,-7.016539257165277e-06,0.0,0.0,0.0,0.0,0.0,0.0,0.0,0.0,0.0,True,True,True
115efd50328f5ecc,1,2,18,1,18,-1,nan,no_rsmr_proposal,False,False,False,False,nan,nan,nan,nan,nan,nan,nan,nan,nan,nan,nan,nan,nan,nan,nan,nan,False,False,False
117049ed19db55a2,1,2,20,1,21,25,-0.0005033181324601175,mild_harm,False,False,False,True,-0.03244414764780325,-0.03244414764780325,-0.03244414764780325,0.09274996769477649,1.554312234475219e-14,-7.760536193847656,-0.00010801562166307122,0.0,0.0,0.0,0.0,0.0,0.0,0.0,0.0,0.0,True,True,True
2154d495b9b657a5,1,2,3,0,8,6,-1.220322729590535,catastrophe,True,True,True,True,1.0988049174796584,1.294076922523019,1.4170686131198824,1.5422627284624622,-9.113758087158203,-3.3975772857666016,0.0,0.0,0.0,0.0,0.0,0.0,0.0,0.9040026664733887,3.9173450469970703,2.109339714050293,True,False,False
2c572f2c1c485fc0,1,2,16,1,3,-1,nan,no_rsmr_proposal,False,False,False,False,nan,nan,nan,nan,nan,nan,nan,nan,nan,nan,nan,nan,nan,nan,nan,nan,False,False,False
3152efff212c51ff,1,2,3,1,4,1,-0.010228717434942247,mild_harm,True,True,True,True,0.16568558239458317,0.1952518946933557,0.1863378363931713,0.31153195173575104,127.31832885742188,-1.324981689453125,0.0,0.0,0.0,0.024886518716812134,0.0,0.0,0.0,0.13687586784362793,0.13687586784362793,0.13687586784362793,False,False,False
327d5cdfdd695e7e,1,2,17,1,7,3,0.00011524857694755752,positive_le_0.001,True,True,True,True,0.06565950670369514,0.07521828482476131,0.07233637298575094,0.19753048832833067,3.896890163421631,-3.423480987548828,-0.00011287046072538942,0.0,0.0,0.008045852184295654,0.0,0.0,0.0,0.04425191879272461,0.04425191879272461,0.04425191879272461,False,False,False
64fe109ec6a858ec,1,2,24,1,15,14,-0.0001836422961903738,mild_harm,False,False,False,True,-0.03216939459199772,-0.03216939459199772,-0.03216939459199772,0.09302472075058202,0.0,2.233966827392578,0.0,0.0,0.0,0.0,0.0,0.0,0.0,0.0,0.0,0.0,True,True,True
6c95d9b03b7a5944,1,2,6,1,3,10,-0.0025507494289427335,mild_harm,False,False,False,False,-0.16555931540852467,-0.16525201268636913,-0.16505845870537358,-0.03986434336279385,-38.15460205078125,-10.04621696472168,-0.0004528994104475714,0.0,0.0,0.0,0.0,0.0,0.0,0.0014226436614990234,0.006165027618408203,0.0033195018768310547,True,False,False
73963278f6eb5002,1,2,10,1,19,18,0.0,mild_harm,False,False,False,True,-0.02469329676521387,-0.02469329676521387,-0.02469329676521387,0.10050081857736587,0.0,0.0,0.0,0.0,0.0,0.0,0.0,0.0,0.0,0.0,0.0,0.0,True,True,True
799dcf813dba5d8a,1,2,6,0,0,4,-0.003188489996641869,mild_harm,False,False,False,True,-0.09623466267511868,-0.13562477079259308,-0.12374889947453527,0.0014452158680444693,-61.2333984375,5.2147064208984375,4.380595783004537e-06,0.0,-0.004508614540100098,-0.032007694244384766,0.0,0.0,0.0,-0.18235467374324799,-0.18235467374324799,-0.18235467374324799,False,False,False
7b6dfa3d4bc553a9,1,2,15,1,16,15,0.0,mild_harm,False,False,False,True,-0.020114919239983438,-0.020114919239983438,-0.020114919239983438,0.1050791961025963,0.0,0.0,0.0,0.0,0.0,0.0,0.0,0.0,0.0,0.0,0.0,0.0,True,True,True
842b7f0b68fc5245,1,2,16,1,16,20,1.2322185659539886,material_positive_gt_0.2,False,False,False,True,-0.01799829135824921,-0.07380139112946327,-0.02570111707245823,0.09949299827012151,0.0,-1.8394966125488281,0.0,0.0,0.1648482084274292,-0.31616663932800293,0.0,0.0,0.0,-0.2583378553390503,0.25987792015075684,-0.05105161666870117,False,False,False
86839ab67df151f2,1,2,9,1,12,1,7.329354990481818e-05,positive_le_0.001,False,False,False,True,-0.03120497864958027,-0.03120497864958027,-0.03120497864958027,0.09398913669299946,3.885781433220995e-15,1.3725223541259766,0.00014086613373365253,0.0,0.0,0.0,0.0,0.0,0.0,0.0,0.0,0.0,True,True,True
9a3e4f2df62b54fa,1,2,14,0,23,22,-0.00021218127441802181,mild_harm,False,False,False,True,-0.0537527935339988,-0.04733789427182768,-0.04329748629905038,0.08189662904352936,0.0,0.7862205505371094,5.644025804940611e-05,0.0,0.0,0.0,0.0,0.0,0.0,0.0296974778175354,0.12868928909301758,0.06929409503936768,True,False,False
a7c4607a69e55039,1,2,17,1,1,23,-0.0001578706935048105,mild_harm,True,True,True,True,0.004468011470123237,0.004468011470123237,0.004468011470123237,0.12966212681270298,0.0,-1.5310592651367188,0.00017215771367773414,0.0,0.0,0.0,0.0,0.0,0.0,0.0,0.0,0.0,True,True,True
c608632e83a659ca,1,2,27,1,6,-1,nan,no_rsmr_proposal,False,False,False,False,nan,nan,nan,nan,nan,nan,nan,nan,nan,nan,nan,nan,nan,nan,nan,nan,False,False,False
d022d382b3aa5fa1,1,2,10,1,3,-1,nan,no_rsmr_proposal,False,False,False,False,nan,nan,nan,nan,nan,nan,nan,nan,nan,nan,nan,nan,nan,nan,nan,nan,False,False,False
d07acbfa3a6e55b0,1,2,17,1,2,3,-0.00012636717958378063,mild_harm,False,False,False,True,-0.08072331440842127,-0.07943487809153048,-0.07982333358536345,0.04537078175721629,-0.5607395172119141,-3.666391372680664,3.12320189550519e-05,0.0,0.0,0.0010845065116882324,0.0,0.0,0.0,0.005964756011962891,0.005964756011962891,0.005964756011962891,False,False,False
e88d31e512eb52aa,1,2,23,1,7,20,0.00010631383955628237,positive_le_0.001,True,False,False,False,0.00026265528343326393,-0.38947413796617325,-0.6659710100376907,-0.5407768946951109,0.7331578731536865,-4.06706428527832,-0.00012571676052175462,0.0,0.0,0.05329090356826782,0.0,0.0,0.0,-1.8042683601379395,-8.332504272460938,-4.415562152862549,False,False,False
fc25adef73d35a71,1,2,6,1,3,9,-0.000565087180584678,mild_harm,False,False,False,True,-0.13593949844137806,-0.12662369907733045,-0.12422650955540493,0.0009676057871748078,-1.854008674621582,-7.678646087646484,-0.00046850360558892135,0.0,0.0,0.004989743232727051,0.0,0.0,0.0,0.04312705993652344,0.12938356399536133,0.07762956619262695,False,False,False
06f2c0171372558e,1,2,14,0,3,9,-0.00021924246586857432,mild_harm,False,False,False,True,-0.1318771233286076,-0.09907210711024472,-0.10310896184303991,0.022085153499539822,3.4041824340820312,-6.944723129272461,-0.0003267851316195447,0.0,0.0,0.044697701930999756,0.0,0.0,0.0,0.1518692970275879,0.24885845184326172,0.19066524505615234,False,False,False
1139bbb1cfe35d48,1,2,2,1,2,1,0.0015995440794149829,positive_0.001_0.01,False,False,False,False,-0.08142297771084278,-0.1328460995597301,-0.14225787537101356,-0.017063760028433822,37.21474075317383,-6.453298568725586,-4.254831492289668e-05,0.0,-0.00017315149307250977,-0.0995597243309021,0.0,0.0,0.0,-0.23806095123291016,-0.6508893966674805,-0.40319228172302246,False,False,False
190db336fe0e515f,1,2,4,0,7,9,-0.0006111538553610352,mild_harm,False,True,True,True,-0.01465161420847141,0.08176418998975812,0.031679015806291955,0.1568731311488717,-2.538987159729004,-10.693498611450195,-0.00034889118978753686,0.0,0.012965857982635498,0.15353095531463623,0.0,0.0,0.0,0.446352481842041,0.0981287956237793,0.30706310272216797,False,False,False
1bf5b342d1b052c3,1,2,3,0,7,11,-0.00019516362426785783,mild_harm,False,False,False,True,-0.04522787138396328,-0.0453715574229802,-0.045320178954191374,0.07987393638838836,-3.7328453063964844,0.4400300979614258,0.0,0.0,-0.00016319751739501953,-7.039308547973633e-05,0.0,0.0,0.0,-0.0006651878356933594,-0.0005307197570800781,-0.0006117820739746094,False,False,False
1da0d8dce4485189,1,2,12,0,9,4,-0.00913377341185706,mild_harm,False,False,False,True,-0.033008439556290015,-0.033008439556290015,-0.033008439556290015,0.09218567578628972,-0.4095064401626587,2.678651809692383,0.0,0.0,0.0,0.0,0.0,0.0,0.0,0.0,0.0,0.0,True,True,True
21f2c3689d765b09,1,2,1,1,4,-1,nan,no_rsmr_proposal,False,False,False,False,nan,nan,nan,nan,nan,nan,nan,nan,nan,nan,nan,nan,nan,nan,nan,nan,False,False,False
234440ab79d55e59,1,2,18,0,5,-1,nan,no_rsmr_proposal,False,False,False,False,nan,nan,nan,nan,nan,nan,nan,nan,nan,nan,nan,nan,nan,nan,nan,nan,False,False,False
2ababb1ca1ba5637,1,2,17,1,6,3,0.00012872512789918744,positive_le_0.001,True,True,True,True,0.037354415372685065,0.0390386835518999,0.03853088722644169,0.16372500256902142,3.8282229900360107,-2.8726844787597656,-5.027227416576352e-06,0.0,0.0,0.001417696475982666,0.0,0.0,0.0,0.0077972412109375,0.0077972412109375,0.0077972412109375,False,False,False
3c6c3ba8c08e581a,1,2,16,1,4,-1,nan,no_rsmr_proposal,False,False,False,False,nan,nan,nan,nan,nan,nan,nan,nan,nan,nan,nan,nan,nan,nan,nan,nan,False,False,False
59b8dea90c1b5499,1,2,17,1,6,3,0.0010224562064280462,positive_0.001_0.01,True,True,True,True,0.03870815647642625,0.040752721261003946,0.04013629776171668,0.16533041310429641,20.72723388671875,-2.373018264770508,-1.6268448234768584e-05,0.0,0.0,0.001721024513244629,0.0,0.0,0.0,0.009465217590332031,0.009465217590332031,0.009465217590332031,False,False,False
68e20734e9415e24,1,2,4,1,7,9,-8.91803213395187e-05,mild_harm,False,False,False,True,-0.08090142136842336,-0.08090142136842336,-0.08090142136842336,0.044292693974156375,-1.6418672800064087,1.4501314163208008,0.0,0.0,0.0,0.0,0.0,0.0,0.0,0.0,0.0,0.0,True,True,True
742976289d405b0d,1,2,17,0,6,-1,nan,no_rsmr_proposal,False,False,False,False,nan,nan,nan,nan,nan,nan,nan,nan,nan,nan,nan,nan,nan,nan,nan,nan,False,False,False
091cae980d54535d,2,3,17,0,19,20,-0.00011106623769737822,mild_harm,False,False,False,True,-0.08283871479407888,-0.08283871479407888,-0.08283871479407888,0.002127298893740262,0.0,-4.574436187744141,-0.00016320715440087952,0.0,0.0,0.0,0.0,0.0,0.0,0.0,0.0,0.0,True,True,True
0aea8543e71b5712,2,3,15,1,21,22,0.0,mild_harm,False,False,False,True,-0.043597822913064174,-0.043597822913064174,-0.043597822913064174,0.04136819077475497,0.0,0.0,0.0,0.0,0.0,0.0,0.0,0.0,0.0,0.0,0.0,0.0,True,True,True
122436b1207258bf,2,3,19,1,3,2,1.2323318207158476,material_positive_gt_0.2,True,False,False,True,0.008305293886235195,-0.03358507136117556,-0.020731176414600087,0.06423483727321905,1.7763568394002505e-14,2.4546737670898438,0.00016354282706743106,0.0,-0.00030303001403808594,-0.03623861074447632,0.0,0.0,0.0,-0.1997365951538086,-0.1997365951538086,-0.1997365951538086,False,False,False
1bd7b3ce5adf5826,2,3,17,1,3,-1,nan,no_rsmr_proposal,False,False,False,False,nan,nan,nan,nan,nan,nan,nan,nan,nan,nan,nan,nan,nan,nan,nan,nan,False,False,False
581836f4f4365cc8,2,3,18,1,7,1,-0.00035384111877938274,mild_harm,True,True,True,True,0.11952465391366648,0.13612074364873206,0.13102829834016178,0.21599431202798092,0.3982468843459985,-9.068634033203125,-0.00032345758518204093,0.0,0.056522488594055176,0.0,0.0,0.0,0.0,0.07913147658109665,0.07913147658109665,0.07913147658109665,False,False,False
70b54ac4d8ae56de,2,3,1,1,2,-1,nan,no_rsmr_proposal,False,False,False,False,nan,nan,nan,nan,nan,nan,nan,nan,nan,nan,nan,nan,nan,nan,nan,nan,False,False,False
72eb13d3a4255179,2,3,1,0,2,-1,nan,no_rsmr_proposal,False,False,False,False,nan,nan,nan,nan,nan,nan,nan,nan,nan,nan,nan,nan,nan,nan,nan,nan,False,False,False
7fc2b30cb72a5d56,2,3,9,0,3,-1,nan,no_rsmr_proposal,False,False,False,False,nan,nan,nan,nan,nan,nan,nan,nan,nan,nan,nan,nan,nan,nan,nan,nan,False,False,False
83aa0b7439d45dd8,2,3,5,1,3,-1,nan,no_rsmr_proposal,False,False,False,False,nan,nan,nan,nan,nan,nan,nan,nan,nan,nan,nan,nan,nan,nan,nan,nan,False,False,False
8675d815740a5a0b,2,3,22,1,7,-1,nan,no_rsmr_proposal,False,False,False,False,nan,nan,nan,nan,nan,nan,nan,nan,nan,nan,nan,nan,nan,nan,nan,nan,False,False,False
9070daa02ad0542c,2,3,3,1,3,-1,nan,no_rsmr_proposal,False,False,False,False,nan,nan,nan,nan,nan,nan,nan,nan,nan,nan,nan,nan,nan,nan,nan,nan,False,False,False
9771a60ee60a5d27,2,3,5,0,2,-1,nan,no_rsmr_proposal,False,False,False,False,nan,nan,nan,nan,nan,nan,nan,nan,nan,nan,nan,nan,nan,nan,nan,nan,False,False,False
9c2eb9c5b45f522b,2,3,29,1,26,25,3.822718737644948e-05,positive_le_0.001,True,True,True,True,0.03140388928753051,0.031175175281732095,0.031245355281022624,0.11621136896884177,3.1224980215935165e-16,0.4135017395019531,-2.7083988243248314e-06,0.0,-0.00010538101196289062,-0.00017154216766357422,0.0,0.0,0.0,-0.0010905265808105469,-0.0010905265808105469,-0.0010905265808105469,False,False,False
bb1419c18f39553e,2,3,21,1,21,22,0.0,mild_harm,False,False,False,True,-0.016320363114991843,-0.016320363114991843,-0.016320363114991843,0.0686456505728273,0.0,0.0,0.0,0.0,0.0,0.0,0.0,0.0,0.0,0.0,0.0,0.0,True,True,True
c56712e13eb759f5,2,3,1,0,2,-1,nan,no_rsmr_proposal,False,False,False,False,nan,nan,nan,nan,nan,nan,nan,nan,nan,nan,nan,nan,nan,nan,nan,nan,False,False,False
b003a3bfbdb252e3,2,3,10,1,0,26,0.9897842141886242,material_positive_gt_0.2,False,False,False,True,-0.015503996013382697,-0.015503996013382697,-0.015503996013382697,0.06946201767443644,2.220445202217366e-15,-0.31695556640625,0.0004982833052054048,0.0,0.0,0.0,0.0,0.0,0.0,0.0,0.0,0.0,True,True,True
0f9ba65f3e2e5c1d,2,3,2,0,1,25,-0.00012799810242603016,mild_harm,False,False,False,True,-0.04268369593584168,-0.04268369593584168,-0.04268369593584168,0.04228231775197746,2.220442661118524e-15,-1.1589012145996094,5.267572123557329e-05,0.0,0.0,0.0,0.0,0.0,0.0,0.0,0.0,0.0,True,True,True
2709051d421d536a,2,3,26,1,21,27,-1.0131592304229997e-05,mild_harm,False,False,False,True,-0.023258277164851023,-0.023258277164851023,-0.023258277164851023,0.06170773652296812,4.440892098500626e-14,-0.37143993377685547,0.0,0.0,0.0,0.0,0.0,0.0,0.0,0.0,0.0,0.0,True,True,True
2bf633d593a957ad,2,3,11,1,1,-1,nan,no_rsmr_proposal,False,False,False,False,nan,nan,nan,nan,nan,nan,nan,nan,nan,nan,nan,nan,nan,nan,nan,nan,False,False,False
2cfe30b626795e99,2,3,7,1,15,10,-0.18940308858485655,mild_harm,False,False,False,True,-0.04621799880985483,-0.04621799880985483,-0.04621799880985483,0.03874801487796431,89.24347496032715,-1.9162631034851074,0.0,0.0,0.0,0.0,0.0,0.0,0.0,0.0,0.0,0.0,True,True,True
4a42412827f55dc1,2,3,16,1,23,24,0.0,mild_harm,False,False,False,True,-0.05131792744936843,-0.05131792744936843,-0.05131792744936843,0.03364808623845071,0.0,0.0,0.0,0.0,0.0,0.0,0.0,0.0,0.0,0.0,0.0,0.0,True,True,True
60183447caa4548b,2,3,17,1,19,3,-6.448373179882786e-05,mild_harm,False,False,False,True,-0.02924569421960471,-0.02924569421960471,-0.02924569421960471,0.05572031946821443,3.774758622538711e-14,-0.5923614501953125,0.00011688238009810448,0.0,0.0,0.0,0.0,0.0,0.0,0.0,0.0,0.0,True,True,True
618892326e0c530e,2,3,24,0,9,17,-1.1183486133825582e-05,mild_harm,False,False,False,True,-0.02325137318249472,-0.02325137318249472,-0.02325137318249472,0.06171464050532442,1.6653345369377348e-15,-0.22989749908447266,0.0,0.0,0.0,0.0,0.0,0.0,0.0,0.0,0.0,0.0,True,True,True
63d0c4a8acfa5fc2,2,3,1,0,3,-1,nan,no_rsmr_proposal,False,False,False,False,nan,nan,nan,nan,nan,nan,nan,nan,nan,nan,nan,nan,nan,nan,nan,nan,False,False,False
8aeb517756f55681,2,3,14,1,16,15,1.1431345063428466e-05,positive_le_0.001,True,True,True,True,0.01215175066487635,0.01215175066487635,0.01215175066487635,0.0971177643526955,-0.017139911651611328,0.5165510177612305,0.0,0.0,0.0,0.0,0.0,0.0,0.0,0.0,0.0,0.0,True,True,True
ab77602df4a154f7,2,3,11,1,7,10,-0.00017154795059148853,mild_harm,False,False,False,True,-0.007018929752632018,-0.007018929752632018,-0.007018929752632018,0.07794708393518712,-3.6804428100585938,0.4652519226074219,0.0,0.0,0.0,0.0,0.0,0.0,0.0,0.0,0.0,0.0,True,True,True
acdcf9be0fc85495,2,3,23,1,6,13,1.6302977381565595e-05,positive_le_0.001,False,False,False,True,-0.04294816339702082,-0.04294816339702082,-0.04294816339702082,0.042017850290798325,0.0,-1.1328296661376953,0.0,0.0,0.0,0.0,0.0,0.0,0.0,0.0,0.0,0.0,True,True,True
be58ded948ea5c00,2,3,4,0,1,2,-0.001292943146824932,mild_harm,True,True,True,True,0.20782734504367634,0.20468872784364184,0.20565180027159713,0.29061781395941627,-28.58989715576172,4.176856994628906,0.0,0.0,0.0,-0.0027209818363189697,0.0,0.0,0.0,-0.014965176582336426,-0.014965295791625977,-0.014965176582336426,False,False,False
d74df20dba705137,2,3,19,1,22,23,-8.57298430055383e-05,mild_harm,False,False,False,True,-0.07109391779989811,-0.07109391779989811,-0.07109391779989811,0.01387209588792103,6.661338147750939e-15,-1.6652069091796875,-5.688247620128095e-05,0.0,0.0,0.0,0.0,0.0,0.0,0.0,0.0,0.0,True,True,True
ec0f4f7c37615b20,2,3,5,0,1,2,-0.7737388310596343,catastrophe,False,False,False,False,-0.2884811745154493,-0.2884811745154493,-0.2884811745154493,-0.20351516082763016,-279.8756408691406,4.595623016357422,0.0,0.0,0.0,0.0,0.0,0.0,0.0,0.0,0.0,0.0,True,True,True
ec57eef8dffd515e,2,3,1,0,4,-1,nan,no_rsmr_proposal,False,False,False,False,nan,nan,nan,nan,nan,nan,nan,nan,nan,nan,nan,nan,nan,nan,nan,nan,False,False,False
f73c53f115a550d5,2,3,17,1,24,-1,nan,no_rsmr_proposal,False,False,False,False,nan,nan,nan,nan,nan,nan,nan,nan,nan,nan,nan,nan,nan,nan,nan,nan,False,False,False
06f8d2f6dca3537c,2,3,6,0,0,-1,nan,no_rsmr_proposal,False,False,False,False,nan,nan,nan,nan,nan,nan,nan,nan,nan,nan,nan,nan,nan,nan,nan,nan,False,False,False
79e0120026c25eed,2,3,2,1,3,-1,nan,no_rsmr_proposal,False,False,False,False,nan,nan,nan,nan,nan,nan,nan,nan,nan,nan,nan,nan,nan,nan,nan,nan,False,False,False
884e1c90e87b5fab,2,3,16,1,6,7,-2.0925029926001978e-05,mild_harm,False,True,True,True,-0.0005398697315348961,0.0015680593520763799,0.0009212495466344181,0.08588726323445356,0.18158888816833496,-2.4265012741088867,0.0,0.0,0.0,0.0018274188041687012,0.0,0.0,0.0,0.010050773620605469,0.010050773620605469,0.010050773620605469,False,False,False
8c1a6d183a275d96,2,3,12,0,1,-1,nan,no_rsmr_proposal,False,False,False,False,nan,nan,nan,nan,nan,nan,nan,nan,nan,nan,nan,nan,nan,nan,nan,nan,False,False,False
bd8986c6178e5d2a,2,3,1,0,1,-1,nan,no_rsmr_proposal,False,False,False,False,nan,nan,nan,nan,nan,nan,nan,nan,nan,nan,nan,nan,nan,nan,nan,nan,False,False,False
c1dd6c577b0f573a,2,3,5,0,4,1,-0.24775317546641729,mild_harm,False,True,True,True,-0.1784255359785993,0.072491379463164,0.15866833053130178,0.24363434421912092,-241.75283813476562,0.9159402847290039,0.0,0.0,0.0,0.0,0.0,0.0,0.0,1.1963918209075928,4.002430438995361,2.318807363510132,True,False,False
d1d6c7f48e6d5708,2,3,15,0,1,-1,nan,no_rsmr_proposal,False,False,False,False,nan,nan,nan,nan,nan,nan,nan,nan,nan,nan,nan,nan,nan,nan,nan,nan,False,False,False
0fd565e4e40058b8,2,3,15,1,5,-1,nan,no_rsmr_proposal,False,False,False,False,nan,nan,nan,nan,nan,nan,nan,nan,nan,nan,nan,nan,nan,nan,nan,nan,False,False,False
25708e54a75c59eb,2,3,17,0,3,-1,nan,no_rsmr_proposal,False,False,False,False,nan,nan,nan,nan,nan,nan,nan,nan,nan,nan,nan,nan,nan,nan,nan,nan,False,False,False
321b3f53510c5059,2,3,7,1,3,-1,nan,no_rsmr_proposal,False,False,False,False,nan,nan,nan,nan,nan,nan,nan,nan,nan,nan,nan,nan,nan,nan,nan,nan,False,False,False
3e07748ebae855b8,2,3,12,1,22,23,-2.1420662570744223e-05,mild_harm,False,False,False,True,-0.039910161815853794,-0.0386754862078139,-0.039443987266765235,0.04552202642105391,0.0,-0.5410690307617188,-0.00019094275921816006,0.0,0.0,0.0007759332656860352,0.0,0.0,0.0,0.005887031555175781,-0.0008134841918945312,0.0032067298889160156,False,False,False
46f297276986585b,2,3,4,0,8,-1,nan,no_rsmr_proposal,False,False,False,False,nan,nan,nan,nan,nan,nan,nan,nan,nan,nan,nan,nan,nan,nan,nan,nan,False,False,False
4d6fb0d27a0f51ce,2,3,7,1,9,-1,nan,no_rsmr_proposal,False,False,False,False,nan,nan,nan,nan,nan,nan,nan,nan,nan,nan,nan,nan,nan,nan,nan,nan,False,False,False
5583fb05984f5685,2,3,17,0,7,2,-0.00044750133621285215,mild_harm,False,False,False,True,-0.06991814616655602,-0.06969993280378727,-0.06881485484710717,0.01615115884071197,-7.555107116699219,-3.4521236419677734,-0.00012142999185016379,0.0,0.0,-0.0021678805351257324,0.0,0.0,0.0,0.0010404586791992188,0.017412185668945312,0.0075893402099609375,False,False,False
97b8db1dfd4f5fb3,2,3,18,1,5,-1,nan,no_rsmr_proposal,False,False,False,False,nan,nan,nan,nan,nan,nan,nan,nan,nan,nan,nan,nan,nan,nan,nan,nan,False,False,False
edf9d12992c9551c,2,3,16,1,7,13,0.0,mild_harm,False,False,False,True,-0.03811300423094534,-0.03811300423094534,-0.03811300423094534,0.046853009456873804,0.0,0.0,0.0,0.0,0.0,0.0,0.0,0.0,0.0,0.0,0.0,0.0,True,True,True
f94f2bcde8345a9a,2,3,3,0,8,15,0.0,mild_harm,False,False,False,True,-0.052180631937880424,-0.052180631937880424,-0.052180631937880424,0.03278538174993872,0.0,0.0,0.0,0.0,0.0,0.0,0.0,0.0,0.0,0.0,0.0,0.0,True,True,True
0bb64f8f31ba5310,2,3,17,1,3,-1,nan,no_rsmr_proposal,False,False,False,False,nan,nan,nan,nan,nan,nan,nan,nan,nan,nan,nan,nan,nan,nan,nan,nan,False,False,False
440a7c7dd1395be4,2,3,17,1,6,22,0.005498093330710496,positive_0.001_0.01,True,True,True,True,0.0795708657337044,0.0795708657337044,0.0795708657337044,0.16453687942152354,111.11819458007808,-5.349433898925781,-0.0002866072172764689,0.0,0.0,0.0,0.0,0.0,0.0,0.0,0.0,0.0,True,True,True
630c3828efa0518a,2,3,17,0,3,-1,nan,no_rsmr_proposal,False,False,False,False,nan,nan,nan,nan,nan,nan,nan,nan,nan,nan,nan,nan,nan,nan,nan,nan,False,False,False
66a39f4cabc85bc4,2,3,14,1,17,6,-1.1789312648981811,catastrophe,False,False,False,False,-0.14202432595427467,-0.34731329726987464,-0.3411869174574841,-0.25622090376966494,-136.97565841674805,-1.8486251831054688,0.0,0.0,-0.1879766583442688,-0.026325643062591553,0.0,0.0,0.0,-0.9788341522216797,-1.9567561149597168,-1.3700032234191895,False,False,False
684af4044c445d01,2,3,4,1,3,9,-6.066455971449631e-05,mild_harm,False,False,False,True,-0.07307416237460707,-0.0685808872191533,-0.06995963114924662,0.015006382538572519,-0.17312729358673096,-7.0787506103515625,-0.00012141146908106748,0.0,0.0,0.003895282745361328,0.0,0.0,0.0,0.021424293518066406,0.021424293518066406,0.021424293518066406,False,False,False
69f12cf621135ce3,2,3,17,1,3,-1,nan,no_rsmr_proposal,False,False,False,False,nan,nan,nan,nan,nan,nan,nan,nan,nan,nan,nan,nan,nan,nan,nan,nan,False,False,False
71589a780d925ed6,2,3,17,1,6,3,0.9912868022998795,material_positive_gt_0.2,False,True,True,True,-0.002836354342150991,0.03117892865751076,0.04538182959087632,0.13034784327869547,31.934297561645508,-2.384775161743164,0.0,0.0,0.0,0.007080793380737305,0.0,0.0,0.0,0.1621875762939453,0.5859284400939941,0.3316841125488281,False,False,False
7c39359aaa345e52,2,3,11,1,6,9,0.00043774992538837994,positive_le_0.001,False,False,False,False,-0.07931087455689126,-0.20884410680543267,-0.16909734046478758,-0.08413132677696844,10.47765302658081,-1.1479120254516602,0.0,0.0,0.0,-0.11229541897773743,0.0,0.0,0.0,-0.6176247596740723,-0.6176247596740723,-0.6176247596740723,False,False,False
93ccd00db2005d2d,2,3,17,1,1,-1,nan,no_rsmr_proposal,False,False,False,False,nan,nan,nan,nan,nan,nan,nan,nan,nan,nan,nan,nan,nan,nan,nan,nan,False,False,False
a1c64a274ecc54b0,2,3,1,1,21,20,9.327751190868483e-05,positive_le_0.001,False,False,False,True,-0.019394977721152028,-0.01845332005670171,-0.018928941811334574,0.06603707187648457,-9.068944597026563e-15,1.8387908935546875,0.0003046031197300181,0.0,0.0,0.0002772808074951172,0.0,0.0,0.0,0.004489898681640625,0.0012793540954589844,0.0032057762145996094,False,False,False
a71d387393a559d4,2,3,17,1,7,-1,nan,no_rsmr_proposal,False,False,False,False,nan,nan,nan,nan,nan,nan,nan,nan,nan,nan,nan,nan,nan,nan,nan,nan,False,False,False
c65275d1d5af5014,2,3,17,0,9,3,-0.00025896607432512875,mild_harm,True,False,False,False,0.07780330642207657,-0.30528200263805244,-0.18773377193744628,-0.10276775824962714,-0.3858746290206909,6.51805305480957,8.92079624463804e-05,0.0,0.0,-0.3321055918931961,0.0,0.0,0.0,-1.8265812397003174,-1.8265811204910278,-1.8265812397003174,False,False,False
cd7aee35baa65cec,2,3,16,1,6,-1,nan,no_rsmr_proposal,False,False,False,False,nan,nan,nan,nan,nan,nan,nan,nan,nan,nan,nan,nan,nan,nan,nan,nan,False,False,False
dc6d75a4555c5fd6,2,3,10,1,22,21,3.0565711064264086e-05,positive_le_0.001,False,False,False,True,-0.0780733248875272,-0.0780733248875272,-0.0780733248875272,0.006892688800291938,1.3322676295501878e-14,0.778533935546875,4.2632847907952964e-05,0.0,0.0,0.0,0.0,0.0,0.0,0.0,0.0,0.0,True,True,True
24e5d608f799503b,2,3,17,1,3,-1,nan,no_rsmr_proposal,False,False,False,False,nan,nan,nan,nan,nan,nan,nan,nan,nan,nan,nan,nan,nan,nan,nan,nan,False,False,False
2fdb08ec2f205723,2,3,17,1,3,-1,nan,no_rsmr_proposal,False,False,False,False,nan,nan,nan,nan,nan,nan,nan,nan,nan,nan,nan,nan,nan,nan,nan,nan,False,False,False
77e69dcde5805f89,2,3,17,1,10,-1,nan,no_rsmr_proposal,False,False,False,False,nan,nan,nan,nan,nan,nan,nan,nan,nan,nan,nan,nan,nan,nan,nan,nan,False,False,False
79a429b2a2b450e7,2,3,17,1,4,3,4.5840236171379445e-05,positive_le_0.001,False,True,True,True,-0.05493916774902456,0.09400695328988452,0.01843687957660345,0.10340289326442259,-1.848872184753418,-2.3355464935302734,-1.2610069461516105e-05,0.0,0.0,0.1382702887058258,0.0,0.0,0.0,0.7101869583129883,0.19657039642333984,0.5047404766082764,False,False,False
8724d825e1c15a99,2,3,18,1,6,3,0.0005389120473116016,positive_le_0.001,False,False,False,False,-0.06902801728082229,-0.09114347156865231,-0.0965186250490257,-0.011552611361206555,12.484435081481934,-3.9912147521972656,-0.00021393023780547082,0.0,0.0,-0.012258827686309814,0.0,0.0,0.0,-0.10544824600219727,-0.31458497047424316,-0.1891028881072998,False,False,False
dd63e7a132215419,2,3,9,1,0,-1,nan,no_rsmr_proposal,False,False,False,False,nan,nan,nan,nan,nan,nan,nan,nan,nan,nan,nan,nan,nan,nan,nan,nan,False,False,False
0e59b30dfd9d5121,2,3,19,1,2,21,0.00026765271043404943,positive_le_0.001,False,False,False,True,-0.017847342872586276,-0.03014244578989166,-0.06610587083350497,0.01886014285431417,0.0,3.8601341247558594,1.8686572730075568e-05,0.0,-0.008722841739654541,0.025217294692993164,0.0,0.0,0.0,-0.0586240291595459,-0.7419676780700684,-0.33196163177490234,False,False,False
38eeabce6a485364,2,3,15,1,9,-1,nan,no_rsmr_proposal,False,False,False,False,nan,nan,nan,nan,nan,nan,nan,nan,nan,nan,nan,nan,nan,nan,nan,nan,False,False,False
5aa3112549445a00,2,3,4,0,2,20,-5.174224078752232e-06,mild_harm,False,False,False,True,-0.026690793246761872,-0.009347631200602322,-0.002387744939973152,0.08257826874784599,0.0,0.7185783386230469,0.0,0.0,0.010529100894927979,-0.010145366191864014,0.0,0.0,0.0,0.08269357681274414,0.2938985824584961,0.1671762466430664,False,False,False
683e8d239bf75a5d,2,3,17,1,23,22,-0.00015954406317320036,mild_harm,False,False,False,True,-0.04967123717305491,-0.04967123717305491,-0.04967123717305491,0.03529477651476423,0.0,2.244220733642578,0.0,0.0,0.0,0.0,0.0,0.0,0.0,0.0,0.0,0.0,True,True,True
713177596893526a,2,3,23,1,7,1,0.9896099772717105,material_positive_gt_0.2,False,False,False,True,-0.028815282895908803,-0.028815282895908803,-0.028815282895908803,0.05615073079191034,0.6257795095443726,-6.4606170654296875,-5.444341877591796e-05,0.0,0.0,0.0,0.0,0.0,0.0,0.0,0.0,0.0,True,True,True
8be5348ca3425c10,2,3,10,0,3,-1,nan,no_rsmr_proposal,False,False,False,False,nan,nan,nan,nan,nan,nan,nan,nan,nan,nan,nan,nan,nan,nan,nan,nan,False,False,False
90244d4079fe5582,2,3,13,1,7,1,0.0010825669911689317,positive_0.001_0.01,True,True,True,True,0.0011527811222699254,0.0011527811222699254,0.0011527811222699254,0.08611879481008906,17.02044677734375,-3.777742385864258,0.0,0.0,0.0,0.0,0.0,0.0,0.0,0.0,0.0,0.0,True,True,True
a63aaf23916e5f10,2,3,8,1,19,0,-9.402019237750216e-05,mild_harm,False,False,False,True,-0.06153378612569097,-0.06577044556672466,-0.055086782740793976,0.029879230947025166,0.0,-2.4117660522460938,-5.045621219323948e-05,0.0,0.0,-0.020125389099121094,0.0,0.0,0.0,-0.020200729370117188,0.14117050170898438,0.04434776306152344,False,False,False
ac29e7c780d75eee,2,3,3,0,18,17,-1.1126175523124004e-06,mild_harm,False,False,False,True,-0.047039041991469556,-0.04560615424547931,-0.0453138842214819,0.03965212946633724,0.0,0.13518333435058594,0.0,0.0,0.00186842679977417,0.0031113028526306152,0.0,0.0,0.0,0.006832122802734375,0.01941967010498047,0.011867046356201172,False,False,False
b4a3828e9a685c84,2,3,1,0,17,16,0.0,mild_harm,False,False,False,True,-0.0372104772870941,-0.0372104772870941,-0.0372104772870941,0.047755536400725045,0.0,0.0,0.0,0.0,0.0,0.0,0.0,0.0,0.0,0.0,0.0,0.0,True,True,True
b9b7f27d456b5e0b,2,3,1,1,1,-1,nan,no_rsmr_proposal,False,False,False,False,nan,nan,nan,nan,nan,nan,nan,nan,nan,nan,nan,nan,nan,nan,nan,nan,False,False,False
c6eebddd3a955416,2,3,16,0,7,3,-0.00032615948114544935,mild_harm,False,False,False,True,-0.033915288989581516,-0.033915288989581516,-0.033915288989581516,0.051050724698237626,-4.863734722137451,-3.2494277954101562,-5.3817161642655265e-06,0.0,0.0,0.0,0.0,0.0,0.0,0.0,0.0,0.0,True,True,True
e06039dcbccd55a0,2,3,17,1,6,-1,nan,no_rsmr_proposal,False,False,False,False,nan,nan,nan,nan,nan,nan,nan,nan,nan,nan,nan,nan,nan,nan,nan,nan,False,False,False
ee1f7084ec1a54cf,2,3,11,0,3,-1,nan,no_rsmr_proposal,False,False,False,False,nan,nan,nan,nan,nan,nan,nan,nan,nan,nan,nan,nan,nan,nan,nan,nan,False,False,False
fa243f63e0525715,2,3,15,0,3,-1,nan,no_rsmr_proposal,False,False,False,False,nan,nan,nan,nan,nan,nan,nan,nan,nan,nan,nan,nan,nan,nan,nan,nan,False,False,False
1c3f933be722564d,2,3,2,0,0,7,-2.020616720138795,catastrophe,False,False,False,True,-0.02437403588116404,-0.04170069691684841,-0.03421960769809662,0.05074640598972252,-5.825197219848633,1.871495246887207,0.0,0.0,-0.0027768611907958984,-0.02190488576889038,0.0,0.0,0.0,-0.08261489868164062,-0.045392751693725586,-0.06772589683532715,False,False,False
27d3a84b2d335113,2,3,13,1,20,0,3.223411133512874e-06,positive_le_0.001,False,False,False,True,-0.018237994522996886,-0.018237994522996886,-0.018237994522996886,0.06672801916482225,0.0,0.06425857543945312,0.0,0.0,0.0,0.0,0.0,0.0,0.0,0.0,0.0,0.0,True,True,True
37c65539bccb5da7,2,3,18,1,11,19,3.19452974479645e-05,positive_le_0.001,True,True,True,True,0.130424363838848,0.130424363838848,0.130424363838848,0.21539037752666715,9.714468406129065e-16,-5.495441436767578,-7.529404683737084e-05,0.0,0.0,0.0,0.0,0.0,0.0,0.0,0.0,0.0,True,True,True
3dae82a193c9501b,2,3,17,0,3,-1,nan,no_rsmr_proposal,False,False,False,False,nan,nan,nan,nan,nan,nan,nan,nan,nan,nan,nan,nan,nan,nan,nan,nan,False,False,False
69a069b9a6985aaf,2,3,15,1,2,7,0.00017445414308459029,positive_le_0.001,False,False,False,True,-0.07139186315221965,-0.05528452678452705,-0.05978467143699896,0.02518134225082018,3.764556884765625,-0.7763786315917969,0.0,0.0,0.0,0.010243117809295654,0.0,0.0,0.0,0.07680106163024902,0.08440828323364258,0.07984375953674316,False,False,False
7d8759e340975895,2,3,12,1,4,14,0.00013285990655420576,positive_le_0.001,True,True,True,True,0.030701925552864315,0.030701925552864315,0.030701925552864315,0.11566793924068346,3.384613037109375,-0.8887009620666504,0.0,0.0,0.0,0.0,0.0,0.0,0.0,0.0,0.0,0.0,True,True,True
a99fbe3c63d15894,2,3,23,1,20,21,-3.527703285222117e-05,mild_harm,False,False,False,True,-0.003562803642287911,-0.003562803642287911,-0.003562803642287911,0.08140321004553124,-2.112893193739751e-14,-1.2522344589233398,0.0,0.0,0.0,0.0,0.0,0.0,0.0,0.0,0.0,0.0,True,True,True
aaf8a6e715785915,2,3,19,1,10,21,1.1295703612024255e-05,positive_le_0.001,False,False,False,True,-0.02125359957173692,-0.02125359957173692,-0.02125359957173692,0.06371241411608222,0.0,0.1647491455078125,0.0,0.0,0.0,0.0,0.0,0.0,0.0,0.0,0.0,0.0,True,True,True
adb358cddcdf5ad4,2,3,17,1,9,-1,nan,no_rsmr_proposal,False,False,False,False,nan,nan,nan,nan,nan,nan,nan,nan,nan,nan,nan,nan,nan,nan,nan,nan,False,False,False
ae3f167434e35c78,2,3,4,1,9,-1,nan,no_rsmr_proposal,False,False,False,False,nan,nan,nan,nan,nan,nan,nan,nan,nan,nan,nan,nan,nan,nan,nan,nan,False,False,False
ae62df1371af5474,2,3,9,0,1,-1,nan,no_rsmr_proposal,False,False,False,False,nan,nan,nan,nan,nan,nan,nan,nan,nan,nan,nan,nan,nan,nan,nan,nan,False,False,False
f0a54058d2af5c6c,2,3,16,1,2,4,0.0006539796369151585,positive_le_0.001,False,False,False,True,-0.06406887382250681,-0.06406887382250681,-0.06406887382250681,0.02089713986531233,13.190518379211426,-0.5223884582519531,0.0,0.0,0.0,0.0,0.0,0.0,0.0,0.0,0.0,0.0,True,True,True
f533a754e0245b89,2,3,7,1,4,10,-0.002852290576696337,mild_harm,False,False,False,True,-0.04157756950242752,-0.04157756950242752,-0.04157756950242752,0.043388444185391624,-55.43794250488281,-1.0101566314697266,0.0,0.0,0.0,0.0,0.0,0.0,0.0,0.0,0.0,0.0,True,True,True
f9c3f5c430be54aa,2,3,2,1,8,2,1.5646017807097174,material_positive_gt_0.2,True,True,True,True,0.14026879684115198,0.5631467926927999,0.38738983160297463,0.4723558452907938,201.20321655273438,-1.328927993774414,0.0,0.0,0.17827057838439941,0.423870250582695,0.0,0.0,0.0,2.0163159370422363,1.2252769470214844,1.6999006271362305,False,False,False
02bb7e4c3012543c,2,3,8,1,3,-1,nan,no_rsmr_proposal,False,False,False,False,nan,nan,nan,nan,nan,nan,nan,nan,nan,nan,nan,nan,nan,nan,nan,nan,False,False,False
105b657c237a5c20,2,3,11,1,2,-1,nan,no_rsmr_proposal,False,False,False,False,nan,nan,nan,nan,nan,nan,nan,nan,nan,nan,nan,nan,nan,nan,nan,nan,False,False,False
11aaf0aadcfb5861,2,3,17,0,2,-1,nan,no_rsmr_proposal,False,False,False,False,nan,nan,nan,nan,nan,nan,nan,nan,nan,nan,nan,nan,nan,nan,nan,nan,False,False,False
22b187e4a9c25c9b,2,3,14,0,3,-1,nan,no_rsmr_proposal,False,False,False,False,nan,nan,nan,nan,nan,nan,nan,nan,nan,nan,nan,nan,nan,nan,nan,nan,False,False,False
2f2543566c675f13,2,3,11,1,23,1,4.0812372416265674e-05,positive_le_0.001,False,False,False,True,-0.030298933072655583,-0.03314920761540181,-0.03227461200552889,0.05269140168229025,1.3322676295501878e-14,1.2121963500976562,-0.0002684240462258458,0.0,0.0002932548522949219,-0.002545595169067383,0.0,0.0,0.0,-0.013590335845947266,-0.013590335845947266,-0.013590335845947266,False,False,False
359105de514f5258,2,3,12,1,3,9,-0.00038073421872697466,mild_harm,False,False,False,False,-0.10074724498688739,-0.10074724498688739,-0.10074724498688739,-0.01578123129906825,-0.2970588803291321,-7.290487289428711,-0.0003635127213783562,0.0,0.0,0.0,0.0,0.0,0.0,0.0,0.0,0.0,True,True,True
5740c711ed2d5d2f,2,3,17,1,3,-1,nan,no_rsmr_proposal,False,False,False,False,nan,nan,nan,nan,nan,nan,nan,nan,nan,nan,nan,nan,nan,nan,nan,nan,False,False,False
5f01892cbea95932,2,3,14,0,3,-1,nan,no_rsmr_proposal,False,False,False,False,nan,nan,nan,nan,nan,nan,nan,nan,nan,nan,nan,nan,nan,nan,nan,nan,False,False,False
75fd8a14d25350e5,2,3,12,1,6,14,6.06032689663456,material_positive_gt_0.2,True,True,True,True,0.1343404675354907,0.417242491654786,0.09806799775790326,0.1830340114457224,1.0705947875976562,-8.181770324707031,-5.693213461199775e-05,0.0,0.6164298057556152,0.30631023645401,0.0,0.0,0.0,1.3488993644714355,-2.647128105163574,-0.24951171875,False,False,False
78dae1caad5656a7,2,3,15,1,19,17,0.00012827663570642465,positive_le_0.001,True,True,True,True,0.04223598323526685,0.04223598323526685,0.04223598323526685,0.12720199692308598,0.0,5.922904968261719,4.984347469871864e-05,0.0,0.0,0.0,0.0,0.0,0.0,0.0,0.0,0.0,True,True,True
a9e5024892425a19,2,3,10,1,7,9,0.10973590606988859,positive_0.01_0.2,True,True,True,True,0.04724571316666407,0.054000826830706714,0.051765838642116514,0.13673185232993565,16.217153549194336,-1.6478610038757324,0.0,0.0,-0.007700324058532715,0.01386195421218872,0.0,0.0,0.0,0.032208919525146484,0.0294189453125,0.031093120574951172,False,False,False
aaddf9a720325142,2,3,11,0,9,-1,nan,no_rsmr_proposal,False,False,False,False,nan,nan,nan,nan,nan,nan,nan,nan,nan,nan,nan,nan,nan,nan,nan,nan,False,False,False
d32e31e6812d546f,2,3,9,1,3,-1,nan,no_rsmr_proposal,False,False,False,False,nan,nan,nan,nan,nan,nan,nan,nan,nan,nan,nan,nan,nan,nan,nan,nan,False,False,False
e034837cf84e5081,2,3,8,1,3,-1,nan,no_rsmr_proposal,False,False,False,False,nan,nan,nan,nan,nan,nan,nan,nan,nan,nan,nan,nan,nan,nan,nan,nan,False,False,False
e865980d1e455826,2,3,16,1,3,-1,nan,no_rsmr_proposal,False,False,False,False,nan,nan,nan,nan,nan,nan,nan,nan,nan,nan,nan,nan,nan,nan,nan,nan,False,False,False
f125490e18b15e5c,2,3,21,1,20,19,2.2940688254813324e-05,positive_le_0.001,False,False,False,True,-8.408425948855451e-05,-8.408425948855451e-05,-8.408425948855451e-05,0.08488192942833059,0.0,0.6090927124023438,3.274565460742451e-05,0.0,0.0,0.0,0.0,0.0,0.0,0.0,0.0,0.0,True,True,True
f1d77af4b7285825,2,3,7,1,4,9,-0.00017149056606013957,mild_harm,True,True,True,True,0.03900817853473899,0.06804455664035619,0.08597046397064928,0.17093647765846842,-1.974313735961914,-1.663116455078125,0.0,0.0,0.0,0.0,0.0,0.0,0.0,0.13844776153564453,0.5999407768249512,0.323045015335083,True,False,False
2d8cf993fd4159e2,2,3,12,1,5,2,-0.0050927070549839915,mild_harm,False,False,False,False,-0.13088493189571843,-0.13088493189571843,-0.13088493189571843,-0.045918918207899284,-146.56903076171875,-3.8133068084716797,-2.513157596695237e-05,0.0,0.0,0.0,0.0,0.0,0.0,0.0,0.0,0.0,True,True,True
470e191769275e16,2,3,9,1,9,-1,nan,no_rsmr_proposal,False,False,False,False,nan,nan,nan,nan,nan,nan,nan,nan,nan,nan,nan,nan,nan,nan,nan,nan,False,False,False
549a8da7bb0b5e8a,2,3,2,0,1,2,-0.9131117959951052,catastrophe,False,False,False,False,-0.38975925435497205,-0.5274549239480754,-0.695180979381072,-0.610214965693253,-395.28977966308594,5.67408561706543,5.698181553270842e-07,0.0,0.0,0.0,0.0,-0.020546913146972656,0.0,-0.6565439105033875,-4.267535209655762,-2.100940465927124,False,False,False
5c921b6094c95071,2,3,2,1,1,-1,nan,no_rsmr_proposal,False,False,False,False,nan,nan,nan,nan,nan,nan,nan,nan,nan,nan,nan,nan,nan,nan,nan,nan,False,False,False
698c37f393b852d6,2,3,14,0,2,-1,nan,no_rsmr_proposal,False,False,False,False,nan,nan,nan,nan,nan,nan,nan,nan,nan,nan,nan,nan,nan,nan,nan,nan,False,False,False
71dfd904537f5299,2,3,6,1,9,-1,nan,no_rsmr_proposal,False,False,False,False,nan,nan,nan,nan,nan,nan,nan,nan,nan,nan,nan,nan,nan,nan,nan,nan,False,False,False
7ef659e1786d5ef0,2,3,1,0,1,-1,nan,no_rsmr_proposal,False,False,False,False,nan,nan,nan,nan,nan,nan,nan,nan,nan,nan,nan,nan,nan,nan,nan,nan,False,False,False
893f5457b66f5c0a,2,3,4,0,0,-1,nan,no_rsmr_proposal,False,False,False,False,nan,nan,nan,nan,nan,nan,nan,nan,nan,nan,nan,nan,nan,nan,nan,nan,False,False,False
8f090017c0c45c30,2,3,13,1,5,2,0.9801628914909379,material_positive_gt_0.2,False,False,False,False,-0.18330002289933214,-0.18330002289933214,-0.18330002289933214,-0.098334009211513,-188.88192749023438,-3.782257080078125,-3.120068140560761e-05,0.0,0.0,0.0,0.0,0.0,0.0,0.0,0.0,0.0,True,True,True
90003a4fe9855d90,2,3,21,1,20,-1,nan,no_rsmr_proposal,False,False,False,False,nan,nan,nan,nan,nan,nan,nan,nan,nan,nan,nan,nan,nan,nan,nan,nan,False,False,False
9d6b57b25d0e5698,2,3,29,1,27,28,-4.430631548166253e-05,mild_harm,False,False,False,True,-0.036670551804209195,-0.036670551804209195,-0.036670551804209195,0.04829546188360995,-5.551115123125783e-15,-0.4952430725097656,0.0,0.0,0.0,0.0,0.0,0.0,0.0,0.0,0.0,0.0,True,True,True
a5a77a41a5d4527c,2,3,17,1,22,2,-0.00012272540132673981,mild_harm,False,False,False,True,-0.056370761703063994,-0.028929593783603866,-0.05929287895004041,0.025673134737778734,0.0,-3.1252174377441406,-4.42255986854434e-05,0.0,0.0,0.16219766438007355,0.0,0.0,0.0,0.1308416724205017,-0.24651432037353516,-0.020100712776184082,False,False,False
b86d04e1e9105474,2,3,3,0,28,-1,nan,no_rsmr_proposal,False,False,False,False,nan,nan,nan,nan,nan,nan,nan,nan,nan,nan,nan,nan,nan,nan,nan,nan,False,False,False
c4a7fbc6d1e35668,2,3,6,1,7,21,1.9843287469431445,material_positive_gt_0.2,True,True,True,True,0.07908790289826137,0.46805347204887615,0.3165588818752264,0.40152489556304555,0.0,-2.2081165313720703,0.0,0.0,0.15565258264541626,0.08282303810119629,0.0,0.0,0.0,1.854618787765503,1.3018708229064941,1.6335196495056152,False,False,False
db167c9f01af53f1,2,3,17,0,3,9,-0.00040012851879001055,mild_harm,False,False,False,True,-0.1385159653695987,-0.0883037405150579,-0.03975631525819423,0.04520969842962491,-0.33001041412353516,-7.797294616699219,-0.0008115184755297378,0.0,0.0,0.007172048091888428,0.0,0.0,0.0,0.23941588401794434,1.3392503261566162,0.6793496608734131,False,False,False
e19f348970f556d2,2,3,5,0,4,-1,nan,no_rsmr_proposal,False,False,False,False,nan,nan,nan,nan,nan,nan,nan,nan,nan,nan,nan,nan,nan,nan,nan,nan,False,False,False
e1c764e511515749,2,3,10,1,5,20,0.000480583366891274,positive_le_0.001,True,True,True,True,0.16238827366902414,0.16238827366902414,0.16238827366902414,0.24735428735684328,17.665109634399403,-9.357048988342285,-0.0002933900395873934,0.0,0.0,0.0,0.0,0.0,0.0,0.0,0.0,0.0,True,True,True
e75b5a59035b5493,2,3,9,1,23,22,1.9060943658999463e-05,positive_le_0.001,False,False,False,True,-0.048734250594347876,-0.04320992480027105,-0.0397994348091179,0.04516657887870124,0.0,0.8117904663085938,0.0001080487563740462,0.0,0.0,0.0,0.0,0.0,0.0,0.02634042501449585,0.11414170265197754,0.06146097183227539,True,False,False
e86d2d8665685c70,2,3,11,1,3,-1,nan,no_rsmr_proposal,False,False,False,False,nan,nan,nan,nan,nan,nan,nan,nan,nan,nan,nan,nan,nan,nan,nan,nan,False,False,False
e9c39cd0c047561f,2,3,29,1,24,-1,nan,no_rsmr_proposal,False,False,False,False,nan,nan,nan,nan,nan,nan,nan,nan,nan,nan,nan,nan,nan,nan,nan,nan,False,False,False
0612f5d26b32561d,2,3,15,1,9,-1,nan,no_rsmr_proposal,False,False,False,False,nan,nan,nan,nan,nan,nan,nan,nan,nan,nan,nan,nan,nan,nan,nan,nan,False,False,False
07003d3990e35817,2,3,2,1,3,-1,nan,no_rsmr_proposal,False,False,False,False,nan,nan,nan,nan,nan,nan,nan,nan,nan,nan,nan,nan,nan,nan,nan,nan,False,False,False
0938c742dd0159e8,2,3,4,0,3,-1,nan,no_rsmr_proposal,False,False,False,False,nan,nan,nan,nan,nan,nan,nan,nan,nan,nan,nan,nan,nan,nan,nan,nan,False,False,False
097a309009705384,2,3,9,1,9,3,0.00048242681920529495,positive_le_0.001,True,True,True,True,0.10425942810473209,0.10425942810473209,0.10425942810473209,0.18922544179255124,2.347787857055664,7.326622009277344,0.0005201155991017004,0.0,0.0,0.0,0.0,0.0,0.0,0.0,0.0,0.0,True,True,True
12db610090455243,2,3,15,1,6,-1,nan,no_rsmr_proposal,False,False,False,False,nan,nan,nan,nan,nan,nan,nan,nan,nan,nan,nan,nan,nan,nan,nan,nan,False,False,False
1b2ded48330b5b03,2,3,17,1,1,5,0.0020229374388232024,positive_0.001_0.01,True,True,True,True,0.08823775752168476,0.2419754719842141,0.20815934063428324,0.2931253543221024,43.18666076660156,6.60899543762207,2.8094025310565485e-06,0.0,0.08860182762145996,0.2441677451133728,0.0,0.0,0.0,0.7330336570739746,0.9627463817596436,0.8249187469482422,False,False,False
2322ed0c8d8e5d5f,2,3,12,1,6,25,0.0026175350087694893,positive_0.001_0.01,True,True,False,True,0.13203370551557148,0.03410825883836295,-0.027652185376285526,0.057313828311533616,55.799068450927734,-4.695489883422852,-1.6255946775345365e-06,0.0,0.0,0.0,0.0,0.0,0.0,-0.4669163227081299,-2.045750617980957,-1.0984501838684082,True,False,False
253b0edab17c5d6d,2,3,17,0,1,-1,nan,no_rsmr_proposal,False,False,False,False,nan,nan,nan,nan,nan,nan,nan,nan,nan,nan,nan,nan,nan,nan,nan,nan,False,False,False
326079b8c9395f39,2,3,1,0,1,23,-0.0004300676556301397,mild_harm,False,True,True,True,-0.053651181954805977,0.024519855018260678,0.0005333776700171405,0.08549939135783628,0.0,-3.967700958251953,-0.0002685600775294006,0.0,0.07541400194168091,0.048572003841400146,0.0,0.0,0.0,0.3727257251739502,0.3727257251739502,0.3727257251739502,False,False,False
460cfd36104e5450,2,3,16,1,2,6,-0.001754277704656193,mild_harm,False,False,False,True,-0.07389455999292449,-0.07389455999292449,-0.07389455999292449,0.01107145369489465,-34.60850763320923,-0.8330001831054688,0.0,0.0,0.0,0.0,0.0,0.0,0.0,0.0,0.0,0.0,True,True,True
5b06ed05f63a5554,2,3,14,1,9,3,0.0001472774073248695,positive_le_0.001,True,True,True,True,0.09839026524194888,0.09986900579583531,0.09941526003304152,0.18438127372086066,-4.098904609680176,6.960115432739258,0.0003193455413565971,0.0,0.0,0.0012819170951843262,0.0,0.0,0.0,0.007050752639770508,0.007050514221191406,0.007050752639770508,False,False,False
5da895ba0a415a80,2,3,16,1,2,6,-0.0020260254189370386,mild_harm,False,False,False,False,-0.08885803527827532,-0.08885803527827532,-0.08885803527827532,-0.0038920215904561795,-40.1375207901001,-0.2688560485839844,0.0,0.0,0.0,0.0,0.0,0.0,0.0,0.0,0.0,0.0,True,True,True
5e16781ce6685597,2,3,12,1,3,9,0.9893989870341495,material_positive_gt_0.2,False,False,False,False,-0.08623712953344753,-0.08623712953344753,-0.08623712953344753,-0.00127111584562839,-0.9594254493713379,-7.280506134033203,-0.00036671199632110074,0.0,0.0,0.0,0.0,0.0,0.0,0.0,0.0,0.0,True,True,True
5f9c0089a0a355fe,2,3,1,1,7,-1,nan,no_rsmr_proposal,False,False,False,False,nan,nan,nan,nan,nan,nan,nan,nan,nan,nan,nan,nan,nan,nan,nan,nan,False,False,False
628e147a02bf5128,2,3,15,1,9,2,0.00017715641876420163,positive_le_0.001,False,False,False,True,-0.0807706527913229,-0.07418704963009803,-0.07620720254365033,0.008758811144168807,12.411548614501953,-6.919666290283203,-0.00031622315327695105,0.0,0.0,0.005707442760467529,0.0,0.0,0.0,0.031391143798828125,0.031391143798828125,0.031391143798828125,False,False,False
767b810b38de5665,2,3,10,1,3,-1,nan,no_rsmr_proposal,False,False,False,False,nan,nan,nan,nan,nan,nan,nan,nan,nan,nan,nan,nan,nan,nan,nan,nan,False,False,False
1fd9a12a263556d8,3,4,4,0,3,-1,nan,no_rsmr_proposal,False,False,False,False,nan,nan,nan,nan,nan,nan,nan,nan,nan,nan,nan,nan,nan,nan,nan,nan,False,False,False
399cc87ac7c55646,3,4,16,1,7,22,0.0005082323875802105,positive_le_0.001,False,False,False,True,-0.0034861667416903434,-0.0034861667416903434,-0.0034861667416903434,0.11676827384269312,11.590862274169853,-2.9170913696289062,0.0,0.0,0.0,0.0,0.0,0.0,0.0,0.0,0.0,0.0,True,True,True
41fdae5fd40d5324,3,4,19,1,21,22,-4.6419141395137586e-05,mild_harm,False,False,False,True,-0.008961666360752673,-0.06943173497511683,-0.0541597010045961,0.06609473957978737,-1.205632815803881e-15,-0.5225944519042969,-0.00020679213594121393,0.0,0.002902686595916748,-0.049120981246232986,0.0,0.0,0.0,-0.26610126718878746,-0.26610126718878746,-0.26610126718878746,False,False,False
46eb37ed09fc5718,3,4,22,1,21,-1,nan,no_rsmr_proposal,False,False,False,False,nan,nan,nan,nan,nan,nan,nan,nan,nan,nan,nan,nan,nan,nan,nan,nan,False,False,False
538f3eb865185615,3,4,26,0,31,19,-9.282299746971034e-05,mild_harm,False,True,False,True,-0.009374752338442361,0.00037525117044015684,-0.0024326758418567783,0.11782176474252669,-3.330668396249112e-14,-3.4690494537353516,-2.0764275177498348e-05,0.0,0.0003801584243774414,0.006535887718200684,0.0,0.0,0.0,0.042905330657958984,0.03781890869140625,0.04087114334106445,False,False,False
667054412512521b,3,4,11,0,3,9,-0.00010643603205681695,mild_harm,False,True,True,True,-0.02590477354665696,0.1719547190250425,0.06576986878506909,0.18602430936945255,-4.390678405761719,-7.648839950561523,-0.00046255687448137905,0.0,0.0,0.018236637115478516,0.0,0.0,0.0,0.8706896305084229,0.043290138244628906,0.5397300720214844,False,False,False
86f569f804fb5848,3,4,8,1,3,-1,nan,no_rsmr_proposal,False,False,False,False,nan,nan,nan,nan,nan,nan,nan,nan,nan,nan,nan,nan,nan,nan,nan,nan,False,False,False
98dbc922be205d29,3,4,16,1,7,26,0.00022450695186848613,positive_le_0.001,True,True,True,True,0.10494979581398148,0.10494979581398148,0.10494979581398148,0.22520423639836495,15.405349731445298,-9.327030181884766,-0.00014755513984709978,0.0,0.0,0.0,0.0,0.0,0.0,0.0,0.0,0.0,True,True,True
ba95a132236555b4,3,4,9,0,21,25,-0.00042002055742784705,mild_harm,True,True,True,True,0.03651430245356667,0.10017682447914646,0.08409851960365425,0.20435296018803772,2.6645352591003757e-14,-7.730707168579102,-0.00013393278823059518,0.0,0.0019507408142089844,0.050439758226275444,0.0,0.0,0.0,0.28014980256557465,0.28014980256557465,0.28014980256557465,False,False,False
bc346dea1bcd5cc3,3,4,29,1,26,28,-9.483449810643307e-05,mild_harm,False,False,False,False,-0.12226759347284359,-0.12226759347284359,-0.12226759347284359,-0.002013152888460129,-1.4432899320127035e-13,-3.2702503204345703,3.2938625622591644e-06,0.0,0.0,0.0,0.0,0.0,0.0,0.0,0.0,0.0,True,True,True
c0426fcae01a50cf,3,4,17,1,2,-1,nan,no_rsmr_proposal,False,False,False,False,nan,nan,nan,nan,nan,nan,nan,nan,nan,nan,nan,nan,nan,nan,nan,nan,False,False,False
c075c65bf21d5842,3,4,14,1,3,9,-0.0004111885782156488,mild_harm,True,True,True,True,0.03009411012014647,0.03009411012014647,0.03009411012014647,0.15034855070452993,-0.4926109313964844,-6.6532745361328125,-0.0001339348479518776,0.0,0.0,0.0,0.0,0.0,0.0,0.0,0.0,0.0,True,True,True
d1f387a440e25adc,3,4,17,1,10,26,-0.00016852544695122873,mild_harm,True,True,True,True,0.016876260001926796,0.016876260001926796,0.016876260001926796,0.13713070058631027,3.5742893020329625e-14,-2.8366470336914062,7.649563485756516e-06,0.0,0.0,0.0,0.0,0.0,0.0,0.0,0.0,0.0,True,True,True
f462fca7c1f8594c,3,4,5,1,19,20,-7.948029409162718e-05,mild_harm,False,False,False,True,-0.05807161910903153,-0.05807161910903153,-0.05807161910903153,0.06218282147535193,0.0,-1.23052978515625,-4.2993131501134485e-05,0.0,0.0,0.0,0.0,0.0,0.0,0.0,0.0,0.0,True,True,True
f5b6478d00565e99,3,4,2,1,2,-1,nan,no_rsmr_proposal,False,False,False,False,nan,nan,nan,nan,nan,nan,nan,nan,nan,nan,nan,nan,nan,nan,nan,nan,False,False,False
258a909f4194587f,3,4,14,1,22,24,-0.00010657218275592073,mild_harm,True,True,True,True,0.0059125470350017304,0.5291182202546593,0.6705708945147989,0.7908253350991824,-4.2743586448068527e-14,-8.357845306396484,-0.00046845283213770017,0.0,-0.00011736154556274414,0.19899789988994598,0.0,0.0,0.0,2.3023901879787445,6.329275190830231,3.9131442308425903,False,False,False
09be490c13cb56b6,3,4,19,1,22,23,-8.767266422510158e-05,mild_harm,False,False,False,True,-0.04059758086137133,-0.04059758086137133,-0.04059758086137133,0.07965685972301213,-7.327471962526033e-14,-1.7075729370117188,-6.826543540228158e-05,0.0,0.0,0.0,0.0,0.0,0.0,0.0,0.0,0.0,True,True,True
2f4a06067a6f5d7f,3,4,3,1,10,-1,nan,no_rsmr_proposal,False,False,False,False,nan,nan,nan,nan,nan,nan,nan,nan,nan,nan,nan,nan,nan,nan,nan,nan,False,False,False
33cd12f0c4a75e41,3,4,16,1,1,-1,nan,no_rsmr_proposal,False,False,False,False,nan,nan,nan,nan,nan,nan,nan,nan,nan,nan,nan,nan,nan,nan,nan,nan,False,False,False
3cd8e7898e005bc4,3,4,8,1,4,-1,nan,no_rsmr_proposal,False,False,False,False,nan,nan,nan,nan,nan,nan,nan,nan,nan,nan,nan,nan,nan,nan,nan,nan,False,False,False
3f68aa4cebd65ce8,3,4,21,1,21,23,-0.0006958824434317649,mild_harm,False,False,False,True,-0.018466695048261903,-0.018466695048261903,-0.018466695048261903,0.10178774553612156,3.9968028886505635e-14,-8.394214630126953,-0.00037111350684426725,0.0,0.0,0.0,0.0,0.0,0.0,0.0,0.0,0.0,True,True,True
420b77ddd4f052b3,3,4,18,1,22,-1,nan,no_rsmr_proposal,False,False,False,False,nan,nan,nan,nan,nan,nan,nan,nan,nan,nan,nan,nan,nan,nan,nan,nan,False,False,False
56e384e4189f536f,3,4,19,1,7,3,-1.771524733840124e-05,mild_harm,True,True,True,True,0.0018453444255964865,0.0046274529185843915,0.003924816781596566,0.12417925736598003,0.6884012222290039,-1.8955860137939453,-1.7037014913512394e-05,0.0,-0.00023424625396728516,0.002285569906234741,0.0,0.0,0.0,0.012242794036865234,0.012242794036865234,0.012242794036865234,False,False,False
7f9f132592f45a84,3,4,25,0,7,14,-0.000653486872685613,mild_harm,True,True,True,True,0.07147905122946537,0.07147905122946537,0.07147905122946537,0.19173349181384883,0.6167433261871338,-12.320999145507812,-0.0010890925768762827,0.0,0.0,0.0,0.0,0.0,0.0,0.0,0.0,0.0,True,True,True
9d81a9a1677354a1,3,4,10,1,0,26,-0.00040758806355301047,mild_harm,True,True,True,True,0.030586728803499195,0.030586728803499195,0.030586728803499195,0.15084116938788267,-4.440892098500626e-14,-4.025165557861328,-2.164626494050026e-05,0.0,0.0,0.0,0.0,0.0,0.0,0.0,0.0,0.0,True,True,True
b0f9569dfe425d61,3,4,9,0,1,-1,nan,no_rsmr_proposal,False,False,False,False,nan,nan,nan,nan,nan,nan,nan,nan,nan,nan,nan,nan,nan,nan,nan,nan,False,False,False
e516f368a8fb5a16,3,4,3,1,10,11,-0.00044736977913416905,mild_harm,False,False,False,True,-0.08479227233289507,-0.08479227233289507,-0.08479227233289507,0.03546216825148839,1.2132878303527832,-7.51759147644043,-0.00031617898821423296,0.0,0.0,0.0,0.0,0.0,0.0,0.0,0.0,0.0,True,True,True
f997536112085ece,3,4,17,1,23,24,-8.260559672490508e-05,mild_harm,False,False,False,True,-0.03213826852396213,-0.03213826852396213,-0.03213826852396213,0.08811617206042133,1.1615599974923452e-14,-1.4204063415527344,-0.00019198213703930378,0.0,0.0,0.0,0.0,0.0,0.0,0.0,0.0,0.0,True,True,True
925cbce83b0c5797,3,4,16,1,1,-1,nan,no_rsmr_proposal,False,False,False,False,nan,nan,nan,nan,nan,nan,nan,nan,nan,nan,nan,nan,nan,nan,nan,nan,False,False,False
050392bdc27a5f5c,3,4,1,1,3,-1,nan,no_rsmr_proposal,False,False,False,False,nan,nan,nan,nan,nan,nan,nan,nan,nan,nan,nan,nan,nan,nan,nan,nan,False,False,False
1ae7a63963375f27,3,4,2,1,1,-1,nan,no_rsmr_proposal,False,False,False,False,nan,nan,nan,nan,nan,nan,nan,nan,nan,nan,nan,nan,nan,nan,nan,nan,False,False,False
1bd0f4142cdc52f5,3,4,10,1,2,0,-2.8255283832552547e-06,mild_harm,False,False,False,True,-0.034371246286480375,-0.034371246286480375,-0.034371246286480375,0.08588319429790309,0.0,-0.2880592346191406,0.0,0.0,0.0,0.0,0.0,0.0,0.0,0.0,0.0,0.0,True,True,True
2e91c253ccb958d1,3,4,16,1,9,3,-6.759409550577411e-05,mild_harm,False,False,False,True,-0.0394050494065771,-0.0394050494065771,-0.0394050494065771,0.08084939117780636,-3.941291737419306e-14,-1.0830039978027344,0.0,0.0,0.0,0.0,0.0,0.0,0.0,0.0,0.0,0.0,True,True,True
63464806708f5d70,3,4,3,1,6,-1,nan,no_rsmr_proposal,False,False,False,False,nan,nan,nan,nan,nan,nan,nan,nan,nan,nan,nan,nan,nan,nan,nan,nan,False,False,False
67a57ae417045162,3,4,4,0,1,-1,nan,no_rsmr_proposal,False,False,False,False,nan,nan,nan,nan,nan,nan,nan,nan,nan,nan,nan,nan,nan,nan,nan,nan,False,False,False
6ed7b0d3fc715d28,3,4,11,1,6,8,0.0009856917359167827,positive_le_0.001,False,False,False,True,-0.06961207781528286,-0.040854909545820606,-0.058479631669048515,0.06177480891533495,3.3616943359375,-3.4583001136779785,0.0,0.0,0.0,-0.009630203247070312,0.0,0.0,0.0,0.1265472173690796,-0.025966167449951172,0.06554174423217773,False,False,False
78a96b59eca751e7,3,4,16,1,1,5,0.0035972677305342593,positive_0.001_0.01,False,False,False,True,-0.004522987805391773,-0.004522987805391773,-0.004522987805391773,0.11573145277899169,68.04937744140625,2.734539031982422,0.0,0.0,0.0,0.0,0.0,0.0,0.0,0.0,0.0,0.0,True,True,True
986b52e5fc685833,3,4,17,1,23,25,-0.00015336611177785286,mild_harm,False,False,True,True,-0.0071615107857436935,-0.001998920925499011,0.0018422400512536144,0.12209668063563708,0.0,-5.899618148803711,-1.56825699377805e-05,0.0,0.0,0.0,0.0,0.0,0.0,0.022718209773302078,0.09844557195901871,0.05300915241241455,True,False,False
9f32f8bd95195212,3,4,4,0,7,26,-0.0002767197914421558,mild_harm,False,False,False,True,-0.03265742855754608,-0.022366227741235013,-0.014709172610071975,0.10554526797431149,0.0,-0.5583763122558594,0.0,0.0,0.0,0.0,0.0,0.0,0.0,0.04528689384460449,0.1962432861328125,0.10566949844360352,True,False,False
b4c84a922cb957a8,3,4,19,1,20,22,-0.00014493191324800115,mild_harm,False,False,False,True,-0.054129146975057475,-0.054129146975057475,-0.054129146975057475,0.06612529360932598,0.0,-3.2979736328125,0.0,0.0,0.0,0.0,0.0,0.0,0.0,0.0,0.0,0.0,True,True,True
b8c14f4001735d94,3,4,1,0,3,7,-0.002120794901170231,mild_harm,False,False,False,True,-0.06496347924107788,-0.02033466646059165,-0.01502334089360255,0.10523109969078091,-42.18418884277344,0.2154979705810547,0.0,0.0,0.0,0.035611480474472046,0.0,0.0,0.0,0.19639110565185547,0.4404635429382324,0.2940201759338379,False,False,False
bd29c544e8035592,3,4,2,1,3,-1,nan,no_rsmr_proposal,False,False,False,False,nan,nan,nan,nan,nan,nan,nan,nan,nan,nan,nan,nan,nan,nan,nan,nan,False,False,False
c34206b68ee6576f,3,4,11,1,25,1,-4.7573717791848935e-06,mild_harm,False,False,False,True,-0.010200336842411825,-0.01131276712223096,-0.011031817002402616,0.10922262358198084,0.0,-0.0960845947265625,2.1115590925546712e-05,0.0,0.0,-0.0008900947868824005,0.0,0.0,0.0,-0.004895299673080444,-0.004895299673080444,-0.004895299673080444,False,False,False
efc9ce296b1955e3,3,4,12,1,23,25,0.00011972584798932075,positive_le_0.001,False,False,False,False,-0.017564470039007178,-0.11220712800341537,-0.18262482570347885,-0.06237038511909539,0.0,-3.497283935546875,-1.7567820975727955e-07,0.0,0.0,0.0,0.0,0.0,0.0,-0.41647928953170776,-1.8047435283660889,-0.9717849493026733,True,False,False
0831e7eae1365d56,3,4,5,1,2,9,-0.00045407741218805257,mild_harm,False,True,False,True,-0.034164652453523056,0.01926667574771771,-0.007296249771855185,0.11295819081252828,0.8875236511230469,-7.2767181396484375,-0.0004471445572562516,0.0,0.0,0.011302530765533447,0.0,0.0,0.0,0.23512697219848633,0.04277610778808594,0.1581864356994629,False,False,False
174ebef468f65cc9,3,4,15,1,2,-1,nan,no_rsmr_proposal,False,False,False,False,nan,nan,nan,nan,nan,nan,nan,nan,nan,nan,nan,nan,nan,nan,nan,nan,False,False,False
40e3009527ee5be5,3,4,16,1,2,5,0.00040748283686098397,positive_le_0.001,False,True,True,True,-0.004527685163649546,0.48549610919955877,0.2313834118658775,0.35163785245026097,7.980587005615234,-0.3307781219482422,0.0,0.0,0.0,0.8600189685821533,0.0,0.0,0.0,2.156371831893921,0.2377305030822754,1.3889153003692627,False,False,False
4f48d8ce00c3509c,3,4,16,1,2,6,0.0004191477632149443,positive_le_0.001,False,False,False,True,-0.0033652878207937236,-0.0014295687898789847,-0.0023112565358478603,0.1179431840485356,8.169970512390137,-0.29462242126464844,0.0,0.0,0.0,0.0008637309074401855,0.0,0.0,0.0,0.008518218994140625,0.002735614776611328,0.006205558776855469,False,False,False
5979437fa70f5fd8,3,4,2,0,3,9,-0.00016503224619679457,mild_harm,False,False,False,True,-0.08499399933087717,-0.08499399933087717,-0.08499399933087717,0.03526044125350629,5.792217254638672,-7.465015411376953,-0.0003226203316444298,0.0,0.0,0.0,0.0,0.0,0.0,0.0,0.0,0.0,True,True,True
87237d7e0ff25ebb,3,4,1,0,2,-1,nan,no_rsmr_proposal,False,False,False,False,nan,nan,nan,nan,nan,nan,nan,nan,nan,nan,nan,nan,nan,nan,nan,nan,False,False,False
9bcb80a60af853a2,3,4,12,1,18,12,-0.0004041901597287012,mild_harm,False,True,True,True,-0.006622917066955742,0.061417325137191725,0.025949759734793357,0.14620420031917683,-2.587649345397949,-4.589925765991211,0.0,0.0,0.0,0.006622672080993652,0.0,0.0,0.0,0.29941415786743164,0.030303478240966797,0.19177007675170898,False,False,False
a2326fd4694d5191,3,4,2,0,3,9,-0.00030376721397029627,mild_harm,False,False,False,True,-0.023243581585685024,-0.023243581585685024,-0.023243581585685024,0.09701085899869843,2.926990509033203,-7.616455078125,-0.0004204145152471028,0.0,0.0,0.0,0.0,0.0,0.0,0.0,0.0,0.0,True,True,True
bc50e785e5cf5d5e,3,4,14,0,2,3,-0.0001464746225625646,mild_harm,False,False,False,True,-0.059256347576498725,-0.059256347576498725,-0.059256347576498725,0.06099809300788474,-1.4680891036987305,-3.788084030151367,-6.458911229856312e-06,0.0,0.0,0.0,0.0,0.0,0.0,0.0,0.0,0.0,True,True,True
be3f5af9cebd56a0,3,4,7,1,16,8,7.009943267322072e-05,positive_le_0.001,False,True,False,True,-0.050573627478246244,0.004797212306869511,-0.024249410765807763,0.0960050298185757,-1.1918964385986328,-4.785362243652344,0.0,0.0,0.0,0.00883394479751587,0.0,0.0,0.0,0.24366188049316406,0.021963119506835938,0.1549825668334961,False,False,False
ccb8e05950fc5fca,3,4,19,1,21,23,-0.00018302063196906637,mild_harm,True,True,True,True,0.03059005446147329,0.03059005446147329,0.03059005446147329,0.15084449504585676,0.0,-2.9598236083984375,0.0,0.0,0.0,0.0,0.0,0.0,0.0,0.0,0.0,0.0,True,True,True
faf0ce0d2dc95076,3,4,7,1,3,-1,nan,no_rsmr_proposal,False,False,False,False,nan,nan,nan,nan,nan,nan,nan,nan,nan,nan,nan,nan,nan,nan,nan,nan,False,False,False
0395a156348a5041,3,4,8,1,2,24,-0.00039037971599031884,mild_harm,True,True,True,True,0.00015365869916134436,0.03463787992491442,0.024874920119145078,0.14512936070352855,-8.465451409799766e-15,-4.253910064697266,-0.0001493934541940689,0.0,0.0,0.037873029708862305,0.0,0.0,0.0,0.1517493724822998,0.13623952865600586,0.14554524421691895,False,False,False
0d99f7ef1331585c,3,4,2,0,4,-1,nan,no_rsmr_proposal,False,False,False,False,nan,nan,nan,nan,nan,nan,nan,nan,nan,nan,nan,nan,nan,nan,nan,nan,False,False,False
1a775b7a88eb5558,3,4,12,1,22,21,0.0,mild_harm,False,False,False,True,-0.042542676124587654,-0.042542676124587654,-0.042542676124587654,0.0777117644597958,0.0,0.0,0.0,0.0,0.0,0.0,0.0,0.0,0.0,0.0,0.0,0.0,True,True,True
2777ce9cfe665ad6,3,4,19,1,31,20,-0.0003108637665398817,mild_harm,True,True,True,True,0.08303370123073452,0.08303370123073452,0.08303370123073452,0.20328814181511798,2.3245294578089215e-15,-9.277620315551758,-0.0006256508058868349,0.0,0.0,0.0,0.0,0.0,0.0,0.0,0.0,0.0,True,True,True
4db8527b43a95f0d,3,4,17,0,5,11,-0.00032001790143532105,mild_harm,True,True,True,True,0.02691777011596715,0.05996743109483933,0.05162056533547696,0.17187500591986044,-10.795000076293945,-8.684331893920898,-0.00023418001364916563,0.0,0.0,0.026443064212799072,0.0,0.0,0.0,0.14543652534484863,0.14543652534484863,0.14543652534484863,False,False,False
5d00c83bfb0c508d,3,4,12,1,3,-1,nan,no_rsmr_proposal,False,False,False,False,nan,nan,nan,nan,nan,nan,nan,nan,nan,nan,nan,nan,nan,nan,nan,nan,False,False,False
5f60684cc6045646,3,4,17,1,9,2,-0.9895701892308891,catastrophe,False,False,False,True,-0.008635258626844484,-0.008635258626844484,-0.008635258626844484,0.11161918195753898,5.443321228027344,-3.4353199005126953,-4.704961975221522e-05,0.0,0.0,0.0,0.0,0.0,0.0,0.0,0.0,0.0,True,True,True
633d93f8f6bc51b5,3,4,5,0,4,-1,nan,no_rsmr_proposal,False,False,False,False,nan,nan,nan,nan,nan,nan,nan,nan,nan,nan,nan,nan,nan,nan,nan,nan,False,False,False
6f319806306450c0,3,4,17,0,3,9,-0.00012574573676671363,mild_harm,True,True,True,True,0.01017431425830735,0.018606243075516844,0.01647671509110759,0.13673115567549105,4.4948649406433105,-7.076517105102539,-8.60175205161795e-05,0.0,0.0,0.006746351718902588,0.0,0.0,0.0,0.03710508346557617,0.03710508346557617,0.03710508346557617,False,False,False
74bb5ba3f6a75df3,3,4,8,1,3,-1,nan,no_rsmr_proposal,False,False,False,False,nan,nan,nan,nan,nan,nan,nan,nan,nan,nan,nan,nan,nan,nan,nan,nan,False,False,False
8515fe3938815bd1,3,4,17,0,3,9,-0.00012392938693811528,mild_harm,True,True,True,True,0.03685076885206104,0.03849532817428411,0.038079986065187164,0.15833442664957062,5.0306396484375,-6.787736892700195,-5.159688771527726e-05,0.0,0.0,0.0013157129287719727,0.0,0.0,0.0,0.007236957550048828,0.007236957550048828,0.007236957550048828,False,False,False
9a807a00fda657be,3,4,4,1,3,9,-7.209880230948321e-05,mild_harm,False,True,True,True,-0.0004692511794667821,0.0027382733970058547,0.0019281961899571074,0.12218263677434058,-0.4864497184753418,-7.0728302001953125,-0.00011146597898914479,0.0,0.0,0.002566218376159668,0.0,0.0,0.0,0.014114856719970703,0.014114856719970703,0.014114856719970703,False,False,False
bb77e9686029538d,3,4,18,1,7,22,0.0002012102944777272,positive_le_0.001,True,True,True,True,0.024901757687047964,0.033915897562984784,0.04659946225180221,0.16685390283618567,8.99852752685544,-6.537754058837891,-0.00024029941414482892,0.0,0.0,-0.015018045902252197,0.0,0.0,0.0,0.03966712951660156,0.259859561920166,0.12774419784545898,False,False,False
d97f7fc3e5a35f1e,3,4,16,1,6,-1,nan,no_rsmr_proposal,False,False,False,False,nan,nan,nan,nan,nan,nan,nan,nan,nan,nan,nan,nan,nan,nan,nan,nan,False,False,False
fee89379e3375727,3,4,17,1,7,2,0.00025139094404913465,positive_le_0.001,True,True,True,True,0.08295393888836523,0.05189542239295553,0.06303684580351991,0.18329128638790337,11.111738204956042,-10.314271926879883,-0.0004136241914238781,0.0,0.0,-0.02447885274887085,0.0,0.0,0.0,-0.1366744041442871,-0.08814096450805664,-0.11726093292236328,False,False,False
0f6992119fc759c4,3,4,4,1,3,9,0.9896811794601963,material_positive_gt_0.2,False,True,False,False,-0.20594169276408886,0.0092362761833083,-0.2871473762929244,-0.16689293570854097,0.06266731023788452,-7.312965393066406,-0.0005721970501326723,0.0,0.0,0.366481214761734,0.0,0.0,0.0,0.9469003677368164,-2.615586757659912,-0.47809457778930664,False,False,False
147b934bc401590e,3,4,18,1,4,1,0.9893352683567442,material_positive_gt_0.2,False,False,False,True,-0.05313847208140236,-0.01637015874567102,-0.07582010926219818,0.044434331322185286,-15.249213695526123,-3.6257362365722656,-0.00010473046131664887,0.0,0.0,0.06969153881072998,0.0,0.0,0.0,0.16180062294006348,-0.5765433311462402,-0.13353705406188965,False,False,False
1f19613acc175257,3,4,17,0,7,3,-0.00011537165888553247,mild_harm,False,False,False,True,-0.030941004448048176,-0.07088075892780171,-0.0607937638049921,0.05946067677939136,4.483952283859253,-3.021921157836914,-0.00011212132085347548,0.0,0.0,-0.0319557785987854,0.0,0.0,0.0,-0.17575669288635254,-0.17575669288635254,-0.17575669288635254,False,False,False
28a9f1a2abfe555c,3,4,4,1,1,0,0.00011182901499556808,positive_le_0.001,False,False,False,False,-0.02455116671723812,-0.0357694300150198,-0.2728150382223449,-0.15256059763796143,12.529164910316467,-7.5469970703125,-0.00028046326769981533,0.0,0.0,0.18360726535320282,0.0,0.0,0.0,-0.04936647415161133,-3.5800544023513794,-1.4616416692733765,False,False,False
59d1bd367a965623,3,4,19,1,5,9,0.0002097983349114152,positive_le_0.001,False,True,True,True,-0.024294100705087394,0.5124969983769916,0.3769275821665504,0.49718202275093387,-0.76275634765625,-3.9232654571533203,-0.00010928048141067848,0.0,0.0,0.4294860363006592,0.0,0.0,0.0,2.362173467874527,2.362173467874527,2.362173467874527,False,False,False
86abbd3f53575fd5,3,4,17,1,3,9,1.9791943842181936,material_positive_gt_0.2,True,True,True,True,0.061479874179848557,0.10145143192514025,0.12533202680542063,0.2455864673898041,-1.198291540145874,-6.997154235839844,-0.00024134633713401854,0.0,0.0,0.022147834300994873,0.0,0.0,0.0,0.17589664459228516,0.675971508026123,0.37592649459838867,False,False,False
8ad88f000c1750a0,3,4,17,1,3,9,-0.0005808805376524007,mild_harm,False,False,False,True,-0.01922015600232755,-0.01922015600232755,-0.01922015600232755,0.1010342845820559,-2.3277053833007812,-6.992425918579102,-0.0002536156550831947,0.0,0.0,0.0,0.0,0.0,0.0,0.0,0.0,0.0,True,True,True
b183aa1eebac52fc,3,4,17,1,2,7,0.0001314637799514351,positive_le_0.001,True,True,True,True,0.016848934867236886,0.14674046045834577,0.11633603537709691,0.23659047596148036,-3.0222323834896088,-1.0072879791259766,0.0,0.0,0.0,0.10199892520904541,0.0,0.0,0.0,0.5715935230255127,0.6069240570068359,0.5857255458831787,False,False,False
e06dab45945a571c,3,4,17,1,3,-1,nan,no_rsmr_proposal,False,False,False,False,nan,nan,nan,nan,nan,nan,nan,nan,nan,nan,nan,nan,nan,nan,nan,nan,False,False,False
15c64c983b935d86,3,4,5,1,20,-1,nan,no_rsmr_proposal,False,False,False,False,nan,nan,nan,nan,nan,nan,nan,nan,nan,nan,nan,nan,nan,nan,nan,nan,False,False,False
1fad9f3e334d5e4e,3,4,16,0,2,3,-5.923158902421122e-05,mild_harm,False,False,False,True,-0.04078095642299187,-0.027281093264320086,-0.03337560507241133,0.08687883551197213,0.8741896152496338,-3.6611404418945312,-1.775281816662755e-05,0.0,0.0,0.005348384380340576,0.0,0.0,0.0,0.05940675735473633,0.019886016845703125,0.04359865188598633,False,False,False
2d79aaf4c8d6582e,3,4,9,1,22,21,0.0,mild_harm,False,False,False,True,-0.042039112038469106,-0.042039112038469106,-0.042039112038469106,0.07821532854591436,0.0,0.0,0.0,0.0,0.0,0.0,0.0,0.0,0.0,0.0,0.0,0.0,True,True,True
3d5f4f15e1f053cd,3,4,4,1,22,-1,nan,no_rsmr_proposal,False,False,False,False,nan,nan,nan,nan,nan,nan,nan,nan,nan,nan,nan,nan,nan,nan,nan,nan,False,False,False
4f547ba1d6e953b1,3,4,17,0,2,3,-4.7124452050795185e-05,mild_harm,False,False,False,True,-0.06112107870907165,-0.028338575996585513,-0.04429448245617379,0.07595995812820967,1.0246083736419678,-3.6440601348876953,-9.60619217948988e-06,0.0,0.0,0.007334291934967041,0.0,0.0,0.0,0.14426088333129883,0.03127336502075195,0.09906578063964844,False,False,False
57a59636cde25b02,3,4,10,1,21,2,1.5957976206366964,material_positive_gt_0.2,False,False,False,True,-0.03141976821068224,-0.03141976821068224,-0.03141976821068224,0.08883467237370121,0.0,-3.7874984741210938,0.0,0.0,0.0,0.0,0.0,0.0,0.0,0.0,0.0,0.0,True,True,True
77d52cd328e05b79,3,4,6,0,10,12,-0.0012133296082392775,mild_harm,False,True,True,True,-0.001471183383308412,0.03221470544431074,0.023707156994458634,0.14396159757884208,-13.842758178710938,-7.453296661376953,-0.00035164193832315505,0.0,0.01743912696838379,0.02251291275024414,0.0,0.0,0.0,0.14823627471923828,0.14823627471923828,0.14823627471923828,False,False,False
7c467941fb3d5524,3,4,11,1,20,19,0.0,mild_harm,False,False,False,True,-0.04225889330997362,-0.04225889330997362,-0.04225889330997362,0.07799554727440984,0.0,0.0,0.0,0.0,0.0,0.0,0.0,0.0,0.0,0.0,0.0,0.0,True,True,True
855d4a2e69115db2,3,4,1,0,9,-1,nan,no_rsmr_proposal,False,False,False,False,nan,nan,nan,nan,nan,nan,nan,nan,nan,nan,nan,nan,nan,nan,nan,nan,False,False,False
949849ded44f514f,3,4,5,1,18,-1,nan,no_rsmr_proposal,False,False,False,False,nan,nan,nan,nan,nan,nan,nan,nan,nan,nan,nan,nan,nan,nan,nan,nan,False,False,False
a74ab03d0fb05d72,3,4,12,0,3,-1,nan,no_rsmr_proposal,False,False,False,False,nan,nan,nan,nan,nan,nan,nan,nan,nan,nan,nan,nan,nan,nan,nan,nan,False,False,False
c0815ea46b825526,3,4,12,0,2,-1,nan,no_rsmr_proposal,False,False,False,False,nan,nan,nan,nan,nan,nan,nan,nan,nan,nan,nan,nan,nan,nan,nan,nan,False,False,False
cfdc02dc40405e6f,3,4,2,1,5,9,2.019834518898582,material_positive_gt_0.2,False,False,False,True,-0.03868948412631111,-0.20234846552334868,-0.11787838319022909,0.0023760573941543767,-4.690940856933594,-1.6684072017669678,0.0,0.0,0.0,-0.3121173232793808,0.0,0.0,0.0,-0.7201887369155884,-0.08526873588562012,-0.4662208557128906,False,False,False
de3c0c52e7815332,3,4,1,1,24,22,3.1496425274491777,material_positive_gt_0.2,True,True,True,True,2.5707630267016706,3.573711892299266,3.698232771090186,3.818487211674569,0.0,22.022388458251953,0.0,0.0,0.0372886061668396,0.0,0.0,0.0,0.0,4.413521766662598,9.974527359008789,6.6379241943359375,False,False,False
f26eb5a6f93c50b4,3,4,16,1,4,17,0.0022419899821281434,positive_0.001_0.01,True,True,True,True,0.018112161728310858,0.018112161728310858,0.018112161728310858,0.13836660231269432,53.05155563354489,-14.517528533935547,-0.0010640864493325353,0.0,0.0,0.0,0.0,0.0,0.0,0.0,0.0,0.0,True,True,True
f28c5026aff854cb,3,4,26,1,6,22,0.92972289563152,material_positive_gt_0.2,False,True,True,True,-0.07780697044758272,0.19631510041509154,0.0825269490567718,0.20278138964115527,10.820388793945312,-2.714914321899414,-2.8951184503966942e-05,0.0,0.0,0.5309202522039413,0.0,0.0,0.0,1.2062865495681763,0.5504660606384277,0.9439582824707031,False,False,False
faf93d61f8bd5238,3,4,18,0,2,24,-9.455366143940047e-05,mild_harm,False,False,False,False,-0.037330753465325786,-0.11682602263063091,-0.17318934408363984,-0.05293490349925638,0.0,-0.9684371948242188,-9.272662282455713e-05,0.0,0.00402677059173584,-0.003536999225616455,0.0,0.0,0.0,-0.3498225212097168,-1.4749183654785156,-0.799860954284668,False,False,False
073ef4e9c6185fdd,3,4,2,1,1,-1,nan,no_rsmr_proposal,False,False,False,False,nan,nan,nan,nan,nan,nan,nan,nan,nan,nan,nan,nan,nan,nan,nan,nan,False,False,False
09884abf58435aaa,3,4,17,1,3,9,-0.000667075268552253,mild_harm,False,False,False,True,-0.022732861359669364,-0.022732861359669364,-0.022732861359669364,0.0975215792247141,-0.6969242095947266,-7.356719970703125,-0.0005646634805085426,0.0,0.0,0.0,0.0,0.0,0.0,0.0,0.0,0.0,True,True,True
10e0d0cf52855491,3,4,9,1,13,20,-4.381986407098193e-05,mild_harm,True,True,True,True,0.013451048370112656,0.013499943520531958,0.013487594793048955,0.13374203537743243,0.0,-1.011077880859375,0.0,0.0,0.00015360116958618164,0.0,0.0,0.0,0.0,0.00021516531705856323,0.00021516531705856323,0.00021516531705856323,False,False,False
1fc485893db05d58,3,4,4,0,0,-1,nan,no_rsmr_proposal,False,False,False,False,nan,nan,nan,nan,nan,nan,nan,nan,nan,nan,nan,nan,nan,nan,nan,nan,False,False,False
21870d2397795423,3,4,24,0,19,20,0.0,mild_harm,True,True,True,True,0.018572832737196707,0.018572832737196707,0.018572832737196707,0.13882727332158018,0.0,0.0,0.0,0.0,0.0,0.0,0.0,0.0,0.0,0.0,0.0,0.0,True,True,True
538923756bab555f,3,4,17,1,6,9,0.0007085304721989871,positive_le_0.001,True,True,True,True,0.05623709455150663,0.07553685477297015,0.07066259879015023,0.1909170393745337,21.51245880126953,-6.931056976318359,-7.383363845292479e-05,0.0,0.0,0.01544177532196045,0.0,0.0,0.0,0.0849294662475586,0.0849294662475586,0.0849294662475586,False,False,False
5a67404157535f5b,3,4,1,0,4,-1,nan,no_rsmr_proposal,False,False,False,False,nan,nan,nan,nan,nan,nan,nan,nan,nan,nan,nan,nan,nan,nan,nan,nan,False,False,False
7476e5ad4711587f,3,4,9,0,4,3,-9.649557229707284e-05,mild_harm,False,True,True,True,-0.010112181063316203,0.10286916356793059,0.18693149208580528,0.30718593267018873,-0.16263890266418457,-5.600029945373535,-4.96561129423867e-05,0.0,0.0,0.0,0.0,0.0,0.0,0.4971795082092285,2.154444694519043,1.1600852012634277,True,False,False
7fb1a51c02db514e,3,4,18,1,6,-1,nan,no_rsmr_proposal,False,False,False,False,nan,nan,nan,nan,nan,nan,nan,nan,nan,nan,nan,nan,nan,nan,nan,nan,False,False,False
82bcaf16eea459db,3,4,24,1,24,1,-0.00011574440002441407,mild_harm,False,False,False,False,-0.19050918038289366,-0.19050918038289366,-0.19050918038289366,-0.0702547397985102,7.582909994363618e-15,-4.88841438293457,0.0,0.0,0.0,0.0,0.0,0.0,0.0,0.0,0.0,0.0,True,True,True
899c5ed91b8c5beb,3,4,17,1,3,-1,nan,no_rsmr_proposal,False,False,False,False,nan,nan,nan,nan,nan,nan,nan,nan,nan,nan,nan,nan,nan,nan,nan,nan,False,False,False
9857fe6079dc5b65,3,4,16,1,4,9,0.0003742047014063665,positive_le_0.001,True,True,True,True,0.060402879394292217,0.060402879394292217,0.060402879394292217,0.18065731997867568,9.28385066986079,-2.364457607269287,0.0,0.0,0.0,0.0,0.0,0.0,0.0,0.0,0.0,0.0,True,True,True
9c0c9727fc975d7a,3,4,4,1,1,-1,nan,no_rsmr_proposal,False,False,False,False,nan,nan,nan,nan,nan,nan,nan,nan,nan,nan,nan,nan,nan,nan,nan,nan,False,False,False
a0cbabab4b2c5345,3,4,17,1,9,-1,nan,no_rsmr_proposal,False,False,False,False,nan,nan,nan,nan,nan,nan,nan,nan,nan,nan,nan,nan,nan,nan,nan,nan,False,False,False
a370a9747c5e599b,3,4,8,1,0,1,-1.0564851760864276e-05,mild_harm,False,False,False,True,-0.050779948636086224,-0.050779948636086224,-0.050779948636086224,0.06947449194829725,5.551115123125783e-16,-1.6722021102905273,0.0,0.0,0.0,0.0,0.0,0.0,0.0,0.0,0.0,0.0,True,True,True
b0b57e6ca331564e,3,4,12,1,25,24,0.0,mild_harm,True,True,True,True,0.0023408636038411753,0.0023408636038411753,0.0023408636038411753,0.12259530418822463,0.0,0.0,0.0,0.0,0.0,0.0,0.0,0.0,0.0,0.0,0.0,0.0,True,True,True
b66edb8535dd5ec1,3,4,11,1,6,11,-0.00024853048287321045,mild_harm,False,False,False,True,-0.06154522507626105,-0.06154522507626105,-0.06154522507626105,0.058709215508122414,-2.0106115341186523,-3.286151885986328,0.0,0.0,0.0,0.0,0.0,0.0,0.0,0.0,0.0,0.0,True,True,True
bef88a7c044b5ebe,3,4,29,1,7,18,0.0008987352035938478,positive_le_0.001,True,True,True,True,0.04224258972237578,0.04224258972237578,0.04224258972237578,0.16249703030675924,20.952589035034148,-3.1723403930664062,-0.00010223240678897128,0.0,0.0,0.0,0.0,0.0,0.0,0.0,0.0,0.0,True,True,True
ce41992a83845d8a,3,4,20,1,19,-1,nan,no_rsmr_proposal,False,False,False,False,nan,nan,nan,nan,nan,nan,nan,nan,nan,nan,nan,nan,nan,nan,nan,nan,False,False,False
e2022a0506df54c7,3,4,11,1,0,15,0.0,mild_harm,False,False,False,False,-0.16544253253778257,-0.16544253253778257,-0.16544253253778257,-0.04518809195339911,0.0,0.0,0.0,0.0,0.0,0.0,0.0,0.0,0.0,0.0,0.0,0.0,True,True,True
f88a28f7b54555ea,3,4,30,1,7,18,0.0006765377013073781,positive_le_0.001,False,False,False,False,-0.12823890861419035,-0.12823890861419035,-0.12823890861419035,-0.007984468029806888,15.641556739807069,-4.083744049072266,-0.0001353026309516281,0.0,0.0,0.0,0.0,0.0,0.0,0.0,0.0,0.0,True,True,True
034da27cd2f75292,3,4,1,0,1,5,-0.004144081055757143,mild_harm,True,True,True,True,0.1480630470221737,0.14585540194400862,0.14641295432324605,0.26666739490762953,-103.16470336914062,0.8155951499938965,0.0,0.0,0.0,-0.0017663240432739258,0.0,0.0,0.0,-0.009714841842651367,-0.009714841842651367,-0.009714841842651367,False,False,False
1088d47284565808,3,4,5,0,9,-1,nan,no_rsmr_proposal,False,False,False,False,nan,nan,nan,nan,nan,nan,nan,nan,nan,nan,nan,nan,nan,nan,nan,nan,False,False,False
1a20ae9ff1e05d25,3,4,16,1,22,25,-0.00017978684080298987,mild_harm,True,True,True,True,0.03002385193523128,0.03002385193523128,0.03002385193523128,0.15027829251961475,0.0,-3.9448719024658203,-5.810660240967991e-06,0.0,0.0,0.0,0.0,0.0,0.0,0.0,0.0,0.0,True,True,True
3f51b8b92c3b52cf,3,4,18,1,7,9,0.0003213510554285204,positive_le_0.001,True,True,True,True,0.003071078395353314,0.025434246180799727,0.016700673195149278,0.13695511377953273,5.368156433105469,-12.294633865356445,-0.001169176073744893,0.0,0.0,0.012145757675170898,0.0,0.0,0.0,0.09841012954711914,0.0529942512512207,0.08024358749389648,False,False,False
452d348a65ac59f3,3,4,11,1,9,-1,nan,no_rsmr_proposal,False,False,False,False,nan,nan,nan,nan,nan,nan,nan,nan,nan,nan,nan,nan,nan,nan,nan,nan,False,False,False
4a35d5b02394561e,3,4,17,1,3,-1,nan,no_rsmr_proposal,False,False,False,False,nan,nan,nan,nan,nan,nan,nan,nan,nan,nan,nan,nan,nan,nan,nan,nan,False,False,False
4a90f1c8ef895e13,3,4,12,1,23,2,-0.00028515581056126355,mild_harm,False,False,False,True,-0.016924127827913176,-0.016924127827913176,-0.016924127827913176,0.10333031275647028,0.0,-4.596263885498047,-0.0003127246964140795,0.0,0.0,0.0,0.0,0.0,0.0,0.0,0.0,0.0,True,True,True
4cf854e9eadf5084,3,4,2,1,0,-1,nan,no_rsmr_proposal,False,False,False,False,nan,nan,nan,nan,nan,nan,nan,nan,nan,nan,nan,nan,nan,nan,nan,nan,False,False,False
54059bb6b643525f,3,4,11,1,23,24,-0.0005095285788178439,mild_harm,False,False,False,True,-0.057850613025718756,-0.055331707708172626,-0.05662342061527618,0.06363101996910728,0.0,-6.7784881591796875,-0.0005100367707200348,0.0,0.0,0.0006952881813049316,0.0,0.0,0.0,0.011084556579589844,0.0014352798461914062,0.00722503662109375,False,False,False
588dbd820a135056,3,4,6,1,9,3,0.0005023064074397565,positive_le_0.001,False,False,False,True,-0.009825418920578796,-0.0027084223940181127,-0.0045058573103709965,0.11574858327401247,13.303619384765625,-7.309530258178711,-0.00042780435978784226,0.0,0.0,0.005694329738616943,0.0,0.0,0.0,0.03131866455078125,0.03131866455078125,0.03131866455078125,False,False,False
5a0bd184100f54d5,3,4,3,1,3,-1,nan,no_rsmr_proposal,False,False,False,False,nan,nan,nan,nan,nan,nan,nan,nan,nan,nan,nan,nan,nan,nan,nan,nan,False,False,False
8eb1c196434e51ec,3,4,10,1,3,-1,nan,no_rsmr_proposal,False,False,False,False,nan,nan,nan,nan,nan,nan,nan,nan,nan,nan,nan,nan,nan,nan,nan,nan,False,False,False
95e1e30a438d52cd,3,4,6,1,2,-1,nan,no_rsmr_proposal,False,False,False,False,nan,nan,nan,nan,nan,nan,nan,nan,nan,nan,nan,nan,nan,nan,nan,nan,False,False,False
9c5700ab41865a07,3,4,12,1,17,1,-0.00012508269399404527,mild_harm,False,False,False,True,-0.05951533624356048,-0.05318263966918077,-0.05537591062942969,0.06487852995495377,0.0,-2.2989654541015625,0.0,0.0,0.0,0.005879044532775879,0.0,0.0,0.0,0.02786731719970703,0.01912546157836914,0.024370670318603516,False,False,False
aa05025b9a815254,3,4,9,1,1,-1,nan,no_rsmr_proposal,False,False,False,False,nan,nan,nan,nan,nan,nan,nan,nan,nan,nan,nan,nan,nan,nan,nan,nan,False,False,False
ac768eabfa5c5725,3,4,12,0,2,9,-9.121100050396569e-05,mild_harm,True,True,True,True,0.004668072907273228,0.01355034029884914,0.009869386040762035,0.1301238266251455,-0.6652450561523438,-7.7991485595703125,-0.0008603120368206874,0.0,0.0,0.004141569137573242,0.0,0.0,0.0,0.03908681869506836,0.017925262451171875,0.030622482299804688,False,False,False
ad963f2915a657a4,3,4,18,1,6,9,0.0004896600965409448,positive_le_0.001,True,True,True,True,0.01466289559645306,0.03895083818855748,0.03496964170971966,0.15522408229410312,12.022266387939453,-12.511919021606445,-0.0011679393937811255,0.0,0.0,0.03371691703796387,0.0,0.0,0.0,0.10688018798828125,0.13856792449951172,0.11955499649047852,False,False,False
ae1909ec83115e90,3,4,2,1,3,9,-0.00036002913136767845,mild_harm,False,False,False,True,-0.02343804007158927,-0.02343804007158927,-0.02343804007158927,0.09681640051279419,-0.04022940993309021,-7.218864440917969,-0.00025558504421496764,0.0,0.0,0.0,0.0,0.0,0.0,0.0,0.0,0.0,True,True,True
be7fe135f5665966,3,4,7,1,4,0,0.006254254332557302,positive_0.001_0.01,True,True,True,True,0.18329435162124513,0.6004979799740952,0.4951310086636686,0.615385449248052,123.33577728271484,-3.9604392051696777,-1.4278994058258832e-05,0.0,0.0,0.33380432799458504,0.0,0.0,0.0,1.8359234035015106,1.8359234035015106,1.8359234035015106,False,False,False
c7bff0705f645b30,3,4,12,1,7,3,-1.2310663021650163,catastrophe,True,True,True,True,0.021512604368488973,0.21604911621574002,0.1909442053063304,0.3111986458907139,27.480625152587805,-12.0169677734375,-0.000900090963114053,0.0,-0.1314626932144165,0.23371970653533936,0.0,0.0,0.0,0.8560667037963867,1.2097010612487793,0.9975204467773438,False,False,False
de432d7c6c6e57a6,3,4,2,0,1,-1,nan,no_rsmr_proposal,False,False,False,False,nan,nan,nan,nan,nan,nan,nan,nan,nan,nan,nan,nan,nan,nan,nan,nan,False,False,False
e8b724310f7054d0,3,4,17,1,3,-1,nan,no_rsmr_proposal,False,False,False,False,nan,nan,nan,nan,nan,nan,nan,nan,nan,nan,nan,nan,nan,nan,nan,nan,False,False,False
ed9b2d124d9d5f5d,3,4,16,1,9,-1,nan,no_rsmr_proposal,False,False,False,False,nan,nan,nan,nan,nan,nan,nan,nan,nan,nan,nan,nan,nan,nan,nan,nan,False,False,False
ee0f338b4ebe5cb4,3,4,6,1,3,-1,nan,no_rsmr_proposal,False,False,False,False,nan,nan,nan,nan,nan,nan,nan,nan,nan,nan,nan,nan,nan,nan,nan,nan,False,False,False
f2a1763371075e21,3,4,14,0,2,-1,nan,no_rsmr_proposal,False,False,False,False,nan,nan,nan,nan,nan,nan,nan,nan,nan,nan,nan,nan,nan,nan,nan,nan,False,False,False
fe394302690d5074,3,4,16,1,3,-1,nan,no_rsmr_proposal,False,False,False,False,nan,nan,nan,nan,nan,nan,nan,nan,nan,nan,nan,nan,nan,nan,nan,nan,False,False,False
3acad4250aca5326,3,4,12,1,5,23,0.0010598421217871135,positive_0.001_0.01,True,True,True,True,0.05610490404330976,0.05610490404330976,0.05610490404330976,0.17635934462769323,28.473678588867166,-7.179935455322266,-1.5790588804520667e-05,0.0,0.0,0.0,0.0,0.0,0.0,0.0,0.0,0.0,True,True,True
418e74ddfb5f5ca0,3,4,12,0,10,5,-0.002778525312245428,mild_harm,False,False,False,True,-0.04203019913996072,-0.04203019913996072,-0.04203019913996072,0.07822424144442275,-54.22683906555176,0.9210176467895508,0.0,0.0,0.0,0.0,0.0,0.0,0.0,0.0,0.0,0.0,True,True,True
43f8bc12d54d5cef,3,4,2,1,1,-1,nan,no_rsmr_proposal,False,False,False,False,nan,nan,nan,nan,nan,nan,nan,nan,nan,nan,nan,nan,nan,nan,nan,nan,False,False,False
479da12f5f165e29,3,4,17,1,0,-1,nan,no_rsmr_proposal,False,False,False,False,nan,nan,nan,nan,nan,nan,nan,nan,nan,nan,nan,nan,nan,nan,nan,nan,False,False,False
4d6b64ad777d51e8,3,4,8,1,3,9,-0.00035497374311091456,mild_harm,False,True,True,True,-0.045477059432490245,0.5633506913080221,0.41990922842882406,0.5401636690132076,-2.8415966033935547,-7.778388977050781,-0.0005155967737664469,0.0,0.0,0.4821007251739502,0.0,0.0,0.0,2.67917400598526,2.831088125705719,2.739939510822296,False,False,False
5c0a063437415679,3,4,6,1,9,-1,nan,no_rsmr_proposal,False,False,False,False,nan,nan,nan,nan,nan,nan,nan,nan,nan,nan,nan,nan,nan,nan,nan,nan,False,False,False
7defa49de9415496,3,4,5,1,3,9,-0.000493478185098047,mild_harm,False,True,True,True,-0.043110691110769914,0.019340249078536036,0.003567935570105804,0.12382237615448927,0.5526900291442871,-7.520820617675781,-0.00030088387939031236,0.0,0.0,0.04996693134307861,0.0,0.0,0.0,0.27481818199157715,0.27481818199157715,0.27481818199157715,False,False,False
a849c65f124e5af0,3,4,21,1,20,-1,nan,no_rsmr_proposal,False,False,False,False,nan,nan,nan,nan,nan,nan,nan,nan,nan,nan,nan,nan,nan,nan,nan,nan,False,False,False
baef81dee84a5ff1,3,4,7,0,3,9,-0.000703174917571589,mild_harm,False,False,False,True,-0.05405052654548237,-0.05405052654548237,-0.05405052654548237,0.0662039140389011,-5.041711807250977,-7.812814712524414,-0.0008493947534589097,0.0,0.0,0.0,0.0,0.0,0.0,0.0,0.0,0.0,True,True,True
bce79a86a0b75d48,3,4,3,0,15,20,-0.9901073702458292,catastrophe,False,False,False,False,-0.022952409084364914,-0.2946174474220732,-0.4967464774848155,-0.37649203690043204,0.0,-6.794666290283203,0.0,0.0,0.0,0.0,0.0,0.0,0.0,-1.1954742670059204,-5.180388450622559,-2.7894399166107178,True,False,False
d1faaed55b75587c,3,4,2,0,0,-1,nan,no_rsmr_proposal,False,False,False,False,nan,nan,nan,nan,nan,nan,nan,nan,nan,nan,nan,nan,nan,nan,nan,nan,False,False,False
faf6056c372e54f2,3,4,8,1,4,2,1.246183863767609,material_positive_gt_0.2,False,False,False,True,-0.04804074135269951,-0.04804074135269951,-0.04804074135269951,0.07221369923168394,-71.5014419555664,-4.230373382568359,-1.684015296632424e-05,0.0,0.0,0.0,0.0,0.0,0.0,0.0,0.0,0.0,True,True,True
fb0869a379e05f37,3,4,14,1,20,21,-0.000500684989988804,mild_harm,False,False,False,True,-0.05598556391169117,-0.05598556391169117,-0.05598556391169117,0.0642688766726923,-1.554312234475219e-14,-7.773933410644531,-0.00012616991261893418,0.0,0.0,0.0,0.0,0.0,0.0,0.0,0.0,0.0,True,True,True
054033a129155c88,3,4,9,1,2,1,3.994131535741196,material_positive_gt_0.2,True,True,True,True,0.5914612254363342,1.5157676044914021,1.2823291655486544,1.402583606133038,784.4986877441406,-5.168323516845703,-1.8607428501127288e-05,0.0,0.6521137356758118,0.5735441446304321,0.0,1.9017748832702637,0.0,4.0674519538879395,4.0674519538879395,4.0674519538879395,False,False,False
188773ba51c15df2,3,4,15,1,16,3,0.000739734908030254,positive_le_0.001,True,True,True,True,0.03703884120027692,0.04000830180950148,0.039258348909870934,0.1595127894942544,1.7822580337524414,-4.744306564331055,-7.045383426884655e-06,0.0,0.0,0.0023758411407470703,0.0,0.0,0.0,0.013067245483398438,0.013067245483398438,0.013067245483398438,False,False,False
2796d5f962875a20,3,4,14,1,5,9,1.657555662096244e-05,positive_le_0.001,False,True,True,True,-0.061437336186697326,0.11881967197190926,0.07329481620270734,0.19354925678709078,-8.172699928283691,-8.963035583496094,-0.0002768184640444815,0.0,0.0,0.14422345161437988,0.0,0.0,0.0,0.7932291030883789,0.7932291030883789,0.7932291030883789,False,False,False
2840205769d65c01,3,4,1,0,9,-1,nan,no_rsmr_proposal,False,False,False,False,nan,nan,nan,nan,nan,nan,nan,nan,nan,nan,nan,nan,nan,nan,nan,nan,False,False,False
2e5568e60278518f,3,4,16,1,5,-1,nan,no_rsmr_proposal,False,False,False,False,nan,nan,nan,nan,nan,nan,nan,nan,nan,nan,nan,nan,nan,nan,nan,nan,False,False,False
3d35dcf889f65305,3,4,14,1,4,-1,nan,no_rsmr_proposal,False,False,False,False,nan,nan,nan,nan,nan,nan,nan,nan,nan,nan,nan,nan,nan,nan,nan,nan,False,False,False
3effd9932b505526,3,4,4,1,3,9,-0.0005002665493637323,mild_harm,False,False,False,True,-0.05696752885494683,-0.055404780318009286,-0.05579946068286375,0.06445497990151972,-0.3250274658203125,-7.006975173950195,-0.0002563467225513705,0.0,0.0,0.0012502670288085938,0.0,0.0,0.0,0.006876945495605469,0.00687718391418457,0.006876945495605469,False,False,False
4f1e4809df7255cd,3,4,3,1,3,9,-0.0004685123638249935,mild_harm,False,False,False,True,-0.06583067235542547,-0.06454629720577072,-0.06487067290710341,0.05538376767728005,0.006213486194610596,-7.782716751098633,-0.0008262274350272492,0.0,1.1026859283447266e-05,0.0010246634483337402,0.0,0.0,0.0,0.005651950836181641,0.005651950836181641,0.005651950836181641,False,False,False
5db6ae467e8f530f,3,4,1,0,9,-1,nan,no_rsmr_proposal,False,False,False,False,nan,nan,nan,nan,nan,nan,nan,nan,nan,nan,nan,nan,nan,nan,nan,nan,False,False,False
5e6ab34948a9514f,3,4,15,1,7,2,0.002017144269123694,positive_0.001_0.01,True,True,True,True,0.05569232400744485,0.05569232400744485,0.05569232400744485,0.17594676459182831,40.689361572265625,-3.3595447540283203,0.0,0.0,0.0,0.0,0.0,0.0,0.0,0.0,0.0,0.0,True,True,True
6004adf688695a08,3,4,17,0,5,9,-0.00019609272740783723,mild_harm,True,True,True,True,0.013985632627903333,0.031080077482305894,0.026762785497927113,0.14701722608231058,-5.182003021240234,-9.649772644042969,-0.00021057980484329164,0.0,0.0,0.01367717981338501,0.0,0.0,0.0,0.0752248764038086,0.0752248764038086,0.0752248764038086,False,False,False
637d23f7438f50f6,3,4,17,1,3,9,0.00035218214355414723,positive_le_0.001,False,True,True,True,-0.00813329942400968,0.027723013283436064,0.018667312863813124,0.13892175344819657,2.2790746688842773,-7.323339462280273,-0.0005199254683248,0.0,0.0,0.02868860960006714,0.0,0.0,0.0,0.15778732299804688,0.15778708457946777,0.15778732299804688,False,False,False
6a35a43b5e295b97,3,4,16,1,2,3,9.041018076239027e-05,positive_le_0.001,False,False,False,True,-0.02499721255079273,-0.02499721255079273,-0.02499721255079273,0.09525722803359074,3.441248893737793,-3.561708450317383,-4.1187529859598726e-05,0.0,0.0,0.0,0.0,0.0,0.0,0.0,0.0,0.0,True,True,True
2a89f35c7f5e55de,4,0,15,1,11,3,-6.618811858352279e-05,mild_harm,True,True,True,True,0.017946168504640165,0.017946168504640165,0.017946168504640165,0.028253158856106193,-2.809384669344439e-14,-1.0002250671386719,3.824418854492251e-06,0.0,0.0,0.0,0.0,0.0,0.0,0.0,0.0,0.0,True,True,True
35695122c3535595,4,0,12,0,15,-1,nan,no_rsmr_proposal,False,False,False,False,nan,nan,nan,nan,nan,nan,nan,nan,nan,nan,nan,nan,nan,nan,nan,nan,False,False,False
5d0c2052e0a35e3f,4,0,17,1,7,24,0.0017037782690954018,positive_0.001_0.01,True,True,True,True,0.1133914376610515,0.1056303677009879,0.10764686966171452,0.11795386001318055,44.532032012939325,-9.125,-7.666881720069796e-05,0.0,-0.02831512689590454,0.0,0.0,0.0,0.0,-0.03964100405573845,-0.03964100405573845,-0.03964100405573845,False,False,False
62f95fe3004d54c9,4,0,3,1,25,26,0.0002856012105940664,positive_le_0.001,False,False,False,False,-0.06284868276276552,-0.06284868276276552,-0.06284868276276552,-0.05254169241129949,3.7608259469959146e-14,-2.6971702575683594,-2.6039309886982664e-05,0.0,0.0,0.0,0.0,0.0,0.0,0.0,0.0,0.0,True,True,True
6a35bb3d0b895433,4,0,24,1,7,22,0.0033963359457440667,positive_0.001_0.01,True,True,True,True,0.04769491607690113,0.04769491607690113,0.04769491607690113,0.05800190642836716,68.9643478393553,-2.7746334075927734,-8.684648491907865e-06,0.0,0.0,0.0,0.0,0.0,0.0,0.0,0.0,0.0,True,True,True
761122460ac451ca,4,0,28,1,7,17,0.0023181671525582814,positive_0.001_0.01,False,False,False,False,-0.04947280913134673,-0.04947280913134673,-0.04947280913134673,-0.0391658187798807,47.421360015869055,-2.6129016876220703,-3.891977030434646e-06,0.0,0.0,0.0,0.0,0.0,0.0,0.0,0.0,0.0,True,True,True
8a15e547b0d15f42,4,0,5,1,25,26,-0.0002700675501488149,mild_harm,False,False,False,False,-0.07345626866350465,-0.07345626866350465,-0.07345626866350465,-0.06314927831203862,3.0936624789701384e-14,-2.5998268127441406,-7.35341636755038e-05,0.0,0.0,0.0,0.0,0.0,0.0,0.0,0.0,0.0,True,True,True
9c925a1f1799553e,4,0,2,1,7,9,-0.9899525742542464,catastrophe,False,False,False,False,-0.01598359722567365,-0.1693166082792112,-0.28080204762918576,-0.2704950572777197,-0.26159000396728516,-1.5096054077148438,0.0,0.0,0.0,0.0,0.0,0.0,0.0,-0.7831748127937317,-3.3937575817108154,-1.827407956123352,True,False,False
b7cc1a0b6eca5a11,4,0,4,1,5,9,-0.9898243386149406,catastrophe,True,False,False,False,0.009687294789355646,-0.24999201565113727,-0.4387997818617217,-0.42849279151025566,8.593417167663574,-5.125785827636719,-1.552290268591605e-05,0.0,0.0,0.0,0.0,0.0,0.0,-1.3263568878173828,-5.747546672821045,-3.0948328971862793,True,False,False
0dd2b9715fc65e18,4,0,14,1,7,10,-9.228003919126149e-05,mild_harm,True,False,False,True,0.02782724616932233,-0.0013940654644361838,-0.0042784177202458105,0.00602857263122022,-1.0243690013885498,-0.39914703369140625,0.0,0.0,-0.021121561527252197,-0.008747220039367676,0.0,0.0,0.0,-0.14925289154052734,-0.32999134063720703,-0.22154855728149414,False,False,False
6281e79a633155a3,4,0,12,1,23,24,0.0014172612654294314,positive_0.001_0.01,False,True,True,True,-0.036272003206657126,0.551986658225589,0.6243823903217233,0.6346893806731893,3.3306690738754696e-15,-7.311256408691406,-0.00026237170095555484,0.0,-5.27501106262207e-05,0.33436253666877747,0.0,0.0,0.0,3.0046326220035553,6.890341192483902,4.558916091918945,False,False,False
16549991ac4b53ff,4,0,16,1,5,-1,nan,no_rsmr_proposal,False,False,False,False,nan,nan,nan,nan,nan,nan,nan,nan,nan,nan,nan,nan,nan,nan,nan,nan,False,False,False
254e4f21f68554f1,4,0,18,1,20,21,-0.0001187025191262364,mild_harm,True,True,True,True,0.020786564877020724,0.020786564877020724,0.020786564877020724,0.031093555228486752,4.79174000622023e-14,-2.05908203125,6.735813803970814e-05,0.0,0.0,0.0,0.0,0.0,0.0,0.0,0.0,0.0,True,True,True
2bdb803d07605094,4,0,6,1,3,23,-0.00011608423180878161,mild_harm,True,True,True,True,0.0034606076524032795,0.0034606076524032795,0.0034606076524032795,0.01376759800386931,1.1102238716581038e-15,-1.2856063842773438,-0.00011484348215162754,0.0,0.0,0.0,0.0,0.0,0.0,0.0,0.0,0.0,True,True,True
3d78c0894c67503b,4,0,17,1,3,19,-6.056209513917443e-06,mild_harm,True,True,True,True,0.015321807527253052,0.015321807527253052,0.015321807527253052,0.025628797878719082,1.7763568394002505e-14,-0.05690765380859375,-0.00014686613576486707,0.0,0.0,0.0,0.0,0.0,0.0,0.0,0.0,0.0,True,True,True
4d104d17dc625c04,4,0,8,1,3,26,-0.0004376932598653127,mild_harm,True,True,True,True,0.06073795958106612,0.06073795958106612,0.06073795958106612,0.07104494993253214,-3.108624468950438e-14,-4.359569549560547,-0.000356529577402398,0.0,0.0,0.0,0.0,0.0,0.0,0.0,0.0,0.0,True,True,True
70f797bbed2158f6,4,0,17,0,7,-1,nan,no_rsmr_proposal,False,False,False,False,nan,nan,nan,nan,nan,nan,nan,nan,nan,nan,nan,nan,nan,nan,nan,nan,False,False,False
83af8eb803795f59,4,0,16,1,3,-1,nan,no_rsmr_proposal,False,False,False,False,nan,nan,nan,nan,nan,nan,nan,nan,nan,nan,nan,nan,nan,nan,nan,nan,False,False,False
953f6386bfae55d0,4,0,18,1,14,17,7.98645019531221e-06,positive_le_0.001,True,True,True,True,0.15332037586810277,0.15332037586810277,0.15332037586810277,0.1636273662195688,0.0,-1.5433731079101562,0.0,0.0,0.0,0.0,0.0,0.0,0.0,0.0,0.0,0.0,True,True,True
b39ff897a8695a97,4,0,18,1,26,11,-0.0001397995856908807,mild_harm,False,False,False,False,-0.020867664271842012,-0.020867664271842012,-0.020867664271842012,-0.010560673920375982,2.886579864025407e-14,-5.924491882324219,0.0,0.0,0.0,0.0,0.0,0.0,0.0,0.0,0.0,0.0,True,True,True
d5ef40ff0f715517,4,0,26,1,21,27,-7.741929963334115e-06,mild_harm,True,True,True,True,0.01207226147902787,0.01207226147902787,0.01207226147902787,0.0223792518304939,8.881784197001252e-15,-0.3950767517089844,0.0,0.0,0.0,0.0,0.0,0.0,0.0,0.0,0.0,0.0,True,True,True
da9bf29b3087547f,4,0,17,0,7,12,-0.0006733096577692943,mild_harm,True,True,True,True,0.029311244189303066,0.029311244189303066,0.029311244189303066,0.0396182345407691,0.18555450439453125,-12.337608337402344,-0.001098895212635398,0.0,0.0,0.0,0.0,0.0,0.0,0.0,0.0,0.0,True,True,True
eb02028413fb5a92,4,0,16,1,3,9,-0.0006014981450510604,mild_harm,False,False,False,False,-0.052903040849404295,-0.052903040849404295,-0.052903040849404295,-0.04259605049793826,-1.1782608032226562,-7.690093994140625,-0.0005142090594745241,0.0,0.0,0.0,0.0,0.0,0.0,0.0,0.0,0.0,True,True,True
ec65e8cddb3d5fbd,4,0,19,1,22,23,-7.281030565500259e-05,mild_harm,False,False,False,False,-0.03403827813691387,-0.03403827813691387,-0.03403827813691387,-0.023731287785447835,3.3306690738754696e-14,-1.4518585205078125,-0.00027850268816109747,0.0,0.0,0.0,0.0,0.0,0.0,0.0,0.0,0.0,True,True,True
f2c4bbcda8c650a3,4,0,11,1,24,26,-0.0006146780819484832,mild_harm,False,False,False,False,-0.03373691046882881,-0.03373691046882881,-0.03373691046882881,-0.02342992011736278,-2.886580202838586e-14,-7.152565002441406,-0.0005227650835877284,0.0,0.0,0.0,0.0,0.0,0.0,0.0,0.0,0.0,True,True,True
f53a6e7af3825751,4,0,16,1,11,3,-2.8481406136426912e-05,mild_harm,True,True,True,True,0.046889621352587764,0.046889621352587764,0.046889621352587764,0.057196611704053796,9.325873406851315e-14,-0.98876953125,3.7297386370482855e-06,0.0,0.0,0.0,0.0,0.0,0.0,0.0,0.0,0.0,True,True,True
f53af77bf6fa5703,4,0,1,1,14,-1,nan,no_rsmr_proposal,False,False,False,False,nan,nan,nan,nan,nan,nan,nan,nan,nan,nan,nan,nan,nan,nan,nan,nan,False,False,False
0be5fd7a2dbb5d87,4,0,14,1,9,-1,nan,no_rsmr_proposal,False,False,False,False,nan,nan,nan,nan,nan,nan,nan,nan,nan,nan,nan,nan,nan,nan,nan,nan,False,False,False
25c67c9a53ef53ce,4,0,4,1,6,22,0.0020756234128028158,positive_0.001_0.01,True,True,True,True,0.03228141033312142,0.03228141033312142,0.03228141033312142,0.042588400684587455,41.83742904663086,-1.8214988708496094,0.0,0.0,0.0,0.0,0.0,0.0,0.0,0.0,0.0,0.0,True,True,True
90efa9d50cc8521e,4,0,1,1,1,-1,nan,no_rsmr_proposal,False,False,False,False,nan,nan,nan,nan,nan,nan,nan,nan,nan,nan,nan,nan,nan,nan,nan,nan,False,False,False
ac7fee08538b5bb0,4,0,13,1,25,24,0.0,mild_harm,False,False,False,False,-0.03719713700742724,-0.03719713700742724,-0.03719713700742724,-0.026890146655961206,0.0,0.0,0.0,0.0,0.0,0.0,0.0,0.0,0.0,0.0,0.0,0.0,True,True,True
c4292750158e5a5f,4,0,3,1,10,6,0.9762204023627215,material_positive_gt_0.2,False,False,False,False,-0.1365609636461427,-0.1365609636461427,-0.1365609636461427,-0.12625397329467666,-269.78315353393555,2.8728151321411133,-8.825129043543711e-06,0.0,0.0,0.0,0.0,0.0,0.0,0.0,0.0,0.0,True,True,True
cae918485e635e35,4,0,14,0,6,-1,nan,no_rsmr_proposal,False,False,False,False,nan,nan,nan,nan,nan,nan,nan,nan,nan,nan,nan,nan,nan,nan,nan,nan,False,False,False
4b308d5a04d05498,4,0,17,1,9,-1,nan,no_rsmr_proposal,False,False,False,False,nan,nan,nan,nan,nan,nan,nan,nan,nan,nan,nan,nan,nan,nan,nan,nan,False,False,False
8fba4b45daa85b15,4,0,19,1,16,-1,nan,no_rsmr_proposal,False,False,False,False,nan,nan,nan,nan,nan,nan,nan,nan,nan,nan,nan,nan,nan,nan,nan,nan,False,False,False
c9a1d813d64c52d1,4,0,4,0,8,15,0.0,mild_harm,True,True,True,True,0.009066909602905847,0.009066909602905847,0.009066909602905847,0.019373899954371877,0.0,0.0,0.0,0.0,0.0,0.0,0.0,0.0,0.0,0.0,0.0,0.0,True,True,True
e747e181d08758c8,4,0,13,1,20,-1,nan,no_rsmr_proposal,False,False,False,False,nan,nan,nan,nan,nan,nan,nan,nan,nan,nan,nan,nan,nan,nan,nan,nan,False,False,False
f6db13314100532b,4,0,13,1,2,-1,nan,no_rsmr_proposal,False,False,False,False,nan,nan,nan,nan,nan,nan,nan,nan,nan,nan,nan,nan,nan,nan,nan,nan,False,False,False
0fb7d56584065e6f,4,0,27,1,7,21,0.0021822822965567035,positive_0.001_0.01,True,True,True,True,0.00021468865029561184,0.00021468865029561184,0.00021468865029561184,0.010521679001761642,16.724184036254865,-7.838191986083984,-0.00026512029580771923,0.0,0.0,0.0,0.0,0.0,0.0,0.0,0.0,0.0,True,True,True
2abb6fcc99585318,4,0,20,1,21,-1,nan,no_rsmr_proposal,False,False,False,False,nan,nan,nan,nan,nan,nan,nan,nan,nan,nan,nan,nan,nan,nan,nan,nan,False,False,False
32b190836fd35675,4,0,7,1,0,17,4.21013753162695e-05,positive_le_0.001,False,False,False,False,-0.020172652919587312,-0.020172652919587312,-0.020172652919587312,-0.009865662568121282,-1.1102230246251565e-14,0.8147048950195312,2.0327599486336112e-05,0.0,0.0,0.0,0.0,0.0,0.0,0.0,0.0,0.0,True,True,True
48428a15cb2d56c8,4,0,5,0,4,-1,nan,no_rsmr_proposal,False,False,False,False,nan,nan,nan,nan,nan,nan,nan,nan,nan,nan,nan,nan,nan,nan,nan,nan,False,False,False
4d08ab0578415b3b,4,0,6,1,3,-1,nan,no_rsmr_proposal,False,False,False,False,nan,nan,nan,nan,nan,nan,nan,nan,nan,nan,nan,nan,nan,nan,nan,nan,False,False,False
58c0557c53635354,4,0,6,1,3,-1,nan,no_rsmr_proposal,False,False,False,False,nan,nan,nan,nan,nan,nan,nan,nan,nan,nan,nan,nan,nan,nan,nan,nan,False,False,False
58e646ea48eb59d3,4,0,18,1,7,22,0.00030974064748745533,positive_le_0.001,False,False,False,False,-0.030032985847803267,-0.030032985847803267,-0.030032985847803267,-0.01972599549633724,14.442963600158667,-7.637134552001953,-0.0005053709610365331,0.0,0.0,0.0,0.0,0.0,0.0,0.0,0.0,0.0,True,True,True
9d7dd692cec75a40,4,0,17,1,2,6,-0.0009404101041611268,mild_harm,False,False,False,False,-0.021541159800018094,-0.02135005795240398,-0.02139971054571847,-0.01109272019425244,-24.8615779876709,-0.6855545043945312,0.0,0.0,0.0,0.00017756223678588867,0.0,0.0,0.0,0.0009760856628417969,0.0009760856628417969,0.0009760856628417969,False,False,False
ad4b812be67052a1,4,0,27,1,5,23,0.00019181166812742845,positive_le_0.001,False,False,False,False,-0.09573302073102849,-0.6151399538768606,-0.587068579917959,-0.576761589566493,12.166722297668375,-1.653594970703125,0.0,0.0,0.0,-0.7504000067710876,0.0,0.0,0.0,-2.6529605388641357,-4.496842384338379,-3.3905134201049805,False,False,False
de3f8268d1675268,4,0,10,0,22,21,0.0,mild_harm,True,True,True,True,0.015645540102893776,0.015645540102893776,0.015645540102893776,0.025952530454359808,0.0,0.0,0.0,0.0,0.0,0.0,0.0,0.0,0.0,0.0,0.0,0.0,True,True,True
f110d20f7a7957b7,4,0,17,1,2,6,-9.978644736091669e-06,mild_harm,False,False,False,True,-0.003927839405930075,-0.006946072299610747,-0.008978068399817754,0.001328921951648276,-5.798088073730469,-0.9925346374511719,0.0,0.0,0.0,-3.49879264831543e-05,0.0,0.0,0.0,-0.015416145324707031,-0.06399965286254883,-0.03484964370727539,False,False,False
4fc4718214135eee,4,0,12,1,2,9,0.989265655384527,material_positive_gt_0.2,False,False,False,False,-0.06727952454679505,-0.03807676762344851,-0.016844020491787626,-0.006537030140321596,-0.8118557929992676,-7.302558898925781,-0.0004990542201994685,0.0,0.0,0.0,0.0,0.0,0.0,0.14915812015533447,0.6463518142700195,0.3480355739593506,True,False,False
5d64681dd478516a,4,0,27,1,5,-1,nan,no_rsmr_proposal,False,False,False,False,nan,nan,nan,nan,nan,nan,nan,nan,nan,nan,nan,nan,nan,nan,nan,nan,False,False,False
629734efb5f5564c,4,0,20,1,6,10,0.0004178750086341054,positive_le_0.001,False,True,True,True,-0.01902140356969312,0.05989049615321014,0.039387395248989765,0.0496943856004558,2.9275941848754883,-2.9203834533691406,-2.71240460278932e-05,0.0,0.0,0.07328283786773682,0.0,0.0,0.0,0.40305614471435547,0.40305638313293457,0.40305614471435547,False,False,False
69244009b6eb50bf,4,0,13,1,16,17,-4.581917114554468e-05,mild_harm,False,False,False,False,-0.047658849689665224,-0.10597614113968251,-0.08584372197994845,-0.07553673162848243,0.0,-1.7779617309570312,0.0,0.0,0.0,-0.1282920241355896,0.0,0.0,0.0,-0.297865629196167,-0.21194911003112793,-0.26349878311157227,False,False,False
908340fb165954b2,4,0,14,1,6,-1,nan,no_rsmr_proposal,False,False,False,False,nan,nan,nan,nan,nan,nan,nan,nan,nan,nan,nan,nan,nan,nan,nan,nan,False,False,False
9229af9b7f1c5848,4,0,17,1,3,-1,nan,no_rsmr_proposal,False,False,False,False,nan,nan,nan,nan,nan,nan,nan,nan,nan,nan,nan,nan,nan,nan,nan,nan,False,False,False
beeb2d538d7f53d8,4,0,18,1,5,3,0.0002613140884786258,positive_le_0.001,False,True,False,True,-0.033648774103237654,0.0008514109908726586,-0.008112519400902213,0.0021944709505638173,6.508518218994141,-3.9439754486083984,-0.00014188056229613721,0.0,0.0,0.03203928470611572,0.0,0.0,0.0,0.17621564865112305,0.17621564865112305,0.17621564865112305,False,False,False
fbd37ced14a15418,4,0,17,1,2,7,0.0001307986882864709,positive_le_0.001,False,True,True,True,-0.0013284855296864832,0.28703671061807307,0.21211289387251303,0.22241988422397907,-2.8122916519641876,-0.5920886993408203,0.0,0.0,0.0,0.2677954435348511,0.0,0.0,0.0,1.4728749990463257,1.4728749990463257,1.4728749990463257,False,False,False
ff54f555627f5338,4,0,14,1,3,9,-0.0005246792767196751,mild_harm,False,True,True,True,-0.008921855755959655,0.0004642253851884961,0.013309706958130142,0.023616697309596174,-0.6073102951049805,-7.065710067749023,-0.00013750943071499933,0.0,0.0,0.0,0.0,0.0,0.0,0.04794102907180786,0.31161677837371826,0.15341126918792725,True,False,False
052f0d46a5c059a1,4,0,12,1,7,0,0.0031051245564599483,positive_0.001_0.01,True,True,True,True,0.12387955085293391,0.12387955085293391,0.12387955085293391,0.13418654120439993,65.97805786132812,-10.5732421875,-0.00033359095687046647,0.0,0.0,0.0,0.0,0.0,0.0,0.0,0.0,0.0,True,True,True
0af516a5b2725ac6,4,0,12,0,5,23,-0.00016150210924070763,mild_harm,False,False,False,False,-0.11027025063415331,-0.11027025063415331,-0.11027025063415331,-0.09996326028268729,0.0,-0.8883743286132812,0.0,0.0,0.0,0.0,0.0,0.0,0.0,0.0,0.0,0.0,True,True,True
103c7d249ab154af,4,0,17,1,5,9,0.9936651484772563,material_positive_gt_0.2,True,True,True,True,0.07633661125369162,0.07633661125369162,0.07633661125369162,0.08664360160515765,79.49685287475586,-3.493215560913086,0.0,0.0,0.0,0.0,0.0,0.0,0.0,0.0,0.0,0.0,True,True,True
30c657863dc05485,4,0,9,1,20,2,2.020336450465309,material_positive_gt_0.2,False,False,False,False,-0.028177940768255257,-0.028177940768255257,-0.028177940768255257,-0.017870950416789225,0.0,-3.7874984741210938,0.0,0.0,0.0,0.0,0.0,0.0,0.0,0.0,0.0,0.0,True,True,True
431f7c6b100d5249,4,0,8,1,17,21,-9.228673037142698e-05,mild_harm,True,False,False,False,0.03310275023558566,-0.08855879383947793,-0.17656942459912267,-0.16626243424765663,0.0,-2.8424530029296875,0.0,0.0,0.0,0.0,0.0,0.0,0.0,-0.6214073300361633,-2.685051918029785,-1.446865200996399,True,False,False
4ace61964e9f5b4b,4,0,5,1,8,-1,nan,no_rsmr_proposal,False,False,False,False,nan,nan,nan,nan,nan,nan,nan,nan,nan,nan,nan,nan,nan,nan,nan,nan,False,False,False
5098ce6b12fa5143,4,0,9,1,3,-1,nan,no_rsmr_proposal,False,False,False,False,nan,nan,nan,nan,nan,nan,nan,nan,nan,nan,nan,nan,nan,nan,nan,nan,False,False,False
52092728a1c1574f,4,0,17,1,3,-1,nan,no_rsmr_proposal,False,False,False,False,nan,nan,nan,nan,nan,nan,nan,nan,nan,nan,nan,nan,nan,nan,nan,nan,False,False,False
58f2e39eebc65d24,4,0,9,1,14,0,0.009800787047762327,positive_0.001_0.01,False,False,False,False,-0.04777799926559303,-0.04001321471668791,-0.04576592335611747,-0.03545893300465144,0.0,0.07132339477539062,0.0,0.0,0.013033926486968994,0.016115427017211914,0.0,0.0,0.0,0.039659976959228516,-0.024779319763183594,0.013884544372558594,False,False,False
5a917f5bb8815bd0,4,0,2,1,12,7,0.23763340743854644,material_positive_gt_0.2,False,True,True,True,-0.07437085985389308,0.2751258521800663,0.4715312195312629,0.48183820988272896,-91.95764923095703,2.0032272338867188,0.0,0.0,0.0,0.0,0.0,0.0,0.0,1.7851147651672363,6.739967107772827,3.7670555114746094,True,False,False
6429eb85b6ba5938,4,0,17,1,2,6,-4.805480735781131e-05,mild_harm,True,True,True,True,0.059982896240711535,0.14470963215340119,0.10788043305754419,0.11818742340901021,-1.2190394401550293,-0.07257270812988281,3.115792992502975e-07,0.0,0.05619394779205322,0.01751387119293213,0.0,0.0,0.0,0.4327564239501953,0.1771697998046875,0.3305220603942871,False,False,False
6b416b289a3b5858,4,0,16,1,16,6,-0.00010571956639182645,mild_harm,True,True,True,True,0.16239099381842098,0.15295903936492725,0.1548476439791482,0.16515463433061423,-2.3119354248046875,-0.5783896446228027,0.0,0.0,0.0,-0.02124464511871338,0.0,0.0,0.0,-0.04817533493041992,-0.05787086486816406,-0.05205368995666504,False,False,False
6e9b901524355c0b,4,0,21,1,19,21,-0.00014058176156361846,mild_harm,False,False,False,False,-0.014499571215053988,-0.15234386854257517,-0.2525677875015509,-0.24226079715008486,0.0,-2.4972076416015625,0.0,0.0,0.0,0.0,0.0,0.0,0.0,-0.7040635347366333,-3.0509421825408936,-1.642815113067627,True,False,False
8834fc612e1d524c,4,0,8,1,6,-1,nan,no_rsmr_proposal,False,False,False,False,nan,nan,nan,nan,nan,nan,nan,nan,nan,nan,nan,nan,nan,nan,nan,nan,False,False,False
9ddade724a6a54e2,4,0,16,1,4,3,0.9292438401492255,material_positive_gt_0.2,True,True,True,True,0.005423663768680321,0.13371587947982674,0.30929242164721527,0.3195994119986813,0.3488127738237381,-4.222188949584961,-9.744065027916804e-05,0.0,0.0,0.0,0.0,0.0,0.0,0.6552746295928955,4.259284973144531,2.09687876701355,True,False,False
a5fc167ac3e45fec,4,0,17,0,5,0,-0.00012697862088728584,mild_harm,True,False,False,True,0.0002676043668692835,-0.0017997871404167821,-0.0008590835136169806,0.00944790683784905,-1.0547494888305664,-3.415637969970703,-7.550107693532482e-05,0.0,0.0,-0.004596829414367676,0.0,0.0,0.0,-0.010559558868408203,-0.003597259521484375,-0.007774829864501953,False,False,False
bcb7ec6d46f45180,4,0,17,0,0,4,-0.00023002342972899825,mild_harm,False,True,True,True,-0.02090943238266111,0.13768979058355715,0.05019227761068478,0.06049926796215081,-4.628580689430237,0.17997169494628906,1.366302058158908e-05,0.0,0.0,0.0032796859741210938,0.0,0.0,0.0,0.8100728988647461,0.011503219604492188,0.4906449317932129,False,False,False
c25f5ca801be5075,4,0,4,0,15,8,-1.538959369074e-05,mild_harm,False,False,False,False,-0.033155931385946205,-0.007567305301234364,-0.01221774485897886,-0.0019107545075128293,0.0,0.37233734130859375,0.0,0.0,0.0,0.05291811749339104,0.0,0.0,0.0,0.1306983232498169,0.16516757011413574,0.1444861888885498,False,False,False
d0da55bb38fb5e83,4,0,3,1,9,5,0.00018315617061448464,positive_le_0.001,True,True,True,True,0.011877101028391646,0.04072983909381575,0.029884517050908582,0.040191507402374614,2.8544511795043945,3.350656509399414,8.6079614902701e-07,0.0,0.0,0.05075967311859131,0.0,0.0,0.0,0.1473703384399414,0.0895998477935791,0.12426209449768066,False,False,False
e056339b5ad457ea,4,0,17,0,1,4,-1.9974818360246616e-05,mild_harm,False,False,False,False,-0.020364995216408627,-0.008822471627626139,-0.01465602868405572,-0.00434903833258969,-0.5736210346221924,0.17473983764648438,1.0048229341919068e-05,0.0,0.0,0.002623915672302246,0.0,0.0,0.0,0.05895543098449707,0.010054588317871094,0.03939533233642578,False,False,False
03a7c978d0165fa2,4,0,20,1,6,-1,nan,no_rsmr_proposal,False,False,False,False,nan,nan,nan,nan,nan,nan,nan,nan,nan,nan,nan,nan,nan,nan,nan,nan,False,False,False
102e8bfe5f555974,4,0,19,1,9,22,-2.479011844847001e-05,mild_harm,True,True,True,True,0.04219910235310825,0.04219910235310825,0.04219910235310825,0.052506092704574285,-4.3541563482182594e-14,-1.1466131210327148,0.0,0.0,0.0,0.0,0.0,0.0,0.0,0.0,0.0,0.0,True,True,True
11579a9c240a5c77,4,0,17,1,3,-1,nan,no_rsmr_proposal,False,False,False,False,nan,nan,nan,nan,nan,nan,nan,nan,nan,nan,nan,nan,nan,nan,nan,nan,False,False,False
1c8a733cea4d5aed,4,0,28,1,6,11,0.0014269439846277235,positive_0.001_0.01,False,False,False,False,-0.012279365479871074,-0.16707442936572597,-0.12685516173344807,-0.11654817138198205,30.716402053832947,-4.16615104675293,-7.391945109702647e-05,0.0,0.0,-0.1437530517578125,0.0,0.0,0.0,-0.790642499923706,-0.790642499923706,-0.790642499923706,False,False,False
1ed95e82b4f754ff,4,0,4,1,9,-1,nan,no_rsmr_proposal,False,False,False,False,nan,nan,nan,nan,nan,nan,nan,nan,nan,nan,nan,nan,nan,nan,nan,nan,False,False,False
2067e26ac57b5302,4,0,1,0,3,5,-0.00016158222357044033,mild_harm,False,False,False,False,-0.012634730774427014,-0.02356641929289238,-0.03151464753432266,-0.02120765718285663,-2.9875144958496094,0.6153116226196289,0.0,0.0,0.0,0.0,0.0,0.0,0.0,-0.05583548545837402,-0.24195337295532227,-0.13028287887573242,True,False,False
25f5f0c57aea54b9,4,0,21,1,20,-1,nan,no_rsmr_proposal,False,False,False,False,nan,nan,nan,nan,nan,nan,nan,nan,nan,nan,nan,nan,nan,nan,nan,nan,False,False,False
2b3f24482a765ccc,4,0,5,1,22,-1,nan,no_rsmr_proposal,False,False,False,False,nan,nan,nan,nan,nan,nan,nan,nan,nan,nan,nan,nan,nan,nan,nan,nan,False,False,False
330fd7f2e3aa5f55,4,0,26,1,0,19,5.4576332867145496e-05,positive_le_0.001,True,True,True,True,0.03097830289381803,0.03097830289381803,0.03097830289381803,0.04128529324528406,1.6653345369377348e-15,1.0992298126220703,5.13433878950309e-05,0.0,0.0,0.0,0.0,0.0,0.0,0.0,0.0,0.0,True,True,True
3a46193d097552cd,4,0,16,1,3,9,0.0008605283550969234,positive_le_0.001,True,True,True,True,0.002164546427517186,0.2720289006303497,0.468241977149522,0.478548967500988,0.688190221786499,-7.216188430786133,-0.0002456617821735563,0.0,0.0,0.0,0.0,0.0,0.0,1.3783787563443184,5.972974538803101,3.2162170112133026,True,False,False
4b7fb448a9f35a56,4,0,18,1,6,-1,nan,no_rsmr_proposal,False,False,False,False,nan,nan,nan,nan,nan,nan,nan,nan,nan,nan,nan,nan,nan,nan,nan,nan,False,False,False
642e382b50db5133,4,0,17,1,3,9,0.9895227806188629,material_positive_gt_0.2,False,False,False,False,-0.08396516620374936,-0.08396516620374936,-0.08396516620374936,-0.07365817585228333,1.22181898355484,-7.330987930297852,-0.0005947137601651775,0.0,0.0,0.0,0.0,0.0,0.0,0.0,0.0,0.0,True,True,True
669d54218ee75215,4,0,2,1,22,1,3.765455192187791e-05,positive_le_0.001,False,False,False,False,-0.03125104301634359,-0.03125104301634359,-0.03125104301634359,-0.02094405266487756,-1.1368683772161603e-12,3.087099075317383,0.0,0.0,0.0,0.0,0.0,0.0,0.0,0.0,0.0,0.0,True,True,True
6715d16e80075f55,4,0,12,1,2,3,-0.00017848192839853283,mild_harm,False,False,False,True,-0.008395555582896903,-0.008395555582896903,-0.008395555582896903,0.0019114347685691268,1.1102230246251565e-14,-2.548168182373047,6.685244443360716e-05,0.0,0.0,0.0,0.0,0.0,0.0,0.0,0.0,0.0,True,True,True
8c7421c1a39954dc,4,0,1,1,4,-1,nan,no_rsmr_proposal,False,False,False,False,nan,nan,nan,nan,nan,nan,nan,nan,nan,nan,nan,nan,nan,nan,nan,nan,False,False,False
8e92f84a71e85b42,4,0,9,1,3,-1,nan,no_rsmr_proposal,False,False,False,False,nan,nan,nan,nan,nan,nan,nan,nan,nan,nan,nan,nan,nan,nan,nan,nan,False,False,False
9389f1437d2b5fad,4,0,12,1,1,0,5.547304395592256e-05,positive_le_0.001,False,False,False,False,-0.013748430852274889,-0.013748430852274889,-0.013748430852274889,-0.0034414405008088584,1.8728309869765727,-1.572845458984375,0.0,0.0,0.0,0.0,0.0,0.0,0.0,0.0,0.0,0.0,True,True,True
9f109cfcd3695a7c,4,0,18,1,10,-1,nan,no_rsmr_proposal,False,False,False,False,nan,nan,nan,nan,nan,nan,nan,nan,nan,nan,nan,nan,nan,nan,nan,nan,False,False,False
ac264ca2d43c52a7,4,0,25,1,6,-1,nan,no_rsmr_proposal,False,False,False,False,nan,nan,nan,nan,nan,nan,nan,nan,nan,nan,nan,nan,nan,nan,nan,nan,False,False,False
d7018055ca4b5f66,4,0,17,0,0,-1,nan,no_rsmr_proposal,False,False,False,False,nan,nan,nan,nan,nan,nan,nan,nan,nan,nan,nan,nan,nan,nan,nan,nan,False,False,False
ddcdcbbd930d5cd4,4,0,1,0,3,-1,nan,no_rsmr_proposal,False,False,False,False,nan,nan,nan,nan,nan,nan,nan,nan,nan,nan,nan,nan,nan,nan,nan,nan,False,False,False
e7e3b8bf23835b2a,4,0,3,1,17,16,6.682571023874928e-06,positive_le_0.001,False,False,False,False,-0.047936146195140424,-0.03196835918199034,-0.025244700652678583,-0.014937710301212553,0.0,0.4414100646972656,0.0,0.0,0.0,0.0,0.0,0.0,0.0,0.0815582275390625,0.26912426948547363,0.1565847396850586,True,False,False
eae558be27b1587b,4,0,6,1,1,7,-0.22523527703285218,mild_harm,False,False,False,False,-0.41993250765567414,-0.41993250765567414,-0.41993250765567414,-0.4096255173042081,-660.6298828125,3.3874473571777344,0.0,0.0,0.0,0.0,0.0,-1.702136516571045,0.0,0.0,0.0,0.0,False,True,False
ffb77fcdc4bd5e37,4,0,13,1,18,-1,nan,no_rsmr_proposal,False,False,False,False,nan,nan,nan,nan,nan,nan,nan,nan,nan,nan,nan,nan,nan,nan,nan,nan,False,False,False
07f8bf05fc975975,4,0,1,0,24,1,-7.274440014737316e-05,mild_harm,False,False,False,False,-0.060331290639262916,-0.06029503747748079,-0.060304456870965494,-0.04999746651949946,0.0,-1.4169387817382812,4.148525363234512e-06,0.0,0.0001322031021118164,0.0,0.0,0.0,0.0,0.0001851692795753479,0.0001851692795753479,0.0001851692795753479,False,False,False
0fdd878a393d502e,4,0,2,0,3,-1,nan,no_rsmr_proposal,False,False,False,False,nan,nan,nan,nan,nan,nan,nan,nan,nan,nan,nan,nan,nan,nan,nan,nan,False,False,False
2b32a9f406845f75,4,0,12,0,1,2,-3.806486467696913,catastrophe,False,False,False,False,-0.08204999073895891,-0.6912130365857521,-0.5329386642797204,-0.5226316739282544,-300.7801208496094,6.216821670532227,9.70535256783478e-05,0.0,-0.09953588247299194,-0.5403737425804138,0.0,-0.050244808197021484,0.0,-3.111405372619629,-3.111405372619629,-3.111405372619629,False,False,False
2c9450a5449e52fa,4,0,9,1,9,6,-0.0005310452297329904,mild_harm,True,True,True,True,0.044547568316248155,0.044547568316248155,0.044547568316248155,0.05485455866771419,-15.502861022949219,5.66914176940918,1.699337371974252e-05,0.0,0.0,0.0,0.0,0.0,0.0,0.0,0.0,0.0,True,True,True
447b5889e4005e16,4,0,5,0,1,-1,nan,no_rsmr_proposal,False,False,False,False,nan,nan,nan,nan,nan,nan,nan,nan,nan,nan,nan,nan,nan,nan,nan,nan,False,False,False
5465043a8ae85d79,4,0,2,1,3,9,0.9894966626687549,material_positive_gt_0.2,True,True,True,True,0.028189001739512012,0.028189001739512012,0.028189001739512012,0.038495992090978044,-0.725252628326416,-6.8341522216796875,-9.491534672179114e-05,0.0,0.0,0.0,0.0,0.0,0.0,0.0,0.0,0.0,True,True,True
613662b53d9a5ae7,4,0,12,1,9,-1,nan,no_rsmr_proposal,False,False,False,False,nan,nan,nan,nan,nan,nan,nan,nan,nan,nan,nan,nan,nan,nan,nan,nan,False,False,False
66da55b392b45a5d,4,0,21,1,20,17,0.00016681582629662906,positive_le_0.001,True,True,True,True,0.17095584061496766,0.1737142142058472,0.17299752619980588,0.18330451655127192,-0.869720458984375,-9.666332244873047,-0.00012633738515432924,0.0,0.0,0.0025615692138671875,0.0,0.0,0.0,0.014088869094848633,0.014088869094848633,0.014088869094848633,False,False,False
78823d4302645d60,4,0,12,1,9,-1,nan,no_rsmr_proposal,False,False,False,False,nan,nan,nan,nan,nan,nan,nan,nan,nan,nan,nan,nan,nan,nan,nan,nan,False,False,False
7a1756cf8f7a566e,4,0,13,1,13,2,-0.002361465603113011,mild_harm,True,True,True,True,0.18104216857988423,0.18104216857988423,0.18104216857988423,0.19134915893135027,-77.3673095703125,0.0909724235534668,0.0,0.0,0.0,0.0,0.0,-0.19157791137695312,0.0,0.0,0.0,0.0,False,True,False
7c8389cb32f25aed,4,0,10,1,2,1,1.7302572846444377,material_positive_gt_0.2,True,True,True,True,0.43380218613445687,0.43380218613445687,0.43380218613445687,0.4441091764859229,703.8934020996094,-5.180926322937012,-6.937033504073042e-06,0.0,0.0,0.0,0.0,1.7262663841247559,0.0,0.0,0.0,0.0,False,True,False
80bebabe4c6f5627,4,0,14,1,3,9,-0.0004784055048858704,mild_harm,False,False,False,False,-0.02577778300873839,-0.02577778300873839,-0.02577778300873839,-0.01547079265727236,-1.1437044143676758,-7.552167892456055,-0.00029472906680894084,0.0,0.0,0.0,0.0,0.0,0.0,0.0,0.0,0.0,True,True,True
b16054ccc4bd54f9,4,0,11,1,2,1,1.8926528397743594,material_positive_gt_0.2,True,True,True,True,0.38621790252811866,0.38621790252811866,0.38621790252811866,0.3965248928795847,624.9894714355469,-4.993780136108398,-5.280586719891289e-06,0.0,0.0,0.0,0.0,1.0499725341796875,0.0,0.0,0.0,0.0,False,True,False
b3734dd3dc905040,4,0,16,1,3,-1,nan,no_rsmr_proposal,False,False,False,False,nan,nan,nan,nan,nan,nan,nan,nan,nan,nan,nan,nan,nan,nan,nan,nan,False,False,False
b3c270be7e145adc,4,0,10,1,12,14,-1.2199467135749757,catastrophe,True,True,True,True,1.7256074779917452,1.7256074779917452,1.7256074779917452,1.7359144683432113,3.3816518783569336,-3.730905055999756,0.0,0.0,0.0,0.0,0.0,0.0,0.0,0.0,0.0,0.0,True,True,True
b76a132378175658,4,0,17,1,3,-1,nan,no_rsmr_proposal,False,False,False,False,nan,nan,nan,nan,nan,nan,nan,nan,nan,nan,nan,nan,nan,nan,nan,nan,False,False,False
c49669e6594c55d7,4,0,24,1,23,24,-4.205154404068878e-05,mild_harm,True,True,True,True,0.012029649003454476,0.012029649003454476,0.012029649003454476,0.022336639354920508,0.0,-2.134553909301758,0.0,0.0,0.0,0.0,0.0,0.0,0.0,0.0,0.0,0.0,True,True,True
d72a6e0e28a159a2,4,0,7,0,4,5,-0.011323793392349124,mild_harm,False,False,False,False,-0.07067209859078,-0.07409064644419165,-0.07320243019505145,-0.06289543984358542,-229.04823207855225,3.5594325065612793,2.0932828192599118e-05,0.0,0.0,-0.003174722194671631,0.0,0.0,0.0,-0.01746082305908203,-0.01746082305908203,-0.01746082305908203,False,False,False
da13a4ab1eaf5a07,4,0,17,1,7,10,4.382104147193644e-05,positive_le_0.001,False,True,True,True,-0.048945045925155084,0.016398109153461654,0.052100683454765276,0.06240767380623131,-1.9227046966552734,-8.685226440429688,-0.00023556849919259548,0.0,0.0,0.011110424995422363,0.0,0.0,0.0,0.3337514400482178,1.2425644397735596,0.6972768306732178,False,False,False
dd2f426104cb5f43,4,0,6,1,3,-1,nan,no_rsmr_proposal,False,False,False,False,nan,nan,nan,nan,nan,nan,nan,nan,nan,nan,nan,nan,nan,nan,nan,nan,False,False,False
ea01c4873e9b5cf8,4,0,17,1,7,9,-0.00010691608004265163,mild_harm,True,True,True,True,0.015302458683370115,0.018592080473491545,0.017466487162559833,0.02777347751402586,-5.002714157104492,-12.504011154174805,-0.0011681831674650311,0.0,0.0,0.0033577680587768555,0.0,0.0,0.0,0.016802310943603516,0.012129783630371094,0.014933109283447266,False,False,False
ea47b3db126a588e,4,0,1,0,3,-1,nan,no_rsmr_proposal,False,False,False,False,nan,nan,nan,nan,nan,nan,nan,nan,nan,nan,nan,nan,nan,nan,nan,nan,False,False,False
023f35fd45755497,4,0,11,1,17,-1,nan,no_rsmr_proposal,False,False,False,False,nan,nan,nan,nan,nan,nan,nan,nan,nan,nan,nan,nan,nan,nan,nan,nan,False,False,False
07704203d30b5747,4,0,1,0,2,-1,nan,no_rsmr_proposal,False,False,False,False,nan,nan,nan,nan,nan,nan,nan,nan,nan,nan,nan,nan,nan,nan,nan,nan,False,False,False
2daba893c5535189,4,0,4,1,9,-1,nan,no_rsmr_proposal,False,False,False,False,nan,nan,nan,nan,nan,nan,nan,nan,nan,nan,nan,nan,nan,nan,nan,nan,False,False,False
2f19f98982615f60,4,0,11,0,1,-1,nan,no_rsmr_proposal,False,False,False,False,nan,nan,nan,nan,nan,nan,nan,nan,nan,nan,nan,nan,nan,nan,nan,nan,False,False,False
36ba502aa1eb5ecd,4,0,14,0,14,-1,nan,no_rsmr_proposal,False,False,False,False,nan,nan,nan,nan,nan,nan,nan,nan,nan,nan,nan,nan,nan,nan,nan,nan,False,False,False
43557bbc55b85aa6,4,0,6,1,21,-1,nan,no_rsmr_proposal,False,False,False,False,nan,nan,nan,nan,nan,nan,nan,nan,nan,nan,nan,nan,nan,nan,nan,nan,False,False,False
47cdc9127a1e55a7,4,0,11,1,3,9,-0.0004928609021008779,mild_harm,False,True,True,True,-0.06817105053764612,0.10500736692515537,0.03623014261342007,0.0465371329648861,0.030689239501953125,-7.617408752441406,-0.0003129516335320659,0.0,0.0,0.17438778281211853,0.0,0.0,0.0,0.8845386505126953,0.474271297454834,0.7204315662384033,False,False,False
49677b3a648b58be,4,0,28,1,7,-1,nan,no_rsmr_proposal,False,False,False,False,nan,nan,nan,nan,nan,nan,nan,nan,nan,nan,nan,nan,nan,nan,nan,nan,False,False,False
4a1db4bffda6552f,4,0,16,1,4,-1,nan,no_rsmr_proposal,False,False,False,False,nan,nan,nan,nan,nan,nan,nan,nan,nan,nan,nan,nan,nan,nan,nan,nan,False,False,False
671ff8b7146358da,4,0,10,1,17,20,2.0199987096356575,material_positive_gt_0.2,True,False,True,True,0.05405521804050613,-0.04439593536986357,0.0060510933024438,0.01635808365390983,0.0,-1.912445068359375,0.0,0.0,0.0,-0.31255650520324707,0.0,0.0,0.0,-0.5028562545776367,-0.07385969161987305,-0.33125758171081543,False,False,False
696a489252f453fb,4,0,3,1,9,-1,nan,no_rsmr_proposal,False,False,False,False,nan,nan,nan,nan,nan,nan,nan,nan,nan,nan,nan,nan,nan,nan,nan,nan,False,False,False
69f3980cf2db525c,4,0,16,1,22,2,-0.00019636941166822908,mild_harm,False,False,False,False,-0.030117846442719844,-0.4383123965345798,-0.7351027264917918,-0.7247957361403258,0.0,-4.437694549560547,-9.21381579246372e-05,0.0,0.0,0.0,0.0,0.0,0.0,-2.084924101829529,-9.034672021865845,-4.864823341369629,True,False,False
6c6d30fe3b6e59f0,4,0,23,1,21,9,1.0326532647209063e-05,positive_le_0.001,True,True,True,True,0.06500935049327752,0.06500935049327752,0.06500935049327752,0.07531634084474355,2.886579864025407e-14,0.4910144805908203,6.484683581220452e-06,0.0,0.0,0.0,0.0,0.0,0.0,0.0,0.0,0.0,True,True,True
7449973a63d255af,4,0,9,0,0,-1,nan,no_rsmr_proposal,False,False,False,False,nan,nan,nan,nan,nan,nan,nan,nan,nan,nan,nan,nan,nan,nan,nan,nan,False,False,False
84130118c5ec5189,4,0,1,0,0,-1,nan,no_rsmr_proposal,False,False,False,False,nan,nan,nan,nan,nan,nan,nan,nan,nan,nan,nan,nan,nan,nan,nan,nan,False,False,False
986bd829651151e2,4,0,27,1,6,-1,nan,no_rsmr_proposal,False,False,False,False,nan,nan,nan,nan,nan,nan,nan,nan,nan,nan,nan,nan,nan,nan,nan,nan,False,False,False
c1dbec763983596c,4,0,17,0,2,6,-0.0004926864345327076,mild_harm,False,False,False,True,-0.006990502497278265,-0.008290965974202848,-0.007953076074412497,0.0023539142770535332,-3.2245994806289673,0.10661506652832031,1.6850793826961308e-07,0.0,0.0,-0.0012076497077941895,0.0,0.0,0.0,-0.006642341613769531,-0.006642341613769531,-0.006642341613769531,False,False,False
c70954fab4a650c7,4,0,5,0,4,13,-1.233023564266786,catastrophe,True,True,True,True,1.72126977691608,1.9029581781085965,2.0350602291180655,2.0453672194695316,-12.954225540161133,-4.020367622375488,0.0,0.0,0.0,0.0,0.0,0.0,0.0,0.9280048608779907,4.0213541984558105,2.165344476699829,True,False,False
d8d6c32be32650ad,4,0,7,1,8,-1,nan,no_rsmr_proposal,False,False,False,False,nan,nan,nan,nan,nan,nan,nan,nan,nan,nan,nan,nan,nan,nan,nan,nan,False,False,False
deeae175505b5728,4,0,9,1,7,23,0.000635542147327417,positive_le_0.001,True,True,True,True,0.3954759134189749,0.3954759134189749,0.3954759134189749,0.40578290377044096,22.77300071716301,-9.55866813659668,-0.00018080181325785816,0.0,0.0,0.0,0.0,0.0,0.0,0.0,0.0,0.0,True,True,True
e380b20d49215557,4,0,13,1,1,-1,nan,no_rsmr_proposal,False,False,False,False,nan,nan,nan,nan,nan,nan,nan,nan,nan,nan,nan,nan,nan,nan,nan,nan,False,False,False
e4499494731e5026,4,0,9,1,6,26,0.0005548425547778901,positive_le_0.001,True,True,True,True,0.5096191889083524,0.5096191889083524,0.5096191889083524,0.5199261792598184,17.572601318359137,-3.7906265258789062,0.0,0.0,0.0,0.0,0.0,0.0,0.0,0.0,0.0,0.0,True,True,True
ed710413165b5ca4,4,0,10,0,0,1,-0.00019858523067095568,mild_harm,False,True,True,True,-0.042847212966489905,0.13551411567842736,0.26519715263900284,0.2755041429904689,6.364164113998413,-7.6543731689453125,-0.0005045106045145076,0.0,0.0,0.0,0.0,0.0,0.0,0.9110112637281418,3.9477155208587646,2.125692993402481,True,False,False
f9922d29f7ca5693,4,0,9,1,19,21,-8.826512694358815e-05,mild_harm,False,False,False,False,-0.014525060194193036,-0.014525060194193036,-0.014525060194193036,-0.004218069842727006,0.0,-2.0907363891601562,0.0,0.0,0.0,0.0,0.0,0.0,0.0,0.0,0.0,0.0,True,True,True
fbe3cf848a4c5391,4,0,1,0,8,2,-0.004617220449447235,mild_harm,True,True,True,True,0.008066390153771249,0.007464225617942234,0.006640133206503134,0.016947123557969165,-13.168701171875,0.0,0.0,0.0,0.0,0.0,0.0,0.0,0.0,-0.0030756592750549316,-0.019991636276245117,-0.00984203815460205,True,False,False
fdf3abf3cf375c35,4,0,5,1,3,-1,nan,no_rsmr_proposal,False,False,False,False,nan,nan,nan,nan,nan,nan,nan,nan,nan,nan,nan,nan,nan,nan,nan,nan,False,False,False
00f4aedf9b3c5f65,4,0,16,1,22,21,3.5336512327194085e-05,positive_le_0.001,False,False,False,False,-0.05278721039727652,-0.05475592352013263,-0.05400435117169449,-0.04369736082022846,0.0,1.0055923461914062,-0.000133208668557927,0.0,0.0,-0.0016103386878967285,0.0,0.0,0.0,-0.0100555419921875,-0.005915164947509766,-0.008399009704589844,False,False,False
3584e6b997845f86,4,0,27,1,0,-1,nan,no_rsmr_proposal,False,False,False,False,nan,nan,nan,nan,nan,nan,nan,nan,nan,nan,nan,nan,nan,nan,nan,nan,False,False,False
3d56147a52d550b3,4,0,17,1,6,3,0.00019048074111349678,positive_le_0.001,False,False,False,False,-0.031765126775074586,-0.02876761914283521,-0.02954643959527373,-0.019239449243807702,16.509178161621094,-2.4198131561279297,0.0,0.0,0.0,0.0027835965156555176,0.0,0.0,0.0,0.015310287475585938,0.015310287475585938,0.015310287475585938,False,False,False
4132da23bf54566f,4,0,17,1,4,1,0.0012187561772414313,positive_0.001_0.01,True,True,True,True,0.01031431341696132,0.01031431341696132,0.01031431341696132,0.02062130376842735,27.206850051879883,-3.6742515563964844,4.392508344608359e-06,0.0,0.0,0.0,0.0,0.0,0.0,0.0,0.0,0.0,True,True,True
44ae005ad8b25d52,4,0,10,0,9,-1,nan,no_rsmr_proposal,False,False,False,False,nan,nan,nan,nan,nan,nan,nan,nan,nan,nan,nan,nan,nan,nan,nan,nan,False,False,False
48ee2a6b3a4b54cc,4,0,8,0,0,-1,nan,no_rsmr_proposal,False,False,False,False,nan,nan,nan,nan,nan,nan,nan,nan,nan,nan,nan,nan,nan,nan,nan,nan,False,False,False
49f109b9cca4567a,4,0,8,1,6,-1,nan,no_rsmr_proposal,False,False,False,False,nan,nan,nan,nan,nan,nan,nan,nan,nan,nan,nan,nan,nan,nan,nan,nan,False,False,False
4ac48ad526735073,4,0,15,1,9,1,0.0003725693814456421,positive_le_0.001,False,False,False,True,-0.018222531399934017,-0.008124101084145635,-0.009837430661173747,0.000469559690292283,15.156757354736328,-6.92292594909668,-0.0003303910343674943,0.0,0.0,-0.005974709987640381,0.0,0.0,0.0,0.05157947540283203,0.06728601455688477,0.057862281799316406,False,False,False
5214a5118acc5d75,4,0,15,1,9,6,-0.0018463206470360483,mild_harm,False,False,False,False,-0.015420270159797503,-0.016769570943712918,-0.017750621197463796,-0.007443630845997766,-38.871021151542664,2.9825544357299805,0.0,0.0,0.0,0.0,0.0,0.0,0.0,-0.006891786586493254,-0.029864411801099777,-0.016080835834145546,True,False,False
55a7c26fd2d35b8e,4,0,16,1,4,-1,nan,no_rsmr_proposal,False,False,False,False,nan,nan,nan,nan,nan,nan,nan,nan,nan,nan,nan,nan,nan,nan,nan,nan,False,False,False
5693aed0af7e548c,4,0,5,0,7,17,-2.020414070067741,catastrophe,True,True,True,True,0.07660071653820894,0.07677240012285103,0.07675232360412657,0.08705931395559259,-7.849737167358398,1.3712739944458008,0.0,0.0,0.0015630125999450684,-0.00020813941955566406,0.0,0.0,0.0,0.0008769035339355469,0.0013003349304199219,0.0010461807250976562,False,False,False
7418da8c04e85efb,4,0,7,1,2,1,4.00804797271723,material_positive_gt_0.2,True,True,True,True,0.46376580612643953,1.4360655867465706,1.183440056488047,1.193747046839513,800.8591613769531,-4.772683143615723,-2.0176052203169093e-05,0.0,0.7746774554252625,0.7057528495788574,0.0,1.9798412322998047,0.0,4.966188907623291,4.966188907623291,4.966188907623291,False,False,False
