scenario_token,outer_test_fold,calibration_fold,candidate_count,positive_opportunity,rsm_selected_action,rsm_selected_score,rsm_selected_teacher_improvement,dense_selected_action,dense_value,hurdle_selected_action,hurdle_value,sign_shift_selected_action,sign_shift_value,sdfr_raw_selected_action,sdfr_raw_value,sdfr_main_selected_action,sdfr_main_value,selected_positive_probability,selected_positive_magnitude,selected_negative_magnitude,rsmr_outcome_class,dense_deletes_rsmr_proposal,dense_accepts_frozen_rsmr_winner,hurdle_deletes_rsmr_proposal,hurdle_accepts_frozen_rsmr_winner,sign_shift_deletes_rsmr_proposal,sign_shift_accepts_frozen_rsmr_winner,sdfr_raw_deletes_rsmr_proposal,sdfr_raw_accepts_frozen_rsmr_winner,sdfr_main_deletes_rsmr_proposal,sdfr_main_accepts_frozen_rsmr_winner
30e193cab0fc5a5d,0,1,9,0,-1,,,-1,,-1,,-1,,-1,,-1,,,,,RSMR_abstain,0,0,0,0,0,0,0,0,0,0
366e33370f605634,0,1,4,1,28,0.1768938681841109,1.2326923098775555,28,0.1904850688958888,-1,0.0,-1,0.0,-1,0.0,-1,-0.0161558578742717,0.5533300859252397,0.0,0.0,material_positive_gt_0p2,0,1,1,0,1,0,1,0,1,0
3fabf2e29e5f5fc4,0,1,18,1,22,0.1364086511968436,0.0002032831884921,22,0.0969791380535447,22,0.0066584593645526,-1,-0.0030286650539364,-1,-0.0009191941369771,-1,-0.0170750520112488,0.4495036436918864,0.1363271380280408,0.1129866505053768,near_zero_positive_le_0p01,0,1,0,1,1,0,1,0,1,0
46f5fac22c0b5cb0,0,1,5,0,5,0.0060178534605635,-0.0008687456113751,-1,-0.0139948135039534,-1,-0.0127359340031856,-1,-0.0281414850105962,-1,-0.034407568321148,-1,-0.0505634261954197,0.4133716682606565,0.200429009798387,0.1998867700809249,mild_harm,1,0,1,0,1,0,1,0,1,0
518c0014d1a45ca8,0,1,13,1,12,0.2711649932888276,-0.0001304086467248,12,0.038710561622988,12,0.0259632830189695,12,0.0096209351563354,12,0.019202796989621,12,0.0030469391153493,0.4121251571657733,0.270817922033086,0.1571900597856176,mild_harm,0,1,0,1,0,1,0,1,0,1
586dc46118d75100,0,1,14,1,9,0.2774287955593529,-0.0004047478932421,-1,-0.0188280040061411,9,0.03626670907275,9,0.0172270677873603,9,0.0308082060236133,9,0.0146523481493415,0.3920811414506662,0.3381598887307253,0.1674202201682484,mild_harm,1,0,0,1,0,1,0,1,0,1
6596827fb10b569a,0,1,23,1,1,0.0822380271686119,0.0005793339748345,1,0.0057937603225926,1,0.0820460751930125,1,0.0722173359676936,1,0.1053659359457476,1,0.0892100780714758,0.4240747363785975,0.2556939612155577,0.0053260612862363,near_zero_positive_le_0p01,0,1,0,1,0,1,0,1,0,1
8f79455cf8a85fb9,0,1,4,0,-1,,,-1,,-1,,-1,,-1,,-1,,,,,RSMR_abstain,0,0,0,0,0,0,0,0,0,0
b2f2a9a83437555c,0,1,1,0,7,0.1282250643340419,-0.0007529566446319,-1,-0.0144863250278289,-1,-0.0136992393448405,-1,-0.0373778402780139,-1,-0.044582194709682,-1,-0.0607380525839538,0.4034925936427469,0.3248629087739078,0.2944841429914918,mild_harm,1,0,1,0,1,0,1,0,1,0
d1d8fef2f07e554f,0,1,27,1,19,0.2587082015109109,-6.528710596098719e-05,19,0.2180412382373967,19,0.0437272988715578,19,0.0396289645873735,19,0.0577246089265796,19,0.0415687510523078,0.5282023920858863,0.1092850198928927,0.0,mild_harm,0,1,0,1,0,1,0,1,0,1
d3578202f06d5c62,0,1,25,1,26,0.0756410325747795,8.269424438478445e-05,26,0.0280336791624671,-1,-0.011685671495585,-1,-0.0245366629890933,-1,-0.0302195515835006,-1,-0.0463754094577724,0.434716879427641,0.1566780392546629,0.1739484805128591,near_zero_positive_le_0p01,0,1,1,0,1,0,1,0,1,0
e7ee1c000ef85255,0,1,16,1,9,0.1387198737497646,0.0005864605173468,-1,-0.002720953584569,9,0.0027476690406694,-1,-0.0149128368420753,-1,-0.0149610802924173,-1,-0.031116938166689,0.4211232501623988,0.2504148978525884,0.2080177101584513,near_zero_positive_le_0p01,1,0,0,1,1,0,1,0,1,0
e8a90962974f55d3,0,1,12,1,-1,,,-1,,-1,,-1,,-1,,-1,,,,,RSMR_abstain,0,0,0,0,0,0,0,0,0,0
f390221c855a53d1,0,1,17,1,23,0.1231167918763268,0.0001769104883706,23,0.0800585133995113,23,0.0064809671884973,-1,-0.0040475973063778,-1,-0.0020702004892626,-1,-0.0182260583635343,0.4447524485326433,0.1485379868030955,0.1227071306122714,near_zero_positive_le_0p01,0,1,0,1,1,0,1,0,1,0
f473bc020969511e,0,1,24,1,2,0.3726935804696051,0.002340053756078,2,0.1353765686081339,2,0.0539841094278372,2,0.048369716901887,2,0.0704566223499167,2,0.0543007644756449,0.4764745028721326,0.1478707085588261,0.0,near_zero_positive_le_0p01,0,1,0,1,0,1,0,1,0,1
5eae283cb1b95a45,0,1,6,1,25,0.168801985923207,0.0002113920846953,25,0.0073134818096157,25,0.0109510834785903,-1,-0.0043944046998779,-1,-0.0009077975146575,-1,-0.0170636553889293,0.423548665892509,0.2288372616604624,0.1697133974872522,near_zero_positive_le_0p01,0,1,0,1,1,0,1,0,1,0
ea5915d23f345a29,0,1,6,1,26,0.253337737852979,-6.736000906726325e-06,26,0.0631582349836443,26,0.0121330510952389,-1,-0.001002729963678,26,0.0031346054290378,-1,-0.0130212524452338,0.4407529789644568,0.1927908401248724,0.1463370006361798,mild_harm,0,1,0,1,1,0,0,1,1,0
190d01845dda5596,0,1,4,0,-1,,,-1,,-1,,-1,,-1,,-1,,,,,RSMR_abstain,0,0,0,0,0,0,0,0,0,0
247baf6242815059,0,1,20,1,12,0.1064046111683757,-0.0004707026612013,-1,-0.0605332271262074,-1,-0.00062077471875,-1,-0.0189179472830332,-1,-0.0203938221123195,-1,-0.0365496799865913,0.379174560617189,0.2826353674831738,0.2054715469125179,mild_harm,1,0,1,0,1,0,1,0,1,0
273d4e72b01d53cf,0,1,14,1,8,0.1059558045640616,-1.5629368781690487,8,0.0484957237368019,8,0.0121865786471384,-1,-0.0093623982507199,-1,-0.0057898741930458,-1,-0.0219457320673175,0.4143359749316191,0.3233439783052682,0.2386400917592796,catastrophe,0,1,0,1,1,0,1,0,1,0
275e9cfb52fd59de,0,1,12,1,8,0.9052465347908496,0.1272746219409324,8,0.3429943520581031,8,0.0626003672276798,8,0.0170424958925566,8,0.0389173713636468,8,0.022761513489375,0.2436109187444511,1.190028280894823,0.33182196530442,small_positive_0p01_to_0p2,0,1,0,1,0,1,0,1,0,1
4082f94c512b5d1f,0,1,14,1,23,0.0538410789147204,-0.0001477490439216,-1,-0.0094783329360081,-1,-0.0035340649362366,-1,-0.0234171518436458,-1,-0.0261937338712075,-1,-0.0423495917454792,0.395779269018442,0.2900408714549757,0.2333350888707472,mild_harm,1,0,1,0,1,0,1,0,1,0
421dd5398e885a27,0,1,18,1,22,0.1664662853767564,-0.0001146473528817,22,0.0065892556913786,22,0.0233039439983996,22,0.007668658312039,22,0.0161788670199695,22,2.300914569781237e-05,0.3979244492612479,0.2648186730506841,0.1481524328605778,mild_harm,0,1,0,1,0,1,0,1,0,1
53620555ea3a5d3c,0,1,9,1,21,0.1628050291701029,0.0,21,0.0367038801926516,21,0.0187938333718379,21,0.0053913839598046,21,0.0122441296411475,-1,-0.0039117282331242,0.4271496796479928,0.2117382869538051,0.1365100254327039,mild_harm,0,1,0,1,0,1,0,1,1,0
60bd62401d0857f9,0,1,15,1,22,0.2339518121083311,-5.674398746347009e-05,22,0.0412792888251448,22,0.018324876570914,22,0.0044237288888387,22,0.0110540205785663,-1,-0.0051018372957054,0.430104779551999,0.216601408329921,0.1440743446440582,mild_harm,0,1,0,1,0,1,0,1,1,0
6db53a1807af5a90,0,1,13,0,-1,,,-1,,-1,,-1,,-1,,-1,,,,,RSMR_abstain,0,0,0,0,0,0,0,0,0,0
8e6c888a92425ff1,0,1,6,1,1,0.1510891908982271,0.0003081311788877,1,0.0805582614125274,1,0.0086309485586126,-1,-0.0023106135295197,1,0.0005286136721873,-1,-0.0156272442020844,0.4449417818413358,0.1570644943528647,0.1249525545973616,near_zero_positive_le_0p01,0,1,0,1,1,0,0,1,1,0
9a82cf7a1636581e,0,1,5,0,2,0.0756104859967904,-0.0042642683826388,2,0.0698748459828704,2,0.0344317563122257,2,0.0170812845560203,2,0.0301411436423608,2,0.0139852857680891,0.4361051508890697,0.2839243413790686,0.1661297744491522,mild_harm,0,1,0,1,0,1,0,1,0,1
c70bcca6e16953d7,0,1,14,1,10,0.0393977324969763,0.0003409750871363,10,0.0851660641975028,-1,-0.0265760160981956,-1,-0.0363315619835531,-1,-0.0480006960537623,-1,-0.0641565539280341,0.4568410057628651,0.0867631533334388,0.1613480826343584,near_zero_positive_le_0p01,0,1,1,0,1,0,1,0,1,0
d04f957744a353ba,0,1,10,1,21,0.1639535399829263,0.0001638741232454,21,0.0720623228969148,21,0.0115266514410085,21,7.748087412880883e-05,21,0.004077020873083,-1,-0.0120788370011887,0.4409483650650669,0.1693551384439281,0.1262850265116425,near_zero_positive_le_0p01,0,1,0,1,0,1,0,1,1,0
d0c144dfeca55025,0,1,25,1,22,0.0984392131428491,-0.0001029941059838,22,0.0224397609052132,22,0.0028713985299059,-1,-0.0105948110218919,-1,-0.0103099486396548,-1,-0.0264658065139265,0.4299996370463663,0.1881945860012648,0.1600587617901415,mild_harm,0,1,0,1,1,0,1,0,1,0
f6cbfc9328fd5914,0,1,5,1,15,0.5971377137121933,0.0028377727983173,15,0.203105095678648,15,0.1044108889579343,15,0.0750955927592897,15,0.1163033443844213,15,0.1001474865101495,0.4421267979479096,0.5416853920141728,0.2208212960020624,near_zero_positive_le_0p01,0,1,0,1,0,1,0,1,0,1
d0ce91bcf7ba557a,0,1,2,1,-1,,,-1,,-1,,-1,,-1,,-1,,,,,RSMR_abstain,0,0,0,0,0,0,0,0,0,0
00bf712a8e9e59bf,0,1,1,0,-1,,,-1,,-1,,-1,,-1,,-1,,,,,RSMR_abstain,0,0,0,0,0,0,0,0,0,0
07db46e8eac253cf,0,1,12,1,16,0.2530217512025169,0.7593208522055517,16,0.0266450634312064,16,0.0113762522651641,-1,-0.004099140729336,-1,-0.0004439853107312,-1,-0.0165998431850029,0.425889681629325,0.2300786352652426,0.1714515466520534,material_positive_gt_0p2,0,1,0,1,1,0,1,0,1,0
13adf1483845581c,0,1,18,1,21,0.1275596190793776,0.0006412762776015,21,0.0885853517785381,21,0.005881747553114,-1,-0.0041928502524209,-1,-0.0024317555506335,-1,-0.0185876134249052,0.4474455880576599,0.1408664689967245,0.1184712929508019,near_zero_positive_le_0p01,0,1,0,1,1,0,1,0,1,0
2ffe7083e279569c,0,1,15,1,3,0.0759099948208489,0.000160507233395,3,0.0895149668506138,-1,-0.0003732608012224,-1,-0.0115591468680987,-1,-0.0124607685882248,-1,-0.0286166264624966,0.4450801262441617,0.1471293081002579,0.1404618996327374,near_zero_positive_le_0p01,0,1,1,0,1,0,1,0,1,0
36857cb219845df9,0,1,14,1,7,0.0111505997441622,0.0001324263616466,7,0.0797355341918155,7,0.0078212890490038,-1,-0.0091163781473572,-1,-0.0070275150124124,-1,-0.0231833728866842,0.4203210036996102,0.2481707490081712,0.1920699111663434,near_zero_positive_le_0p01,0,1,0,1,1,0,1,0,1,0
6f8bc109eabc5ad5,0,1,4,1,19,0.0332843123644923,-4.585174424573402e-06,19,0.0056654425628182,-1,-0.0107259883883446,-1,-0.0265150562528809,-1,-0.0319873390505957,-1,-0.0481431969248675,0.421877835745013,0.2042830693312951,0.2044028849364628,mild_harm,0,1,1,0,1,0,1,0,1,0
8fbfbaa44855539e,0,1,16,0,-1,,,-1,,-1,,-1,,-1,,-1,,,,,RSMR_abstain,0,0,0,0,0,0,0,0,0,0
b66888a9942d59ff,0,1,5,1,22,0.0891914892984824,0.0031217700053006,22,0.0240766757272372,22,0.0135361390499542,-1,-0.0023160732390817,22,0.0021725869583284,-1,-0.0139832709159433,0.3957843883781113,0.2550594908058703,0.1634780295483632,near_zero_positive_le_0p01,0,1,0,1,1,0,0,1,1,0
e4f303186cdb50b1,0,1,4,1,19,0.0360059972796644,-4.364564421121576e-06,19,0.0075252289386416,-1,-0.0094824572741437,-1,-0.0252578332817433,-1,-0.0302171921343309,-1,-0.0463730500086026,0.4220779890003521,0.2057995412637692,0.2025890110079385,mild_harm,0,1,1,0,1,0,1,0,1,0
ee17abab9d83514f,0,1,4,0,17,0.2661902593227762,-5.260109603405505e-05,17,0.0636671408818455,17,0.0244448706738455,17,0.0099410321076745,17,0.0190481183469756,17,0.0028922604727039,0.4261938306154773,0.2355677922143265,0.1417716046408775,mild_harm,0,1,0,1,0,1,0,1,0,1
5b4aedf8449c54ca,0,1,4,1,1,0.3036981106646081,0.0013290141742676,-1,-0.0399651973206306,1,0.0867650278291463,1,0.0554764969141407,1,0.0884424395836815,1,0.0722865817094098,0.3208669595247683,0.699350600311315,0.2001906152068447,near_zero_positive_le_0p01,1,0,0,1,0,1,0,1,0,1
73458ba61f445d19,0,1,16,1,9,0.0692067774063314,-2.754281880346099e-06,9,0.1112766647659109,9,0.0742298583433734,9,0.0658075135843172,9,0.0958569830334558,9,0.0797011251591841,0.4288431504423113,0.2235245752079482,0.0,mild_harm,0,1,0,1,0,1,0,1,0,1
7647b4788f795d71,0,1,1,1,1,0.2369589393802825,0.0035336643615271,-1,-0.0383726569275902,1,0.0317081776598288,1,0.0112327678289562,1,0.0228498873558658,1,0.006694029481594,0.391605863329469,0.3534090094028606,0.1899215424923253,near_zero_positive_le_0p01,1,0,0,1,0,1,0,1,0,1
8f2f7b6da7495074,0,1,22,1,6,0.2750697190322527,-0.0030044126219674,6,0.0316000421529127,6,0.021840178147122,6,0.0070047304734088,6,0.0150160382209053,-1,-0.0011398196533664,0.4261956601531419,0.2363446600489228,0.1493767548275969,mild_harm,0,1,0,1,0,1,0,1,1,0
c23e9cc0ed7e5b21,0,1,17,1,3,0.0494992337730325,0.0016556329336947,3,0.1496204256020849,3,0.0457331715717737,3,0.0407771708484255,3,0.059397116852951,3,0.0432412589786793,0.4544920967841536,0.1306889982757166,0.0,near_zero_positive_le_0p01,0,1,0,1,0,1,0,1,0,1
cdfa6ac2b00156d1,0,1,10,0,-1,,,-1,,-1,,-1,,-1,,-1,,,,,RSMR_abstain,0,0,0,0,0,0,0,0,0,0
16599b5179df53bb,0,1,7,0,-1,,,-1,,-1,,-1,,-1,,-1,,,,,RSMR_abstain,0,0,0,0,0,0,0,0,0,0
181f26554b4b5e75,0,1,15,0,9,0.2131053279119143,-0.0001236836064255,-1,-0.0486384365392545,9,0.0216420327113329,9,0.0015019485712342,9,0.0090192845773221,-1,-0.0071365732969495,0.3916209744969484,0.3337033595050012,0.1999838014867947,mild_harm,1,0,0,1,0,1,0,1,1,0
21411e892e975adf,0,1,3,0,-1,,,-1,,-1,,-1,,-1,,-1,,,,,RSMR_abstain,0,0,0,0,0,0,0,0,0,0
24f940b7a94f5ed7,0,1,17,0,3,0.0788292181613854,-0.0003130765174522,3,0.096045237661038,-1,0.0,-1,0.0,-1,0.0,-1,-0.0161558578742717,0.4676480010991066,0.0,0.0,mild_harm,0,1,1,0,1,0,1,0,1,0
257140a662885e1d,0,1,7,1,3,0.0516886667898204,0.000522074045008,3,0.1224867541545161,3,0.003589805456546,-1,-0.0081360652619417,-1,-0.0074303858766532,-1,-0.0235862437509249,0.4596019656937058,0.1551395441721095,0.1456941371669664,near_zero_positive_le_0p01,0,1,0,1,1,0,1,0,1,0
3e1e8ae126d0578f,0,1,15,1,-1,,,-1,,-1,,-1,,-1,,-1,,,,,RSMR_abstain,0,0,0,0,0,0,0,0,0,0
40d5b1af93cf50e4,0,1,12,1,4,0.1144445606696137,8.93150708446977e-05,4,0.0339819708396181,4,0.0142868991167214,-1,-0.0003271508931347,4,0.0045762697403364,-1,-0.0115795881339352,0.4178041522141049,0.2263366814011371,0.1545667766090168,near_zero_positive_le_0p01,0,1,0,1,1,0,0,1,1,0
4b30de14589f513c,0,1,14,1,23,0.1239261711985639,0.0002240603599697,23,0.0903740138213555,23,0.0033094524595438,-1,-0.0074160232927743,-1,-0.0067620139214933,-1,-0.0229178717957651,0.4509688830654488,0.1445664890602375,0.1310617919498722,near_zero_positive_le_0p01,0,1,0,1,1,0,1,0,1,0
648d283b25fa50d1,0,1,4,0,23,0.2530075331405964,-0.0001290052613243,-1,-0.0010503038589138,23,0.0207398298254315,23,0.0046606991913086,23,0.0121191783390066,-1,-0.0040366795352651,0.4161112614704575,0.2572604650470567,0.162581998990545,mild_harm,1,0,0,1,0,1,0,1,1,0
651762602ed854bf,0,1,1,1,-1,,,-1,,-1,,-1,,-1,,-1,,,,,RSMR_abstain,0,0,0,0,0,0,0,0,0,0
864541f05d165c97,0,1,2,1,21,0.1935085229851983,7.027299320325284e-05,21,0.2494304739001024,-1,0.0,-1,0.0,-1,0.0,-1,-0.0161558578742717,0.5209578880131419,0.0,0.0,near_zero_positive_le_0p01,0,1,1,0,1,0,1,0,1,0
a054dd394e1b559c,0,1,17,1,21,0.4527756639738644,0.0004801966886094,21,0.1123249080932364,-1,0.0,-1,0.0,-1,0.0,-1,-0.0161558578742717,0.5071298403462535,0.0,0.0,near_zero_positive_le_0p01,0,1,1,0,1,0,1,0,1,0
b7c6fe6429785952,0,1,15,1,22,0.1393431402315217,6.060907109617375e-05,22,0.047375007876414,22,0.0092921669633254,-1,-0.0033690790431447,-1,-0.0003784498266611,-1,-0.0165343077009328,0.4348936858716709,0.1846006601367642,0.1427344011406058,near_zero_positive_le_0p01,0,1,0,1,1,0,1,0,1,0
c031140da54d502a,0,1,17,1,3,0.1299209399720031,0.9911725879896434,3,0.1449363972397084,3,0.0454308792735359,3,0.0405652367736204,3,0.0590884080155206,3,0.0429325501412489,0.4608742685786175,0.1282093882085352,0.0,material_positive_gt_0p2,0,1,0,1,0,1,0,1,0,1
cdabe76a1ba75152,0,1,16,1,3,0.5871673676194018,0.990668047375232,3,0.2975005558059906,3,0.0598786376937033,3,0.0541134344339165,3,0.0788230748114775,3,0.0626672169372058,0.5153327005687728,0.1529557016748219,0.0,material_positive_gt_0p2,0,1,0,1,0,1,0,1,0,1
cdccf3dfd4e153cc,0,1,24,1,21,0.4473879834141613,0.0025033863656862,21,0.1633665720772282,21,0.0186151981988915,21,0.0168355013121888,21,0.0245230411505289,21,0.0083671832762572,0.5187404257621848,0.0472742048482095,0.0,near_zero_positive_le_0p01,0,1,0,1,0,1,0,1,0,1
d3e0b427c9095c6f,0,1,17,1,9,0.2384780682024984,0.0002687987604178,-1,-0.0342775652307421,9,0.0275369834985536,9,0.0079637790435847,9,0.0179349398727614,9,0.0017790819984897,0.3925101481671945,0.3331194449977804,0.1857114526280858,near_zero_positive_le_0p01,1,0,0,1,0,1,0,1,0,1
d86f407ee78151b0,0,1,5,1,-1,,,-1,,-1,,-1,,-1,,-1,,,,,RSMR_abstain,0,0,0,0,0,0,0,0,0,0
de2c82b474d85dd5,0,1,17,1,9,0.2025328713640982,0.0006124333238229,-1,-0.0611114252943503,9,0.0181644490540242,-1,-0.0013836504852569,9,0.004745198319643,-1,-0.0114106595546287,0.3888377131528205,0.3218551544205488,0.1970085957247523,near_zero_positive_le_0p01,1,0,0,1,1,0,0,1,1,0
046577552dd15fc3,0,1,15,1,-1,,,-1,,-1,,-1,,-1,,-1,,,,,RSMR_abstain,0,0,0,0,0,0,0,0,0,0
1f8c9456286d59fb,0,1,17,0,9,0.1605581158987417,-0.0006121215932071,-1,-0.0774265226723086,9,0.0141570144244903,-1,-0.0070231319575878,-1,-0.0026439732898646,-1,-0.0187998311641364,0.3884412127580789,0.341006794375354,0.2209191804194075,mild_harm,1,0,0,1,1,0,1,0,1,0
369040b3134c5769,0,1,17,1,-1,,,-1,,-1,,-1,,-1,,-1,,,,,RSMR_abstain,0,0,0,0,0,0,0,0,0,0
39dca464ed145043,0,1,17,1,3,0.0557550442093209,1.3998703285889036e-05,3,0.2041135576548878,3,0.0493761628672991,3,0.0444888199967561,3,0.0648036041985306,3,0.0486477463242588,0.501739479444014,0.1291578734652107,0.0,near_zero_positive_le_0p01,0,1,0,1,0,1,0,1,0,1
3e940b9ccdf456b7,0,1,17,1,3,0.0558152016575229,-0.0098371612697842,3,0.2065860942685823,3,0.0493634387249879,3,0.0444863536171795,3,0.0648000116041239,3,0.0486441537298521,0.5026570854672392,0.12891494714312,0.0,mild_harm,0,1,0,1,0,1,0,1,0,1
4f74e2eb505a5fd0,0,1,9,0,7,0.0179788836892131,-0.2430389412705786,7,0.0313370290905094,-1,-0.0014700226406546,-1,-0.0192762426129646,-1,-0.0210683671941387,-1,-0.0372242250684104,0.3974965806915411,0.2610716889908841,0.2072079043579095,mild_harm,0,1,1,0,1,0,1,0,1,0
524cadd627f25d7f,0,1,8,0,7,0.0439366670846383,-0.2439054437735635,7,0.0368544229528659,-1,-0.0016944988627758,-1,-0.0162706648015841,-1,-0.0179430279868148,-1,-0.0340988858610865,0.4278205875479292,0.1977255191608638,0.1791991699387188,mild_harm,0,1,1,0,1,0,1,0,1,0
70c45003ec3e527b,0,1,1,0,9,0.0495696802295063,-0.0006647571086881,-1,-0.1138098134064083,-1,-0.01468546657657,-1,-0.0350274894923039,-1,-0.042389534234625,-1,-0.0585453921088968,0.3822089206532904,0.2913335094366072,0.248854031024695,mild_harm,1,0,1,0,1,0,1,0,1,0
b1bfa52c4bc452b7,0,1,17,1,-1,,,-1,,-1,,-1,,-1,,-1,,,,,RSMR_abstain,0,0,0,0,0,0,0,0,0,0
bed9898a4bf45a6b,0,1,17,1,-1,,,-1,,-1,,-1,,-1,,-1,,,,,RSMR_abstain,0,0,0,0,0,0,0,0,0,0
db219c4afef9558d,0,1,18,1,3,0.109005171517493,0.0001490208003551,3,0.155470900871786,3,0.0474310440553213,3,0.042698150118377,3,0.0621952665969227,3,0.0460394087226509,0.4976977841095492,0.1249659302948248,0.0,near_zero_positive_le_0p01,0,1,0,1,0,1,0,1,0,1
fa1f7200f4ff5651,0,1,16,0,-1,,,-1,,-1,,-1,,-1,,-1,,,,,RSMR_abstain,0,0,0,0,0,0,0,0,0,0
04e294754b4d56a6,0,1,7,1,22,0.3005936605354631,4.5298025821094434e-05,22,0.0401800416786797,22,0.022495661760705,-1,-0.0127522857402626,-1,-0.0059822959844442,-1,-0.0221381538587159,0.3412743285779834,0.6396426455543304,0.3404693639640462,near_zero_positive_le_0p01,0,1,0,1,1,0,1,0,1,0
3a223e65af13545c,0,1,7,1,1,0.7360791112853133,1.6616739350611345,1,0.1783972473066191,-1,-0.0099001852461557,-1,-0.0691114454767712,-1,-0.0770087237042285,-1,-0.0931645815785002,0.2451282881689792,1.4048974492405744,0.5582257539727021,material_positive_gt_0p2,0,1,1,0,1,0,1,0,1,0
3e1f06aa9ff354c9,0,1,17,1,3,0.0872942507860932,0.000358076515142,3,0.1437458288376343,3,0.0498788522290159,3,0.0447859833166109,3,0.0652364602321048,3,0.049080602357833,0.4860190143265566,0.1342261481734382,0.0,near_zero_positive_le_0p01,0,1,0,1,0,1,0,1,0,1
3e3a2d672dfb5b51,0,1,6,1,6,0.1667612122709031,-1.987346634269027e-05,6,0.0719728067266452,6,0.0108860993631757,-1,-0.0184012107818091,-1,-0.0159491659249173,-1,-0.0321050237991891,0.3328387158858881,0.5328856055563936,0.2897562121715034,mild_harm,0,1,0,1,1,0,1,0,1,0
6110193eb32f5ad4,0,1,17,1,-1,,,-1,,-1,,-1,,-1,,-1,,,,,RSMR_abstain,0,0,0,0,0,0,0,0,0,0
6e075e93bd485b81,0,1,10,1,-1,,,-1,,-1,,-1,,-1,,-1,,,,,RSMR_abstain,0,0,0,0,0,0,0,0,0,0
6fc9e653b0ee5565,0,1,12,1,10,0.3179424258286458,-0.0001716095520647,10,0.0144237258251828,10,0.015532234378979,-1,-0.0070768150037875,-1,-0.0022352715020714,-1,-0.0183911293763431,0.3842875114125378,0.3683211568472295,0.2335123859470926,mild_harm,0,1,0,1,1,0,1,0,1,0
99426aa893625f69,0,1,7,0,2,0.0617471534812086,-0.990559431026876,2,0.0888620312714038,-1,-0.0046927641446918,-1,-0.016881870516755,-1,-0.0196382132282721,-1,-0.0357940711025438,0.4476362441147156,0.1531627654808882,0.1596763317046409,catastrophe,0,1,1,0,1,0,1,0,1,0
9fb5b34a36925a6c,0,1,7,0,4,0.1135710824679139,-0.0037563836089917,4,0.1019921908774264,4,0.0176692989215885,4,0.0029857536447513,4,0.0092703231172784,-1,-0.0068855347569932,0.4132694399885293,0.2345068429473903,0.1493772346532521,mild_harm,0,1,0,1,0,1,0,1,1,0
a1c1a996e52f5c4e,0,1,5,0,9,0.129147507251073,-0.0004672088905239,-1,-0.09840914616565,-1,-0.0051032763139617,-1,-0.026319402035002,-1,-0.0298249197591577,-1,-0.0459807776334295,0.387606077014399,0.3141874626767155,0.2475626944096112,mild_harm,1,0,1,0,1,0,1,0,1,0
a657d16d34c3519a,0,1,3,1,20,0.1935592380844824,1.784201655457297,20,0.1443779706712271,20,0.0045916776290154,-1,-0.0159273342206526,-1,-0.0154025390348003,-1,-0.0315583969090721,0.4341406989173552,0.2844005090438211,0.2454185599456179,material_positive_gt_0p2,0,1,0,1,1,0,1,0,1,0
a68adc1c27615ce9,0,1,13,0,-1,,,-1,,-1,,-1,,-1,,-1,,,,,RSMR_abstain,0,0,0,0,0,0,0,0,0,0
a75ce500226f5481,0,1,17,1,4,0.2603494602161748,-0.0008296889021993,4,0.0534556703399813,4,0.021740680970118,4,0.0067380885039181,4,0.0146907164855243,-1,-0.0014651413887474,0.4223333740881773,0.2403956415640734,0.1503226636907667,mild_harm,0,1,0,1,0,1,0,1,1,0
b95dc2615771588d,0,1,14,1,23,0.232985093688386,1.9696841584348583,23,0.0345435830906141,23,0.0187628185297433,23,0.004547968843523,23,0.0113345516486366,-1,-0.004821306225635,0.4277636306328461,0.2225877554197437,0.1465834736035628,material_positive_gt_0p2,0,1,0,1,0,1,0,1,1,0
c3fd16e5694a5353,0,1,10,1,9,0.02646719507444,0.0044793055554852,9,0.02558675452705,9,0.0738706252111053,9,0.064588959612098,9,0.0945027000008358,9,0.0783468421265641,0.4410481751932849,0.231256113650234,0.0134043518499677,near_zero_positive_le_0p01,0,1,0,1,0,1,0,1,0,1
c8c5d04b848e504c,0,1,16,1,3,0.1659734801915494,0.000295684360573,3,0.1443866742738182,3,0.0685779036828536,3,0.061173640465601,3,0.089107159605606,3,0.0729513017313342,0.4565011238863122,0.1951959260187876,0.0,near_zero_positive_le_0p01,0,1,0,1,0,1,0,1,0,1
c944de45a71e5a38,0,1,14,0,-1,,,-1,,-1,,-1,,-1,,-1,,,,,RSMR_abstain,0,0,0,0,0,0,0,0,0,0
f7cbec94d1ff5621,0,1,3,0,-1,,,-1,,-1,,-1,,-1,,-1,,,,,RSMR_abstain,0,0,0,0,0,0,0,0,0,0
03dac455f9ec5792,0,1,18,1,23,0.2460258016774534,-0.0001943112442734,23,0.0090548839941286,23,0.0080055545321678,-1,-0.0081261048017512,-1,-0.0059030936731198,-1,-0.0220589515473916,0.4274790314314313,0.2333955495005934,0.184578038038067,mild_harm,0,1,0,1,1,0,1,0,1,0
0966d80519ed5508,0,1,11,1,-1,,,-1,,-1,,-1,,-1,,-1,,,,,RSMR_abstain,0,0,0,0,0,0,0,0,0,0
222f2b699516591c,0,1,14,1,-1,,,-1,,-1,,-1,,-1,,-1,,,,,RSMR_abstain,0,0,0,0,0,0,0,0,0,0
343925e5442554f5,0,1,4,1,9,0.5838481226295662,-0.0001190353877842,9,0.1926075187282643,-1,-0.0250373374375441,-1,-0.0727348203823988,-1,-0.0861590138110378,-1,-0.1023148716853095,0.3838131083954499,0.6937345976003653,0.5719424592103709,mild_harm,0,1,1,0,1,0,1,0,1,0
650894e30d725ba8,0,1,14,0,-1,,,-1,,-1,,-1,,-1,,-1,,,,,RSMR_abstain,0,0,0,0,0,0,0,0,0,0
70a67a5dedae584b,0,1,23,1,22,0.1821758017089497,0.0002050307922065,22,0.0483894894805593,-1,-0.0020793935744043,-1,-0.0242281066499342,-1,-0.0265623573974358,-1,-0.0427182152717075,0.4113032579702408,0.3133848039519496,0.2640723774438339,near_zero_positive_le_0p01,0,1,1,0,1,0,1,0,1,0
80c337fb67145ff6,0,1,29,1,20,0.1677480115548473,0.0002089060913768,20,0.1923102162231171,20,0.0300290776866732,20,0.0259726513013621,20,0.0383332254928132,20,0.0221773676185415,0.5353494700172108,0.0882632077496873,0.0191938573670219,near_zero_positive_le_0p01,0,1,0,1,0,1,0,1,0,1
84ed4f2cc4f057ce,0,1,14,1,25,0.172805776623204,1.8950668792427905e-05,25,0.0446451628260534,25,0.0206586008301655,25,0.0076976137934169,25,0.015351542764056,-1,-0.0008043151102156,0.4289721648454649,0.2076243832840723,0.1290892209975511,near_zero_positive_le_0p01,0,1,0,1,0,1,0,1,1,0
8bdafd4a1d7c50eb,0,1,21,1,3,0.075166753519983,0.0008188129012006,3,0.0771272260532344,3,0.003476822466356,-1,-0.0015697634462513,-1,-0.0004489972647041,-1,-0.0166048551389759,0.5181762968465886,0.0622898626294919,0.0679213733134193,near_zero_positive_le_0p01,0,1,0,1,1,0,1,0,1,0
9cb860301c105ca7,0,1,9,1,20,0.5255746113163778,-3.7070147320572566e-05,20,0.154224216009822,20,0.0068179612257908,-1,-0.015060750289809,-1,-0.0136939878840316,-1,-0.0298498457583034,0.4602249891419122,0.2892630909351253,0.272002385837395,mild_harm,0,1,0,1,1,0,1,0,1,0
a1ceb182eb7250a1,0,1,16,1,9,0.2760796406411903,0.0007709787252359,-1,-0.0337293133597513,9,0.0236336873799973,9,0.003691458546517,9,0.0120482434120488,-1,-0.0041076144622229,0.3974251757472058,0.3292660413682038,0.1971711498130107,near_zero_positive_le_0p01,1,0,0,1,0,1,0,1,1,0
b704090abc8d5afe,0,1,30,1,18,0.1553406690888887,0.0007353571400976,18,0.2428806035466392,18,0.0660500968161359,18,0.0600551611870018,18,0.0874779527963474,18,0.0713220949220756,0.5431095588487447,0.161068704041554,0.0,near_zero_positive_le_0p01,0,1,0,1,0,1,0,1,0,1
fd35b4e54a465e54,0,1,1,0,7,0.1122411017486341,-2.0207331793509424,7,0.0480940415390945,7,0.0149291431732453,7,0.000944500647119,7,0.0061594000975221,-1,-0.0099964577767495,0.4222365659369533,0.2163558813154317,0.1474547526316319,catastrophe,0,1,0,1,0,1,0,1,1,0
fe98c3c19baf5ea3,0,1,2,1,4,0.6410420944109576,2.128624531634088,-1,-0.3125983503322216,-1,-0.5784491102374392,-1,-0.6638454742273778,-1,-0.8943283643221631,-1,-0.9104842221964348,0.1214105833812903,3.290285818908551,1.4725921580825527,material_positive_gt_0p2,1,0,1,0,1,0,1,0,1,0
05ba4ac2db9c50d2,0,1,11,1,25,0.1727854607064307,-0.98944860655242,25,0.0331336626397285,25,0.0203932183269321,25,0.0154163395731545,25,0.0235657634117117,25,0.0074099055374399,0.474308902026525,0.0913597986364179,0.0376019347580611,catastrophe,0,1,0,1,0,1,0,1,0,1
0d399eab6caf5d71,0,1,1,0,-1,,,-1,,-1,,-1,,-1,,-1,,,,,RSMR_abstain,0,0,0,0,0,0,0,0,0,0
154c14f381535c43,0,1,1,1,24,0.2305967211942673,7.987478524418279e-05,24,0.040217333795695,24,0.0188229325007067,24,0.004849578060468,24,0.0116797054213591,-1,-0.0044761524529126,0.4295657335515012,0.2185528815347172,0.1441062157199802,near_zero_positive_le_0p01,0,1,0,1,0,1,0,1,1,0
20cd0f5250875606,0,1,5,0,9,0.1943934711475888,-0.0003515167922247,-1,-0.0398395694111732,9,0.0261981525254575,9,0.0040122968971119,9,0.0131968473957754,-1,-0.0029590104784963,0.3611010661455144,0.3991685328482663,0.2049515634616753,mild_harm,1,0,0,1,0,1,0,1,1,0
30a3163cf0805a69,0,1,4,0,1,0.2587818534600188,-1.2324926170708386,1,0.0194241889830392,1,0.032899136254574,1,0.0069402291885067,1,0.0186130790269668,1,0.002457221152695,0.3658252886081057,0.4648694944482503,0.23881106456022,catastrophe,0,1,0,1,0,1,0,1,0,1
3da38924ebd45f50,0,1,10,1,1,0.2897989109508466,1.728687759304978,-1,-0.0079665861157832,1,0.0366387994768228,1,0.018208421080831,1,0.0319853260761297,1,0.015829468201858,0.3930251741206393,0.3289078912194785,0.1602764249721845,material_positive_gt_0p2,1,0,0,1,0,1,0,1,0,1
48fd1a7abb7c59a6,0,1,19,1,23,0.2661473623851567,-0.0003539639446881,-1,-0.0033295249734401,23,0.0102055620253582,-1,-0.0085793781337081,-1,-0.0056421439876905,-1,-0.0217980018619623,0.4077676869759215,0.2855517886534285,0.2061369055250669,mild_harm,1,0,0,1,1,0,1,0,1,0
501128405d13533f,0,1,10,1,-1,,,-1,,-1,,-1,,-1,,-1,,,,,RSMR_abstain,0,0,0,0,0,0,0,0,0,0
594c56337e94571b,0,1,14,0,-1,,,-1,,-1,,-1,,-1,,-1,,,,,RSMR_abstain,0,0,0,0,0,0,0,0,0,0
5c92fa52c5165a1e,0,1,19,1,10,0.1913259511332679,-7.041046395883654e-05,10,0.0030554515099414,10,0.0065014749110471,-1,-0.0111692361152455,-1,-0.0096775731432169,-1,-0.0258334310174886,0.4107521279443001,0.2622504728179742,0.1992328160609826,mild_harm,0,1,0,1,1,0,1,0,1,0
83d128720881565a,0,1,17,0,3,0.0524354888181263,-0.0005778864786027,-1,-0.1249182448656026,-1,-0.0132047504522802,-1,-0.0379398856136653,-1,-0.0449666461722733,-1,-0.0611225040465451,0.3592750131825137,0.3853007090876539,0.2862313274528394,mild_harm,1,0,1,0,1,0,1,0,1,0
95a810911ba359ec,0,1,11,0,18,0.3655633981867628,-1.2317849212438547,18,0.1207343544690172,-1,-0.1403216673080239,-1,-0.2013004363841787,-1,-0.2620687364743588,-1,-0.2782245943486305,0.3208818346938706,0.9122161409427632,0.8169157500997684,catastrophe,0,1,1,0,1,0,1,0,1,0
9d1adc78bda259ce,0,1,10,1,-1,,,-1,,-1,,-1,,-1,,-1,,,,,RSMR_abstain,0,0,0,0,0,0,0,0,0,0
a3b5d1855e7e5d96,0,1,12,1,5,0.8865874639511729,0.1193620606041702,5,0.3190493646369497,-1,-0.0685502176766956,-1,-0.1181684514531286,-1,-0.148576387932739,-1,-0.1647322458070108,0.2072392069085416,1.3069672179112752,0.529076666357977,small_positive_0p01_to_0p2,0,1,1,0,1,0,1,0,1,0
bbc08519add25675,0,1,3,1,9,0.34343464965122,2.284032596921548,9,0.0023107613452506,9,0.0417285031440141,9,0.0201977428438062,9,0.0357778521065444,9,0.0196219942322726,0.3699571688204991,0.4027440716396578,0.1797023929064387,material_positive_gt_0p2,0,1,0,1,0,1,0,1,0,1
bf75c93832c7569d,0,1,9,1,-1,,,-1,,-1,,-1,,-1,,-1,,,,,RSMR_abstain,0,0,0,0,0,0,0,0,0,0
d5b4a2295da55f8c,0,1,5,0,7,2.0232822920408102,-1.2230283835736102,7,0.9813746018924504,7,0.3960714244977359,7,0.3389050061791046,7,0.4936580894465764,7,0.4775022315723047,0.2734450281843834,1.805328452026942,0.0,catastrophe,0,1,0,1,0,1,0,1,0,1
dec7d1a6632a516c,0,1,9,1,1,0.2095299925044658,0.0097562610348436,1,0.023127761480382,1,0.0050001393767164,-1,-0.009932498422943,-1,-0.0088667238601792,-1,-0.025022581734451,0.4320542661309953,0.2103633441872019,0.1756419640205467,near_zero_positive_le_0p01,0,1,0,1,1,0,1,0,1,0
e14c53a47ffc5fe0,0,1,21,1,24,0.2705662984108091,-0.0002950868985615,24,0.0058990155140638,24,0.0051613910393179,-1,-0.0113571308713434,-1,-0.0103322706371334,-1,-0.0264881285114052,0.4282606485325732,0.2341558140360648,0.1934657657024907,mild_harm,0,1,0,1,1,0,1,0,1,0
0624fd97bb1d5859,0,1,23,1,22,0.307087604126155,0.0001875565206632,22,0.1419688518989592,22,0.0034237648637978,22,0.0030920964476583,22,0.0045040303238508,-1,-0.0116518275504208,0.5123579003878718,0.0087907892518904,0.0,near_zero_positive_le_0p01,0,1,0,1,0,1,0,1,1,0
1289017760ab5cda,0,1,22,1,23,0.1695696067585175,-0.0001021183120086,-1,-0.018039207450306,-1,-0.0078682412641823,-1,-0.0265764051401588,-1,-0.0310603949772467,-1,-0.0472162528515185,0.4115252936538637,0.2556571648094092,0.2315643872720678,mild_harm,1,0,1,0,1,0,1,0,1,0
15210c5280b851a8,0,1,18,1,24,0.0783254314371099,1.220051444119215,24,0.0315768028261241,-1,-0.0092488712476831,-1,-0.0218989754269305,-1,-0.0265619728753595,-1,-0.0427178307496313,0.434106626844623,0.1577526297635974,0.167952903084814,material_positive_gt_0p2,0,1,1,0,1,0,1,0,1,0
327472f9f4b755a7,0,1,12,1,-1,,,-1,,-1,,-1,,-1,,-1,,,,,RSMR_abstain,0,0,0,0,0,0,0,0,0,0
35c70713d92251fc,0,1,12,1,17,0.1413127678783992,0.0,17,0.0449619893080849,-1,-0.0017618478668001,-1,-0.0147026895711384,-1,-0.0162953319127229,-1,-0.0324511897869946,0.4406488970724208,0.1699931060345563,0.1630507316771547,mild_harm,0,1,1,0,1,0,1,0,1,0
3a4fd1d48a995545,0,1,12,1,19,0.3629425684112401,0.0142617651462133,19,0.0591832817396835,-1,-0.0385022900194241,-1,-0.0791754219906163,-1,-0.0978632894117607,-1,-0.1140191472860324,0.4599344239054595,0.4635302887239411,0.5759612156140946,small_positive_0p01_to_0p2,0,1,1,0,1,0,1,0,1,0
3c9d60b02bfb51c0,0,1,17,0,9,0.2019859033669045,-0.0004975407660006,-1,-0.06521624842846,9,0.0248888368847948,9,0.004631182516751,9,0.0134597131839673,-1,-0.0026961446903044,0.3861415144830908,0.344509787756042,0.1947840110310005,mild_harm,1,0,0,1,0,1,0,1,1,0
4750b9c4cfbd5d3f,0,1,2,0,-1,,,-1,,-1,,-1,,-1,,-1,,,,,RSMR_abstain,0,0,0,0,0,0,0,0,0,0
506ddb4d458f5a70,0,1,1,0,9,0.2129942629495222,-0.9297249210089444,-1,-0.0528829134088118,9,0.0218126156394585,9,0.002327371043033,9,0.009949332301869,-1,-0.0062065255724026,0.3863082175734807,0.3281473514413804,0.1903507419848762,catastrophe,1,0,0,1,0,1,0,1,1,0
54dbabed00525444,0,1,17,0,6,0.1129828642843183,-0.0001196603953605,-1,-0.0071237407722798,-1,-0.0129510479340165,-1,-0.0301160528058578,-1,-0.0365985933471469,-1,-0.0527544512214187,0.4238116983016207,0.2191148659885625,0.2246870275624963,mild_harm,1,0,1,0,1,0,1,0,1,0
77f9220d917b52d0,0,1,12,1,1,0.1751107123164369,0.9964797705322505,1,0.0912410640457193,1,0.0272542845171905,1,0.0244972556786972,1,0.0356833573259137,1,0.0195274994516419,0.4907775643114349,0.0727078006835495,0.0,material_positive_gt_0p2,0,1,0,1,0,1,0,1,0,1
7ca96f8e844f56ca,0,1,15,1,20,0.3163398267823767,3.252210966228601,20,0.0539080959917234,20,0.0029256459008926,-1,-0.0115898305437478,-1,-0.011349244179727,-1,-0.0275051020539988,0.4451791322003882,0.1958483081050529,0.1776011497470169,material_positive_gt_0p2,0,1,0,1,1,0,1,0,1,0
7d363b1db0fc5975,0,1,11,1,5,0.0515535415839632,-0.9769596037015144,5,0.0023679799345624,5,0.0021528329241917,-1,-0.0140454627134544,-1,-0.0142418072677675,-1,-0.0303976651420393,0.4161751022537506,0.2318337670597808,0.1896548937997999,catastrophe,0,1,0,1,1,0,1,0,1,0
8813e8c6790a59d3,0,1,13,1,22,0.2954325623573707,0.0001085729885146,22,0.0811287626644632,22,0.0158527643147381,22,0.0143449263553108,22,0.0208952031061829,22,0.0047393452319112,0.5212038211142846,0.040090272288317,0.0,near_zero_positive_le_0p01,0,1,0,1,0,1,0,1,0,1
9626975e16725ec8,0,1,20,1,22,0.0387127754169094,0.0008604435924439,22,0.0489570869994059,22,0.0128123527942655,22,0.0085305834190926,22,0.0135967633952163,-1,-0.0025590944790554,0.4978238727165751,0.06920063384692,0.0415252000402835,near_zero_positive_le_0p01,0,1,0,1,0,1,0,1,1,0
9907ad0101c45e09,0,1,1,0,-1,,,-1,,-1,,-1,,-1,,-1,,,,,RSMR_abstain,0,0,0,0,0,0,0,0,0,0
9e720f0176b35d63,0,1,24,1,19,0.2363259581218463,-9.262234168127192e-05,19,0.0233437677746473,19,0.0089370989306605,-1,-0.0128920757264125,-1,-0.0106819001896977,-1,-0.0268377580639694,0.4039184957963505,0.3305683064973174,0.2419208653365195,mild_harm,0,1,0,1,1,0,1,0,1,0
a67f3948c2445760,0,1,3,1,3,0.030472551691319,0.0006509598884731,3,0.108885410976374,-1,-0.0074727885962145,-1,-0.0168976068076097,-1,-0.0206222200045493,-1,-0.0367780778788211,0.45179984344347,0.1116882265100771,0.1296660396866395,near_zero_positive_le_0p01,0,1,1,0,1,0,1,0,1,0
a8e99095a8235549,0,1,4,0,16,0.5009691622233208,-1.2318749638779087,16,0.4386884357042828,16,0.3304551333756303,16,0.204140802582792,16,0.3307428651785047,16,0.3145870073042329,0.380449899728566,2.432200726972732,0.9597087584321576,catastrophe,0,1,0,1,0,1,0,1,0,1
aed1237adf57578c,0,1,1,1,0,0.3113336971456892,1.0332035451421078,0,0.1439955376041523,0,0.0790588720105673,-1,-0.0770080668470873,-1,-0.0557487319422849,-1,-0.0719045898165566,0.2787565739978014,3.4048474222122977,1.3932499044232085,material_positive_gt_0p2,0,1,0,1,1,0,1,0,1,0
ba5ddc3d1d5d56ad,0,1,1,0,25,0.2006617011717707,-3.65264862778325e-05,25,0.0515940402595782,25,0.0099325198273778,-1,-0.0039129757253987,-1,-0.0007336143864691,-1,-0.0168894722607408,0.4393939306747593,0.1996178339118031,0.1577658250618149,mild_harm,0,1,0,1,1,0,1,0,1,0
c81dc86e054f566d,0,1,15,1,3,0.0446817022815315,0.0005305072082206,3,0.0931528744394683,-1,-0.0013025984801349,-1,-0.0126910534796245,-1,-0.0139912009894799,-1,-0.0301470588637517,0.4507362919467704,0.1465632031539697,0.1457452122563748,near_zero_positive_le_0p01,0,1,1,0,1,0,1,0,1,0
cffbf96734fa5f35,0,1,2,0,1,0.0905889789082065,-0.0001211573171431,1,0.1044881091706108,1,0.0028142000475669,-1,-0.0084189980187601,-1,-0.0080051734764056,-1,-0.0241610313506773,0.4455535868651757,0.1522392626824964,0.1367777322203735,mild_harm,0,1,0,1,1,0,1,0,1,0
f4ba7c7ca86f5233,0,1,13,1,22,0.3020711472082559,6.64908149863308e-05,22,0.0814907908108935,22,0.0154777743627867,22,0.0140044797763566,22,0.0203992995206327,22,0.0042434416463609,0.5208383097005483,0.0391662808604864,0.0,near_zero_positive_le_0p01,0,1,0,1,0,1,0,1,0,1
045cd7a008c65925,0,1,17,1,9,0.2187556230918365,0.0004271200689487,9,0.008633577527114,9,0.0687672226827076,9,0.0609618703874723,9,0.0887986896501173,9,0.0726428317758456,0.4286371075809008,0.2071651942391794,0.0,near_zero_positive_le_0p01,0,1,0,1,0,1,0,1,0,1
0c77a4182a655cf9,0,1,3,1,-1,,,-1,,-1,,-1,,-1,,-1,,,,,RSMR_abstain,0,0,0,0,0,0,0,0,0,0
1470dbcb0c415442,0,1,9,1,9,0.0258193396029285,0.0005928187692534,-1,-0.1822604567365227,-1,-0.0210860536021218,-1,-0.0534964708269496,-1,-0.0641763855977066,-1,-0.0803322434719784,0.3180518847566239,0.5680493594622236,0.3590383924179898,near_zero_positive_le_0p01,1,0,1,0,1,0,1,0,1,0
208da297c61b5a6b,0,1,14,0,9,0.2282433716521233,-0.0002173149178734,-1,-0.0410541832514961,9,0.0267720214039944,9,0.0067139932556831,9,0.0163378603926508,9,0.000182002518379,0.3917420537266938,0.339851664902911,0.1920177607122818,mild_harm,1,0,0,1,0,1,0,1,0,1
249837af09305794,0,1,2,0,-1,,,-1,,-1,,-1,,-1,,-1,,,,,RSMR_abstain,0,0,0,0,0,0,0,0,0,0
2648d4ed541751cc,0,1,13,1,-1,,,-1,,-1,,-1,,-1,,-1,,,,,RSMR_abstain,0,0,0,0,0,0,0,0,0,0
2e3481cf5ec35baa,0,1,14,0,-1,,,-1,,-1,,-1,,-1,,-1,,,,,RSMR_abstain,0,0,0,0,0,0,0,0,0,0
31d6d7b013a75d29,0,1,17,1,9,0.1573999275685835,0.00015953127658,-1,-0.0769790061288819,9,0.0110890025507255,-1,-0.0097059892366084,-1,-0.0065557572256204,-1,-0.0227116150998921,0.3895837549850351,0.3297892199659852,0.2212199970042477,near_zero_positive_le_0p01,1,0,0,1,1,0,1,0,1,0
45389fbdea6657a0,0,1,10,0,6,0.051154231763046,-0.0003288350688643,6,0.0727258799555681,6,0.0151063318135189,6,0.0009251285046514,6,0.0062223674951323,-1,-0.0099334903791393,0.441460153679322,0.2107558296789232,0.1554373139815217,mild_harm,0,1,0,1,0,1,0,1,1,0
46bf28b955d051b1,0,1,29,1,5,0.0061431271667552,-0.0003345792815641,-1,-0.0454923238331647,-1,-0.0417616941411958,-1,-0.0594593950227409,-1,-0.0778178092010865,-1,-0.0939736670753582,0.4145738957388301,0.1900013167884296,0.2674759361733496,mild_harm,1,0,1,0,1,0,1,0,1,0
4efebde6623256df,0,1,6,1,-1,,,-1,,-1,,-1,,-1,,-1,,,,,RSMR_abstain,0,0,0,0,0,0,0,0,0,0
5991dfcee3185e01,0,1,15,0,2,0.2289757826230753,-3.552210174457291e-05,2,0.0183341794977344,2,0.0113566508007428,-1,-0.0039603681087589,-1,-0.0003011553287915,-1,-0.0164570132030632,0.4276600629224231,0.2269902497274457,0.1701363359461125,mild_harm,0,1,0,1,1,0,1,0,1,0
6c82dcb2637f5ad4,0,1,3,0,9,0.254706379729819,-0.0003719746213523,-1,-0.0530406764054008,9,0.0542518826902363,9,0.0310383829271094,9,0.051668617168654,9,0.0355127592943822,0.3830606397284201,0.4351001901461809,0.1864059053779211,mild_harm,1,0,0,1,0,1,0,1,0,1
1a9e0797610e5da4,1,2,17,1,9,0.067860900177485,-0.0003152008085511,-1,-0.1244812430618131,-1,-0.0074159371502628,-1,-0.020818007437162,-1,-0.1322108212759007,9,0.0194763531593335,0.431796100171663,0.2364318967258585,0.4123540727353363,mild_harm,1,0,1,0,1,0,1,0,0,1
31e5a1e6febd5acb,1,2,12,1,4,0.1001262372180711,0.0022942917462438,4,0.0120371316504304,4,0.0128665166707969,4,0.0047475749387877,-1,-0.0516116413268156,4,0.1000755331084186,0.4587418692087351,0.1537979406294033,0.2257059786113679,near_zero_positive_le_0p01,0,1,0,1,0,1,1,0,0,1
3f0c33142293536e,1,2,11,1,19,0.1759833801899673,0.0,19,0.0242708112672289,19,0.034209270743626,19,0.0293753440854481,19,0.011649861792189,19,0.1633370362274233,0.4889856979926788,0.115909654472585,0.0881155406557154,mild_harm,0,1,0,1,0,1,0,1,0,1
48fc14e048fb5fe2,1,2,18,1,23,0.1377213293175721,0.0001272183358669,23,0.022666458916853,23,0.0055484265862884,-1,-0.0014051805192256,-1,-0.0532393616052996,23,0.0984478128299346,0.4765695910179086,0.1211781204155564,0.2120418817620846,near_zero_positive_le_0p01,0,1,0,1,1,0,1,0,0,1
65f00228b6bc54b5,1,2,17,1,-1,,,-1,,-1,,-1,,-1,,-1,,,,,RSMR_abstain,0,0,0,0,0,0,0,0,0,0
d22547ad7061548d,1,2,11,1,26,0.5517393249386024,0.0043491496021159,26,0.070504531805614,26,0.1158760274800842,26,0.1090921827116626,26,0.1211274639592383,26,0.2728146383944726,0.5258194790232442,0.2303594081075946,0.0,near_zero_positive_le_0p01,0,1,0,1,0,1,0,1,0,1
ebc361211e395b18,1,2,19,0,-1,,,-1,,-1,,-1,,-1,,-1,,,,,RSMR_abstain,0,0,0,0,0,0,0,0,0,0
f757646a2d865977,1,2,1,0,5,0.0157890678845987,-0.0002396740362047,-1,-0.0580109484299778,-1,-0.0297206612714117,-1,-0.0396494853108502,-1,-0.1373192546074275,5,0.0143679198278067,0.4611950080056236,0.1367050942661792,0.3718728753983386,mild_harm,1,0,1,0,1,0,1,0,0,1
9ca3798eb199579e,1,2,10,0,23,0.1914482223399789,-7.272584703751916e-05,-1,-0.0883500384164225,23,0.0050159390512036,-1,-0.0062029032921701,-1,-0.0920977713984099,23,0.0595894030368243,0.4434119215743375,0.2050133573232352,0.3287945703672734,mild_harm,1,0,0,1,1,0,1,0,0,1
f7050dbcd3c954f3,1,2,6,1,2,0.0975107973028239,1.2324836412908278,2,0.0243881937161655,-1,-0.0025929296763499,-1,-0.0092583274793902,-1,-0.0638112913341481,2,0.0878758831010861,0.4813396431039919,0.1062788307790059,0.2216624121782948,material_positive_gt_0p2,0,1,1,0,1,0,1,0,0,1
180f81d1ca5c5ee3,1,2,17,1,23,0.1443417416229646,7.068096973794624e-05,23,0.0145036919045063,23,0.0080771778879276,23,0.0008512450532443,-1,-0.0515554235000636,23,0.1001317509351706,0.4724777377831346,0.1295254195525973,0.2137413125312484,near_zero_positive_le_0p01,0,1,0,1,0,1,1,0,0,1
1bd8ca835d485cd8,1,2,14,1,23,0.0869700583000563,0.0001267136363314,23,0.0156940412197596,23,0.0032046255113002,-1,-0.0034298510467141,-1,-0.0541642219178498,23,0.0975229525173844,0.4735521981457352,0.1139963388117262,0.2054286072841216,near_zero_positive_le_0p01,0,1,0,1,1,0,1,0,0,1
291db523bb115ccf,1,2,16,1,24,0.1697532472292033,-8.852075822662897e-05,-1,-0.0134703655546953,24,0.0043817809698394,-1,-0.0056512649855211,-1,-0.0825781512734019,24,0.0691090231618322,0.4536419462970638,0.1792063758094252,0.2999382534471314,mild_harm,1,0,0,1,1,0,1,0,0,1
2d4f708394ef542e,1,2,2,0,-1,,,-1,,-1,,-1,,-1,,-1,,,,,RSMR_abstain,0,0,0,0,0,0,0,0,0,0
39346eef49ad52a6,1,2,16,0,2,0.0003899191943174,-1.8276321345854372,2,0.0486786501004271,-1,-0.0133702282062411,-1,-0.0206331649814688,-1,-0.0864984195791464,2,0.0651887548560878,0.4838805155127693,0.1034737511943092,0.2646041386807353,catastrophe,0,1,1,0,1,0,1,0,0,1
621fb14952d45fbc,1,2,2,0,2,0.076859351701205,-1.793281329542026,2,0.0455076289281184,2,0.0006963041615552,-1,-0.0059682192503034,-1,-0.0584966940735838,2,0.0931904803616504,0.4751488319154039,0.1113386730910181,0.2122489980280212,catastrophe,0,1,0,1,1,0,1,0,0,1
79a3cfc7d4535d5f,1,2,14,1,25,0.4144419323145974,0.0030683114655256,25,0.0990190765329672,25,0.0510005420367878,25,0.0484131941053327,25,0.0537542404815995,25,0.2054414149168337,0.5890949789392842,0.0912488518886862,0.0,near_zero_positive_le_0p01,0,1,0,1,0,1,0,1,0,1
7a90e31caaa35114,1,2,11,1,23,0.000844679722542,-0.0002471273148438,-1,-0.0698715424331046,-1,-0.027036597781338,-1,-0.0365792808655035,-1,-0.1293551017699556,23,0.0223320726652786,0.4661754577436215,0.1313427528803311,0.3570159380640093,mild_harm,1,0,1,0,1,0,1,0,0,1
9e4525cb8f5e5fcd,1,2,15,0,-1,,,-1,,-1,,-1,,-1,,-1,,,,,RSMR_abstain,0,0,0,0,0,0,0,0,0,0
c5e0107671965987,1,2,13,0,-1,,,-1,,-1,,-1,,-1,,-1,,,,,RSMR_abstain,0,0,0,0,0,0,0,0,0,0
ca00c31168b252d5,1,2,16,1,-1,,,-1,,-1,,-1,,-1,,-1,,,,,RSMR_abstain,0,0,0,0,0,0,0,0,0,0
e2c31e25cb35514d,1,2,14,1,9,0.1786756793643761,-0.0005410650956444,-1,-0.0877415899111412,9,0.0091837608133586,-1,-0.0031665452791083,-1,-0.0952428290152188,9,0.0564443454200154,0.4315341548751468,0.2357989351184564,0.3465434641174518,mild_harm,1,0,0,1,1,0,1,0,0,1
114a8e53ec3c5e0d,1,2,3,1,-1,,,-1,,-1,,-1,,-1,,-1,,,,,RSMR_abstain,0,0,0,0,0,0,0,0,0,0
1907423ff64a51eb,1,2,9,1,22,0.1844532815796694,4.7492956556399735e-05,-1,-0.010165917117545,22,0.0076631230832663,-1,-0.0009756917739246,-1,-0.0648419907450974,22,0.0868451836901368,0.4691503315838489,0.1536603739860795,0.2579483689996758,near_zero_positive_le_0p01,1,0,0,1,1,0,1,0,0,1
b8091003cbb95da3,1,2,2,1,21,0.0097189837439082,0.0057995361132896,-1,-0.0178310265794374,21,0.001015221754812,-1,-0.0068463912446668,-1,-0.068665141613332,21,0.0830220328219021,0.449558185733206,0.138977027683248,0.2382511623174809,near_zero_positive_le_0p01,1,0,0,1,1,0,1,0,0,1
c9281513f02f50f2,1,2,12,1,23,0.0998620397945753,0.0,-1,-0.0145922052571018,23,0.0016865485580376,-1,-0.0061966362459744,-1,-0.06778222497586,23,0.0839049494593741,0.46609786975073,0.1351955862366751,0.2449823522138949,mild_harm,1,0,0,1,1,0,1,0,0,1
eeb054ac63575b33,1,2,2,1,-1,,,-1,,-1,,-1,,-1,,-1,,,,,RSMR_abstain,0,0,0,0,0,0,0,0,0,0
6988613e2a3557be,1,2,17,1,-1,,,-1,,-1,,-1,,-1,,-1,,,,,RSMR_abstain,0,0,0,0,0,0,0,0,0,0
b66ea7e3342b533b,1,2,2,0,2,0.1498102374783007,-5.520669647962606e-05,-1,-0.0707045752956067,2,0.0297211180784889,2,0.0112218934388161,-1,-0.1156756644825983,2,0.0360115099526358,0.4148517650342806,0.3845126879915224,0.470293534748642,mild_harm,1,0,0,1,0,1,1,0,0,1
ebdc46dacb5f53f2,1,2,20,1,21,0.059523338066818,7.133007049464624e-07,-1,-0.0305939697702962,-1,-0.0066529121753981,-1,-0.014923176297934,-1,-0.0848152645018704,21,0.0668719099333638,0.4656341138296677,0.1326218144662228,0.2742849222762943,near_zero_positive_le_0p01,1,0,1,0,1,0,1,0,0,1
06a937676ff65c69,1,2,17,1,9,0.1457244736804245,-0.0008672325992258,-1,-0.0992704325664083,9,0.0050183336155999,-1,-0.0075060496102451,-1,-0.1037144511570966,9,0.0479727232781376,0.4312099268749098,0.2345258432398374,0.3601404675460526,mild_harm,1,0,0,1,1,0,1,0,0,1
26f611f146275818,1,2,17,1,-1,,,-1,,-1,,-1,,-1,,-1,,,,,RSMR_abstain,0,0,0,0,0,0,0,0,0,0
441987f47a6f5784,1,2,9,0,-1,,,-1,,-1,,-1,,-1,,-1,,,,,RSMR_abstain,0,0,0,0,0,0,0,0,0,0
5f4392860e5752ce,1,2,6,1,24,0.222149187005187,-0.000464562402782,-1,-0.0719521295132214,24,0.0164632990250879,24,0.0058857405701099,-1,-0.0674421799772388,24,0.0842449944579954,0.4406508411254055,0.2075013931972623,0.2840405512434608,mild_harm,1,0,0,1,0,1,1,0,0,1
5fde760ec9f05c3d,1,2,16,1,22,0.509443486967129,-0.0001297025804172,22,0.14530882121845,22,0.0510281579231806,22,0.048514741663033,22,0.0538669909814954,22,0.2055541654167297,0.601052327782586,0.0896211336211318,0.0,mild_harm,0,1,0,1,0,1,0,1,0,1
606e5b5125985e1f,1,2,12,1,-1,,,-1,,-1,,-1,,-1,,-1,,,,,RSMR_abstain,0,0,0,0,0,0,0,0,0,0
73cd1e45d87156ee,1,2,18,1,23,0.383533882953274,0.0003884504090763,23,0.1634387964003869,23,0.043786490254657,23,0.0417467686515466,23,0.0463523608159898,23,0.1980395352512241,0.622695342471376,0.0744382648375447,0.0,near_zero_positive_le_0p01,0,1,0,1,0,1,0,1,0,1
7a9a7b86210b5dc4,1,2,17,0,3,0.1223014329312727,-0.0001631911307573,3,0.1031340994768226,3,0.0223564497619983,3,0.0210222725745017,3,0.0233414943244784,3,0.1750286687597127,0.5166384746246413,0.0451795510224766,0.0,mild_harm,0,1,0,1,0,1,0,1,0,1
81195788481d5844,1,2,17,1,-1,,,-1,,-1,,-1,,-1,,-1,,,,,RSMR_abstain,0,0,0,0,0,0,0,0,0,0
948d834b78515695,1,2,10,1,22,0.0786345226336342,2.8722488693892767e-05,-1,-0.0075834349203666,22,0.0032770353393855,-1,-0.002984129581943,-1,-0.0506718977383831,22,0.1010152766968511,0.4624316133123534,0.1103689386421482,0.1892038047865011,near_zero_positive_le_0p01,1,0,0,1,1,0,1,0,0,1
a08635adfbc45990,1,2,16,1,-1,,,-1,,-1,,-1,,-1,,-1,,,,,RSMR_abstain,0,0,0,0,0,0,0,0,0,0
a5836bf6d71f58f2,1,2,17,1,9,0.0483777762411058,0.000861446211487,-1,-0.1289915271488692,-1,-0.0278242148153652,-1,-0.0440312971356146,-1,-0.1916434312717594,-1,-0.0399562568365252,0.414733111980835,0.2771528375073838,0.523842876372456,near_zero_positive_le_0p01,1,0,1,0,1,0,1,0,1,0
a6e92119ed185a7d,1,2,19,0,-1,,,-1,,-1,,-1,,-1,,-1,,,,,RSMR_abstain,0,0,0,0,0,0,0,0,0,0
aeb0da156a7b5426,1,2,3,1,21,0.4016152735521289,8.050889065489182e-05,21,0.2016334156799374,21,0.0615577413731509,21,0.0584685907707027,21,0.0649189698591356,21,0.2166061442943699,0.5935400018387946,0.1093758965832392,0.0,near_zero_positive_le_0p01,0,1,0,1,0,1,0,1,0,1
b024a29a38815f5d,1,2,10,1,-1,,,-1,,-1,,-1,,-1,,-1,,,,,RSMR_abstain,0,0,0,0,0,0,0,0,0,0
c0eff628bb5d57f2,1,2,5,0,9,0.1919309276150189,-0.0002712661859579,-1,-0.0599521339795755,9,0.0361840855532001,9,0.0204584979088517,-1,-0.0810356407102743,9,0.0706515337249599,0.443667078070276,0.3195783591446468,0.4005192372106642,mild_harm,1,0,0,1,0,1,1,0,0,1
c2ef8af22b6b57fa,1,2,16,1,8,0.0314021350363716,0.0006266896873712,-1,-0.1457107838585638,-1,-0.0238523990535285,-1,-0.0397358540232377,-1,-0.182503636638684,-1,-0.0308164622034498,0.3967735252783572,0.289076695571679,0.4926866254562526,near_zero_positive_le_0p01,1,0,1,0,1,0,1,0,1,0
e2becee9277c5811,1,2,18,1,22,0.4637404023987865,0.0001367530750111,22,0.148956777937692,22,0.0572996195325467,22,0.0543408092130703,22,0.0603358026749642,22,0.2120229771101985,0.5817588188284988,0.1037127426730957,0.0,near_zero_positive_le_0p01,0,1,0,1,0,1,0,1,0,1
e7c6e7ca0bf75a88,1,2,17,1,-1,,,-1,,-1,,-1,,-1,,-1,,,,,RSMR_abstain,0,0,0,0,0,0,0,0,0,0
f845609710815b95,1,2,16,1,22,0.5103017594189099,-0.0001336572684111,22,0.14961012157519,22,0.0423593410490854,22,0.0403096578312828,22,0.0447567048784143,22,0.1964438793136485,0.6080786199512203,0.0736034838422779,0.0,mild_harm,0,1,0,1,0,1,0,1,0,1
0e7c79855e005220,1,2,17,1,3,0.1567587199850295,0.989674308249508,-1,-0.0375843774484785,-1,-0.0101735564420721,-1,-0.0228746283747632,-1,-0.1304161418129337,3,0.0212710326223005,0.4420617288875794,0.215188249616184,0.4042429837710681,material_positive_gt_0p2,1,0,1,0,1,0,1,0,0,1
14dd0d86a4d353af,1,2,1,0,-1,,,-1,,-1,,-1,,-1,,-1,,,,,RSMR_abstain,0,0,0,0,0,0,0,0,0,0
2d691673d2a75468,1,2,5,1,9,0.2046044900958258,-0.0005493406044321,-1,-0.0441937243984539,9,0.0613434089252479,9,0.0399125729985972,-1,-0.0891986110335363,9,0.0624885634016979,0.4200467967978019,0.470292210575564,0.4944249743970937,mild_harm,1,0,0,1,0,1,1,0,0,1
4a475083531f544e,1,2,17,1,5,0.0152957417616315,0.0005351796336472,-1,-0.0796669303079985,-1,-0.0452083375111135,-1,-0.059612783818175,-1,-0.2033023133968735,-1,-0.0516151389616393,0.4458133699046226,0.204501214352901,0.5313583419839062,near_zero_positive_le_0p01,1,0,1,0,1,0,1,0,1,0
4aa6a5b42a9d5a1a,1,2,4,0,-1,,,-1,,-1,,-1,,-1,,-1,,,,,RSMR_abstain,0,0,0,0,0,0,0,0,0,0
4f8180de60ff5016,1,2,16,1,-1,,,-1,,-1,,-1,,-1,,-1,,,,,RSMR_abstain,0,0,0,0,0,0,0,0,0,0
65f6f0aad1645746,1,2,15,0,-1,,,-1,,-1,,-1,,-1,,-1,,,,,RSMR_abstain,0,0,0,0,0,0,0,0,0,0
86935537a5e256bd,1,2,3,1,23,0.1231613475703427,-4.216529144323439e-05,-1,-0.0276654322241782,-1,-0.0104403544381244,-1,-0.021614195859766,-1,-0.1171704478846588,23,0.0345167265505753,0.4443140280450686,0.1866485704841624,0.3600973142463277,mild_harm,1,0,1,0,1,0,1,0,0,1
91dfe4ebf3c25298,1,2,3,0,-1,,,-1,,-1,,-1,,-1,,-1,,,,,RSMR_abstain,0,0,0,0,0,0,0,0,0,0
ae93b0cb5f2752c9,1,2,7,1,23,0.2090003092380338,-1.621068492024813e-06,23,0.0145754091193364,23,0.0015666662200523,-1,-0.0069053446687382,-1,-0.073270760824075,23,0.0784164136111592,0.4830145749513944,0.1400027260300796,0.2725301550160413,mild_harm,0,1,0,1,1,0,1,0,0,1
c4b429aa06c65c18,1,2,5,1,27,0.1829648659151209,2.0200232751698115,-1,-0.0061827092794072,-1,-0.1566046197890277,-1,-0.2014081370569266,-1,-0.6703175867781044,-1,-0.5186304123428701,0.3689748041960101,0.783303244044932,1.520282794181286,material_positive_gt_0p2,1,0,1,0,1,0,1,0,1,0
d124fe4c82a0504a,1,2,14,0,-1,,,-1,,-1,,-1,,-1,,-1,,,,,RSMR_abstain,0,0,0,0,0,0,0,0,0,0
d8a9f79a9b2f5af3,1,2,1,1,22,1.20704336188775,3.149701463542634,22,1.4787453663196992,22,0.9651083713549464,22,0.8975133916226771,22,0.9965289748033191,22,1.1482161492385534,0.4327170047919586,2.302957738585821,0.0,material_positive_gt_0p2,0,1,0,1,0,1,0,1,0,1
d9b829983ef95e41,1,2,17,0,-1,,,-1,,-1,,-1,,-1,,-1,,,,,RSMR_abstain,0,0,0,0,0,0,0,0,0,0
dba43762ec9a571c,1,2,3,0,-1,,,-1,,-1,,-1,,-1,,-1,,,,,RSMR_abstain,0,0,0,0,0,0,0,0,0,0
fefa06851c7f58a7,1,2,7,1,20,0.2475751952100125,-1.232325807697454,-1,-0.0159170007664347,20,0.0006370158162904,-1,-0.0095214329720977,-1,-0.0898524692864534,20,0.0618347051487808,0.4781412030532436,0.1681829261045171,0.3262715065900363,catastrophe,1,0,0,1,1,0,1,0,0,1
185ce8f5060f5856,1,2,1,0,-1,,,-1,,-1,,-1,,-1,,-1,,,,,RSMR_abstain,0,0,0,0,0,0,0,0,0,0
6b5577a2a92d5e63,1,2,14,1,4,0.1546974795209342,-4.862848371267603e-05,-1,-0.0110449358709699,4,0.0058596085921241,-1,-0.0043200158858221,-1,-0.0815272538322198,4,0.0701599206030144,0.464186201169748,0.1793761734838444,0.3075531065863008,mild_harm,1,0,0,1,1,0,1,0,0,1
6d5d40bcf2f153a8,1,2,28,1,11,0.3056315383103962,0.0014631343937406,11,0.1852771191587632,11,0.0362008025252408,11,0.0342592481665549,11,0.038038801171785,11,0.1897259756070193,0.5655970540682426,0.0672542420406515,0.0,near_zero_positive_le_0p01,0,1,0,1,0,1,0,1,0,1
8ce184b9fe795518,1,2,12,1,12,0.2697113966484706,0.0,12,0.0166794985311636,-1,-0.0371320729702547,-1,-0.0402985079622716,-1,-0.0837318255610957,12,0.0679553488741385,0.6054144618178963,0.0,0.2122019624613128,mild_harm,0,1,1,0,1,0,1,0,0,1
ae75c379fc4f5ac0,1,2,15,1,-1,,,-1,,-1,,-1,,-1,,-1,,,,,RSMR_abstain,0,0,0,0,0,0,0,0,0,0
bc30bddda7655472,1,2,17,1,-1,,,-1,,-1,,-1,,-1,,-1,,,,,RSMR_abstain,0,0,0,0,0,0,0,0,0,0
ec003315c7f8544e,1,2,13,1,7,0.3000589655082053,1.625132601845264,7,0.0030426839271216,-1,-0.0894665089396681,-1,-0.1159992288820779,-1,-0.3926699682015699,-1,-0.2409827937663357,0.3534651882833677,0.4923823745330782,0.8765343901879451,material_positive_gt_0p2,0,1,1,0,1,0,1,0,1,0
f80967dcb45f5879,1,2,25,1,25,0.2387807976232137,-8.79884749651616e-05,25,0.2687040427913708,25,0.015082388289761,25,0.0143789899581964,25,0.0159653106633229,25,0.1676524850985572,0.6222603074632219,0.0256569645722848,0.0,mild_harm,0,1,0,1,0,1,0,1,0,1
f8295ad66d0b502a,1,2,18,1,23,0.0323762385235986,0.0001384854522026,-1,-0.0021952607909702,-1,-0.0152755061927201,-1,-0.0225976526949604,-1,-0.0901521608620599,23,0.0615350135731743,0.4800103315149195,0.1032846013242578,0.2687165631409316,near_zero_positive_le_0p01,1,0,1,0,1,0,1,0,0,1
00d83b17d1755be3,1,2,7,0,-1,,,-1,,-1,,-1,,-1,,-1,,,,,RSMR_abstain,0,0,0,0,0,0,0,0,0,0
07f7850e943e5787,1,2,17,1,9,0.0010526287388362,-0.0003208969734609,-1,-0.1518229549678088,-1,-0.021322992747235,-1,-0.0372404349997948,-1,-0.1784590585233464,-1,-0.0267718840881121,0.3998768220411312,0.2901061957335191,0.4906756028474715,mild_harm,1,0,1,0,1,0,1,0,1,0
0bd45dc9e3a759c2,1,2,17,1,17,0.1101286099339962,0.000105648253858,17,0.0212386301021899,17,0.0007931729967994,-1,-0.0069989596992156,-1,-0.0684202895412991,17,0.0832668848939351,0.4651322741933641,0.1329373251129438,0.2435251252070392,near_zero_positive_le_0p01,0,1,0,1,1,0,1,0,0,1
183eebcd18325090,1,2,12,1,22,0.149891029584383,-2.6754828193224865e-05,-1,-0.012896606636411,-1,-0.001434962360423,-1,-0.0098492278314433,-1,-0.0776039610928428,22,0.0740832133423914,0.4716884655980614,0.1390248720457422,0.2710150741458815,mild_harm,1,0,1,0,1,0,1,0,0,1
19b32f02944d51ad,1,2,19,1,20,0.1436572762248105,4.461837168800997e-05,20,0.0261933299166926,20,0.0060808467426136,-1,-0.0007911905929539,-1,-0.0516535680356293,20,0.1000336063996048,0.4773748523890745,0.1202283147561412,0.2086534537111697,near_zero_positive_le_0p01,0,1,0,1,1,0,1,0,0,1
1de30d88d7e15d70,1,2,11,1,4,0.1436918799428695,0.0004073154002428,4,0.0043051327292222,4,0.0162797071993169,4,0.0083774112176676,-1,-0.0440244441106989,4,0.1076627303245353,0.4541740176391636,0.1552306450065466,0.2098217628239061,near_zero_positive_le_0p01,0,1,0,1,0,1,1,0,0,1
351a31864bda5923,1,2,12,1,9,0.1666088868814431,-0.0003158109522206,-1,-0.090717985181124,9,0.0091224935537798,-1,-0.0033346545675572,-1,-0.0962999442491863,9,0.0553872301860479,0.4314824618318477,0.2377098447692231,0.3498002434764949,mild_harm,1,0,0,1,1,0,1,0,0,1
42e1302d4d595015,1,2,24,0,23,0.1973050792219317,-3.214230805159701e-05,-1,-0.0181758392832092,23,0.001237581003179,-1,-0.0081554896153128,-1,-0.0820274941884816,23,0.0696596802467526,0.4718159505342741,0.1583075091950551,0.296713810791118,mild_harm,1,0,0,1,1,0,1,0,0,1
436d539f02525dbf,1,2,9,1,-1,,,-1,,-1,,-1,,-1,,-1,,,,,RSMR_abstain,0,0,0,0,0,0,0,0,0,0
53791dfcfb555d8b,1,2,13,0,-1,,,-1,,-1,,-1,,-1,,-1,,,,,RSMR_abstain,0,0,0,0,0,0,0,0,0,0
5787abf0e35d54cf,1,2,12,1,9,0.1248199085838309,-0.0003529437301916,-1,-0.1172733806158929,-1,-0.0203151271473788,-1,-0.0357833051350561,-1,-0.1724465632389727,-1,-0.0207593888037384,0.4145801664273583,0.2715545122761106,0.4868773857439443,mild_harm,1,0,1,0,1,0,1,0,1,0
6a860de43c125dbf,1,2,17,1,9,0.2049325584496877,0.0001310493692754,9,0.1775292734848788,9,0.0230361104356091,9,0.0217973987884735,9,0.0242021341083104,9,0.1758893085435447,0.5644655875290006,0.0428761905827732,0.0,near_zero_positive_le_0p01,0,1,0,1,0,1,0,1,0,1
7b1eb807d4d95132,1,2,17,0,6,0.0619950175742606,-0.0012438182294368,-1,-0.0481639099730722,-1,-0.0165843803379446,-1,-0.0277615687586435,-1,-0.127017514645342,6,0.0246696597898922,0.4634979517988003,0.1716785716561166,0.3850687647295243,mild_harm,1,0,1,0,1,0,1,0,0,1
89ec4c93349d5b58,1,2,25,1,22,0.5054108353610807,-5.431908551845055e-05,22,0.2100485693476486,22,0.0363814630918553,22,0.0345762833465035,22,0.0383908123459911,22,0.1900779867812254,0.5981150918723326,0.0641863294668138,0.0,mild_harm,0,1,0,1,0,1,0,1,0,1
a3fff53e9f375592,1,2,6,1,-1,,,-1,,-1,,-1,,-1,,-1,,,,,RSMR_abstain,0,0,0,0,0,0,0,0,0,0
a6bf958e054951f3,1,2,16,0,7,0.0266739883942886,-0.0005569157022051,-1,-0.0673800311753514,-1,-0.0406982582969259,-1,-0.054820470127463,-1,-0.1932564092093192,-1,-0.0415692347740849,0.4482304902249134,0.203171868135101,0.5152953003498216,mild_harm,1,0,1,0,1,0,1,0,1,0
ad9cdad9769f572f,1,2,15,1,10,0.1477735710132283,-8.041050173335229e-05,-1,-0.0417711122380273,-1,-0.0035517689195734,-1,-0.0148717723691999,-1,-0.1071001915164851,10,0.0445869829187491,0.4518715071808689,0.1935313388561678,0.3549377414984161,mild_harm,1,0,1,0,1,0,1,0,0,1
c2c39f197ef95b97,1,2,25,1,20,0.1448880799919503,5.784040018896874e-05,20,0.0288905305562278,20,0.0062754240633614,-1,-0.0005373010784398,-1,-0.0508140871800961,20,0.1008730872551381,0.4782931172854628,0.1192489665205747,0.2067253676032179,near_zero_positive_le_0p01,0,1,0,1,1,0,1,0,0,1
cf7a886f70be5245,1,2,14,1,20,0.1829912191300188,0.0004713724773375,-1,-0.0214476680373678,-1,-0.0380768790507446,-1,-0.0555378030152864,-1,-0.2182962543186218,-1,-0.0666090798833875,0.4623364277897973,0.2554297175087238,0.6256527963762595,near_zero_positive_le_0p01,1,0,1,0,1,0,1,0,1,0
d7ed9fbf26d0502e,1,2,14,1,9,0.1523826617382438,-0.000349602394551,-1,-0.1008007893752697,9,0.0091492326936451,-1,-0.0034325059897164,-1,-0.0973455922234791,9,0.0543415822117551,0.4287043378902088,0.241505230034886,0.3516216650775174,mild_harm,1,0,0,1,1,0,1,0,0,1
e9922a266cc35210,1,2,1,0,-1,,,-1,,-1,,-1,,-1,,-1,,,,,RSMR_abstain,0,0,0,0,0,0,0,0,0,0
eef9e53ca3eb51a8,1,2,8,0,2,0.0368163456877717,-1.8450037153049488,2,0.0362697138549689,-1,-0.0048206161408015,-1,-0.0122176101601721,-1,-0.0739756680007223,2,0.0777115064345119,0.4753440016402538,0.1173145374911652,0.2472866604174189,catastrophe,0,1,1,0,1,0,1,0,0,1
f19973f839e35f20,1,2,4,1,-1,,,-1,,-1,,-1,,-1,,-1,,,,,RSMR_abstain,0,0,0,0,0,0,0,0,0,0
02fca515559f520d,1,2,11,1,0,0.1076566095881033,-5.087164717831882e-05,-1,-0.0195253228711964,-1,-0.0086000576952082,-1,-0.0174247320894607,-1,-0.092859387428079,0,0.0588277870071552,0.4757829751691904,0.1366588489757212,0.3011717164811657,mild_harm,1,0,1,0,1,0,1,0,0,1
115efd50328f5ecc,1,2,18,1,-1,,,-1,,-1,,-1,,-1,,-1,,,,,RSMR_abstain,0,0,0,0,0,0,0,0,0,0
117049ed19db55a2,1,2,20,1,25,0.2123565456466162,-0.0005033181324601,-1,-0.0777878663903207,-1,-0.0027124135881463,-1,-0.0155427319067408,-1,-0.1192662696759674,25,0.0324209047592668,0.4399500195491911,0.2268753897481994,0.3911795544650692,mild_harm,1,0,1,0,1,0,1,0,0,1
2154d495b9b657a5,1,2,3,0,6,1.4060280125472815,-1.220322729590535,6,0.6779734467297736,6,0.4100331612579981,6,0.3729084349226035,6,0.4085478178723416,6,0.5602349923075759,0.2805257550281988,1.4984769273059428,0.0164197031861181,catastrophe,0,1,0,1,0,1,0,1,0,1
2c572f2c1c485fc0,1,2,16,1,-1,,,-1,,-1,,-1,,-1,,-1,,,,,RSMR_abstain,0,0,0,0,0,0,0,0,0,0
3152efff212c51ff,1,2,3,1,1,0.2935946569372989,-0.0102287174349422,1,0.0434093675774157,1,0.0498110349148185,1,0.0367032854948678,-1,-0.0364147280595507,1,0.1152724463756835,0.4698976105836611,0.2751962017761359,0.3126353870963101,mild_harm,0,1,0,1,0,1,1,0,0,1
327d5cdfdd695e7e,1,2,17,1,3,0.176566180637329,0.0001152485769475,3,0.2096066036758944,3,0.0409401088865905,3,0.0385654232775391,3,0.0428200426649222,3,0.1945072171001565,0.5301940281560271,0.0807629667460551,0.0,near_zero_positive_le_0p01,0,1,0,1,0,1,0,1,0,1
64fe109ec6a858ec,1,2,24,1,14,0.1030903321181174,-0.0001836422961903,14,0.0256796218054872,14,0.0092785246392942,14,0.0028188217995636,-1,-0.0427803262171724,14,0.1089068482180618,0.475473525991592,0.1173965118347263,0.1879776608506569,mild_harm,0,1,0,1,0,1,1,0,0,1
6c95d9b03b7a5944,1,2,6,1,10,0.0965010350228222,-0.0025507494289427,-1,-0.1157338572432118,-1,-0.0031551245355981,-1,-0.01650495231138,-1,-0.1246702979048423,10,0.0270168765303919,0.4318020818926877,0.2402056644770367,0.4019578330544116,mild_harm,1,0,1,0,1,0,1,0,0,1
73963278f6eb5002,1,2,10,1,18,0.1413580756368672,0.0,18,0.0086113170950354,18,0.0104092765126917,18,0.0026514459905673,-1,-0.0525371771659482,18,0.099149997269286,0.4727542938703247,0.1409132423164737,0.2259942871966128,mild_harm,0,1,0,1,0,1,1,0,0,1
799dcf813dba5d8a,1,2,6,0,4,0.0180210547767016,-0.0031884899966418,4,0.0179436363713069,-1,-0.0023636315119228,-1,-0.0104141035063623,-1,-0.0758530376998311,4,0.0758341367354031,0.47259572768658,0.1316558002610329,0.2617972846952983,mild_harm,0,1,1,0,1,0,1,0,0,1
7b6dfa3d4bc553a9,1,2,15,1,15,0.1407745227683244,0.0,15,0.006025614427062,15,0.0103018022004056,15,0.0026400338339142,-1,-0.051834685629191,15,0.0998524888060431,0.4710249622723906,0.1396611902130339,0.2223518769155401,mild_harm,0,1,0,1,0,1,1,0,0,1
842b7f0b68fc5245,1,2,16,1,20,0.2373164256761826,1.2322185659539886,-1,-0.0057452502393927,-1,-0.00993667589284,-1,-0.0201412353778663,-1,-0.1072282414079203,20,0.0444589330273139,0.4901470096485646,0.1530821004209093,0.3574775054949076,material_positive_gt_0p2,1,0,1,0,1,0,1,0,0,1
86839ab67df151f2,1,2,9,1,1,0.1533425829309448,7.329354990481818e-05,1,0.0185978479477557,1,0.0097437115780378,1,0.0026537858510392,-1,-0.0476405077701475,1,0.1040466666650867,0.4727724895666584,0.1290329249818599,0.2060661152916552,near_zero_positive_le_0p01,0,1,0,1,0,1,1,0,0,1
9a3e4f2df62b54fa,1,2,14,0,22,0.1087206653252855,-0.000212181274418,-1,-0.0021148490164157,22,0.0030439978630443,-1,-0.0045920805597471,-1,-0.0633752353788427,22,0.0883119390563915,0.4702039388979893,0.131395896953758,0.2362382676481153,mild_harm,1,0,0,1,1,0,1,0,0,1
a7c4607a69e55039,1,2,17,1,23,0.1311335441940994,-0.0001578706935048,-1,-0.000937173236054,23,0.0240637674437814,23,0.0159736434369647,-1,-0.0330594601834244,23,0.1186277142518098,0.4588116935204737,0.1657141497678355,0.2015768791982159,mild_harm,1,0,0,1,0,1,1,0,0,1
c608632e83a659ca,1,2,27,1,-1,,,-1,,-1,,-1,,-1,,-1,,,,,RSMR_abstain,0,0,0,0,0,0,0,0,0,0
d022d382b3aa5fa1,1,2,10,1,-1,,,-1,,-1,,-1,,-1,,-1,,,,,RSMR_abstain,0,0,0,0,0,0,0,0,0,0
d07acbfa3a6e55b0,1,2,17,1,3,0.0036022067530751,-0.0001263671795837,3,0.0570583202144566,3,0.0125198063129474,3,0.0071540147960773,-1,-0.0283666835429073,3,0.1233204908923269,0.5263798211713735,0.0942563991119745,0.1646495515554093,mild_harm,0,1,0,1,0,1,1,0,0,1
e88d31e512eb52aa,1,2,23,1,20,0.3143507173025226,0.0001063138395562,20,0.1505156650057605,20,0.0328642137386276,20,0.0311981838700654,20,0.034640033762117,20,0.1863272081973513,0.5893981113342525,0.0587718777783331,0.0,near_zero_positive_le_0p01,0,1,0,1,0,1,0,1,0,1
fc25adef73d35a71,1,2,6,1,9,0.1449706006304333,-0.0005650871805846,-1,-0.0997958766316788,9,0.0036871901640319,-1,-0.0091176901940356,-1,-0.108435971342966,9,0.0432512030922682,0.4316521916415552,0.2379356786829261,0.3715003830594691,mild_harm,1,0,0,1,1,0,1,0,0,1
06f2c0171372558e,1,2,14,0,9,0.1788165425554677,-0.0002192424658685,-1,-0.0793156013717621,9,0.0071824319258186,-1,-0.0049450203929085,-1,-0.0965978704107735,9,0.0550893040244606,0.4352731731732959,0.2276030005895876,0.3464814161577111,mild_harm,1,0,0,1,1,0,1,0,0,1
1139bbb1cfe35d48,1,2,2,1,1,0.2045598402354911,0.0015995440794149,-1,-0.0623891539055954,1,0.0123505567227615,1,0.0009697878864017,-1,-0.0813604602428877,1,0.0703267141923464,0.4356598507809981,0.2196359116171534,0.3137239286787997,near_zero_positive_le_0p01,1,0,0,1,0,1,1,0,0,1
190db336fe0e515f,1,2,4,0,9,0.1299149026015991,-0.000611153855361,9,0.0053600173376228,-1,-0.0046466536221915,-1,-0.008717896416439,-1,-0.0435980551713078,9,0.1080891192639264,0.551578456309525,0.053024253674918,0.162447795350719,mild_harm,0,1,1,0,1,0,1,0,0,1
1bf5b342d1b052c3,1,2,3,0,11,0.0679980424190023,-0.0001951636242678,11,0.0049863557855172,11,0.0140797295132418,11,0.0050568438845256,-1,-0.0577348026152902,11,0.093952371819944,0.4600991208018119,0.1702205631156437,0.2519965039679895,mild_harm,0,1,0,1,0,1,1,0,0,1
1da0d8dce4485189,1,2,12,0,4,0.0354712576723474,-0.009133773411857,4,0.0124885832340969,4,0.0110079524336967,4,0.0025268504884946,-1,-0.0579685108365634,4,0.0937186635986708,0.4662540705094831,0.15560946297545,0.2445396754280646,mild_harm,0,1,0,1,0,1,1,0,0,1
21f2c3689d765b09,1,2,1,1,-1,,,-1,,-1,,-1,,-1,,-1,,,,,RSMR_abstain,0,0,0,0,0,0,0,0,0,0
234440ab79d55e59,1,2,18,0,-1,,,-1,,-1,,-1,,-1,,-1,,,,,RSMR_abstain,0,0,0,0,0,0,0,0,0,0
2ababb1ca1ba5637,1,2,17,1,3,0.0662434635992207,0.0001287251278991,3,0.1732252654808171,3,0.0239374835493556,3,0.0225933545555191,3,0.0250859014057418,3,0.1767730758409761,0.5451964328181942,0.0460125927018073,0.0,near_zero_positive_le_0p01,0,1,0,1,0,1,0,1,0,1
3c6c3ba8c08e581a,1,2,16,1,-1,,,-1,,-1,,-1,,-1,,-1,,,,,RSMR_abstain,0,0,0,0,0,0,0,0,0,0
59b8dea90c1b5499,1,2,17,1,3,0.1315731938029783,0.001022456206428,3,0.1569133606266159,3,0.0191371556829241,3,0.0180777062334437,3,0.0200720771720617,3,0.171759251607296,0.5516013920334615,0.0363887355288692,0.0,near_zero_positive_le_0p01,0,1,0,1,0,1,0,1,0,1
68e20734e9415e24,1,2,4,1,9,0.1098865271516235,-8.91803213395187e-05,9,0.0135959732429786,9,0.0169317502265636,9,0.008748381832509,-1,-0.0455360074037181,9,0.1061511670315161,0.4581593342616346,0.1595975285533672,0.2189889248601103,mild_harm,0,1,0,1,0,1,1,0,0,1
742976289d405b0d,1,2,17,0,-1,,,-1,,-1,,-1,,-1,,-1,,,,,RSMR_abstain,0,0,0,0,0,0,0,0,0,0
091cae980d54535d,2,3,17,0,20,0.0143570900148686,-0.0001110662376973,-1,-0.118762294744458,-1,-0.0540476877686565,-1,-0.0622947347331729,-1,-0.010957422255048,20,0.0186836587238327,0.4714061903694822,0.2385352960206076,0.2334579693754604,mild_harm,1,0,1,0,1,0,1,0,0,1
0aea8543e71b5712,2,3,15,1,22,0.1013848030140113,0.0,-1,-0.0125096184836343,-1,-0.007175386775998,-1,-0.0128332198148839,22,0.0320328797563025,22,0.0616739607351832,0.5098490108784447,0.1982746732108858,0.1408897825265605,mild_harm,1,0,1,0,1,0,0,1,0,1
122436b1207258bf,2,3,19,1,2,0.0399785615020017,1.2323318207158476,2,0.0080625569624557,-1,-0.0016871315019673,-1,-0.0064190455060329,2,0.0326597311447367,2,0.0623008121236174,0.5046225931768051,0.1751262270232413,0.1124656048128689,material_positive_gt_0p2,0,1,1,0,1,0,0,1,0,1
1bd7b3ce5adf5826,2,3,17,1,-1,,,-1,,-1,,-1,,-1,,-1,,,,,RSMR_abstain,0,0,0,0,0,0,0,0,0,0
581836f4f4365cc8,2,3,18,1,1,0.6314680991488936,-0.0003538411187793,1,0.1725673126162725,1,0.0802894923964934,1,0.0775030463006888,1,0.1342842764151346,1,0.1639253573940154,0.5849690940481681,0.2295578993513071,0.0,mild_harm,0,1,0,1,0,1,0,1,0,1
70b54ac4d8ae56de,2,3,1,1,-1,,,-1,,-1,,-1,,-1,,-1,,,,,RSMR_abstain,0,0,0,0,0,0,0,0,0,0
72eb13d3a4255179,2,3,1,0,-1,,,-1,,-1,,-1,,-1,,-1,,,,,RSMR_abstain,0,0,0,0,0,0,0,0,0,0
7fc2b30cb72a5d56,2,3,9,0,-1,,,-1,,-1,,-1,,-1,,-1,,,,,RSMR_abstain,0,0,0,0,0,0,0,0,0,0
83aa0b7439d45dd8,2,3,5,1,-1,,,-1,,-1,,-1,,-1,,-1,,,,,RSMR_abstain,0,0,0,0,0,0,0,0,0,0
8675d815740a5a0b,2,3,22,1,-1,,,-1,,-1,,-1,,-1,,-1,,,,,RSMR_abstain,0,0,0,0,0,0,0,0,0,0
9070daa02ad0542c,2,3,3,1,-1,,,-1,,-1,,-1,,-1,,-1,,,,,RSMR_abstain,0,0,0,0,0,0,0,0,0,0
9771a60ee60a5d27,2,3,5,0,-1,,,-1,,-1,,-1,,-1,,-1,,,,,RSMR_abstain,0,0,0,0,0,0,0,0,0,0
9c2eb9c5b45f522b,2,3,29,1,25,0.073651212373821,3.822718737644948e-05,-1,-0.0102595338194996,-1,-0.0029870148308903,-1,-0.0085084952454009,25,0.0367494338743269,25,0.0663905148532076,0.4958683848189182,0.2062511365156038,0.1299739633135205,near_zero_positive_le_0p01,1,0,1,0,1,0,0,1,0,1
bb1419c18f39553e,2,3,21,1,22,0.1391845165006192,0.0,22,0.0006013362323248,22,0.0024384407233076,-1,-0.0030554666993371,22,0.0438856418956646,22,0.0735267228745453,0.5092444759514476,0.2090699294277032,0.127521875325362,mild_harm,0,1,0,1,1,0,0,1,0,1
c56712e13eb759f5,2,3,1,0,-1,,,-1,,-1,,-1,,-1,,-1,,,,,RSMR_abstain,0,0,0,0,0,0,0,0,0,0
b003a3bfbdb252e3,2,3,10,1,26,0.1487912521164641,0.9897842141886242,-1,-0.0042129317684796,-1,-0.0019997681625335,-1,-0.0076395768976539,26,0.0389247913788798,26,0.0685658723577606,0.5152713740095788,0.2043605900775981,0.1369351160728107,material_positive_gt_0p2,1,0,1,0,1,0,0,1,0,1
0f9ba65f3e2e5c1d,2,3,2,0,25,0.1375998380641172,-0.000127998102426,-1,-0.0152927018517836,-1,-0.0021669123097378,-1,-0.0081513590240487,25,0.0412661014803614,25,0.0709071824592421,0.5007753691874058,0.2231543801987266,0.1411871756702283,mild_harm,1,0,1,0,1,0,0,1,0,1
2709051d421d536a,2,3,26,1,27,0.1563648694025691,-1.0131592304229995e-05,-1,-0.010344706849368,-1,-0.0103938542968312,-1,-0.0173009347616614,27,0.0367926016123737,27,0.0664336825912544,0.5215142293548584,0.2334685379607399,0.1775696755334426,mild_harm,1,0,1,0,1,0,0,1,0,1
2bf633d593a957ad,2,3,11,1,-1,,,-1,,-1,,-1,,-1,,-1,,,,,RSMR_abstain,0,0,0,0,0,0,0,0,0,0
2cfe30b626795e99,2,3,7,1,10,0.2991193499749825,-0.1894030885848565,-1,-0.1654027583867793,-1,-0.0642073317530626,-1,-0.0895219427750154,10,0.1059243721592175,10,0.1355654531380983,0.3826601375926626,1.1448644405851176,0.5380660353030238,mild_harm,1,0,1,0,1,0,0,1,0,1
4a42412827f55dc1,2,3,16,1,24,0.0519914090775093,0.0,-1,-0.0302041619649976,-1,-0.0133137732700528,-1,-0.0199791697509427,24,0.0313167006617661,24,0.0609577816406469,0.4916752682037856,0.2343377325921098,0.1650546621335005,mild_harm,1,0,1,0,1,0,0,1,0,1
60183447caa4548b,2,3,17,1,3,0.081899214436054,-6.448373179882786e-05,-1,-0.0292228362112731,-1,-0.0146314814047425,-1,-0.0206626311012309,3,0.0247107431315718,3,0.0543518241104526,0.5050826065311439,0.2013785446562605,0.1555856757491513,mild_harm,1,0,1,0,1,0,0,1,0,1
618892326e0c530e,2,3,24,0,17,0.075314314514665,-1.1183486133825582e-05,-1,-0.0308474961129174,-1,-0.0116678368709457,-1,-0.0178965097435518,17,0.030216529911404,17,0.0598576108902847,0.50165982258248,0.2155365767881639,0.1563380086348268,mild_harm,1,0,1,0,1,0,0,1,0,1
63d0c4a8acfa5fc2,2,3,1,0,-1,,,-1,,-1,,-1,,-1,,-1,,,,,RSMR_abstain,0,0,0,0,0,0,0,0,0,0
8aeb517756f55681,2,3,14,1,15,0.0511970865472726,1.1431345063428466e-05,-1,-0.0120271855222591,15,0.0233172613815798,15,0.0173342470446511,15,0.0749023840357134,15,0.1045434650145941,0.4553261437293797,0.2898986772005093,0.1048261488391957,near_zero_positive_le_0p01,1,0,0,1,0,1,0,1,0,1
ab77602df4a154f7,2,3,11,1,10,0.0393448809408223,-0.0001715479505914,-1,-0.0091625930224556,10,0.0043138702990386,-1,-0.0018027390955902,10,0.0509212021311135,10,0.0805622831099942,0.475535381888569,0.2517039444969216,0.1311297785649238,mild_harm,1,0,0,1,1,0,0,1,0,1
acdcf9be0fc85495,2,3,23,1,13,0.1510483237136072,1.6302977381565595e-05,-1,-0.0311675253083982,-1,-0.0396988847115,-1,-0.0493541199112955,13,0.0180259933984849,13,0.0476670743773657,0.4877480698023768,0.3070864410212468,0.2572070844540879,near_zero_positive_le_0p01,1,0,1,0,1,0,0,1,0,1
be58ded948ea5c00,2,3,4,0,2,0.0501064163029145,-0.0012929431468249,2,0.2312110816096863,2,0.1687319064731306,2,0.1612512943433652,2,0.2877860754554979,2,0.3174271564343786,0.5350850877431745,0.5578015232116944,0.0229831335881206,mild_harm,0,1,0,1,0,1,0,1,0,1
d74df20dba705137,2,3,19,1,23,0.0858643709150893,-8.57298430055383e-05,-1,-0.0462615218365733,-1,-0.0186809699225391,-1,-0.0252622026791821,23,0.0234217136598168,23,0.0530627946386975,0.495478320860764,0.2198373292973349,0.1694732271342987,mild_harm,1,0,1,0,1,0,0,1,0,1
ec0f4f7c37615b20,2,3,5,0,2,0.0954451167856291,-0.7737388310596343,2,0.0347725328656698,2,0.0648407363174229,2,0.0571322989781241,2,0.1443742409211468,2,0.1740153219000275,0.4963515958679776,0.4072264953747598,0.1146698360682184,catastrophe,0,1,0,1,0,1,0,1,0,1
ec57eef8dffd515e,2,3,1,0,-1,,,-1,,-1,,-1,,-1,,-1,,,,,RSMR_abstain,0,0,0,0,0,0,0,0,0,0
f73c53f115a550d5,2,3,17,1,-1,,,-1,,-1,,-1,,-1,,-1,,,,,RSMR_abstain,0,0,0,0,0,0,0,0,0,0
06f8d2f6dca3537c,2,3,6,0,-1,,,-1,,-1,,-1,,-1,,-1,,,,,RSMR_abstain,0,0,0,0,0,0,0,0,0,0
79e0120026c25eed,2,3,2,1,-1,,,-1,,-1,,-1,,-1,,-1,,,,,RSMR_abstain,0,0,0,0,0,0,0,0,0,0
884e1c90e87b5fab,2,3,16,1,7,0.1830596053222681,-2.0925029926001974e-05,7,0.1176221123495985,7,0.0801680701319532,7,0.077284812605197,7,0.1339061576793263,7,0.163547238658207,0.5698989428633263,0.2349647413040381,0.0,mild_harm,0,1,0,1,0,1,0,1,0,1
8c1a6d183a275d96,2,3,12,0,-1,,,-1,,-1,,-1,,-1,,-1,,,,,RSMR_abstain,0,0,0,0,0,0,0,0,0,0
bd8986c6178e5d2a,2,3,1,0,-1,,,-1,,-1,,-1,,-1,,-1,,,,,RSMR_abstain,0,0,0,0,0,0,0,0,0,0
c1dd6c577b0f573a,2,3,5,0,1,0.0776118871430176,-0.2477531754664172,1,0.0076671917235462,1,0.0090039328436672,1,0.0033387376224345,1,0.053877860299589,1,0.0835189412784698,0.481310552252099,0.2390914186854486,0.117988447099442,mild_harm,0,1,0,1,0,1,0,1,0,1
d1d6c7f48e6d5708,2,3,15,0,-1,,,-1,,-1,,-1,,-1,,-1,,,,,RSMR_abstain,0,0,0,0,0,0,0,0,0,0
0fd565e4e40058b8,2,3,15,1,-1,,,-1,,-1,,-1,,-1,,-1,,,,,RSMR_abstain,0,0,0,0,0,0,0,0,0,0
25708e54a75c59eb,2,3,17,0,-1,,,-1,,-1,,-1,,-1,,-1,,,,,RSMR_abstain,0,0,0,0,0,0,0,0,0,0
321b3f53510c5059,2,3,7,1,-1,,,-1,,-1,,-1,,-1,,-1,,,,,RSMR_abstain,0,0,0,0,0,0,0,0,0,0
3e07748ebae855b8,2,3,12,1,23,0.1816544829710277,-2.1420662570744223e-05,23,0.0072133816200226,23,0.0294595071361402,23,0.0256080896187223,23,0.0687135771396391,23,0.0983546581185198,0.5204055279290898,0.1915660297636295,0.0645929957845759,mild_harm,0,1,0,1,0,1,0,1,0,1
46f297276986585b,2,3,4,0,-1,,,-1,,-1,,-1,,-1,,-1,,,,,RSMR_abstain,0,0,0,0,0,0,0,0,0,0
4d6fb0d27a0f51ce,2,3,7,1,-1,,,-1,,-1,,-1,,-1,,-1,,,,,RSMR_abstain,0,0,0,0,0,0,0,0,0,0
5583fb05984f5685,2,3,17,0,2,0.1166510411835945,-0.0004475013362128,2,0.0265999321737507,2,0.0229779857169243,2,0.0220899648004933,2,0.038273785107253,2,0.0679148660861337,0.5378321355529307,0.0711630685063189,0.0,mild_harm,0,1,0,1,0,1,0,1,0,1
97b8db1dfd4f5fb3,2,3,18,1,-1,,,-1,,-1,,-1,,-1,,-1,,,,,RSMR_abstain,0,0,0,0,0,0,0,0,0,0
edf9d12992c9551c,2,3,16,1,13,0.145948148399534,0.0,13,0.004006409023781,-1,-0.0107005374943137,-1,-0.0146196999530562,13,0.014040838863026,13,0.0436819198419067,0.5541403647734324,0.1157499600170587,0.1123691903122783,mild_harm,0,1,1,0,1,0,0,1,0,1
f94f2bcde8345a9a,2,3,3,0,15,0.1621689269535773,0.0,15,0.0044601086846657,15,0.0107181131373207,15,0.0103434272511134,15,0.0179213554868489,15,0.0475624364657296,0.5819410727120944,0.0307958250881447,0.0,mild_harm,0,1,0,1,0,1,0,1,0,1
0bb64f8f31ba5310,2,3,17,1,-1,,,-1,,-1,,-1,,-1,,-1,,,,,RSMR_abstain,0,0,0,0,0,0,0,0,0,0
440a7c7dd1395be4,2,3,17,1,22,0.3464565185401473,0.0054980933307104,22,0.0968270947802354,22,0.0319680808478519,22,0.0308431549562716,22,0.0534398445397107,22,0.0830809255185915,0.5791805034493934,0.0922680308149912,0.0,near_zero_positive_le_0p01,0,1,0,1,0,1,0,1,0,1
630c3828efa0518a,2,3,17,0,-1,,,-1,,-1,,-1,,-1,,-1,,,,,RSMR_abstain,0,0,0,0,0,0,0,0,0,0
66a39f4cabc85bc4,2,3,14,1,6,0.3664261797426085,-1.1789312648981811,6,0.0450076989184093,6,0.0132953882552111,6,0.0103989805985991,6,0.0399259702952423,6,0.069567051274123,0.5560389796848998,0.1219425161957628,0.0627956525793009,catastrophe,0,1,0,1,0,1,0,1,0,1
684af4044c445d01,2,3,4,1,9,0.0782435659244217,-6.066455971449631e-05,-1,-0.1276501190631372,-1,-0.051315909571271,-1,-0.0607620428065192,9,0.0025270707162283,9,0.032168151695109,0.4459263501232018,0.3133062196279477,0.2475924063594514,mild_harm,1,0,1,0,1,0,0,1,0,1
69f12cf621135ce3,2,3,17,1,-1,,,-1,,-1,,-1,,-1,,-1,,,,,RSMR_abstain,0,0,0,0,0,0,0,0,0,0
71589a780d925ed6,2,3,17,1,3,0.1988127549864715,0.9912868022998796,3,0.0478102438198542,3,0.0307361514297934,3,0.029540006296073,3,0.0511819671626434,3,0.0808230481415242,0.5346037332525431,0.0957381401945157,0.0,material_positive_gt_0p2,0,1,0,1,0,1,0,1,0,1
7c39359aaa345e52,2,3,11,1,9,0.1375659597353667,0.0004377499253883,9,0.0642756997263687,9,0.0552102983931209,9,0.0530989326104914,9,0.0920009223424869,9,0.1216420033213676,0.5426676853993155,0.169534550919112,0.0,near_zero_positive_le_0p01,0,1,0,1,0,1,0,1,0,1
93ccd00db2005d2d,2,3,17,1,-1,,,-1,,-1,,-1,,-1,,-1,,,,,RSMR_abstain,0,0,0,0,0,0,0,0,0,0
a1c64a274ecc54b0,2,3,1,1,20,0.0672836229915809,9.327751190868484e-05,-1,-0.001680973545002,-1,-0.005079734886681,-1,-0.010169664967244,20,0.0307017270449021,20,0.0603428080237828,0.5059674000198838,0.1822102497116329,0.1244669263954269,near_zero_positive_le_0p01,1,0,1,0,1,0,0,1,0,1
a71d387393a559d4,2,3,17,1,-1,,,-1,,-1,,-1,,-1,,-1,,,,,RSMR_abstain,0,0,0,0,0,0,0,0,0,0
c65275d1d5af5014,2,3,17,0,3,0.1100294316323377,-0.0002589660743251,3,0.0915400690266045,3,0.0244856267182579,3,0.0235740448267184,3,0.0408451500016161,3,0.0704862309804968,0.5547817383744408,0.0736238184791302,0.0,mild_harm,0,1,0,1,0,1,0,1,0,1
cd7aee35baa65cec,2,3,16,1,-1,,,-1,,-1,,-1,,-1,,-1,,,,,RSMR_abstain,0,0,0,0,0,0,0,0,0,0
dc6d75a4555c5fd6,2,3,10,1,21,0.0346460631531994,3.0565711064264086e-05,-1,-0.0500139805115681,-1,-0.0349546104673336,-1,-0.0406901389038357,-1,-0.0045883524808929,21,0.0250527284979877,0.4890264229755386,0.1621320386925147,0.1641478291320918,near_zero_positive_le_0p01,1,0,1,0,1,0,1,0,0,1
24e5d608f799503b,2,3,17,1,-1,,,-1,,-1,,-1,,-1,,-1,,,,,RSMR_abstain,0,0,0,0,0,0,0,0,0,0
2fdb08ec2f205723,2,3,17,1,-1,,,-1,,-1,,-1,,-1,,-1,,,,,RSMR_abstain,0,0,0,0,0,0,0,0,0,0
77e69dcde5805f89,2,3,17,1,-1,,,-1,,-1,,-1,,-1,,-1,,,,,RSMR_abstain,0,0,0,0,0,0,0,0,0,0
79a429b2a2b450e7,2,3,17,1,3,0.1811866113655169,4.5840236171379445e-05,3,0.0389501477163127,3,0.0098968355333199,3,0.0095335737915287,3,0.0165181772762699,3,0.0461592582551506,0.5610532756487272,0.0294413703532351,0.0,near_zero_positive_le_0p01,0,1,0,1,0,1,0,1,0,1
8724d825e1c15a99,2,3,18,1,3,0.1498366784107047,0.0005389120473116,3,0.0571688960016413,-1,0.0,-1,0.0,-1,0.0,3,0.0296410809788807,0.5772105909899984,0.0,0.0,near_zero_positive_le_0p01,0,1,1,0,1,0,1,0,0,1
dd63e7a132215419,2,3,9,1,-1,,,-1,,-1,,-1,,-1,,-1,,,,,RSMR_abstain,0,0,0,0,0,0,0,0,0,0
0e59b30dfd9d5121,2,3,19,1,21,0.0242202976862277,0.000267652710434,21,0.0154181491322609,-1,-0.0059102377543605,-1,-0.010184102144409,21,0.0235095876856596,21,0.0531506686645403,0.5146822961965402,0.1474307538523524,0.1079095421960221,near_zero_positive_le_0p01,0,1,1,0,1,0,0,1,0,1
38eeabce6a485364,2,3,15,1,-1,,,-1,,-1,,-1,,-1,,-1,,,,,RSMR_abstain,0,0,0,0,0,0,0,0,0,0
5aa3112549445a00,2,3,4,0,20,0.0754684755646449,-5.174224078752232e-06,-1,-0.0083473635700626,-1,-0.0037656887636244,-1,-0.0091797385454101,20,0.0348981029934131,20,0.0645391839722938,0.4986835961981338,0.1996179457426484,0.128956666019581,mild_harm,1,0,1,0,1,0,0,1,0,1
683e8d239bf75a5d,2,3,17,1,22,0.0382279740013438,-0.0001595440631732,22,0.0091496154067868,22,5.495301570181826e-05,-1,-0.004672450696365,22,0.0349868419201335,22,0.0646279228990142,0.5045038695033935,0.1780167684585526,0.1106432588055728,mild_harm,0,1,0,1,1,0,0,1,0,1
713177596893526a,2,3,23,1,1,0.3351266791047002,0.9896099772717104,1,0.0993538900184242,1,0.0441176616361594,1,0.0426035243127115,1,0.0738162395949102,1,0.1034573205737909,0.5895679337151571,0.1252039593296023,0.0,material_positive_gt_0p2,0,1,0,1,0,1,0,1,0,1
8be5348ca3425c10,2,3,10,0,-1,,,-1,,-1,,-1,,-1,,-1,,,,,RSMR_abstain,0,0,0,0,0,0,0,0,0,0
90244d4079fe5582,2,3,13,1,1,0.528581605465504,0.0010825669911689,1,0.1533005229807903,-1,0.0,-1,0.0,-1,0.0,1,0.0296410809788807,0.6089729873978736,0.0,0.0,near_zero_positive_le_0p01,0,1,1,0,1,0,1,0,0,1
a63aaf23916e5f10,2,3,8,1,0,0.126020086422877,-9.402019237750216e-05,-1,-0.0446759348103279,-1,-0.015248785685534,-1,-0.021997980545572,0,0.0292637758220949,0,0.0589048568009756,0.49761494248916,0.2311101157033231,0.1706660455569527,mild_harm,1,0,1,0,1,0,0,1,0,1
ac29e7c780d75eee,2,3,3,0,17,0.0513032791634178,-1.1126175523124004e-06,-1,-0.0301127600278416,-1,-0.0122688871739675,-1,-0.0181975344701335,17,0.0272760845056521,17,0.0569171654845328,0.492219403047806,0.2074431076415449,0.1473696288381338,mild_harm,1,0,1,0,1,0,0,1,0,1
b4a3828e9a685c84,2,3,1,0,16,0.073244073087613,0.0,-1,-0.0214751804684617,-1,-0.0071668153733394,-1,-0.0129705281431907,16,0.0332191652610858,16,0.0628602462399666,0.4920421340421906,0.2115443670977789,0.1395186123098568,mild_harm,1,0,1,0,1,0,0,1,0,1
b9b7f27d456b5e0b,2,3,1,1,-1,,,-1,,-1,,-1,,-1,,-1,,,,,RSMR_abstain,0,0,0,0,0,0,0,0,0,0
c6eebddd3a955416,2,3,16,0,3,0.2206431298405776,-0.0003261594811454,3,0.1033348446214258,-1,0.0,-1,0.0,-1,0.0,3,0.0296410809788807,0.5731917089938924,0.0,0.0,mild_harm,0,1,1,0,1,0,1,0,0,1
e06039dcbccd55a0,2,3,17,1,-1,,,-1,,-1,,-1,,-1,,-1,,,,,RSMR_abstain,0,0,0,0,0,0,0,0,0,0
ee1f7084ec1a54cf,2,3,11,0,-1,,,-1,,-1,,-1,,-1,,-1,,,,,RSMR_abstain,0,0,0,0,0,0,0,0,0,0
fa243f63e0525715,2,3,15,0,-1,,,-1,,-1,,-1,,-1,,-1,,,,,RSMR_abstain,0,0,0,0,0,0,0,0,0,0
1c3f933be722564d,2,3,2,0,7,0.0163772575546554,-2.020616720138795,7,0.0059654325299876,7,0.0050243333711743,-1,-0.0004254264520124,7,0.0470025167237551,7,0.0766435977026358,0.4909869102376036,0.2194602917352757,0.1193478420438037,catastrophe,0,1,0,1,1,0,0,1,0,1
27d3a84b2d335113,2,3,13,1,0,0.0710031756706808,3.223411133512874e-06,-1,-0.0132382262881788,-1,-0.0024739699578044,-1,-0.0080711268154194,0,0.0380181512241951,0,0.0676592322030758,0.4862637481481019,0.2142711436240282,0.1288095554009728,near_zero_positive_le_0p01,1,0,1,0,1,0,0,1,0,1
37c65539bccb5da7,2,3,18,1,19,0.3096755280489328,3.19452974479645e-05,19,0.1698728220505014,19,0.1312418467913363,19,0.1265179505174732,19,0.2192090795096104,19,0.2488501604884912,0.5695561328042766,0.3848770417593588,0.0,near_zero_positive_le_0p01,0,1,0,1,0,1,0,1,0,1
3dae82a193c9501b,2,3,17,0,-1,,,-1,,-1,,-1,,-1,,-1,,,,,RSMR_abstain,0,0,0,0,0,0,0,0,0,0
69a069b9a6985aaf,2,3,15,1,7,0.1634119045513961,0.0001744541430845,-1,-0.0204335484977881,7,0.0071568267600478,7,0.0001787777977325,7,0.0612035487622752,7,0.0908446297411559,0.4996397193664866,0.2775842189628852,0.1548655149101698,near_zero_positive_le_0p01,1,0,0,1,0,1,0,1,0,1
7d8759e340975895,2,3,12,1,14,0.1369317555161481,0.0001328599065542,-1,-0.004714592337447,14,0.0008560139031357,-1,-0.0049124663578777,14,0.0437613078894907,14,0.0734023888683714,0.5055514864549255,0.2181369991661265,0.1345300359239477,near_zero_positive_le_0p01,1,0,0,1,1,0,0,1,0,1
a99fbe3c63d15894,2,3,23,1,21,0.150472348272085,-3.527703285222117e-05,-1,-0.0209178849741101,-1,-0.0044166343889723,-1,-0.0107692762605244,21,0.0409284968283671,21,0.0705695778072479,0.5052655792309516,0.231076517793856,0.1532671077616693,mild_harm,1,0,1,0,1,0,0,1,0,1
aaf8a6e715785915,2,3,19,1,21,0.0851857097933432,1.1295703612024257e-05,-1,-0.0101148651473342,-1,-0.0022686705032442,-1,-0.007821664944949,21,0.0379528176028436,21,0.0675938985817243,0.4946379060838068,0.2092314408145544,0.1296911362319836,near_zero_positive_le_0p01,1,0,1,0,1,0,0,1,0,1
adb358cddcdf5ad4,2,3,17,1,-1,,,-1,,-1,,-1,,-1,,-1,,,,,RSMR_abstain,0,0,0,0,0,0,0,0,0,0
ae3f167434e35c78,2,3,4,1,-1,,,-1,,-1,,-1,,-1,,-1,,,,,RSMR_abstain,0,0,0,0,0,0,0,0,0,0
ae62df1371af5474,2,3,9,0,-1,,,-1,,-1,,-1,,-1,,-1,,,,,RSMR_abstain,0,0,0,0,0,0,0,0,0,0
f0a54058d2af5c6c,2,3,16,1,4,0.0989469088352006,0.0006539796369151,-1,-0.0248469524406888,-1,-0.0001283930366949,-1,-0.0068975238818126,4,0.0498180464422346,4,0.0794591274211153,0.4918857436766302,0.2610773249679159,0.1546938837643844,near_zero_positive_le_0p01,1,0,1,0,1,0,0,1,0,1
f533a754e0245b89,2,3,7,1,10,0.0597686301894117,-0.0028522905766963,-1,-0.0067444856864501,-1,-0.003297522710287,-1,-0.0087814086101514,10,0.036056709920693,10,0.0656977908995737,0.4944509786046253,0.2048755391833626,0.1290561313729562,mild_harm,1,0,1,0,1,0,0,1,0,1
f9c3f5c430be54aa,2,3,2,1,2,0.1548735680896494,1.5646017807097174,-1,-0.023940650526818,-1,-0.0013222760648201,-1,-0.0082063632195432,2,0.0490663338996381,2,0.0787074148785188,0.4865570539583481,0.2663565801294397,0.156845740410717,material_positive_gt_0p2,1,0,1,0,1,0,0,1,0,1
02bb7e4c3012543c,2,3,8,1,-1,,,-1,,-1,,-1,,-1,,-1,,,,,RSMR_abstain,0,0,0,0,0,0,0,0,0,0
105b657c237a5c20,2,3,11,1,-1,,,-1,,-1,,-1,,-1,,-1,,,,,RSMR_abstain,0,0,0,0,0,0,0,0,0,0
11aaf0aadcfb5861,2,3,17,0,-1,,,-1,,-1,,-1,,-1,,-1,,,,,RSMR_abstain,0,0,0,0,0,0,0,0,0,0
22b187e4a9c25c9b,2,3,14,0,-1,,,-1,,-1,,-1,,-1,,-1,,,,,RSMR_abstain,0,0,0,0,0,0,0,0,0,0
2f2543566c675f13,2,3,11,1,1,0.0920906217169804,4.081237241626568e-05,1,0.0065198835450911,1,0.0021730732201045,-1,-0.0028928017194762,1,0.0403538448879272,1,0.0699949258668079,0.5030652260177899,0.1949707076336387,0.1161704538243973,near_zero_positive_le_0p01,0,1,0,1,1,0,0,1,0,1
359105de514f5258,2,3,12,1,9,0.0199806584066202,-0.0003807342187269,-1,-0.1286178863775783,-1,-0.0275300354630573,-1,-0.0369139683867052,9,0.0335954621836226,9,0.0632365431625034,0.4285984184160081,0.3680241986832231,0.2172537341718539,mild_harm,1,0,1,0,1,0,0,1,0,1
5740c711ed2d5d2f,2,3,17,1,-1,,,-1,,-1,,-1,,-1,,-1,,,,,RSMR_abstain,0,0,0,0,0,0,0,0,0,0
5f01892cbea95932,2,3,14,0,-1,,,-1,,-1,,-1,,-1,,-1,,,,,RSMR_abstain,0,0,0,0,0,0,0,0,0,0
75fd8a14d25350e5,2,3,12,1,14,0.0451435252879411,6.06032689663456,14,0.1446957925101061,14,0.003013128480011,14,0.0024285098413516,14,0.0086261503469162,14,0.038267231325797,0.6030261653040335,0.0236286550039001,0.0141635200609223,material_positive_gt_0p2,0,1,0,1,0,1,0,1,0,1
78dae1caad5656a7,2,3,15,1,17,0.0083001771523453,0.0001282766357064,17,0.04063788769334,-1,-0.0028593199479046,-1,-0.0061503942246598,17,0.0203897613080481,17,0.0500308422869288,0.5234132506603432,0.1144345839812421,0.0828953308842036,near_zero_positive_le_0p01,0,1,1,0,1,0,0,1,0,1
a9e5024892425a19,2,3,10,1,9,0.1413417836220566,0.1097359060698885,-1,-0.0457586454411168,-1,-0.0053960821054706,-1,-0.0149140508622045,9,0.0630416562728115,9,0.0926827372516922,0.4895992767929858,0.359775933527986,0.2215991777584875,small_positive_0p01_to_0p2,1,0,1,0,1,0,0,1,0,1
aaddf9a720325142,2,3,11,0,-1,,,-1,,-1,,-1,,-1,,-1,,,,,RSMR_abstain,0,0,0,0,0,0,0,0,0,0
d32e31e6812d546f,2,3,9,1,-1,,,-1,,-1,,-1,,-1,,-1,,,,,RSMR_abstain,0,0,0,0,0,0,0,0,0,0
e034837cf84e5081,2,3,8,1,-1,,,-1,,-1,,-1,,-1,,-1,,,,,RSMR_abstain,0,0,0,0,0,0,0,0,0,0
e865980d1e455826,2,3,16,1,-1,,,-1,,-1,,-1,,-1,,-1,,,,,RSMR_abstain,0,0,0,0,0,0,0,0,0,0
f125490e18b15e5c,2,3,21,1,19,0.083432429385926,2.2940688254813324e-05,-1,-0.0040409400874055,-1,-0.0008518500233904,-1,-0.0062146238729431,19,0.0384544870788922,19,0.0680955680577729,0.4984190392840564,0.2028225838917406,0.124877447979951,near_zero_positive_le_0p01,1,0,1,0,1,0,0,1,0,1
f1d77af4b7285825,2,3,7,1,9,0.1941999423083564,-0.0001714905660601,-1,-0.0431400830765064,-1,-0.0138301663009439,-1,-0.0218890341874069,9,0.0406952376485156,9,0.0703363186273964,0.5123319916960468,0.2747083256167217,0.2051531456782143,mild_harm,1,0,1,0,1,0,0,1,0,1
2d8cf993fd4159e2,2,3,12,1,2,0.234862503030595,-0.0050927070549839,2,0.0888590405606065,-1,0.0,-1,0.0,-1,0.0,2,0.0296410809788807,0.5964094605980752,0.0,0.0,mild_harm,0,1,1,0,1,0,1,0,0,1
470e191769275e16,2,3,9,1,-1,,,-1,,-1,,-1,,-1,,-1,,,,,RSMR_abstain,0,0,0,0,0,0,0,0,0,0
549a8da7bb0b5e8a,2,3,2,0,2,0.0738383346804003,-0.9131117959951052,2,0.0581521327190367,2,0.0759599666894677,2,0.0688095737854564,2,0.156770035159453,2,0.1864111161383338,0.5226183204995818,0.3913966324224607,0.1000897553847657,catastrophe,0,1,0,1,0,1,0,1,0,1
5c921b6094c95071,2,3,2,1,-1,,,-1,,-1,,-1,,-1,,-1,,,,,RSMR_abstain,0,0,0,0,0,0,0,0,0,0
698c37f393b852d6,2,3,14,0,-1,,,-1,,-1,,-1,,-1,,-1,,,,,RSMR_abstain,0,0,0,0,0,0,0,0,0,0
71dfd904537f5299,2,3,6,1,-1,,,-1,,-1,,-1,,-1,,-1,,,,,RSMR_abstain,0,0,0,0,0,0,0,0,0,0
7ef659e1786d5ef0,2,3,1,0,-1,,,-1,,-1,,-1,,-1,,-1,,,,,RSMR_abstain,0,0,0,0,0,0,0,0,0,0
893f5457b66f5c0a,2,3,4,0,-1,,,-1,,-1,,-1,,-1,,-1,,,,,RSMR_abstain,0,0,0,0,0,0,0,0,0,0
8f090017c0c45c30,2,3,13,1,2,0.1395255199667619,0.980162891490938,2,0.0821260052298017,-1,0.0,-1,0.0,-1,0.0,2,0.0296410809788807,0.6063521528899875,0.0,0.0,material_positive_gt_0p2,0,1,1,0,1,0,1,0,0,1
90003a4fe9855d90,2,3,21,1,-1,,,-1,,-1,,-1,,-1,,-1,,,,,RSMR_abstain,0,0,0,0,0,0,0,0,0,0
9d6b57b25d0e5698,2,3,29,1,28,0.0780187847273103,-4.430631548166253e-05,-1,-0.0248702757678878,-1,-0.009912174434246,-1,-0.0158888503953497,28,0.0307028745141646,28,0.0603439554930453,0.5052969705420114,0.2074122147545164,0.1497906518500399,mild_harm,1,0,1,0,1,0,0,1,0,1
a5a77a41a5d4527c,2,3,17,1,2,0.0567539327919885,-0.0001227254013267,-1,-0.0705305808770386,-1,-0.0257642184941897,-1,-0.0337195435162177,2,0.024568471091351,2,0.0542095520702318,0.4676343044631472,0.2783745271244502,0.1983768078336633,mild_harm,1,0,1,0,1,0,0,1,0,1
b86d04e1e9105474,2,3,3,0,-1,,,-1,,-1,,-1,,-1,,-1,,,,,RSMR_abstain,0,0,0,0,0,0,0,0,0,0
c4a7fbc6d1e35668,2,3,6,1,21,0.30506643197648,1.9843287469431443,-1,-0.015479607642218,-1,-0.005260374009257,-1,-0.0140875038656038,21,0.0579476347863064,21,0.0875887157651872,0.5330893291260419,0.3052910377762479,0.2244535545393803,material_positive_gt_0p2,1,0,1,0,1,0,0,1,0,1
db167c9f01af53f1,2,3,17,0,9,0.0069559904076055,-0.00040012851879,-1,-0.1550081597067582,-1,-0.0546287282086419,-1,-0.064797832646894,9,0.0039556016604714,9,0.0335966826393521,0.435608680884925,0.3486064786619219,0.2620529438498175,mild_harm,1,0,1,0,1,0,0,1,0,1
e19f348970f556d2,2,3,5,0,-1,,,-1,,-1,,-1,,-1,,-1,,,,,RSMR_abstain,0,0,0,0,0,0,0,0,0,0
e1c764e511515749,2,3,10,1,20,0.4556764919016465,0.0004805833668912,20,0.1879156815126774,20,0.0596764640526416,20,0.0579127008584156,20,0.1003414123858687,20,0.1299824933647495,0.6465518622396156,0.1551946846743157,0.0,near_zero_positive_le_0p01,0,1,0,1,0,1,0,1,0,1
e75b5a59035b5493,2,3,9,1,22,0.03279656586801,1.9060943658999463e-05,-1,-0.0158790760383349,-1,-0.0104060296804586,-1,-0.0158684194833223,22,0.026269391735544,22,0.0559104727144247,0.5010145927808907,0.1889855940195667,0.1371085160083292,near_zero_positive_le_0p01,1,0,1,0,1,0,0,1,0,1
e86d2d8665685c70,2,3,11,1,-1,,,-1,,-1,,-1,,-1,,-1,,,,,RSMR_abstain,0,0,0,0,0,0,0,0,0,0
e9c39cd0c047561f,2,3,29,1,-1,,,-1,,-1,,-1,,-1,,-1,,,,,RSMR_abstain,0,0,0,0,0,0,0,0,0,0
0612f5d26b32561d,2,3,15,1,-1,,,-1,,-1,,-1,,-1,,-1,,,,,RSMR_abstain,0,0,0,0,0,0,0,0,0,0
07003d3990e35817,2,3,2,1,-1,,,-1,,-1,,-1,,-1,,-1,,,,,RSMR_abstain,0,0,0,0,0,0,0,0,0,0
0938c742dd0159e8,2,3,4,0,-1,,,-1,,-1,,-1,,-1,,-1,,,,,RSMR_abstain,0,0,0,0,0,0,0,0,0,0
097a309009705384,2,3,9,1,3,0.0945879986853262,0.0004824268192052,3,0.096873348554579,3,0.0326633318941836,3,0.0297277309806108,3,0.0665595433240413,3,0.096200624302922,0.529633944834856,0.1618361440125897,0.0407222669150378,near_zero_positive_le_0p01,0,1,0,1,0,1,0,1,0,1
12db610090455243,2,3,15,1,-1,,,-1,,-1,,-1,,-1,,-1,,,,,RSMR_abstain,0,0,0,0,0,0,0,0,0,0
1b2ded48330b5b03,2,3,17,1,5,0.102286105147456,0.0020229374388232,5,0.0744339561251697,5,0.0355378441648447,5,0.0341403056707528,5,0.0591525941548418,5,0.0887936751337225,0.52971491541803,0.1116687343194045,0.0,near_zero_positive_le_0p01,0,1,0,1,0,1,0,1,0,1
2322ed0c8d8e5d5f,2,3,12,1,25,0.3004723276941828,0.0026175350087694,25,0.2172131592978684,25,0.0072255030154728,25,0.0070327784750298,25,0.0121852186950608,25,0.0418262996739416,0.681024419291045,0.0178924842485763,0.0,near_zero_positive_le_0p01,0,1,0,1,0,1,0,1,0,1
253b0edab17c5d6d,2,3,17,0,-1,,,-1,,-1,,-1,,-1,,-1,,,,,RSMR_abstain,0,0,0,0,0,0,0,0,0,0
326079b8c9395f39,2,3,1,0,23,0.0981394250108717,-0.0004300676556301,-1,-0.0706389531177565,-1,-0.0266896306756108,-1,-0.0340850357716632,23,0.0189647825829334,23,0.0486058635618141,0.4794696338789423,0.2466242235735388,0.1907363144621221,mild_harm,1,0,1,0,1,0,0,1,0,1
460cfd36104e5450,2,3,16,1,6,0.177870682733008,-0.0017542777046561,-1,-0.0153371483942192,6,0.0183068733015513,6,0.0145097227978892,6,0.0530130048697363,6,0.0826540858486171,0.5165065332826807,0.1713084553161756,0.0733596913903489,mild_harm,1,0,0,1,0,1,0,1,0,1
5b06ed05f63a5554,2,3,14,1,3,0.0942051171985382,0.0001472774073248,3,0.1023724142519809,3,0.0280460976732615,3,0.0252709851629086,3,0.0591210342766058,3,0.0887621152554866,0.5338826586677234,0.147290846588554,0.0418671282251214,near_zero_positive_le_0p01,0,1,0,1,0,1,0,1,0,1
5da895ba0a415a80,2,3,16,1,6,0.0769295070032463,-0.002026025418937,-1,-0.0269096478115363,-1,-0.0104262899241684,-1,-0.0171417175692891,6,0.0355327711881795,6,0.0651738521670603,0.4963657597651655,0.238822137453821,0.1648227103842682,mild_harm,1,0,1,0,1,0,0,1,0,1
5e16781ce6685597,2,3,12,1,9,0.1119610757494009,0.9893989870341496,-1,-0.1098059068832361,-1,-0.0083585338967496,-1,-0.0147624446433144,9,0.0361615210087341,9,0.0658026019876148,0.4742934561760745,0.2418885078956903,0.149445762723281,material_positive_gt_0p2,1,0,1,0,1,0,0,1,0,1
5f9c0089a0a355fe,2,3,1,1,-1,,,-1,,-1,,-1,,-1,,-1,,,,,RSMR_abstain,0,0,0,0,0,0,0,0,0,0
628e147a02bf5128,2,3,15,1,2,0.0364822886640526,0.0001771564187642,-1,-0.1222767028528591,-1,-0.0430755642065065,-1,-0.0524967050751758,2,0.0130353249939767,2,0.0426764059728575,0.4490808881079219,0.3237016524890119,0.2402038661053274,near_zero_positive_le_0p01,1,0,1,0,1,0,0,1,0,1
767b810b38de5665,2,3,10,1,-1,,,-1,,-1,,-1,,-1,,-1,,,,,RSMR_abstain,0,0,0,0,0,0,0,0,0,0
1fd9a12a263556d8,3,4,4,0,-1,,,-1,,-1,,-1,,-1,,-1,,,,,RSMR_abstain,0,0,0,0,0,0,0,0,0,0
399cc87ac7c55646,3,4,16,1,22,0.2928596543067295,0.0005082323875802,22,0.1706304256128696,22,0.061214020285463,22,0.0559969649660116,22,0.0865389929610796,22,0.1918282238654856,0.5945478999409087,0.14555428245509,0.0,near_zero_positive_le_0p01,0,1,0,1,0,1,0,1,0,1
41fdae5fd40d5324,3,4,19,1,22,0.1220973388524979,-4.641914139513759e-05,-1,-0.0026131259742899,-1,-0.0355933472423841,-1,-0.0497550945786172,22,0.0343059389048065,22,0.1395951698092124,0.4209992435669544,0.1403211855111975,0.0427791739071591,mild_harm,1,0,1,0,1,0,0,1,0,1
46eb37ed09fc5718,3,4,22,1,-1,,,-1,,-1,,-1,,-1,,-1,,,,,RSMR_abstain,0,0,0,0,0,0,0,0,0,0
538f3eb865185615,3,4,26,0,19,0.3564730712372098,-9.282299746971034e-05,19,0.1015703024173527,19,0.0022174293236154,19,0.0019869364787847,19,0.0030706571696524,19,0.1083598880740584,0.5054927339808882,0.0060745822110443,0.0,mild_harm,0,1,0,1,0,1,0,1,0,1
667054412512521b,3,4,11,0,9,0.0352653553706854,-0.0001064360320568,-1,-0.1328384396043946,-1,-0.0810444338869114,-1,-0.1079348472848912,9,0.06279122043883,9,0.1680804513432359,0.3370216097998523,0.3380588147448005,0.0771396266747901,mild_harm,1,0,1,0,1,0,0,1,0,1
86f569f804fb5848,3,4,8,1,-1,,,-1,,-1,,-1,,-1,,-1,,,,,RSMR_abstain,0,0,0,0,0,0,0,0,0,0
98dbc922be205d29,3,4,16,1,26,0.5185924505967953,0.0002245069518684,26,0.0806943821578261,26,0.0242837801203327,26,0.0219624820595519,26,0.0339413230969395,26,0.1392305540013454,0.5452427492976772,0.0622499302203634,0.0,near_zero_positive_le_0p01,0,1,0,1,0,1,0,1,0,1
ba95a132236555b4,3,4,9,0,25,0.2761618716830546,-0.0004200205574278,-1,-0.0769067127132998,-1,-0.0402908305178316,-1,-0.0613714025530792,25,0.0641753911412055,25,0.1694646220456114,0.3663571985447447,0.2718567642555848,0.0559010397270501,mild_harm,1,0,1,0,1,0,0,1,0,1
bc346dea1bcd5cc3,3,4,29,1,28,0.0546752111961481,-9.483449810643307e-05,28,0.0021376548800902,-1,-0.0248256039744754,-1,-0.0330733335396873,28,0.0141283762017216,28,0.1194176071061275,0.5012630408820525,0.057176666024059,0.0291379514016706,mild_harm,0,1,1,0,1,0,0,1,0,1
c0426fcae01a50cf,3,4,17,1,-1,,,-1,,-1,,-1,,-1,,-1,,,,,RSMR_abstain,0,0,0,0,0,0,0,0,0,0
c075c65bf21d5842,3,4,14,1,9,0.2148766836622629,-0.0004111885782156,-1,-0.0660201285526415,-1,-0.0445953515105672,-1,-0.065510150539976,9,0.0601481126526714,9,0.1654373435570773,0.3678069313398873,0.2612703778321013,0.0568638680964311,mild_harm,1,0,1,0,1,0,0,1,0,1
d1f387a440e25adc,3,4,17,1,26,0.0897864051838182,-0.0001685254469512,-1,-0.0396846757201043,-1,-0.0308235224273588,-1,-0.0518698797010482,26,0.0707816170090789,26,0.1760708479134848,0.3738000373702608,0.2793034386102259,0.05369214434295,mild_harm,1,0,1,0,1,0,0,1,0,1
f462fca7c1f8594c,3,4,5,1,20,0.0344900477082446,-7.948029409162718e-05,-1,-0.0611498350073419,-1,-0.0645959143391818,-1,-0.0826014205153308,20,0.0300973162109019,20,0.1353865471153078,0.3938418628673592,0.1656400964245116,0.0579695062689022,mild_harm,1,0,1,0,1,0,0,1,0,1
f5b6478d00565e99,3,4,2,1,-1,,,-1,,-1,,-1,,-1,,-1,,,,,RSMR_abstain,0,0,0,0,0,0,0,0,0,0
258a909f4194587f,3,4,14,1,24,0.2065552985850331,-0.0001065721827559,-1,-0.104299850062101,-1,-0.0672670478842773,-1,-0.0906153136246559,24,0.0556226193505756,24,0.1609118502549815,0.3498645360514955,0.2835545684599434,0.0670369032389788,mild_harm,1,0,1,0,1,0,0,1,0,1
09be490c13cb56b6,3,4,19,1,23,0.1040684484915912,-8.767266422510158e-05,-1,-0.0335752993609472,-1,-0.0526876599005386,-1,-0.0684358992043117,23,0.0282644693447197,23,0.1335537002491256,0.4092936403361627,0.1419972633808691,0.0505396751089638,mild_harm,1,0,1,0,1,0,0,1,0,1
2f4a06067a6f5d7f,3,4,3,1,-1,,,-1,,-1,,-1,,-1,,-1,,,,,RSMR_abstain,0,0,0,0,0,0,0,0,0,0
33cd12f0c4a75e41,3,4,16,1,-1,,,-1,,-1,,-1,,-1,,-1,,,,,RSMR_abstain,0,0,0,0,0,0,0,0,0,0
3cd8e7898e005bc4,3,4,8,1,-1,,,-1,,-1,,-1,,-1,,-1,,,,,RSMR_abstain,0,0,0,0,0,0,0,0,0,0
3f68aa4cebd65ce8,3,4,21,1,23,0.1727381425291408,-0.0006958824434317,-1,-0.1225689727743185,-1,-0.0787945220985508,-1,-0.1002215503917816,23,0.0376355641478671,23,0.142924795052273,0.3605236722835637,0.2233387436056589,0.067060089641126,mild_harm,1,0,1,0,1,0,0,1,0,1
420b77ddd4f052b3,3,4,18,1,-1,,,-1,,-1,,-1,,-1,,-1,,,,,RSMR_abstain,0,0,0,0,0,0,0,0,0,0
56e384e4189f536f,3,4,19,1,3,0.1176736695860186,-1.771524733840124e-05,3,0.0105326291662167,-1,0.0,-1,0.0,-1,0.0,3,0.1052892309044059,0.4634231497839391,0.0,0.0,mild_harm,0,1,1,0,1,0,1,0,0,1
7f9f132592f45a84,3,4,25,0,14,0.5086064863817903,-0.0006534868726856,14,0.0636287101635907,14,0.0840021465599197,14,0.071425549973295,14,0.1263505520968867,14,0.2316397830012927,0.4381406411352392,0.2964969186327664,0.0063304061263353,mild_harm,0,1,0,1,0,1,0,1,0,1
9d81a9a1677354a1,3,4,10,1,26,0.1085999698418506,-0.000407588063553,-1,-0.0527265226156672,-1,-0.0295242831183071,-1,-0.0566596619758313,26,0.0998139512132882,26,0.2051031821176941,0.3509978244088492,0.4032836055190166,0.0643105963483495,mild_harm,1,0,1,0,1,0,0,1,0,1
b0f9569dfe425d61,3,4,9,0,-1,,,-1,,-1,,-1,,-1,,-1,,,,,RSMR_abstain,0,0,0,0,0,0,0,0,0,0
e516f368a8fb5a16,3,4,3,1,11,0.0151999004754628,-0.0004473697791341,-1,-0.1858540743016161,-1,-0.1388452041097932,-1,-0.162542708586727,11,0.003963862706342,11,0.1092530936107479,0.3579355676335427,0.1698637380130829,0.0885213506847657,mild_harm,1,0,1,0,1,0,0,1,0,1
f997536112085ece,3,4,17,1,24,0.1085091570393512,-8.260559672490508e-05,-1,-0.0235587446255353,-1,-0.045969625219924,-1,-0.0612817670002124,24,0.0314466758155795,24,0.1367359067199854,0.4133585328808856,0.144056255625728,0.0479001370294876,mild_harm,1,0,1,0,1,0,0,1,0,1
925cbce83b0c5797,3,4,16,1,-1,,,-1,,-1,,-1,,-1,,-1,,,,,RSMR_abstain,0,0,0,0,0,0,0,0,0,0
050392bdc27a5f5c,3,4,1,1,-1,,,-1,,-1,,-1,,-1,,-1,,,,,RSMR_abstain,0,0,0,0,0,0,0,0,0,0
1ae7a63963375f27,3,4,2,1,-1,,,-1,,-1,,-1,,-1,,-1,,,,,RSMR_abstain,0,0,0,0,0,0,0,0,0,0
1bd0f4142cdc52f5,3,4,10,1,0,0.2889227713411633,-2.8255283832552547e-06,0,0.0436688587241707,-1,-0.0188775971592204,-1,-0.0310203471743686,0,0.0376340713695776,0,0.1429233022739835,0.4735014577798543,0.1197363887539583,0.0362038671072842,mild_harm,0,1,1,0,1,0,0,1,0,1
2e91c253ccb958d1,3,4,16,1,3,0.0639125743880689,-6.759409550577411e-05,-1,-0.0410067100980355,-1,-0.059842159687188,-1,-0.0754637974891782,3,0.021632891131853,3,0.1269221220362589,0.4139311677455881,0.1266614142105875,0.0525470973130925,mild_harm,1,0,1,0,1,0,0,1,0,1
63464806708f5d70,3,4,3,1,-1,,,-1,,-1,,-1,,-1,,-1,,,,,RSMR_abstain,0,0,0,0,0,0,0,0,0,0
67a57ae417045162,3,4,4,0,-1,,,-1,,-1,,-1,,-1,,-1,,,,,RSMR_abstain,0,0,0,0,0,0,0,0,0,0
6ed7b0d3fc715d28,3,4,11,1,8,0.5592998637577578,0.0009856917359167,8,0.2926011866301716,8,0.2385882820614867,8,0.1651943833223085,8,0.5033266168816619,8,0.6086158477860678,0.3590776965139407,1.5555823205360324,0.086201243448269,near_zero_positive_le_0p01,0,1,0,1,0,1,0,1,0,1
78a96b59eca751e7,3,4,16,1,5,0.0309033475270032,0.0035972677305342,-1,-0.0242798276742108,-1,-0.037071341055726,-1,-0.0411996106067524,-1,-0.0115988782383098,5,0.0936903526660961,0.4184188961809492,0.0,0.0199436985867385,near_zero_positive_le_0p01,1,0,1,0,1,0,1,0,0,1
986b52e5fc685833,3,4,17,1,25,0.1554460997651751,-0.0001533661117778,-1,-0.0846693121335851,-1,-0.0623630288498214,-1,-0.0841345084626336,25,0.0496622626209563,25,0.1549514935253622,0.381143561705719,0.235309589460675,0.064674890544749,mild_harm,1,0,1,0,1,0,0,1,0,1
9f32f8bd95195212,3,4,4,0,26,0.0288047950986548,-0.0002767197914421,-1,-0.0245791813754596,-1,-0.0314014239239363,-1,-0.0510548472238819,26,0.0633908801058207,26,0.1686801110102267,0.3922507747364516,0.2424114205809976,0.0521517529015274,mild_harm,1,0,1,0,1,0,0,1,0,1
b4c84a922cb957a8,3,4,19,1,22,0.0882435172987736,-0.000144931913248,-1,-0.0724624762542179,-1,-0.0759292073533982,-1,-0.1010492834140636,22,0.0548866730868889,22,0.1601759039912948,0.3746886447811129,0.2719526938320751,0.0751800088344282,mild_harm,1,0,1,0,1,0,0,1,0,1
b8c14f4001735d94,3,4,1,0,7,0.1187524706604721,-0.0021207949011702,-1,-0.0076013959838785,-1,-0.0324388110698854,-1,-0.0483982021169641,7,0.045118928519927,7,0.150408159424333,0.4157394605391488,0.1727754459118379,0.0457170052636441,mild_harm,1,0,1,0,1,0,0,1,0,1
bd29c544e8035592,3,4,2,1,-1,,,-1,,-1,,-1,,-1,,-1,,,,,RSMR_abstain,0,0,0,0,0,0,0,0,0,0
c34206b68ee6576f,3,4,11,1,1,0.0356502641264642,-4.7573717791848935e-06,-1,-0.0143360765861318,-1,-0.0260217589505328,-1,-0.0455090116082239,1,0.0667475450430157,1,0.1720367759474216,0.3947611337388414,0.2464308696529063,0.0504491468600415,mild_harm,1,0,1,0,1,0,0,1,0,1
efc9ce296b1955e3,3,4,12,1,25,0.218784921514385,0.0001197258479893,-1,-0.0258421822003989,-1,-0.03980602956966,-1,-0.0562296000682803,25,0.0412721324028774,25,0.1465613633072834,0.4152477115067923,0.1681448903950804,0.0488234917537594,near_zero_positive_le_0p01,1,0,1,0,1,0,0,1,0,1
0831e7eae1365d56,3,4,5,1,9,0.0454030205190284,-0.000454077412188,-1,-0.1588768196663403,-1,-0.107248826947059,-1,-0.1329622654457392,9,0.0403418670138424,9,0.1456310979182483,0.3270775750302059,0.2907525699588587,0.0813716061023813,mild_harm,1,0,1,0,1,0,0,1,0,1
174ebef468f65cc9,3,4,15,1,-1,,,-1,,-1,,-1,,-1,,-1,,,,,RSMR_abstain,0,0,0,0,0,0,0,0,0,0
40e3009527ee5be5,3,4,16,1,5,0.0372938980704864,0.0004074828368609,-1,-0.0186719160365607,-1,-0.0396637931980748,-1,-0.0624231680705189,5,0.0702230567351219,5,0.1755122876395278,0.4046375400636592,0.2653078278554197,0.0623661258250949,near_zero_positive_le_0p01,1,0,1,0,1,0,0,1,0,1
4f48d8ce00c3509c,3,4,16,1,6,0.0378809676349311,0.0004191477632149,-1,-0.019289333589922,-1,-0.0398828180290309,-1,-0.0626714630545668,6,0.0701993735498289,6,0.1754886044542348,0.4042560167413929,0.265698014476967,0.0624608027683159,near_zero_positive_le_0p01,1,0,1,0,1,0,0,1,0,1
5979437fa70f5fd8,3,4,2,0,9,0.1133785350342759,-0.0001650322461967,-1,-0.1394643969579376,-1,-0.0587920670962807,-1,-0.0892665143775737,9,0.0943513640093563,9,0.1996405949137622,0.339636804249571,0.4301560959433926,0.0783591182523829,mild_harm,1,0,1,0,1,0,0,1,0,1
87237d7e0ff25ebb,3,4,1,0,-1,,,-1,,-1,,-1,,-1,,-1,,,,,RSMR_abstain,0,0,0,0,0,0,0,0,0,0
9bcb80a60af853a2,3,4,12,1,12,0.2697116658870999,-0.0004041901597287,12,0.0537843026832863,12,0.0425835104900161,12,0.0375787066929865,12,0.0580749945280912,12,0.1633642254324971,0.4408728113552351,0.1317273214230874,0.0,mild_harm,0,1,0,1,0,1,0,1,0,1
a2326fd4694d5191,3,4,2,0,9,0.0914734952301084,-0.0003037672139702,-1,-0.0945201765419186,-1,-0.0525681634424931,-1,-0.0793997678789099,9,0.0824086358010935,9,0.1876978667054995,0.34103265423848,0.3756162004091761,0.0693338665311578,mild_harm,1,0,1,0,1,0,0,1,0,1
bc50e785e5cf5d5e,3,4,14,0,3,0.0046605179939849,-0.0001464746225625,3,0.0331187418930148,3,0.0652784138856546,3,0.0577515909736424,3,0.0892506322046683,3,0.1945398631090742,0.4514614928776905,0.1976926794703352,0.0,mild_harm,0,1,0,1,0,1,0,1,0,1
be3f5af9cebd56a0,3,4,7,1,8,0.2565206817211672,7.009943267322072e-05,8,0.0136260744733295,8,0.0011090396617434,8,0.0009801090254963,8,0.0015146829495134,8,0.1068039138539194,0.4469376896065118,0.003389024879166,0.0,near_zero_positive_le_0p01,0,1,0,1,0,1,0,1,0,1
ccb8e05950fc5fca,3,4,19,1,23,0.1053961359803062,-0.000183020631969,-1,-0.045759535112603,-1,-0.015291015042896,-1,-0.0428257262559813,23,0.1116280616478425,23,0.2169172925522484,0.3660627241092783,0.4131400273336262,0.0624779512150251,mild_harm,1,0,1,0,1,0,0,1,0,1
faf0ce0d2dc95076,3,4,7,1,-1,,,-1,,-1,,-1,,-1,,-1,,,,,RSMR_abstain,0,0,0,0,0,0,0,0,0,0
0395a156348a5041,3,4,8,1,24,0.0578667543811341,-0.0003903797159903,-1,-0.0804851997098748,-1,-0.043989430127173,-1,-0.0683474223798884,24,0.0779090463328198,24,0.1831982772372258,0.3331530941460189,0.3565654584931317,0.0613061844793393,mild_harm,1,0,1,0,1,0,0,1,0,1
0d99f7ef1331585c,3,4,2,0,-1,,,-1,,-1,,-1,,-1,,-1,,,,,RSMR_abstain,0,0,0,0,0,0,0,0,0,0
1a775b7a88eb5558,3,4,12,1,21,0.0438683582306958,0.0,-1,-0.0347918090894504,-1,-0.03938499385668,-1,-0.0596194071594192,21,0.0594351763519803,21,0.1647244072563862,0.3991941287822803,0.2334640897896204,0.0561950526633593,mild_harm,1,0,1,0,1,0,0,1,0,1
2777ce9cfe665ad6,3,4,19,1,20,0.7017357375583403,-0.0003108637665398,20,0.0687406251777994,-1,0.0,-1,0.0,-1,0.0,20,0.1052892309044059,0.4854933279479536,0.0,0.0,mild_harm,0,1,1,0,1,0,1,0,0,1
4db8527b43a95f0d,3,4,17,0,11,0.0947552042199292,-0.0003200179014353,-1,-0.1124014309323049,-1,-0.0126943657183815,-1,-0.0192084110347276,11,0.0193452924803207,11,0.1246345233847266,0.3852748709204627,0.0785586606210387,0.0177662907102685,mild_harm,1,0,1,0,1,0,0,1,0,1
5d00c83bfb0c508d,3,4,12,1,-1,,,-1,,-1,,-1,,-1,,-1,,,,,RSMR_abstain,0,0,0,0,0,0,0,0,0,0
5f60684cc6045646,3,4,17,1,2,0.0299469729123501,-0.9895701892308892,2,0.0121311301533633,2,0.0394606381018944,2,0.0348580569051213,2,0.0538704399958136,2,0.1591596709002195,0.4451157847958009,0.1210256787917035,0.0,catastrophe,0,1,0,1,0,1,0,1,0,1
633d93f8f6bc51b5,3,4,5,0,-1,,,-1,,-1,,-1,,-1,,-1,,,,,RSMR_abstain,0,0,0,0,0,0,0,0,0,0
6f319806306450c0,3,4,17,0,9,0.1436213995102266,-0.0001257457367667,-1,-0.1032143251290602,-1,-0.0710694437607416,-1,-0.0929017943153208,9,0.0449676664661002,9,0.1502568973705061,0.3624551045216717,0.239931698665178,0.0658726981417369,mild_harm,1,0,1,0,1,0,0,1,0,1
74bb5ba3f6a75df3,3,4,8,1,-1,,,-1,,-1,,-1,,-1,,-1,,,,,RSMR_abstain,0,0,0,0,0,0,0,0,0,0
8515fe3938815bd1,3,4,17,0,9,0.1763813119286015,-0.0001239293869381,-1,-0.0890042313329857,-1,-0.0610002724790835,-1,-0.0821688395600387,9,0.0493409010361654,9,0.1546301319405713,0.3638676265899876,0.2435422266499606,0.0617422294338752,mild_harm,1,0,1,0,1,0,0,1,0,1
9a807a00fda657be,3,4,4,1,9,0.1868845466003021,-7.209880230948321e-05,-1,-0.0939685026693422,-1,-0.0650428470280232,-1,-0.0864017769985129,9,0.0474591049111375,9,0.1527483358155434,0.3606437592492459,0.2433795379230415,0.0630543725082502,mild_harm,1,0,1,0,1,0,0,1,0,1
bb77e9686029538d,3,4,18,1,22,0.5400424241763673,0.0002012102944777,22,0.0988858574692837,-1,0.0,-1,0.0,-1,0.0,22,0.1052892309044059,0.5288141978414026,0.0,0.0,near_zero_positive_le_0p01,0,1,1,0,1,0,1,0,0,1
d97f7fc3e5a35f1e,3,4,16,1,-1,,,-1,,-1,,-1,,-1,,-1,,,,,RSMR_abstain,0,0,0,0,0,0,0,0,0,0
fee89379e3375727,3,4,17,1,2,0.5196400216842526,0.0002513909440491,2,0.0961946000156521,2,0.0515819832806206,2,0.046544360960547,2,0.0719307221023057,2,0.1772199530067116,0.5353856880340032,0.1343530910705579,0.0,near_zero_positive_le_0p01,0,1,0,1,0,1,0,1,0,1
0f6992119fc759c4,3,4,4,1,9,0.0660328831046773,0.9896811794601964,-1,-0.2643831589875029,-1,-0.0960737203839154,-1,-0.1369961531079657,9,0.1180268157846806,9,0.2233160466890865,0.3108122295953253,0.6160514238779137,0.1065740048942841,material_positive_gt_0p2,1,0,1,0,1,0,0,1,0,1
147b934bc401590e,3,4,18,1,1,0.1563545786358181,0.9893352683567442,1,0.0815282880562643,-1,0.0,-1,0.0,-1,0.0,1,0.1052892309044059,0.5065008775826972,0.0,0.0,material_positive_gt_0p2,0,1,1,0,1,0,1,0,0,1
1f19613acc175257,3,4,17,0,3,0.2000326452355238,-0.0001153716588855,3,0.035730392381289,-1,0.0,-1,0.0,-1,0.0,3,0.1052892309044059,0.4837743622457459,0.0,0.0,mild_harm,0,1,1,0,1,0,1,0,0,1
28a9f1a2abfe555c,3,4,4,1,0,0.1565967492322981,0.0001118290149955,-1,-0.10299015260693,-1,-0.0694389664025296,-1,-0.0916356249254577,0,0.0480130368049168,0,0.1533022677093228,0.3600404488482065,0.2506727308450123,0.0660030554220264,near_zero_positive_le_0p01,1,0,1,0,1,0,0,1,0,1
59d1bd367a965623,3,4,19,1,9,0.3956876854675589,0.0002097983349114,9,0.1120446376519186,9,0.0033703553897565,9,0.0030277503602113,9,0.0046791547947155,9,0.1099683856991214,0.5164036080953771,0.0090610420248096,0.0,near_zero_positive_le_0p01,0,1,0,1,0,1,0,1,0,1
86abbd3f53575fd5,3,4,17,1,9,0.047458457586582,1.9791943842181936,-1,-0.1090851070989278,-1,-0.0566291205042024,-1,-0.0854186082710267,9,0.0899954032177807,9,0.1952846341221867,0.3168076622390542,0.4401598253414666,0.0723816695928794,material_positive_gt_0p2,1,0,1,0,1,0,0,1,0,1
8ad88f000c1750a0,3,4,17,1,9,0.0871011249793017,-0.0005808805376524,-1,-0.122229190155585,-1,-0.086197650618254,-1,-0.1085954157516514,9,0.0360555825889852,9,0.1413448134933911,0.3647375851587049,0.2233649530030018,0.0714885847445624,mild_harm,1,0,1,0,1,0,0,1,0,1
b183aa1eebac52fc,3,4,17,1,7,0.1376034804178827,0.0001314637799514,-1,-0.0152270552007408,-1,-0.0306905804850689,-1,-0.0475275099484906,7,0.0507759211309468,7,0.1560651520353527,0.4073371070888185,0.1925847539656632,0.0466892659382088,near_zero_positive_le_0p01,1,0,1,0,1,0,0,1,0,1
e06dab45945a571c,3,4,17,1,-1,,,-1,,-1,,-1,,-1,,-1,,,,,RSMR_abstain,0,0,0,0,0,0,0,0,0,0
15c64c983b935d86,3,4,5,1,-1,,,-1,,-1,,-1,,-1,,-1,,,,,RSMR_abstain,0,0,0,0,0,0,0,0,0,0
1fad9f3e334d5e4e,3,4,16,0,3,0.0841944703083496,-5.923158902421122e-05,3,0.042947094817836,3,0.0480435595458192,3,0.0411456341520576,3,0.0732329566802105,3,0.1785221875846165,0.4758043367742058,0.1584295685957348,0.0040986968829254,mild_harm,0,1,0,1,0,1,0,1,0,1
2d79aaf4c8d6582e,3,4,9,1,21,0.0393558657693903,0.0,-1,-0.0193493412622017,-1,-0.0456864621144053,-1,-0.0600947299728019,21,0.0281494831253495,21,0.1334387140297555,0.4044728445184539,0.1362430784856552,0.0452660170532386,mild_harm,1,0,1,0,1,0,0,1,0,1
3d5f4f15e1f053cd,3,4,4,1,-1,,,-1,,-1,,-1,,-1,,-1,,,,,RSMR_abstain,0,0,0,0,0,0,0,0,0,0
4f547ba1d6e953b1,3,4,17,0,3,0.0965188241437179,-4.712445205079519e-05,3,0.0346314309849554,3,0.0050257372333878,-1,-0.0049615468390708,3,0.0491731961036009,3,0.1544624270080068,0.4945669324916614,0.1250272474710244,0.0250500946019139,mild_harm,0,1,0,1,1,0,0,1,0,1
57a59636cde25b02,3,4,10,1,2,0.3003703531729843,1.5957976206366964,-1,-0.0164681009664449,-1,-0.0383497285053389,-1,-0.0543182680796588,2,0.0391138448363556,2,0.1444030757407615,0.4420642911501694,0.1504866781602089,0.0491292122681799,material_positive_gt_0p2,1,0,1,0,1,0,0,1,0,1
77d52cd328e05b79,3,4,6,0,12,0.2025715040412954,-0.0012133296082392,-1,-0.1367753278304477,-1,-0.059332190183703,-1,-0.0874555563795586,12,0.082449009847177,12,0.1877382407515829,0.3531761051578767,0.370692887634245,0.0749367189488924,mild_harm,1,0,1,0,1,0,0,1,0,1
7c467941fb3d5524,3,4,11,1,19,0.0205142260771262,0.0,-1,-0.0306665329502364,-1,-0.0542680928989172,-1,-0.0689125971925015,19,0.0225020665289077,19,0.1277912974333137,0.4030115519426792,0.1271346012296913,0.0481326674105505,mild_harm,1,0,1,0,1,0,0,1,0,1
855d4a2e69115db2,3,4,1,0,-1,,,-1,,-1,,-1,,-1,,-1,,,,,RSMR_abstain,0,0,0,0,0,0,0,0,0,0
949849ded44f514f,3,4,5,1,-1,,,-1,,-1,,-1,,-1,,-1,,,,,RSMR_abstain,0,0,0,0,0,0,0,0,0,0
a74ab03d0fb05d72,3,4,12,0,-1,,,-1,,-1,,-1,,-1,,-1,,,,,RSMR_abstain,0,0,0,0,0,0,0,0,0,0
c0815ea46b825526,3,4,12,0,-1,,,-1,,-1,,-1,,-1,,-1,,,,,RSMR_abstain,0,0,0,0,0,0,0,0,0,0
cfdc02dc40405e6f,3,4,2,1,9,0.3349356557440434,2.019834518898582,9,0.0409717846777438,9,0.0001010574348992,-1,-0.0168998504235942,9,0.0760349321515333,9,0.1813241630559392,0.4483446950331772,0.2203418035456909,0.0412470366139018,material_positive_gt_0p2,0,1,0,1,1,0,0,1,0,1
de3c0c52e7815332,3,4,1,1,22,0.802083150890449,3.1496425274491777,22,1.2011541698190578,22,0.8097641192883863,22,0.6946150179399156,22,1.0734739674667768,22,1.1787631983711828,0.323501186489094,3.318299939227475,0.0,material_positive_gt_0p2,0,1,0,1,0,1,0,1,0,1
f26eb5a6f93c50b4,3,4,16,1,17,0.2173821609332621,0.0022419899821281,-1,-0.0533941909870651,-1,-0.0057886030008687,-1,-0.0283056767973934,17,0.0959495441469151,17,0.201238775051321,0.4117893964347748,0.3085702079465033,0.0529000928451947,near_zero_positive_le_0p01,1,0,1,0,1,0,0,1,0,1
f28c5026aff854cb,3,4,26,1,22,0.1652665989126248,0.92972289563152,22,0.1326387419101725,22,0.0323853196859696,22,0.0255243144955743,22,0.0617927840780648,22,0.1670820149824707,0.5380874137835376,0.1240885706530415,0.0107763116512989,material_positive_gt_0p2,0,1,0,1,0,1,0,1,0,1
faf93d61f8bd5238,3,4,18,0,24,0.0687673816029543,-9.455366143940049e-05,-1,-0.0282498058848486,-1,-0.0439059392727364,-1,-0.061480206063955,24,0.04391756893051,24,0.149206799834916,0.4006357434877443,0.1868628632090377,0.0516319965117216,mild_harm,1,0,1,0,1,0,0,1,0,1
073ef4e9c6185fdd,3,4,2,1,-1,,,-1,,-1,,-1,,-1,,-1,,,,,RSMR_abstain,0,0,0,0,0,0,0,0,0,0
09884abf58435aaa,3,4,17,1,9,0.0662185506198301,-0.0006670752685522,-1,-0.1088987233641279,-1,-0.0833115569680475,-1,-0.1119282502132303,9,0.0670220997457608,9,0.1723113306501667,0.354848093375799,0.3395286807689004,0.0828626633860721,mild_harm,1,0,1,0,1,0,0,1,0,1
10e0d0cf52855491,3,4,9,1,20,0.4207007276874806,-4.381986407098193e-05,20,0.0929131057878023,20,0.0236622259486593,20,0.0033810386090375,20,0.1120995484446188,20,0.2173887793490247,0.4960297116068899,0.2739866555941805,0.0472368587239601,mild_harm,0,1,0,1,0,1,0,1,0,1
1fc485893db05d58,3,4,4,0,-1,,,-1,,-1,,-1,,-1,,-1,,,,,RSMR_abstain,0,0,0,0,0,0,0,0,0,0
21870d2397795423,3,4,24,0,20,0.1069096550537814,0.0,-1,-0.0004074540103968,-1,-0.037111792855499,-1,-0.0508981771645011,20,0.0311919294838766,20,0.1364811603882825,0.4252989206534803,0.1308749144979064,0.0425769696143997,mild_harm,1,0,1,0,1,0,0,1,0,1
538923756bab555f,3,4,17,1,9,0.0328951715535917,0.0007085304721989,-1,-0.0904901082397617,9,0.0184388640584062,9,0.0149876830877557,9,0.0293412934733781,9,0.134630524377784,0.3747106318450469,0.0819769768706336,0.0022011430173921,near_zero_positive_le_0p01,1,0,0,1,0,1,0,1,0,1
5a67404157535f5b,3,4,1,0,-1,,,-1,,-1,,-1,,-1,,-1,,,,,RSMR_abstain,0,0,0,0,0,0,0,0,0,0
7476e5ad4711587f,3,4,9,0,3,0.0699899557803309,-9.649557229707284e-05,-1,-0.128480777503534,-1,-0.0461595653482257,-1,-0.0779950577752471,3,0.1101079305844493,3,0.2153971614888552,0.3276866596546856,0.4927972010896242,0.0764154673792441,mild_harm,1,0,1,0,1,0,0,1,0,1
7fb1a51c02db514e,3,4,18,1,-1,,,-1,,-1,,-1,,-1,,-1,,,,,RSMR_abstain,0,0,0,0,0,0,0,0,0,0
82bcaf16eea459db,3,4,24,1,1,0.0616066396810389,-0.0001157444000244,1,0.0315744395920484,-1,-0.0134827500392219,-1,-0.0243511243329953,1,0.0346703784014965,1,0.1399596093059025,0.5919219873338686,0.0857810736937256,0.0394662900598446,mild_harm,0,1,1,0,1,0,0,1,0,1
899c5ed91b8c5beb,3,4,17,1,-1,,,-1,,-1,,-1,,-1,,-1,,,,,RSMR_abstain,0,0,0,0,0,0,0,0,0,0
9857fe6079dc5b65,3,4,16,1,9,0.1521741271094596,0.0003742047014063,-1,-0.0270566908921547,-1,-0.0297837198374256,-1,-0.0487593812955914,9,0.0614499281424677,9,0.1667391590468737,0.3967820543938195,0.2316702205941484,0.0505168291969919,near_zero_positive_le_0p01,1,0,1,0,1,0,0,1,0,1
9c0c9727fc975d7a,3,4,4,1,-1,,,-1,,-1,,-1,,-1,,-1,,,,,RSMR_abstain,0,0,0,0,0,0,0,0,0,0
a0cbabab4b2c5345,3,4,17,1,-1,,,-1,,-1,,-1,,-1,,-1,,,,,RSMR_abstain,0,0,0,0,0,0,0,0,0,0
a370a9747c5e599b,3,4,8,1,1,0.1125066199935203,-1.0564851760864276e-05,-1,-0.0469458771792385,-1,-0.0629845755923886,-1,-0.0791698323660485,1,0.0214192009684841,1,0.1267084318728901,0.4164799405001158,0.1283220944035101,0.0548813648342903,mild_harm,1,0,1,0,1,0,0,1,0,1
b0b57e6ca331564e,3,4,12,1,24,0.0220962488230839,0.0,24,0.0103765504475025,-1,-0.0176180242179202,-1,-0.0410210247312937,24,0.09108009773966,24,0.196369328644066,0.3821567238670751,0.3283703867562493,0.0556918798136596,mild_harm,0,1,1,0,1,0,0,1,0,1
b66edb8535dd5ec1,3,4,11,1,11,0.0966042071103635,-0.0002485304828732,11,0.0689730156838059,11,0.0755626686109658,11,0.0670591032802049,11,0.1036346750268402,11,0.2089239059312461,0.4646241451647271,0.2230505584037131,0.0,mild_harm,0,1,0,1,0,1,0,1,0,1
bef88a7c044b5ebe,3,4,29,1,18,0.5154772621046892,0.0008987352035938,18,0.2192010509949196,18,0.0391972011641201,18,0.0352747004064239,18,0.0545143304110958,18,0.1598035613155017,0.5239276113756628,0.1040493557267559,0.0,near_zero_positive_le_0p01,0,1,0,1,0,1,0,1,0,1
ce41992a83845d8a,3,4,20,1,-1,,,-1,,-1,,-1,,-1,,-1,,,,,RSMR_abstain,0,0,0,0,0,0,0,0,0,0
e2022a0506df54c7,3,4,11,1,15,0.303256798039182,0.0,15,0.0001753567220596,-1,-0.0541535789864825,-1,-0.0624475005219929,-1,-0.0175807718610494,15,0.0877084590433565,0.5754588827257721,0.0,0.0414112347325201,mild_harm,0,1,1,0,1,0,1,0,0,1
f88a28f7b54555ea,3,4,30,1,18,0.1818418476115941,0.0006765377013073,18,0.0842407975660231,-1,-0.00698699669902,-1,-0.0093382506023975,18,0.003862802554491,18,0.109152033458897,0.5292892017734376,0.0149971263667057,0.0086571510668353,near_zero_positive_le_0p01,0,1,1,0,1,0,0,1,0,1
034da27cd2f75292,3,4,1,0,5,0.304640614934026,-0.0041440810557571,5,0.1060708844805294,5,0.0601517276001355,5,0.0510325613709813,5,0.0931302254876347,5,0.1984194563920407,0.4663856252603359,0.2064972373158765,0.0059539581444227,mild_harm,0,1,0,1,0,1,0,1,0,1
1088d47284565808,3,4,5,0,-1,,,-1,,-1,,-1,,-1,,-1,,,,,RSMR_abstain,0,0,0,0,0,0,0,0,0,0
1a20ae9ff1e05d25,3,4,16,1,25,0.07274087088546,-0.0001797868408029,-1,-0.0480674079718401,-1,-0.0257130110668475,-1,-0.0555500073983599,25,0.1146669602117463,25,0.2199561911161522,0.3503778053791035,0.4547410096223574,0.0687541114288405,mild_harm,1,0,1,0,1,0,0,1,0,1
3f51b8b92c3b52cf,3,4,18,1,9,0.3739109692203046,0.0003213510554285,-1,-0.0058532184420344,9,0.0369953765511104,9,0.0274097504481381,9,0.0740839760142147,9,0.1793732069186207,0.445830433568847,0.1820209485881661,0.0127515165781628,near_zero_positive_le_0p01,1,0,0,1,0,1,0,1,0,1
452d348a65ac59f3,3,4,11,1,-1,,,-1,,-1,,-1,,-1,,-1,,,,,RSMR_abstain,0,0,0,0,0,0,0,0,0,0
4a35d5b02394561e,3,4,17,1,-1,,,-1,,-1,,-1,,-1,,-1,,,,,RSMR_abstain,0,0,0,0,0,0,0,0,0,0
4a90f1c8ef895e13,3,4,12,1,2,0.1530308856651394,-0.0002851558105612,-1,-0.0612887350055281,-1,-0.0439368390724244,-1,-0.0655045769968868,2,0.0639060369704038,2,0.1691952678748098,0.3615132542941256,0.2785240303723882,0.057611362954712,mild_harm,1,0,1,0,1,0,0,1,0,1
4cf854e9eadf5084,3,4,2,1,-1,,,-1,,-1,,-1,,-1,,-1,,,,,RSMR_abstain,0,0,0,0,0,0,0,0,0,0
54059bb6b643525f,3,4,11,1,24,0.0111269355833754,-0.0005095285788178,-1,-0.1679738212024769,-1,-0.1134536761910081,-1,-0.1382277895842043,24,0.0362323362625505,24,0.1415215671669564,0.2964021791086831,0.310005564932293,0.0790991487845955,mild_harm,1,0,1,0,1,0,0,1,0,1
588dbd820a135056,3,4,6,1,3,0.1663461020295316,0.0005023064074397,-1,-0.1069971983736938,-1,-0.0749009258920533,-1,-0.0965884140205295,3,0.041884531871392,3,0.1471737627757979,0.3582518200843475,0.2357661477793801,0.0663486411296756,near_zero_positive_le_0p01,1,0,1,0,1,0,0,1,0,1
5a0bd184100f54d5,3,4,3,1,-1,,,-1,,-1,,-1,,-1,,-1,,,,,RSMR_abstain,0,0,0,0,0,0,0,0,0,0
8eb1c196434e51ec,3,4,10,1,-1,,,-1,,-1,,-1,,-1,,-1,,,,,RSMR_abstain,0,0,0,0,0,0,0,0,0,0
95e1e30a438d52cd,3,4,6,1,-1,,,-1,,-1,,-1,,-1,,-1,,,,,RSMR_abstain,0,0,0,0,0,0,0,0,0,0
9c5700ab41865a07,3,4,12,1,1,0.1634809305326644,-0.000125082693994,-1,-0.0357143189259887,-1,-0.072822357001562,-1,-0.0990284282570745,1,0.0610336057230862,1,0.1663228366274921,0.3861029576714691,0.2815779374680431,0.077675026039364,mild_harm,1,0,1,0,1,0,0,1,0,1
aa05025b9a815254,3,4,9,1,-1,,,-1,,-1,,-1,,-1,,-1,,,,,RSMR_abstain,0,0,0,0,0,0,0,0,0,0
ac768eabfa5c5725,3,4,12,0,9,0.240029074240532,-9.121100050396568e-05,-1,-0.0754259712109991,-1,-0.047203862741808,-1,-0.0687353163424164,9,0.0614952235786498,9,0.1667844544830557,0.3587678355483487,0.2755387989182479,0.0582616359408442,mild_harm,1,0,1,0,1,0,0,1,0,1
ad963f2915a657a4,3,4,18,1,9,0.3407998694433851,0.0004896600965409,9,0.0202637760112859,9,0.0767129462147243,9,0.0677466647952601,9,0.1046972483493012,9,0.2099864792537072,0.443956563487139,0.235827684417902,0.0,near_zero_positive_le_0p01,0,1,0,1,0,1,0,1,0,1
ae1909ec83115e90,3,4,2,1,9,0.1650734353301483,-0.0003600291313676,-1,-0.0836276359708594,-1,-0.0562848532722561,-1,-0.0785011987373512,9,0.0573881273571281,9,0.162677358261534,0.3656905695926757,0.265782931816553,0.0627551514429113,mild_harm,1,0,1,0,1,0,0,1,0,1
be7fe135f5665966,3,4,7,1,0,0.1693357944237277,0.0062542543325573,-1,-0.0243329224704381,0,0.0038624164154899,-1,-0.022255507928861,0,0.1193989629706472,0,0.2246881938750531,0.3345870148304855,0.4592406215542258,0.0514822921217128,near_zero_positive_le_0p01,1,0,0,1,1,0,0,1,0,1
c7bff0705f645b30,3,4,12,1,3,0.3619219615565519,-1.2310663021650163,3,0.0377354922804376,3,0.0904482791079603,3,0.0797411634870306,3,0.1309637948136599,3,0.2362530257180658,0.5044517275660407,0.2630293787213278,0.0034745952689518,catastrophe,0,1,0,1,0,1,0,1,0,1
de432d7c6c6e57a6,3,4,2,0,-1,,,-1,,-1,,-1,,-1,,-1,,,,,RSMR_abstain,0,0,0,0,0,0,0,0,0,0
e8b724310f7054d0,3,4,17,1,-1,,,-1,,-1,,-1,,-1,,-1,,,,,RSMR_abstain,0,0,0,0,0,0,0,0,0,0
ed9b2d124d9d5f5d,3,4,16,1,-1,,,-1,,-1,,-1,,-1,,-1,,,,,RSMR_abstain,0,0,0,0,0,0,0,0,0,0
ee0f338b4ebe5cb4,3,4,6,1,-1,,,-1,,-1,,-1,,-1,,-1,,,,,RSMR_abstain,0,0,0,0,0,0,0,0,0,0
f2a1763371075e21,3,4,14,0,-1,,,-1,,-1,,-1,,-1,,-1,,,,,RSMR_abstain,0,0,0,0,0,0,0,0,0,0
fe394302690d5074,3,4,16,1,-1,,,-1,,-1,,-1,,-1,,-1,,,,,RSMR_abstain,0,0,0,0,0,0,0,0,0,0
3acad4250aca5326,3,4,12,1,23,0.1064943923618443,0.0010598421217871,23,0.073914918076537,23,0.0993498464888884,23,0.0815766163508038,23,0.1677484439689358,23,0.2730376748733417,0.480849341838006,0.3681654545007821,0.0178824246281872,near_zero_positive_le_0p01,0,1,0,1,0,1,0,1,0,1
418e74ddfb5f5ca0,3,4,12,0,5,0.0190824957562154,-0.0027785253122454,-1,-0.0019308785155407,-1,-0.0350670686723042,-1,-0.0491694590034024,5,0.0350614978491392,5,0.1403507287535452,0.4076301232714465,0.146695174728519,0.0417574817365472,mild_harm,1,0,1,0,1,0,0,1,0,1
43f8bc12d54d5cef,3,4,2,1,-1,,,-1,,-1,,-1,,-1,,-1,,,,,RSMR_abstain,0,0,0,0,0,0,0,0,0,0
479da12f5f165e29,3,4,17,1,-1,,,-1,,-1,,-1,,-1,,-1,,,,,RSMR_abstain,0,0,0,0,0,0,0,0,0,0
4d6b64ad777d51e8,3,4,8,1,9,0.1338223052648577,-0.0003549737431109,-1,-0.1100027373411712,-1,-0.0744164908416158,-1,-0.0971129231752611,9,0.046566740036675,9,0.1518559709410809,0.3601745566966819,0.2509043544318972,0.068460273114421,mild_harm,1,0,1,0,1,0,0,1,0,1
5c0a063437415679,3,4,6,1,-1,,,-1,,-1,,-1,,-1,,-1,,,,,RSMR_abstain,0,0,0,0,0,0,0,0,0,0
7defa49de9415496,3,4,5,1,9,0.0461323753535338,-0.000493478185098,-1,-0.1835721167871113,-1,-0.1142860024363308,-1,-0.1352717936322329,9,0.0130558492341478,9,0.1183450801385537,0.3359087894468682,0.1861510479920809,0.0744986880792027,mild_harm,1,0,1,0,1,0,0,1,0,1
a849c65f124e5af0,3,4,21,1,-1,,,-1,,-1,,-1,,-1,,-1,,,,,RSMR_abstain,0,0,0,0,0,0,0,0,0,0
baef81dee84a5ff1,3,4,7,0,9,0.0800382702471463,-0.0007031749175715,-1,-0.1131702757630834,-1,-0.065964499810887,-1,-0.0926674257296159,9,0.0726329757208003,9,0.1779222066252062,0.3368962610449305,0.3583045666671401,0.0725052360290506,mild_harm,1,0,1,0,1,0,0,1,0,1
bce79a86a0b75d48,3,4,3,0,20,0.2110831200213195,-0.9901073702458292,-1,-0.112325477415862,-1,-0.081445157947944,-1,-0.1082093511599415,20,0.0590804531428378,20,0.1643696840472437,0.3648382261383993,0.3001064107885651,0.0793653514687238,catastrophe,1,0,1,0,1,0,0,1,0,1
d1faaed55b75587c,3,4,2,0,-1,,,-1,,-1,,-1,,-1,,-1,,,,,RSMR_abstain,0,0,0,0,0,0,0,0,0,0
faf6056c372e54f2,3,4,8,1,2,0.1794230692875083,1.246183863767609,-1,-0.0317533079034116,-1,-0.0351934139240638,-1,-0.0529297729137395,2,0.0518439249117495,2,0.1571331558161554,0.3930432456271159,0.207642500930211,0.049045598997822,material_positive_gt_0p2,1,0,1,0,1,0,0,1,0,1
fb0869a379e05f37,3,4,14,1,21,0.0944327000451346,-0.0005006849899888,-1,-0.1548490350416768,-1,-0.1089968702262257,-1,-0.1307498540207385,21,0.0184961397826863,21,0.1237853706870922,0.348405823608012,0.1940990718224721,0.075398321496995,mild_harm,1,0,1,0,1,0,0,1,0,1
054033a129155c88,3,4,9,1,1,0.1640087550507574,3.994131535741196,-1,-0.0746756106064754,-1,-0.0531963850242314,-1,-0.0741348598000194,1,0.0534779613166249,1,0.1587671922210309,0.3731037083664749,0.2436590762744977,0.0597102648685345,material_positive_gt_0p2,1,0,1,0,1,0,0,1,0,1
188773ba51c15df2,3,4,15,1,3,0.6043913756965275,0.0007397349080302,3,0.1643757320116282,3,0.0004857271351451,3,0.0004344263711626,3,0.0006713724699002,3,0.1059606033743061,0.4975457983449336,0.0013493681830567,0.0,near_zero_positive_le_0p01,0,1,0,1,0,1,0,1,0,1
2796d5f962875a20,3,4,14,1,9,0.1171554864034826,1.657555662096244e-05,-1,-0.0222057434712014,9,0.030726640050658,9,0.0240314321087587,9,0.0562640965086289,9,0.1615533274130348,0.4558682019204588,0.1327669235123946,0.0078292101334881,near_zero_positive_le_0p01,1,0,0,1,0,1,0,1,0,1
2840205769d65c01,3,4,1,0,-1,,,-1,,-1,,-1,,-1,,-1,,,,,RSMR_abstain,0,0,0,0,0,0,0,0,0,0
2e5568e60278518f,3,4,16,1,-1,,,-1,,-1,,-1,,-1,,-1,,,,,RSMR_abstain,0,0,0,0,0,0,0,0,0,0
3d35dcf889f65305,3,4,14,1,-1,,,-1,,-1,,-1,,-1,,-1,,,,,RSMR_abstain,0,0,0,0,0,0,0,0,0,0
3effd9932b505526,3,4,4,1,9,0.0168672358755384,-0.0005002665493637,-1,-0.1571845949125045,-1,-0.1254437504029304,-1,-0.1541211908830957,9,0.0375660157627513,9,0.1428552466671573,0.3483525818298066,0.2841609475930391,0.0942567748660155,mild_harm,1,0,1,0,1,0,0,1,0,1
4f1e4809df7255cd,3,4,3,1,9,0.1159610912063854,-0.0004685123638249,-1,-0.1457527667620992,-1,-0.1057541154222769,-1,-0.1279513561689431,9,0.0229595513619639,9,0.1282487822663698,0.3473742288291759,0.2076133286279781,0.0753264286156586,mild_harm,1,0,1,0,1,0,0,1,0,1
5db6ae467e8f530f,3,4,1,0,-1,,,-1,,-1,,-1,,-1,,-1,,,,,RSMR_abstain,0,0,0,0,0,0,0,0,0,0
5e6ab34948a9514f,3,4,15,1,2,0.4339535235807815,0.0020171442691236,2,0.1139314184579798,-1,0.0,-1,0.0,-1,0.0,2,0.1052892309044059,0.4944879400445531,0.0,0.0,near_zero_positive_le_0p01,0,1,1,0,1,0,1,0,0,1
6004adf688695a08,3,4,17,0,9,0.2851985341042844,-0.0001960927274078,-1,-0.0402333435452654,9,0.0051560143018207,-1,-1.937071702603696e-05,9,0.0273225979842469,9,0.1326118288886529,0.4221046697383245,0.0791635343669634,0.0105429118838523,mild_harm,1,0,0,1,1,0,0,1,0,1
637d23f7438f50f6,3,4,17,1,9,0.143634935506948,0.0003521821435541,-1,-0.1107090397707733,-1,-0.0757852645727638,-1,-0.0976094437496898,9,0.0417712600954994,9,0.1470604909999053,0.3590299371773557,0.2358483732720908,0.066938175481735,near_zero_positive_le_0p01,1,0,1,0,1,0,0,1,0,1
6a35a43b5e295b97,3,4,16,1,3,0.0900197638250282,9.041018076239028e-05,3,0.0284036344116014,3,0.0469493395061539,3,0.0415576595810113,3,0.0642241595083405,3,0.1695133904127465,0.4536642358212978,0.1415676053724433,0.0,near_zero_positive_le_0p01,0,1,0,1,0,1,0,1,0,1
2a89f35c7f5e55de,4,0,15,1,3,0.128003345304495,-6.618811858352279e-05,3,0.0050420542307714,-1,-0.0163202551911377,-1,-0.0336496959612681,3,0.0224953583702464,3,0.0849379311590706,0.3749472088182892,0.1697674976689866,0.0658480237341108,mild_harm,0,1,1,0,1,0,0,1,0,1
35695122c3535595,4,0,12,0,-1,,,-1,,-1,,-1,,-1,,-1,,,,,RSMR_abstain,0,0,0,0,0,0,0,0,0,0
5d0c2052e0a35e3f,4,0,17,1,24,0.3933365480036064,0.0017037782690954,24,0.1694419841831515,24,0.0364974893848583,24,0.0314878191217425,24,0.0403976581348999,24,0.1028402309237241,0.421288911964521,0.0958906275185852,0.0,near_zero_positive_le_0p01,0,1,0,1,0,1,0,1,0,1
62f95fe3004d54c9,4,0,3,1,26,0.0740367640274621,0.000285601210594,-1,-0.0621414392142303,-1,-0.0427595552431934,-1,-0.0635864837279916,26,0.0094290858766036,26,0.0718716586654278,0.3548160265208733,0.1873395981257987,0.0884120007395921,near_zero_positive_le_0p01,1,0,1,0,1,0,0,1,0,1
6a35bb3d0b895433,4,0,24,1,22,0.3630140261194227,0.003396335945744,22,0.1135230679593782,22,0.0175062774325624,22,0.0152767694567678,22,0.0195995063212887,22,0.0820420791101129,0.4630536722792989,0.0423266405054378,0.0,near_zero_positive_le_0p01,0,1,0,1,0,1,0,1,0,1
761122460ac451ca,4,0,28,1,17,0.1083005661778264,0.0023181671525582,17,0.0389519480936803,17,0.040584910234809,17,0.0354769093803604,17,0.0455155071645151,17,0.1079580799533393,0.4693575073094553,0.0969740687124153,0.0,near_zero_positive_le_0p01,0,1,0,1,0,1,0,1,0,1
8a15e547b0d15f42,4,0,5,1,26,0.0700175343014619,-0.0002700675501488,-1,-0.0654459178103735,-1,-0.04771875436031,-1,-0.0673215142502859,26,0.0025073074319003,26,0.0649498802207245,0.3703022189771104,0.1572076708880005,0.0884663145035357,mild_harm,1,0,1,0,1,0,0,1,0,1
9c925a1f1799553e,4,0,2,1,9,0.0715993527754964,-0.9899525742542464,-1,-0.0293689664050079,-1,-0.0342152455651604,-1,-0.055347935603102,9,0.0165468913856864,9,0.0789894641745106,0.3593021598431224,0.1987889408842439,0.0856541117939651,catastrophe,1,0,1,0,1,0,0,1,0,1
b7cc1a0b6eca5a11,4,0,4,1,9,0.1552360316234425,-0.9898243386149406,-1,-0.0554451186692776,-1,-0.0218954479335281,-1,-0.0426079854775313,9,0.0257372497441026,9,0.0881798225329268,0.3322250740839222,0.2291559613472542,0.0754657063862181,catastrophe,1,0,1,0,1,0,0,1,0,1
0dd2b9715fc65e18,4,0,14,1,10,0.142210095367837,-9.228003919126147e-05,10,0.0307674244483199,-1,-0.0111112789953042,-1,-0.0306723510401172,10,0.0310457292530588,10,0.093488302041883,0.3888714356939441,0.1933009894961972,0.0722000355252421,mild_harm,0,1,1,0,1,0,0,1,0,1
6281e79a633155a3,4,0,12,1,24,0.1664265637507269,0.0014172612654294,-1,-0.1190894877100937,-1,-0.0389864307714394,-1,-0.0587881989846566,24,0.0113061489421023,24,0.0737487217309265,0.3206778197417261,0.2047731147845948,0.0800210101016816,near_zero_positive_le_0p01,1,0,1,0,1,0,0,1,0,1
16549991ac4b53ff,4,0,16,1,-1,,,-1,,-1,,-1,,-1,,-1,,,,,RSMR_abstain,0,0,0,0,0,0,0,0,0,0
254e4f21f68554f1,4,0,18,1,21,0.1547909017455164,-0.0001187025191262,-1,-0.0058582575061902,-1,-0.0125890763906606,-1,-0.0296075559066241,21,0.0248734100296354,21,0.0873159828184596,0.3683611966743865,0.1744809000294505,0.0623751784953698,mild_harm,1,0,1,0,1,0,0,1,0,1
2bdb803d07605094,4,0,6,1,23,0.1388094605003039,-0.0001160842318087,23,0.0103590994045871,-1,-0.015123671309664,-1,-0.0337022948496324,23,0.0259267631670037,23,0.0883693359558279,0.3803865444371258,0.1821260133740921,0.0699654297744312,mild_harm,0,1,1,0,1,0,0,1,0,1
3d78c0894c67503b,4,0,17,1,19,0.1528594000460052,-6.056209513917443e-06,19,0.0235328833703426,-1,-0.0170600300927321,-1,-0.0311731567317991,19,0.0150236535115712,19,0.0774662263003954,0.3986729566869825,0.1241808936028145,0.0573463490268206,mild_harm,0,1,1,0,1,0,0,1,0,1
4d104d17dc625c04,4,0,8,1,26,0.1951092553337246,-0.0004376932598653,26,0.025733415336704,26,0.0212356068356001,-1,-0.0046565037500175,26,0.0685666204290064,26,0.1310091932178306,0.3102067874310164,0.3716463623349271,0.0677313183719713,mild_harm,0,1,0,1,1,0,0,1,0,1
70f797bbed2158f6,4,0,17,0,-1,,,-1,,-1,,-1,,-1,,-1,,,,,RSMR_abstain,0,0,0,0,0,0,0,0,0,0
83af8eb803795f59,4,0,16,1,-1,,,-1,,-1,,-1,,-1,,-1,,,,,RSMR_abstain,0,0,0,0,0,0,0,0,0,0
953f6386bfae55d0,4,0,18,1,17,0.3166235623280228,7.98645019531221e-06,17,0.148471843341058,17,0.0583800365622464,17,0.0218677904844376,17,0.1199880036022475,17,0.1824305763910716,0.3598546157660562,0.4935587399466828,0.0900129697696718,near_zero_positive_le_0p01,0,1,0,1,0,1,0,1,0,1
b39ff897a8695a97,4,0,18,1,11,0.3074438146314735,-0.0001397995856908,11,0.2224824241440709,-1,0.0,-1,0.0,-1,0.0,11,0.0624425727888241,0.5332052424606892,0.0,0.0,mild_harm,0,1,1,0,1,0,1,0,0,1
d5ef40ff0f715517,4,0,26,1,27,0.116301684390159,-7.741929963334115e-06,27,0.0058382958580202,-1,-0.034368471805681,-1,-0.0507365191825819,27,0.0054790315247435,27,0.0679216043135677,0.4042681147618488,0.1229682239790159,0.0742500135630364,mild_harm,0,1,1,0,1,0,0,1,0,1
da9bf29b3087547f,4,0,17,0,12,0.265058934822036,-0.0006733096577692,12,0.0091167833330104,12,0.0583557843255224,12,0.0500265161283231,12,0.0641820917612099,12,0.1266246645500341,0.3982188378567429,0.1611729171493867,0.0,mild_harm,0,1,0,1,0,1,0,1,0,1
eb02028413fb5a92,4,0,16,1,9,0.1707466036076085,-0.000601498145051,-1,-0.1187558026421117,-1,-0.041041837897522,-1,-0.0607384893277469,9,0.0091525522210004,9,0.0715951250098246,0.3331318918861313,0.1913088034900699,0.0818430372603742,mild_harm,1,0,1,0,1,0,0,1,0,1
ec65e8cddb3d5fbd,4,0,19,1,23,0.1314913061089589,-7.281030565500259e-05,-1,-0.0098205724003599,-1,-0.0245344570223637,-1,-0.0397744009015531,23,0.0114676642699321,23,0.0739102370587563,0.3889733177609067,0.1301870939113485,0.0641079067690992,mild_harm,1,0,1,0,1,0,0,1,0,1
f2c4bbcda8c650a3,4,0,11,1,26,0.150082631756629,-0.0006146780819484,-1,-0.0997123239404619,-1,-0.0348387240470826,-1,-0.0577613318430015,26,0.0208814548050248,26,0.083324027593849,0.3169291678436287,0.2537392471180426,0.0871592093098422,mild_harm,1,0,1,0,1,0,0,1,0,1
f53a6e7af3825751,4,0,16,1,3,0.1406077762302769,-2.8481406136426912e-05,3,0.028827963955312,-1,-0.004889251069755,-1,-0.0246839052054708,3,0.0365855031323612,3,0.0990280759211854,0.3683922866841354,0.2154380378207124,0.0677322448051865,mild_harm,0,1,1,0,1,0,0,1,0,1
f53af77bf6fa5703,4,0,1,1,-1,,,-1,,-1,,-1,,-1,,-1,,,,,RSMR_abstain,0,0,0,0,0,0,0,0,0,0
0be5fd7a2dbb5d87,4,0,14,1,-1,,,-1,,-1,,-1,,-1,,-1,,,,,RSMR_abstain,0,0,0,0,0,0,0,0,0,0
25c67c9a53ef53ce,4,0,4,1,22,0.1047803050411713,0.0020756234128028,22,0.016948839034077,-1,-0.0003210990533805,-1,-0.0171633943537067,22,0.0341447602899682,22,0.0965873330787923,0.3565226960310783,0.1945112160179767,0.0547072952471133,near_zero_positive_le_0p01,0,1,1,0,1,0,0,1,0,1
90efa9d50cc8521e,4,0,1,1,-1,,,-1,,-1,,-1,,-1,,-1,,,,,RSMR_abstain,0,0,0,0,0,0,0,0,0,0
ac7fee08538b5bb0,4,0,13,1,24,0.051811720665278,0.0,-1,-0.0324764847716843,-1,-0.0376416881446943,-1,-0.0531457310812506,24,0.0017923534179234,24,0.0642349262067477,0.3793647895160013,0.1203381284620174,0.0706690413562188,mild_harm,1,0,1,0,1,0,0,1,0,1
c4292750158e5a5f,4,0,3,1,6,0.1879055889416699,0.9762204023627216,6,0.0400515687719335,-1,-0.0009353923128961,-1,-0.0165864420929071,6,0.0312108273771348,6,0.093653400165959,0.3902880835664558,0.1642654671901506,0.053959954073234,material_positive_gt_0p2,0,1,1,0,1,0,0,1,0,1
cae918485e635e35,4,0,14,0,-1,,,-1,,-1,,-1,,-1,,-1,,,,,RSMR_abstain,0,0,0,0,0,0,0,0,0,0
4b308d5a04d05498,4,0,17,1,-1,,,-1,,-1,,-1,,-1,,-1,,,,,RSMR_abstain,0,0,0,0,0,0,0,0,0,0
8fba4b45daa85b15,4,0,19,1,-1,,,-1,,-1,,-1,,-1,,-1,,,,,RSMR_abstain,0,0,0,0,0,0,0,0,0,0
c9a1d813d64c52d1,4,0,4,0,15,0.1807867626130011,0.0,15,0.0506451228352458,-1,-0.0160962071391382,-1,-0.0306838983625609,15,0.0165242308416221,15,0.0789668036304463,0.4182093932959109,0.1232761482894642,0.0602124062140262,mild_harm,0,1,1,0,1,0,0,1,0,1
e747e181d08758c8,4,0,13,1,-1,,,-1,,-1,,-1,,-1,,-1,,,,,RSMR_abstain,0,0,0,0,0,0,0,0,0,0
f6db13314100532b,4,0,13,1,-1,,,-1,,-1,,-1,,-1,,-1,,,,,RSMR_abstain,0,0,0,0,0,0,0,0,0,0
0fb7d56584065e6f,4,0,27,1,21,0.4537955328428287,0.0021822822965567,21,0.1275270206969095,-1,0.0,-1,0.0,-1,0.0,21,0.0624425727888241,0.479808779989386,0.0,0.0,near_zero_positive_le_0p01,0,1,1,0,1,0,1,0,0,1
2abb6fcc99585318,4,0,20,1,-1,,,-1,,-1,,-1,,-1,,-1,,,,,RSMR_abstain,0,0,0,0,0,0,0,0,0,0
32b190836fd35675,4,0,7,1,17,0.079477254793465,4.21013753162695e-05,17,0.0180029459467494,-1,-0.0135859208536413,-1,-0.0183871791089326,-1,-0.0011524538557577,17,0.0612901189330664,0.3958611933300373,0.0326148819838534,0.0232784582002312,near_zero_positive_le_0p01,0,1,1,0,1,0,1,0,0,1
48428a15cb2d56c8,4,0,5,0,-1,,,-1,,-1,,-1,,-1,,-1,,,,,RSMR_abstain,0,0,0,0,0,0,0,0,0,0
4d08ab0578415b3b,4,0,6,1,-1,,,-1,,-1,,-1,,-1,,-1,,,,,RSMR_abstain,0,0,0,0,0,0,0,0,0,0
58c0557c53635354,4,0,6,1,-1,,,-1,,-1,,-1,,-1,,-1,,,,,RSMR_abstain,0,0,0,0,0,0,0,0,0,0
58e646ea48eb59d3,4,0,18,1,22,0.4074574322979462,0.0003097406474874,22,0.1465894508607216,-1,0.0,-1,0.0,-1,0.0,22,0.0624425727888241,0.5040098151347349,0.0,0.0,near_zero_positive_le_0p01,0,1,1,0,1,0,1,0,0,1
9d7dd692cec75a40,4,0,17,1,6,0.071384509950986,-0.0009404101041611,-1,-0.0304778591653025,-1,-0.0408985899143272,-1,-0.0594121290911396,6,0.0051725462479814,6,0.0676151190368057,0.3849819204893545,0.1459546470268597,0.0829526086604771,mild_harm,1,0,1,0,1,0,0,1,0,1
ad4b812be67052a1,4,0,27,1,23,0.0325772326487126,0.0001918116681274,23,0.0462037771613088,23,0.0038176929124548,23,0.0033600801414627,23,0.0043108532965037,23,0.0667534260853279,0.4946261135792029,0.0087153774905041,0.0,near_zero_positive_le_0p01,0,1,0,1,0,1,0,1,0,1
de3f8268d1675268,4,0,10,0,21,0.0976422817968061,0.0,21,0.0009991315725146,-1,-0.0118988669925512,-1,-0.0275882529046793,21,0.0227011128637328,21,0.085143685652557,0.3683436459016485,0.160486967230183,0.0576472341792693,mild_harm,0,1,1,0,1,0,0,1,0,1
f110d20f7a7957b7,4,0,17,1,6,0.1105924586426505,-9.978644736091669e-06,-1,-0.0184958618154005,-1,-0.0347080294673549,-1,-0.0522568553207793,6,0.008237784370375,6,0.0706803571591992,0.3814867372500016,0.1452804594860413,0.0762874249378996,mild_harm,1,0,1,0,1,0,0,1,0,1
4fc4718214135eee,4,0,12,1,9,0.0541645163273681,0.989265655384527,-1,-0.1402151715236243,-1,-0.0605332053797674,-1,-0.0850184124481222,9,0.0051257473409955,9,0.0675683201298197,0.3132300918846288,0.2448827612185723,0.1042254496165765,material_positive_gt_0p2,1,0,1,0,1,0,0,1,0,1
5d64681dd478516a,4,0,27,1,-1,,,-1,,-1,,-1,,-1,,-1,,,,,RSMR_abstain,0,0,0,0,0,0,0,0,0,0
629734efb5f5564c,4,0,20,1,10,0.1707049247538192,0.0004178750086341,-1,-0.0038629584993671,-1,0.0,-1,0.0,-1,0.0,10,0.0624425727888241,0.4476467323229469,0.0,0.0,near_zero_positive_le_0p01,1,0,1,0,1,0,1,0,0,1
69244009b6eb50bf,4,0,13,1,17,0.1097213710752178,-4.581917114554468e-05,-1,-0.0402898294923072,-1,-0.0426080157599101,-1,-0.0616929451749178,17,0.00528282669267,17,0.0677253994814942,0.3758327841640996,0.15486510573276,0.0847858647844364,mild_harm,1,0,1,0,1,0,0,1,0,1
908340fb165954b2,4,0,14,1,-1,,,-1,,-1,,-1,,-1,,-1,,,,,RSMR_abstain,0,0,0,0,0,0,0,0,0,0
9229af9b7f1c5848,4,0,17,1,-1,,,-1,,-1,,-1,,-1,,-1,,,,,RSMR_abstain,0,0,0,0,0,0,0,0,0,0
beeb2d538d7f53d8,4,0,18,1,3,0.0430880762643704,0.0002613140884786,-1,-0.0164534009519335,3,0.0044614325728606,3,0.003877555437124,3,0.0049747541531035,3,0.0674173269419277,0.4482240234765809,0.0110988119612991,0.0,near_zero_positive_le_0p01,1,0,0,1,0,1,0,1,0,1
fbd37ced14a15418,4,0,17,1,7,0.0984733013656512,0.0001307986882864,-1,-0.0126557727539727,-1,-0.0326763508886032,-1,-0.0504546636899301,7,0.0102001972920732,7,0.0726427700808974,0.3862113486915238,0.1480168263669905,0.0765175125803318,near_zero_positive_le_0p01,1,0,1,0,1,0,0,1,0,1
ff54f555627f5338,4,0,14,1,9,0.1177941764125057,-0.0005246792767196,-1,-0.107321451667574,-1,-0.0384881961502653,-1,-0.0614376282880084,9,0.0182682468453216,9,0.0807108196341458,0.3153425904272216,0.250909621493928,0.0888827642976359,mild_harm,1,0,1,0,1,0,0,1,0,1
052f0d46a5c059a1,4,0,12,1,0,0.4183251706955458,0.0031051245564599,0,0.0003605234502299,0,0.0457128664071696,0,0.0391071490082687,0,0.0501729646679704,0,0.1126155374567946,0.3907476843083128,0.1284024619538944,0.0,near_zero_positive_le_0p01,0,1,0,1,0,1,0,1,0,1
0af516a5b2725ac6,4,0,12,0,23,0.0709406999446695,-0.0001615021092407,-1,-0.1201654302039345,-1,-0.0258033089526069,-1,-0.0825076272901,23,0.0964203318681856,23,0.1588629046570098,0.3253644298444877,0.6860055343239592,0.187925856989823,mild_harm,1,0,1,0,1,0,0,1,0,1
103c7d249ab154af,4,0,17,1,9,0.1677078769076613,0.9936651484772564,9,0.0045686852374808,-1,-0.0144822733605911,-1,-0.0310005034185225,9,0.022219869483573,9,0.0846624422723971,0.3811582551575619,0.1602362885288013,0.0627874815957696,material_positive_gt_0p2,0,1,1,0,1,0,0,1,0,1
30c657863dc05485,4,0,9,1,2,0.163778539191512,2.020336450465309,-1,-0.0512401904187939,-1,-0.0462539217971118,-1,-0.0710767081158787,2,0.0134933464941546,2,0.0759359192829788,0.3929371929701975,0.2013194284456237,0.1080819708436067,material_positive_gt_0p2,1,0,1,0,1,0,0,1,0,1
431f7c6b100d5249,4,0,8,1,21,0.2740727649917469,-9.228673037142698e-05,21,0.0352705901848053,-1,-0.0116159637755705,-1,-0.027282549582414,21,0.0225039196969319,21,0.0849464924857561,0.4090225120728435,0.1431406259855186,0.0609901721464337,mild_harm,0,1,1,0,1,0,0,1,0,1
4ace61964e9f5b4b,4,0,5,1,-1,,,-1,,-1,,-1,,-1,,-1,,,,,RSMR_abstain,0,0,0,0,0,0,0,0,0,0
5098ce6b12fa5143,4,0,9,1,-1,,,-1,,-1,,-1,,-1,,-1,,,,,RSMR_abstain,0,0,0,0,0,0,0,0,0,0
52092728a1c1574f,4,0,17,1,-1,,,-1,,-1,,-1,,-1,,-1,,,,,RSMR_abstain,0,0,0,0,0,0,0,0,0,0
58f2e39eebc65d24,4,0,9,1,0,0.0769163507807695,0.0098007870477623,-1,-0.0208208741807864,-1,-0.0331748524502839,-1,-0.0504324216982616,0,0.0089959484340987,0,0.0714385212229229,0.3763725524404567,0.1466335547178765,0.0740713017190849,near_zero_positive_le_0p01,1,0,1,0,1,0,0,1,0,1
5a917f5bb8815bd0,4,0,2,1,7,0.1667378500895651,0.2376334074385464,-1,-0.0065937817897573,-1,-0.0229350802089994,-1,-0.0373074810437084,7,0.0110168254340145,7,0.0734593982228387,0.3867863895824764,0.1238982493612543,0.0601834833491161,material_positive_gt_0p2,1,0,1,0,1,0,0,1,0,1
6429eb85b6ba5938,4,0,17,1,6,0.427585689576039,-4.805480735781131e-05,6,0.0438010236360466,-1,-0.0607329046408557,-1,-0.0804115735284542,-1,-0.0081688023288946,6,0.0542737704599295,0.3827758879411543,0.1342112586203553,0.0964668016944296,mild_harm,0,1,1,0,1,0,1,0,0,1
6b416b289a3b5858,4,0,16,1,6,0.3068556440334356,-0.0001057195663918,6,0.1521823832795071,6,0.0808588124522656,6,0.0579632349484037,6,0.1086351565995644,6,0.1710777293883886,0.3435910656000078,0.3786921545187617,0.032723631840164,mild_harm,0,1,0,1,0,1,0,1,0,1
6e9b901524355c0b,4,0,21,1,21,0.1354023504874981,-0.0001405817615636,-1,-0.0381993785051661,-1,-0.0405480375553637,-1,-0.0572918824653956,21,0.0018834849650694,21,0.0643260577538936,0.3835706980892782,0.1280972736225386,0.0766525464561779,mild_harm,1,0,1,0,1,0,0,1,0,1
8834fc612e1d524c,4,0,8,1,-1,,,-1,,-1,,-1,,-1,,-1,,,,,RSMR_abstain,0,0,0,0,0,0,0,0,0,0
9ddade724a6a54e2,4,0,16,1,3,0.0100307320304085,0.9292438401492256,3,0.0231269964201101,3,0.0300258905425374,3,0.0260752840254722,3,0.0334535842497926,3,0.0958961570386168,0.4452676007837202,0.0751314135385342,0.0,material_positive_gt_0p2,0,1,0,1,0,1,0,1,0,1
a5fc167ac3e45fec,4,0,17,0,0,0.0078568709522654,-0.0001269786208872,-1,-0.030702146082059,0,0.0111111069653269,0,0.0096618499334758,0,0.012395781017865,0,0.0748383538066892,0.4500746490542585,0.0275416112502943,0.0,mild_harm,1,0,0,1,0,1,0,1,0,1
bcb7ec6d46f45180,4,0,17,0,4,0.0161957322337677,-0.0002300234297289,-1,-0.0162426740237946,-1,-0.0454988205558894,-1,-0.0701880538262632,4,0.0140370853872841,4,0.0764796581761083,0.387106651361041,0.2047906876452227,0.1064438895965463,mild_harm,1,0,1,0,1,0,0,1,0,1
c25f5ca801be5075,4,0,4,0,8,0.0834204205911207,-1.538959369074e-05,-1,-0.037560195951918,-1,-0.0304665748507153,-1,-0.0476381475737392,8,0.0108275695343839,8,0.0732701423232081,0.3820070692675922,0.1463887000811859,0.0729683893051654,mild_harm,1,0,1,0,1,0,0,1,0,1
d0da55bb38fb5e83,4,0,3,1,5,0.0313879582296267,0.0001831561706144,5,0.043281504001932,-1,-0.0110090960640631,-1,-0.0258474934806123,5,0.021435452412742,5,0.0838780252015662,0.394390512075112,0.1411180004853229,0.0565053037377853,near_zero_positive_le_0p01,0,1,1,0,1,0,0,1,0,1
e056339b5ad457ea,4,0,17,0,4,0.014223174556874,-1.9974818360246616e-05,-1,-0.0180470026837422,-1,-0.0476135646973408,-1,-0.0722791725212407,4,0.0123148721260216,4,0.0747574449148458,0.3866542743104622,0.2021333288796664,0.1073470323639802,mild_harm,1,0,1,0,1,0,0,1,0,1
03a7c978d0165fa2,4,0,20,1,-1,,,-1,,-1,,-1,,-1,,-1,,,,,RSMR_abstain,0,0,0,0,0,0,0,0,0,0
102e8bfe5f555974,4,0,19,1,22,0.181335571001979,-2.479011844847001e-05,22,0.0221771331477028,-1,-0.0250375742309531,-1,-0.0411208532938406,22,0.0124355684828157,22,0.0748781412716399,0.4067614034800191,0.1310266907053132,0.0688779057221096,mild_harm,0,1,1,0,1,0,0,1,0,1
11579a9c240a5c77,4,0,17,1,-1,,,-1,,-1,,-1,,-1,,-1,,,,,RSMR_abstain,0,0,0,0,0,0,0,0,0,0
1c8a733cea4d5aed,4,0,28,1,11,0.3064990305889103,0.0014269439846277,11,0.0764000252896651,11,0.0291993082767335,11,0.0254753140485019,11,0.0326838458970937,11,0.0951264186859179,0.4622850777693789,0.0707006292627918,0.0,near_zero_positive_le_0p01,0,1,0,1,0,1,0,1,0,1
1ed95e82b4f754ff,4,0,4,1,-1,,,-1,,-1,,-1,,-1,,-1,,,,,RSMR_abstain,0,0,0,0,0,0,0,0,0,0
2067e26ac57b5302,4,0,1,0,5,0.101678289322867,-0.0001615822235704,5,0.0315396859317696,5,0.0148135416928671,-1,-0.0009557974242051,5,0.0439279651209685,5,0.1063705379097927,0.3768646352847029,0.191659537322538,0.0454182800615968,mild_harm,0,1,0,1,1,0,0,1,0,1
25f5f0c57aea54b9,4,0,21,1,-1,,,-1,,-1,,-1,,-1,,-1,,,,,RSMR_abstain,0,0,0,0,0,0,0,0,0,0
2b3f24482a765ccc,4,0,5,1,-1,,,-1,,-1,,-1,,-1,,-1,,,,,RSMR_abstain,0,0,0,0,0,0,0,0,0,0
330fd7f2e3aa5f55,4,0,26,1,19,0.100230714144779,5.4576332867145496e-05,19,0.0147085041553021,-1,-0.0184293019553087,-1,-0.0317387664525464,19,0.0123848894231978,19,0.074827462212022,0.391120939926439,0.116766191808057,0.0546657217352474,near_zero_positive_le_0p01,0,1,1,0,1,0,0,1,0,1
3a46193d097552cd,4,0,16,1,9,0.2475115152844104,0.0008605283550969,-1,-0.0669686211351056,-1,-0.0240319503813965,-1,-0.0429173490470521,9,0.0200262961594058,9,0.08246886894823,0.3514233297518168,0.1909083949758485,0.0725640773704868,near_zero_positive_le_0p01,1,0,1,0,1,0,0,1,0,1
4b7fb448a9f35a56,4,0,18,1,-1,,,-1,,-1,,-1,,-1,,-1,,,,,RSMR_abstain,0,0,0,0,0,0,0,0,0,0
642e382b50db5133,4,0,17,1,9,0.0501590854568792,0.9895227806188628,-1,-0.1556294972892087,-1,-0.0804768441234712,-1,-0.1073928367564756,-1,-0.0055996531588676,9,0.0568429196299565,0.327478422820667,0.235889806493437,0.1231908057081097,material_positive_gt_0p2,1,0,1,0,1,0,1,0,0,1
669d54218ee75215,4,0,2,1,1,0.0331137064146315,3.765455192187791e-05,-1,-0.0034915118261711,-1,-0.0246564089250891,-1,-0.0376738886770266,1,0.0069680181260562,1,0.0694105909148805,0.3819507643596015,0.1089938404812663,0.0560833353678306,near_zero_positive_le_0p01,1,0,1,0,1,0,0,1,0,1
6715d16e80075f55,4,0,12,1,3,0.1644410899437026,-0.0001784819283985,-1,-0.0277123387592784,-1,-0.0251893831519456,-1,-0.0405710768437281,3,0.0114824761829229,3,0.0739250489717471,0.3763893596057198,0.1363057546730499,0.0638564465543167,mild_harm,1,0,1,0,1,0,0,1,0,1
8c7421c1a39954dc,4,0,1,1,-1,,,-1,,-1,,-1,,-1,,-1,,,,,RSMR_abstain,0,0,0,0,0,0,0,0,0,0
8e92f84a71e85b42,4,0,9,1,-1,,,-1,,-1,,-1,,-1,,-1,,,,,RSMR_abstain,0,0,0,0,0,0,0,0,0,0
9389f1437d2b5fad,4,0,12,1,0,0.1132243585578667,5.547304395592256e-05,-1,-0.0358703739613026,-1,-0.0395669622739432,-1,-0.0563202906429008,0,0.0028512736516575,0,0.0652938464404817,0.3782289052072018,0.132003262631139,0.0757130337054102,near_zero_positive_le_0p01,1,0,1,0,1,0,0,1,0,1
9f109cfcd3695a7c,4,0,18,1,-1,,,-1,,-1,,-1,,-1,,-1,,,,,RSMR_abstain,0,0,0,0,0,0,0,0,0,0
ac264ca2d43c52a7,4,0,25,1,-1,,,-1,,-1,,-1,,-1,,-1,,,,,RSMR_abstain,0,0,0,0,0,0,0,0,0,0
d7018055ca4b5f66,4,0,17,0,-1,,,-1,,-1,,-1,,-1,,-1,,,,,RSMR_abstain,0,0,0,0,0,0,0,0,0,0
ddcdcbbd930d5cd4,4,0,1,0,-1,,,-1,,-1,,-1,,-1,,-1,,,,,RSMR_abstain,0,0,0,0,0,0,0,0,0,0
e7e3b8bf23835b2a,4,0,3,1,16,0.0603552881913881,6.682571023874928e-06,-1,-0.024175755054516,-1,-0.0375567796488195,-1,-0.0521930117488435,-1,-3.874725358099518e-05,16,0.0624038255352432,0.3836293488890185,0.1092386126277693,0.0680530213661313,near_zero_positive_le_0p01,1,0,1,0,1,0,1,0,0,1
eae558be27b1587b,4,0,6,1,7,0.0562958634237197,-0.2252352770328521,7,0.00038703219674,7,0.0350035167837667,-1,-0.0046393214812556,7,0.1081551756653268,7,0.170597748454151,0.3585387206117413,0.5011320855170305,0.1114955546524171,mild_harm,0,1,0,1,1,0,0,1,0,1
ffb77fcdc4bd5e37,4,0,13,1,-1,,,-1,,-1,,-1,,-1,,-1,,,,,RSMR_abstain,0,0,0,0,0,0,0,0,0,0
07f8bf05fc975975,4,0,1,0,1,0.0848350194252524,-7.274440014737316e-05,-1,-0.0407639763487699,-1,-0.0427628126692076,-1,-0.0607973743304904,1,0.0028819499391632,1,0.0653245227279874,0.379791690705486,0.1410708270501522,0.0817395981571117,mild_harm,1,0,1,0,1,0,0,1,0,1
0fdd878a393d502e,4,0,2,0,-1,,,-1,,-1,,-1,,-1,,-1,,,,,RSMR_abstain,0,0,0,0,0,0,0,0,0,0
2b32a9f406845f75,4,0,12,0,2,0.0034219581389365,-3.806486467696913,2,0.090896734826775,-1,-0.0119786818884642,-1,-0.025176754268718,2,0.0170701336047141,2,0.0795127063935383,0.4192393389740702,0.1145284346547294,0.0532830367315253,catastrophe,0,1,1,0,1,0,0,1,0,1
2c9450a5449e52fa,4,0,9,1,6,0.0352407520243091,-0.0005310452297329,6,0.0819377718069973,-1,-0.0050331005061176,-1,-0.0184004215109576,6,0.0231835568541638,6,0.085626129642988,0.409644743483605,0.1281865289057866,0.0496775129445914,mild_harm,0,1,1,0,1,0,0,1,0,1
447b5889e4005e16,4,0,5,0,-1,,,-1,,-1,,-1,,-1,,-1,,,,,RSMR_abstain,0,0,0,0,0,0,0,0,0,0
5465043a8ae85d79,4,0,2,1,9,0.2690886366362399,0.9894966626687548,-1,-0.0588954353074498,-1,-0.0077412610117095,-1,-0.0245627491112209,9,0.0284550072003795,9,0.0908975799892037,0.3390059974453994,0.194810009776529,0.056863987163266,material_positive_gt_0p2,1,0,1,0,1,0,0,1,0,1
613662b53d9a5ae7,4,0,12,1,-1,,,-1,,-1,,-1,,-1,,-1,,,,,RSMR_abstain,0,0,0,0,0,0,0,0,0,0
66da55b392b45a5d,4,0,21,1,17,0.1806756273563497,0.0001668158262966,17,0.1235992674374991,17,0.0966421401027614,17,0.0833639580124405,17,0.1069527446006353,17,0.1693953173894595,0.4207210673405073,0.2542129522458021,0.0,near_zero_positive_le_0p01,0,1,0,1,0,1,0,1,0,1
78823d4302645d60,4,0,12,1,-1,,,-1,,-1,,-1,,-1,,-1,,,,,RSMR_abstain,0,0,0,0,0,0,0,0,0,0
7a1756cf8f7a566e,4,0,13,1,2,0.3735332769637671,-0.002361465603113,2,0.3118281848659253,2,0.1469983404957759,2,0.1191375407389249,2,0.1528488722320083,2,0.2152914450208325,0.2009079686097873,0.760790491734444,0.0,mild_harm,0,1,0,1,0,1,0,1,0,1
7c8389cb32f25aed,4,0,10,1,1,0.2603238397963863,1.7302572846444375,-1,-0.0437621792342491,-1,-0.0060215888191052,-1,-0.0228675705052193,1,0.0297864809076694,1,0.0922290536964936,0.3449786537717836,0.1937645255522151,0.0565754757145741,material_positive_gt_0p2,1,0,1,0,1,0,0,1,0,1
80bebabe4c6f5627,4,0,14,1,9,0.1118967726713505,-0.0004784055048858,-1,-0.1048227280729301,-1,-0.0428573951843955,-1,-0.0712896559259044,9,0.0265695222985502,9,0.0890120950873744,0.3049550814157439,0.3297180153314605,0.1064386774624332,mild_harm,1,0,1,0,1,0,0,1,0,1
b16054ccc4bd54f9,4,0,11,1,1,0.245862366966942,1.8926528397743596,-1,-0.0456007185973336,-1,-0.0093927031996833,-1,-0.0264752641197563,1,0.0276733722297089,1,0.0901159450185331,0.3466904704286855,0.1912603252340931,0.0591369911983272,material_positive_gt_0p2,1,0,1,0,1,0,0,1,0,1
b3734dd3dc905040,4,0,16,1,-1,,,-1,,-1,,-1,,-1,,-1,,,,,RSMR_abstain,0,0,0,0,0,0,0,0,0,0
b3c270be7e145adc,4,0,10,1,14,2.874996171380168,-1.2199467135749755,14,2.201219381863515,14,1.0340269163244649,14,0.9124861772084274,14,1.170684590671895,14,1.2331271634607193,0.5044292306642221,2.320810372409152,0.0,catastrophe,0,1,0,1,0,1,0,1,0,1
b76a132378175658,4,0,17,1,-1,,,-1,,-1,,-1,,-1,,-1,,,,,RSMR_abstain,0,0,0,0,0,0,0,0,0,0
c49669e6594c55d7,4,0,24,1,24,0.1745995715304889,-4.205154404068878e-05,-1,-0.010842014896883,-1,-0.025714694775026,-1,-0.0412415939090971,24,0.0111248273590329,24,0.0735674001478571,0.3881533810869012,0.1320648175576419,0.0655990845710486,mild_harm,1,0,1,0,1,0,0,1,0,1
d72a6e0e28a159a2,4,0,7,0,5,0.0511620147923316,-0.0113237933923491,5,0.4889578183875116,-1,0.0,-1,0.0,-1,0.0,5,0.0624425727888241,0.4479136957482363,0.0,0.0,mild_harm,0,1,1,0,1,0,1,0,0,1
da13a4ab1eaf5a07,4,0,17,1,10,0.1802335349999149,4.382104147193644e-05,-1,-0.0847685400662855,10,0.0090416370164182,10,0.0077714140312324,10,0.0099704246281607,10,0.0724129974169849,0.4076906993541165,0.024455854999774,0.0,near_zero_positive_le_0p01,1,0,0,1,0,1,0,1,0,1
dd2f426104cb5f43,4,0,6,1,-1,,,-1,,-1,,-1,,-1,,-1,,,,,RSMR_abstain,0,0,0,0,0,0,0,0,0,0
ea01c4873e9b5cf8,4,0,17,1,9,0.1771561115427936,-0.0001069160800426,-1,-0.0517856173744151,9,0.0711619069612313,9,0.0607401526306585,9,0.0779272744024578,9,0.140369847191282,0.3825398888665148,0.2037101925066177,0.0,mild_harm,1,0,0,1,0,1,0,1,0,1
ea47b3db126a588e,4,0,1,0,-1,,,-1,,-1,,-1,,-1,,-1,,,,,RSMR_abstain,0,0,0,0,0,0,0,0,0,0
023f35fd45755497,4,0,11,1,-1,,,-1,,-1,,-1,,-1,,-1,,,,,RSMR_abstain,0,0,0,0,0,0,0,0,0,0
07704203d30b5747,4,0,1,0,-1,,,-1,,-1,,-1,,-1,,-1,,,,,RSMR_abstain,0,0,0,0,0,0,0,0,0,0
2daba893c5535189,4,0,4,1,-1,,,-1,,-1,,-1,,-1,,-1,,,,,RSMR_abstain,0,0,0,0,0,0,0,0,0,0
2f19f98982615f60,4,0,11,0,-1,,,-1,,-1,,-1,,-1,,-1,,,,,RSMR_abstain,0,0,0,0,0,0,0,0,0,0
36ba502aa1eb5ecd,4,0,14,0,-1,,,-1,,-1,,-1,,-1,,-1,,,,,RSMR_abstain,0,0,0,0,0,0,0,0,0,0
43557bbc55b85aa6,4,0,6,1,-1,,,-1,,-1,,-1,,-1,,-1,,,,,RSMR_abstain,0,0,0,0,0,0,0,0,0,0
47cdc9127a1e55a7,4,0,11,1,9,0.0667910640570561,-0.0004928609021008,-1,-0.1748622937729275,-1,-0.0839438512564954,-1,-0.1048721441033126,-1,-0.0206558870878051,9,0.041786685701019,0.3307943556798887,0.1533541125214257,0.1066705915230519,mild_harm,1,0,1,0,1,0,1,0,0,1
49677b3a648b58be,4,0,28,1,-1,,,-1,,-1,,-1,,-1,,-1,,,,,RSMR_abstain,0,0,0,0,0,0,0,0,0,0
4a1db4bffda6552f,4,0,16,1,-1,,,-1,,-1,,-1,,-1,,-1,,,,,RSMR_abstain,0,0,0,0,0,0,0,0,0,0
671ff8b7146358da,4,0,10,1,20,0.3289768692500041,2.019998709635657,20,0.0568295727199901,20,0.0620992184846765,20,0.014363262012368,20,0.1449768318935165,20,0.2074194046823407,0.3430066891799092,0.6539095502211559,0.1207295670209434,material_positive_gt_0p2,0,1,0,1,0,1,0,1,0,1
696a489252f453fb,4,0,3,1,-1,,,-1,,-1,,-1,,-1,,-1,,,,,RSMR_abstain,0,0,0,0,0,0,0,0,0,0
69f3980cf2db525c,4,0,16,1,2,0.1138571835349765,-0.0001963694116682,-1,-0.0780665342754058,-1,-0.0381548159051083,-1,-0.0577051392753351,2,0.0106540760666227,2,0.0730966488554469,0.3459343209864928,0.1842387074626069,0.0811545656683006,mild_harm,1,0,1,0,1,0,0,1,0,1
6c6d30fe3b6e59f0,4,0,23,1,9,0.0872614959794125,1.0326532647209063e-05,9,0.0038421966163505,-1,-0.0199207748282148,-1,-0.0373508588019425,9,0.019810080662385,9,0.0822526534512092,0.3778971405866962,0.1647583921735046,0.0682389479252345,near_zero_positive_le_0p01,0,1,1,0,1,0,0,1,0,1
7449973a63d255af,4,0,9,0,-1,,,-1,,-1,,-1,,-1,,-1,,,,,RSMR_abstain,0,0,0,0,0,0,0,0,0,0
84130118c5ec5189,4,0,1,0,-1,,,-1,,-1,,-1,,-1,,-1,,,,,RSMR_abstain,0,0,0,0,0,0,0,0,0,0
986bd829651151e2,4,0,27,1,-1,,,-1,,-1,,-1,,-1,,-1,,,,,RSMR_abstain,0,0,0,0,0,0,0,0,0,0
c1dbec763983596c,4,0,17,0,6,0.0443173906885192,-0.0004926864345327,-1,-0.0129196970162158,-1,-0.042966800995276,-1,-0.0669919774664689,6,0.0148836715451585,6,0.0773262443339827,0.381852177972466,0.2044848174631814,0.1022397865257614,mild_harm,1,0,1,0,1,0,0,1,0,1
c70954fab4a650c7,4,0,5,0,13,3.516119810400146,-1.233023564266786,13,2.5851866495581923,13,1.0090752750751295,13,0.8804521048586794,13,1.129586110702535,13,1.1920286834913592,0.4625831271803284,2.44190945222736,0.0,catastrophe,0,1,0,1,0,1,0,1,0,1
d8d6c32be32650ad,4,0,7,1,-1,,,-1,,-1,,-1,,-1,,-1,,,,,RSMR_abstain,0,0,0,0,0,0,0,0,0,0
deeae175505b5728,4,0,9,1,23,0.8651766032890484,0.0006355421473274,23,0.6556884071331995,23,0.047142985145389,23,0.0415086186953727,23,0.0532539577042256,23,0.1156965304930498,0.4961008065658706,0.1073450335081339,0.0,near_zero_positive_le_0p01,0,1,0,1,0,1,0,1,0,1
e380b20d49215557,4,0,13,1,-1,,,-1,,-1,,-1,,-1,,-1,,,,,RSMR_abstain,0,0,0,0,0,0,0,0,0,0
e4499494731e5026,4,0,9,1,26,0.2215318270182057,0.0005548425547778,26,0.7313836667262402,26,0.3266876477811581,26,0.2775317970585799,26,0.3560625972789348,26,0.418505170067759,0.3656073309846033,0.9738934838096271,0.0,near_zero_positive_le_0p01,0,1,0,1,0,1,0,1,0,1
ed710413165b5ca4,4,0,10,0,1,0.1204755507993103,-0.0001985852306709,-1,-0.1146794504370563,-1,-0.038204521346243,-1,-0.0616655295684513,1,0.0196552912906184,1,0.0820978640794426,0.3109755387599371,0.2622784059776648,0.0898471401174455,mild_harm,1,0,1,0,1,0,0,1,0,1
f9922d29f7ca5693,4,0,9,1,21,0.1177966351516257,-8.826512694358815e-05,-1,-0.0220352413100278,-1,-0.039119305785277,-1,-0.065905906162875,21,0.024361703195097,21,0.0868042759839212,0.3566220719855833,0.2597379715549238,0.1061065159708473,mild_harm,1,0,1,0,1,0,0,1,0,1
fbe3cf848a4c5391,4,0,1,0,2,0.1078436452474513,-0.0046172204494472,2,0.0007561199128068,-1,-0.0073145436505116,-1,-0.0217841301168358,2,0.0238218633634138,2,0.086264436152238,0.3659320465652428,0.1537724751795968,0.0511749773958538,mild_harm,0,1,1,0,1,0,0,1,0,1
fdf3abf3cf375c35,4,0,5,1,-1,,,-1,,-1,,-1,,-1,,-1,,,,,RSMR_abstain,0,0,0,0,0,0,0,0,0,0
00f4aedf9b3c5f65,4,0,16,1,21,0.0490956043257411,3.5336512327194085e-05,-1,-0.0259936672190096,-1,-0.0426846998295198,-1,-0.0576500361322435,-1,-0.0035326388677822,21,0.0589099339210419,0.3859975879261557,0.1052118622133398,0.071895749976372,near_zero_positive_le_0p01,1,0,1,0,1,0,1,0,0,1
3584e6b997845f86,4,0,27,1,-1,,,-1,,-1,,-1,,-1,,-1,,,,,RSMR_abstain,0,0,0,0,0,0,0,0,0,0
3d56147a52d550b3,4,0,17,1,3,0.166780640517493,0.0001904807411134,-1,-0.0046824300865426,-1,0.0,-1,0.0,-1,0.0,3,0.0624425727888241,0.4522973457358788,0.0,0.0,near_zero_positive_le_0p01,1,0,1,0,1,0,1,0,0,1
4132da23bf54566f,4,0,17,1,1,0.0398373439906395,0.0012187561772414,-1,-0.030328423376472,-1,-0.0279274620543538,-1,-0.0439278148666941,1,0.0107907845601275,1,0.0732333573489517,0.3668015344283182,0.1441599009473572,0.0664677673727447,near_zero_positive_le_0p01,1,0,1,0,1,0,0,1,0,1
44ae005ad8b25d52,4,0,10,0,-1,,,-1,,-1,,-1,,-1,,-1,,,,,RSMR_abstain,0,0,0,0,0,0,0,0,0,0
48ee2a6b3a4b54cc,4,0,8,0,-1,,,-1,,-1,,-1,,-1,,-1,,,,,RSMR_abstain,0,0,0,0,0,0,0,0,0,0
49f109b9cca4567a,4,0,8,1,-1,,,-1,,-1,,-1,,-1,,-1,,,,,RSMR_abstain,0,0,0,0,0,0,0,0,0,0
4ac48ad526735073,4,0,15,1,1,0.1935467795769919,0.0003725693814456,-1,-0.0944365860413526,-1,-0.0310577918722546,-1,-0.0497740582690768,1,0.0145727542044763,1,0.0770153269933005,0.3386851852276763,0.188173764016045,0.0743351136526576,near_zero_positive_le_0p01,1,0,1,0,1,0,0,1,0,1
5214a5118acc5d75,4,0,15,1,6,0.0770547692832109,-0.001846320647036,6,0.0171631623348896,-1,-0.0050362436650159,-1,-0.0199450264971713,6,0.026456509774738,6,0.0888990825635622,0.3774953352055789,0.1564983038761844,0.0524026111786321,mild_harm,0,1,1,0,1,0,0,1,0,1
55a7c26fd2d35b8e,4,0,16,1,-1,,,-1,,-1,,-1,,-1,,-1,,,,,RSMR_abstain,0,0,0,0,0,0,0,0,0,0
5693aed0af7e548c,4,0,5,0,17,0.0663365633702129,-2.020414070067741,17,0.1480147182263578,17,0.1125685230156657,17,0.0809860008829516,17,0.1475050919463853,17,0.2099476647352095,0.308259257159024,0.5671676138872577,0.0395084078507714,catastrophe,0,1,0,1,0,1,0,1,0,1
7418da8c04e85efb,4,0,7,1,1,0.2122064190269177,4.00804797271723,-1,-0.0686218840253227,-1,-0.0245319253855427,-1,-0.0419464778737493,1,0.0167535950419955,1,0.0791961678308197,0.3453947843757955,0.1765660430240256,0.0675695736310289,material_positive_gt_0p2,1,0,1,0,1,0,0,1,0,1
