scenario_token,outer_test_fold,calibration_fold,candidate_count,positive_opportunity,rsm_selected_action,rsm_selected_teacher_improvement,quality_selected_action,v43_future_mean_selected_action,v43_future_robust_selected_action,pc_response_mean_selected_action,pc_occupancy_mean_selected_action,pc_occupancy_robust_selected_action,pcor_main_selected_action,quality_value,v43_future_mean_value,v43_future_robust_value,pc_response_mean_value,pc_occupancy_mean_value,pc_occupancy_robust_value,pcor_main_value,rsm_has_proposal,teacher_bucket,quality_accept,v43_future_mean_accept,v43_future_robust_accept,pc_response_mean_accept,pc_occupancy_mean_accept,pc_occupancy_robust_accept,pcor_main_accept,rsm_occ_delta_cv,rsm_occ_delta_ca,rsm_occ_delta_brake,rsm_occ_delta_yield,rsm_occ_delta_nonyield
30e193cab0fc5a5d,0,1,9,0,-1,,-1,-1,-1,-1,-1,-1,-1,,,,,,,,False,no_rsm_proposal,False,False,False,False,False,False,False,,,,,
366e33370f605634,0,1,4,1,28,1.2326923098775555,28,28,28,28,28,28,28,0.0476998898569074,0.0476998898569074,0.0476998898569074,0.0476998898569074,0.0447458410898393,0.0922720563693675,0.0494063377609349,True,material_positive,True,True,True,True,True,True,True,-0.015264138579368591,0.04217304289340973,-5.497783422470093e-05,-0.007664725184440613,-0.00978473573923111
3fabf2e29e5f5fc4,0,1,18,1,22,0.0002032831884921,22,-1,-1,-1,-1,-1,-1,0.0786619415056863,-0.5219291429885932,-0.3457719791572562,-0.5415137958609895,-0.5676311173847942,-0.5779479355854252,-0.6208136541938578,True,nearzero_positive,True,False,False,False,False,False,False,-0.07855969667434692,-0.07855969667434692,-0.07855969667434692,-0.07855969667434692,-0.07855969667434692
46f5fac22c0b5cb0,0,1,5,0,5,-0.0008687456113751,-1,-1,-1,-1,5,5,-1,-0.0327328577848128,-0.0327328577848128,-0.0327328577848128,-0.0327328577848128,0.0194664845893114,0.0163032641810228,-0.0265624544274096,True,mild_harm,False,False,False,False,True,True,False,0.005149662494659424,0.008839502930641174,-0.002335876226425171,0.008986517786979675,0.008689627051353455
518c0014d1a45ca8,0,1,13,1,12,-0.0001304086467248,-1,-1,-1,-1,12,12,12,-0.0016346915660951,-0.0016346915660951,-0.0016346915660951,-0.0016346915660951,0.0921748871783523,0.0936723755949009,0.0508066569864684,True,mild_harm,False,False,False,False,True,True,True,0.011402957141399384,0.011402957141399384,0.011402957141399384,0.011402957141399384,0.011402957141399384
586dc46118d75100,0,1,14,1,9,-0.0004047478932421,-1,-1,-1,-1,-1,-1,-1,-0.0725225249756469,-0.0725225249756469,-0.0725225249756469,-0.0725225249756469,-0.8159277586686262,-0.8277947848418215,-0.8706605034502539,True,mild_harm,False,False,False,False,False,False,False,-0.09036409854888916,-0.09036409854888916,-0.09036409854888916,-0.09036409854888916,-0.09036409854888916
6596827fb10b569a,0,1,23,1,1,0.0005793339748345,1,-1,-1,-1,1,1,1,0.0956620741837085,-0.0452477568465265,-0.0039180121482008,-0.0498426804114657,0.6908520179295605,0.6617587702592781,0.6188930516508455,True,nearzero_positive,True,False,False,False,True,True,True,0.07451964914798737,0.060803912580013275,0.07451964914798737,0.07451964914798737,0.07451964914798737
8f79455cf8a85fb9,0,1,4,0,-1,,-1,-1,-1,-1,-1,-1,-1,,,,,,,,False,no_rsm_proposal,False,False,False,False,False,False,False,,,,,
b2f2a9a83437555c,0,1,1,0,7,-0.0007529566446319,-1,-1,-1,-1,-1,-1,-1,-0.1404873922864834,-0.267869597706372,-0.3242632136317219,-0.2530736998564836,-0.2260480985673454,-0.2385178608143851,-0.2813835794228176,True,mild_harm,False,False,False,False,False,False,False,-0.014192372560501099,-0.013513624668121338,-0.012139663100242615,-0.008517339825630188,-0.013721585273742676
d1d8fef2f07e554f,0,1,27,1,19,-6.528710596098719e-05,19,19,19,19,19,19,19,0.0916974094375467,0.0916974094375467,0.0916974094375467,0.0916974094375467,0.3030658750427639,0.3707471971395085,0.327881478531076,True,mild_harm,True,True,True,True,True,True,True,0.004987277090549469,0.0044218674302101135,0.04282112419605255,0.044927746057510376,0.0034526661038398743
d3578202f06d5c62,0,1,25,1,26,8.269424438478445e-05,26,26,26,26,26,26,26,0.0287158139428701,0.0337315029356622,0.0322603696297552,0.0338950593559551,0.2150006211016549,0.2158341984730261,0.1729684798645936,True,nearzero_positive,True,True,True,True,True,True,True,0.02289101481437683,0.02330971509218216,0.02078184485435486,0.022979773581027985,0.02288920432329178
e7ee1c000ef85255,0,1,16,1,9,0.0005864605173468,-1,-1,-1,-1,-1,-1,-1,-0.093633081790793,-0.093633081790793,-0.093633081790793,-0.093633081790793,-0.1653070373589691,-0.1399099976349074,-0.1827757162433399,True,nearzero_positive,False,False,False,False,False,False,False,-0.0007735192775726318,0.00320318341255188,0.016753897070884705,-0.03842879831790924,0.006266802549362183
e8a90962974f55d3,0,1,12,1,-1,,-1,-1,-1,-1,-1,-1,-1,,,,,,,,False,no_rsm_proposal,False,False,False,False,False,False,False,,,,,
f390221c855a53d1,0,1,17,1,23,0.0001769104883706,23,23,23,23,-1,-1,-1,0.059610245492826,0.059610245492826,0.059610245492826,0.059610245492826,-0.4217911999919969,-0.4294758426262748,-0.4723415612347073,True,nearzero_positive,True,True,True,True,False,False,False,-0.05851641297340393,-0.05851641297340393,-0.05851641297340393,-0.05851641297340393,-0.05851641297340393
f473bc020969511e,0,1,24,1,2,0.002340053756078,2,2,2,2,2,2,2,0.0950357986100444,0.0950357986100444,0.0950357986100444,0.0950357986100444,0.4710250407641368,0.4599787280098438,0.4171130094014113,True,nearzero_positive,True,True,True,True,True,True,True,0.05119960010051727,0.050976186990737915,0.05273079872131348,0.034071534872055054,0.05034901946783066
5eae283cb1b95a45,0,1,6,1,25,0.0002113920846953,25,25,25,25,25,25,25,0.0061142925815621,0.0061142925815621,0.0061142925815621,0.0061142925815621,0.2369801064347362,0.2366079421141258,0.1937422235056933,True,nearzero_positive,True,True,True,True,True,True,True,0.028314799070358276,0.02831326425075531,0.026849091053009033,0.028257444500923157,0.028298065066337585
ea5915d23f345a29,0,1,6,1,26,-6.736000906726325e-06,-1,-1,-1,-1,26,26,-1,-0.0045023133482451,-0.0045023133482451,-0.0045023133482451,-0.0045023133482451,0.0082584821016526,0.0201023700015433,-0.0227633486068891,True,mild_harm,False,False,False,False,True,True,False,0.0009022057056427002,0.000902220606803894,0.005032837390899658,0.000902220606803894,0.000902220606803894
190d01845dda5596,0,1,4,0,-1,,-1,-1,-1,-1,-1,-1,-1,,,,,,,,False,no_rsm_proposal,False,False,False,False,False,False,False,,,,,
247baf6242815059,0,1,20,1,12,-0.0004707026612013,-1,-1,-1,-1,-1,-1,-1,-0.0123605343936148,-0.0123605343936148,-0.0123605343936148,-0.0123605343936148,-0.0088242233197079,-0.0087677729556686,-0.0516334915641011,True,mild_harm,False,False,False,False,False,False,False,0.00042985379695892334,0.00042985379695892334,0.00042985379695892334,0.00042985379695892334,0.00042985379695892334
273d4e72b01d53cf,0,1,14,1,8,-1.5629368781690487,-1,-1,-1,-1,-1,-1,-1,-0.1434606417850462,-0.1434606417850462,-0.1434606417850462,-0.1434606417850462,-0.1849032850608886,-0.1855648366752049,-0.2284305552836374,True,catastrophe,False,False,False,False,False,False,False,-0.00503753125667572,-0.00503753125667572,-0.00503753125667572,-0.00503753125667572,-0.00503753125667572
275e9cfb52fd59de,0,1,12,1,8,0.1272746219409324,8,8,8,8,-1,-1,-1,0.8503470886511855,1.2307748134654704,1.119193049913334,1.2431801673341465,-0.2181359340515754,-0.2351921981473232,-0.2780579167557558,True,small_positive,True,True,True,True,False,False,False,-0.1298786997795105,-0.1298786997795105,-0.1298786997795105,-0.1298786997795105,-0.1298786997795105
4082f94c512b5d1f,0,1,14,1,23,-0.0001477490439216,23,23,23,23,23,23,23,0.0623746466086376,0.0623746466086376,0.0623746466086376,0.0623746466086376,0.0883323982280991,0.0887467635081696,0.0458810448997371,True,mild_harm,True,True,True,True,True,True,True,0.0031552761793136597,0.0031552761793136597,0.0031552761793136597,0.0031552761793136597,0.0031552761793136597
421dd5398e885a27,0,1,18,1,22,-0.0001146473528817,-1,-1,-1,-1,22,22,22,-0.0352352273513206,-0.0352352273513206,-0.0352352273513206,-0.0352352273513206,0.056251482797296,0.0577118911111305,0.014846172502698,True,mild_harm,False,False,False,False,True,True,True,0.011120602488517761,0.011120602488517761,0.011120602488517761,0.011120602488517761,0.011120602488517761
53620555ea3a5d3c,0,1,9,1,21,0.0,21,21,21,21,21,21,-1,0.0067529051210481,0.0067529051210481,0.0067529051210481,0.0067529051210481,0.0067529051210481,0.0067529051210481,-0.0361128134873843,True,mild_harm,True,True,True,True,True,True,False,0.0,0.0,0.0,0.0,0.0
60bd62401d0857f9,0,1,15,1,22,-5.674398746347009e-05,-1,-1,-1,-1,-1,-1,-1,-0.0121935079385841,-0.0121935079385841,-0.0121935079385841,-0.0121935079385841,-0.1325944370748254,-0.1345164049499226,-0.1773821235583551,True,mild_harm,False,False,False,False,False,False,False,-0.014635249972343445,-0.014635249972343445,-0.014635249972343445,-0.014635249972343445,-0.014635249972343445
6db53a1807af5a90,0,1,13,0,-1,,-1,-1,-1,-1,-1,-1,-1,,,,,,,,False,no_rsm_proposal,False,False,False,False,False,False,False,,,,,
8e6c888a92425ff1,0,1,6,1,1,0.0003081311788877,1,1,1,1,1,1,1,0.0521968366695759,0.0521968366695759,0.0521968366695759,0.0521968366695759,0.0663334997687128,0.0665591642426713,0.0236934456342387,True,nearzero_positive,True,True,True,True,True,True,True,0.001718372106552124,0.001718372106552124,0.001718372106552124,0.001718372106552124,0.001718372106552124
9a82cf7a1636581e,0,1,5,0,2,-0.0042642683826388,-1,-1,-1,-1,2,2,-1,-0.1598536188358614,-0.1656135740045327,-0.163924119134759,-0.1658014001735375,0.0061980497468472,0.0088487433495607,-0.0340169752588717,True,mild_harm,False,False,False,False,True,True,False,0.020184293389320374,0.020184293389320374,0.020184293389320374,0.020184293389320374,0.020184293389320374
c70bcca6e16953d7,0,1,14,1,10,0.0003409750871363,10,10,10,10,10,10,10,0.0752100460989838,0.0617038982875713,0.0656653368672808,0.0612634768038715,0.9163781544655152,0.929805775775706,0.8869400571672734,True,nearzero_positive,True,True,True,True,True,True,True,0.10224759578704834,0.10224759578704834,0.10224759578704834,0.10224759578704834,0.10224759578704834
d04f957744a353ba,0,1,10,1,21,0.0001638741232454,21,21,21,21,21,21,21,0.0169632424585069,0.0169632424585069,0.0169632424585069,0.0169632424585069,0.0886087552578673,0.0897524372458975,0.0468867186374649,True,nearzero_positive,True,True,True,True,True,True,True,0.00870881974697113,0.00870881974697113,0.00870881974697113,0.00870881974697113,0.00870881974697113
d0c144dfeca55025,0,1,25,1,22,-0.0001029941059838,22,22,22,22,22,22,22,0.0429783550516964,0.0429783550516964,0.0429783550516964,0.0429783550516964,0.0866522320036984,0.0873494009465371,0.0444836823381045,True,mild_harm,True,True,True,True,True,True,True,0.005308747291564941,0.005308747291564941,0.005308747291564941,0.005308747291564941,0.005308747291564941
f6cbfc9328fd5914,0,1,5,1,15,0.0028377727983173,15,15,15,15,15,15,15,0.3883445684730002,0.3883445684730002,0.3883445684730002,0.3883445684730002,0.0841813619049675,0.0793259848243739,0.0364602662159414,True,nearzero_positive,True,True,True,True,True,True,True,-0.03697234392166138,-0.03697234392166138,-0.03697234392166138,-0.03697234392166138,-0.03697234392166138
d0ce91bcf7ba557a,0,1,2,1,-1,,-1,-1,-1,-1,-1,-1,-1,,,,,,,,False,no_rsm_proposal,False,False,False,False,False,False,False,,,,,
00bf712a8e9e59bf,0,1,1,0,-1,,-1,-1,-1,-1,-1,-1,-1,,,,,,,,False,no_rsm_proposal,False,False,False,False,False,False,False,,,,,
07db46e8eac253cf,0,1,12,1,16,0.7593208522055517,16,16,16,16,16,16,16,0.2687226301796579,0.1999326612885891,0.1881393951896701,0.219711233524532,0.3423314652797464,0.2949184067920173,0.2520526881835848,True,material_positive,True,True,True,True,True,True,True,0.006512761116027832,0.004652783274650574,-0.005585759878158569,0.01899002492427826,0.006780996918678284
13adf1483845581c,0,1,18,1,21,0.0006412762776015,21,21,21,21,-1,-1,-1,0.0523072133323107,0.0523072133323107,0.0523072133323107,0.0523072133323107,-0.1085395891412483,-0.141269057570695,-0.1841347761791275,True,nearzero_positive,True,True,True,True,False,False,False,0.003787517547607422,0.004111006855964661,-0.019824504852294922,-0.051841944456100464,0.004279673099517822
2ffe7083e279569c,0,1,15,1,3,0.000160507233395,3,3,3,3,3,3,3,0.0630176207662971,0.0630176207662971,0.0630176207662971,0.0630176207662971,0.0439364722490928,0.0436318786323072,0.0007661600238746,True,nearzero_positive,True,True,True,True,True,True,True,-0.0023193955421447754,-0.0023193955421447754,-0.0023193955421447754,-0.0023193955421447754,-0.0023193955421447754
36857cb219845df9,0,1,14,1,7,0.0001324263616466,7,-1,-1,-1,7,7,7,0.0287530144064284,-0.1863111453271122,-0.1232314669926747,-0.1933241647048835,0.5832213865950716,0.592072401340132,0.5492066827316995,True,nearzero_positive,True,False,False,False,True,True,True,0.06739801168441772,0.06739801168441772,0.06739801168441772,0.06739801168441772,0.06739801168441772
6f8bc109eabc5ad5,0,1,4,1,19,-4.585174424573402e-06,-1,19,19,19,-1,-1,-1,-0.0047951377439345,0.0076480676235742,0.011527480239322,0.0080423412293518,-0.0121577152235002,-0.0139788626743634,-0.056844581282796,True,mild_harm,False,True,True,True,False,False,False,0.008000046014785767,-0.00019407272338867188,-0.0032135695219039917,-0.003931641578674316,-0.0014045238494873047
8fbfbaa44855539e,0,1,16,0,-1,,-1,-1,-1,-1,-1,-1,-1,,,,,,,,False,no_rsm_proposal,False,False,False,False,False,False,False,,,,,
b66888a9942d59ff,0,1,5,1,22,0.0031217700053006,22,22,22,22,22,22,22,0.0265710234402383,0.0265710234402383,0.0265710234402383,0.0265710234402383,0.646256195066134,0.6177736568527427,0.5749079382443101,True,nearzero_positive,True,True,True,True,True,True,True,0.0789039134979248,0.0679297000169754,0.0800383985042572,0.0800383985042572,0.0638471245765686
e4f303186cdb50b1,0,1,4,1,19,-4.364564421121576e-06,-1,19,19,19,-1,-1,-1,-0.0038601199243871,0.0093378957351078,0.0134907962441739,0.0097803584004338,-0.0105846425178875,-0.0122025518075738,-0.0550682704160063,True,mild_harm,False,True,True,True,False,False,False,0.00839582085609436,6.9141387939453125e-06,-0.0034740865230560303,-0.003995925188064575,-0.001269221305847168
ee17abab9d83514f,0,1,4,0,17,-5.260109603405505e-05,17,17,17,17,17,17,-1,0.0290811394858199,0.0343596715436528,0.0377851614085811,0.0326161537539767,0.0373423202986476,0.0259122693602232,-0.0169534492482092,True,mild_harm,True,True,True,True,True,True,False,0.0017615407705307007,0.0012857615947723389,0.006475970149040222,-0.002454116940498352,0.0016099512577056885
5b4aedf8449c54ca,0,1,4,1,1,0.0013290141742676,1,1,1,1,1,1,1,0.0097787206852421,0.4352735763462357,0.3104732439184263,0.4491485226487234,0.5378725402820077,0.5463025363259233,0.5034368177174908,True,nearzero_positive,True,True,True,True,True,True,True,0.06419207155704498,0.06419207155704498,0.06419207155704498,0.06419207155704498,0.06419207155704498
73458ba61f445d19,0,1,16,1,9,-2.754281880346099e-06,-1,-1,-1,-1,-1,-1,-1,-0.061770231552315,-0.061770231552315,-0.061770231552315,-0.061770231552315,-0.1215170572973695,-0.1224707997688339,-0.1653365183772664,True,mild_harm,False,False,False,False,False,False,False,-0.007262483239173889,-0.007262483239173889,-0.007262483239173889,-0.007262483239173889,-0.007262483239173889
7647b4788f795d71,0,1,1,1,1,0.0035336643615271,1,1,1,1,-1,-1,-1,0.0055434356433971,0.0055434356433971,0.0055434356433971,0.0055434356433971,-0.4814313743737558,-0.4892049849891297,-0.5320707035975623,True,nearzero_positive,True,True,True,True,False,False,False,-0.05919387936592102,-0.05919387936592102,-0.05919387936592102,-0.05919387936592102,-0.05919387936592102
8f2f7b6da7495074,0,1,22,1,6,-0.0030044126219674,-1,-1,-1,-1,-1,-1,-1,-0.0358698711474278,-0.0358698711474278,-0.0358698711474278,-0.0358698711474278,-0.1495744023077213,-0.1513894751457037,-0.1942551937541363,True,mild_harm,False,False,False,False,False,False,False,-0.013821274042129517,-0.013821274042129517,-0.013821274042129517,-0.013821274042129517,-0.013821274042129517
c23e9cc0ed7e5b21,0,1,17,1,3,0.0016556329336947,3,3,3,3,3,3,3,0.03126945233161,0.0336172911633354,0.032755526716116,0.0341109346214647,0.1453869963061113,0.1471678062885687,0.1043020876801361,True,nearzero_positive,True,True,True,True,True,True,True,0.013854637742042542,0.013852864503860474,0.013862282037734985,0.013859257102012634,0.013849645853042603
cdfa6ac2b00156d1,0,1,10,0,-1,,-1,-1,-1,-1,-1,-1,-1,,,,,,,,False,no_rsm_proposal,False,False,False,False,False,False,False,,,,,
16599b5179df53bb,0,1,7,0,-1,,-1,-1,-1,-1,-1,-1,-1,,,,,,,,False,no_rsm_proposal,False,False,False,False,False,False,False,,,,,
181f26554b4b5e75,0,1,15,0,9,-0.0001236836064255,-1,9,9,9,-1,-1,-1,-0.0689185551671475,0.0808053339883381,0.0368903702928039,0.0856876748547272,-0.1953708214802626,-0.197389387244917,-0.2402551058533496,True,mild_harm,False,True,True,True,False,False,False,-0.015370815992355347,-0.015370815992355347,-0.015370815992355347,-0.015370815992355347,-0.015370815992355347
21411e892e975adf,0,1,3,0,-1,,-1,-1,-1,-1,-1,-1,-1,,,,,,,,False,no_rsm_proposal,False,False,False,False,False,False,False,,,,,
24f940b7a94f5ed7,0,1,17,0,3,-0.0003130765174522,3,-1,-1,-1,3,3,-1,0.1176303764288154,-0.5243267485532053,-0.4396687696341694,-0.5091720848685444,0.0502887113638032,0.02497594573176,-0.0178897728766724,True,mild_harm,True,False,False,False,True,True,False,-0.006830990314483643,-0.006830990314483643,-0.015435457229614258,-0.006830990314483643,-0.006830990314483643
257140a662885e1d,0,1,7,1,3,0.000522074045008,3,3,3,3,3,3,3,0.0829275642638083,0.1624562323626938,0.4441645937563547,0.1551181384874962,0.4412196336609623,0.6859368727580155,0.643071154149583,True,nearzero_positive,True,True,True,True,True,True,True,0.040936246514320374,0.11503881216049194,0.00045014917850494385,0.032692089676856995,0.044680118560791016
3e1e8ae126d0578f,0,1,15,1,-1,,-1,-1,-1,-1,-1,-1,-1,,,,,,,,False,no_rsm_proposal,False,False,False,False,False,False,False,,,,,
40d5b1af93cf50e4,0,1,12,1,4,8.93150708446977e-05,-1,-1,-1,-1,4,4,-1,-0.0128033924946345,-0.0128033924946345,-0.0128033924946345,-0.0128033924946345,0.0052835346166741,0.0021934516607172,-0.0406722669477152,True,nearzero_positive,False,False,False,False,True,True,False,0.007203906774520874,0.001910090446472168,-0.003025949001312256,0.0011879056692123413,0.0037764087319374084
4b30de14589f513c,0,1,14,1,23,0.0002240603599697,23,23,23,23,23,23,23,0.0633282565503958,0.0633282565503958,0.0633282565503958,0.0633282565503958,0.0493851784848026,0.0523225631433058,0.0094568445348732,True,nearzero_positive,True,True,True,True,True,True,True,-0.0018263757228851318,-0.0007496625185012817,-0.0019319802522659302,-0.0018846243619918823,-0.0018330663442611694
648d283b25fa50d1,0,1,4,0,23,-0.0001290052613243,-1,-1,-1,-1,23,23,23,-0.0349978541835867,-0.0349978541835867,-0.0349978541835867,-0.0349978541835867,0.2175711337729261,0.1293127756370735,0.0864470570286409,True,mild_harm,False,False,False,False,True,True,True,0.03277662396430969,0.005758434534072876,0.047382205724716187,0.047382205724716187,0.003095850348472595
651762602ed854bf,0,1,1,1,-1,,-1,-1,-1,-1,-1,-1,-1,,,,,,,,False,no_rsm_proposal,False,False,False,False,False,False,False,,,,,
864541f05d165c97,0,1,2,1,21,7.027299320325284e-05,21,21,21,21,21,21,21,0.138462838950419,0.138462838950419,0.138462838950419,0.138462838950419,0.1503574892915572,0.1453232288875821,0.1024575102791496,True,nearzero_positive,True,True,True,True,True,True,True,0.0019881874322891235,0.0006680190563201904,0.0019881874322891235,0.0019881874322891235,-0.00011675059795379639
a054dd394e1b559c,0,1,17,1,21,0.0004801966886094,21,21,21,21,21,21,21,0.0311244355017794,0.0311244355017794,0.0311244355017794,0.0311244355017794,0.1648772917919882,0.1609475032808981,0.1180817846724656,True,nearzero_positive,True,True,True,True,True,True,True,0.01704123616218567,0.01716609299182892,0.01645859330892563,0.014444157481193542,0.01779225468635559
b7c6fe6429785952,0,1,15,1,22,6.060907109617375e-05,22,22,22,22,-1,-1,-1,0.0276894615870871,0.0276894615870871,0.0276894615870871,0.0276894615870871,-0.0448678033394332,-0.0460260396860636,-0.0888917582944961,True,nearzero_positive,True,True,True,True,False,False,False,-0.008819647133350372,-0.008819647133350372,-0.008819647133350372,-0.008819647133350372,-0.008819647133350372
c031140da54d502a,0,1,17,1,3,0.9911725879896434,3,3,3,3,-1,3,-1,0.0497809242708474,0.0945670247103696,0.1150546966187009,0.0842029826118263,-0.1921678364249928,0.0424176719978785,-0.0004480466105539,True,material_positive,True,True,True,True,False,True,False,-0.04250064492225647,-0.04263526201248169,0.04191243648529053,-0.04198503494262695,-0.04262810945510864
cdabe76a1ba75152,0,1,16,1,3,0.990668047375232,3,3,3,3,-1,3,3,0.0733983674342229,0.0996556858823972,0.1122453764638264,0.0931632605542508,-0.0068410485994579,0.0482714814267619,0.0054057628183293,True,material_positive,True,True,True,True,False,True,True,-0.012834399938583374,-0.012834370136260986,0.007114440202713013,-0.012834638357162476,-0.012834310531616211
cdccf3dfd4e153cc,0,1,24,1,21,0.0025033863656862,21,21,21,21,21,21,21,0.0744161034708732,0.0744161034708732,0.0744161034708732,0.0744161034708732,0.2749496529971645,0.272091774366005,0.2292260557575725,True,nearzero_positive,True,True,True,True,True,True,True,0.025122642517089844,0.02524830400943756,0.02463100105524063,0.022563397884368896,0.02587675303220749
d3e0b427c9095c6f,0,1,17,1,9,0.0002687987604178,-1,-1,-1,-1,-1,-1,-1,-0.061525502535597,-0.0588894907186402,-0.0596626496573747,-0.05880353310499,-0.1203844196208837,-0.1213239883485715,-0.164189706957004,True,nearzero_positive,False,False,False,False,False,False,False,-0.007154554128646851,-0.007154554128646851,-0.007154554128646851,-0.007154554128646851,-0.007154554128646851
d86f407ee78151b0,0,1,5,1,-1,,-1,-1,-1,-1,-1,-1,-1,,,,,,,,False,no_rsm_proposal,False,False,False,False,False,False,False,,,,,
de2c82b474d85dd5,0,1,17,1,9,0.0006124333238229,-1,9,9,9,9,9,9,-0.0924361201128707,0.2425522587595815,0.0729200587867136,0.2572777956535909,0.3384705873474208,0.3068936562441955,0.264027937635763,True,nearzero_positive,False,True,True,True,True,True,True,0.04158461093902588,0.08257260918617249,0.07123921811580658,0.032860368490219116,0.05921626091003418
046577552dd15fc3,0,1,15,1,-1,,-1,-1,-1,-1,-1,-1,-1,,,,,,,,False,no_rsm_proposal,False,False,False,False,False,False,False,,,,,
1f8c9456286d59fb,0,1,17,0,9,-0.0006121215932071,-1,9,9,9,9,9,9,-0.1157077763246233,0.421323542116752,0.2638088596853693,0.4388355768851936,0.2232803042724261,0.1814804433720738,0.1386147247636413,True,mild_harm,False,True,True,True,True,True,True,0.055233538150787354,0.017050862312316895,0.02916419506072998,0.05654314160346985,0.02708408236503601
369040b3134c5769,0,1,17,1,-1,,-1,-1,-1,-1,-1,-1,-1,,,,,,,,False,no_rsm_proposal,False,False,False,False,False,False,False,,,,,
39dca464ed145043,0,1,17,1,3,1.3998703285889036e-05,3,3,3,3,3,3,3,0.0383389976262005,0.1047712482317996,0.1434679810779913,0.0860636705270794,0.8726301633300199,0.7992647893839923,0.7563990707755597,True,nearzero_positive,True,True,True,True,True,True,True,0.10628846287727356,0.1066303551197052,0.0754837691783905,0.10606646537780762,0.1063392162322998
3e940b9ccdf456b7,0,1,17,1,3,-0.0098371612697842,3,3,3,3,3,3,3,0.0381838367051715,0.0919908129561831,0.1239614918153653,0.0765842300901727,0.9212816035948728,0.8488402270498239,0.8059745084413914,True,mild_harm,True,True,True,True,True,True,True,0.11220413446426392,0.11264339089393616,0.08145976066589355,0.11193907260894775,0.1122845709323883
4f74e2eb505a5fd0,0,1,9,0,7,-0.2430389412705786,-1,-1,-1,-1,7,7,7,-0.115313191079963,-0.1153090231854146,-0.1153102471294342,-0.1153088872746925,0.0406548379234198,0.0632054926973899,0.0203397740889573,True,mild_harm,False,False,False,False,True,True,True,0.023731321096420288,0.020774856209754944,0.014668658375740051,0.014667242765426636,0.024959027767181396
524cadd627f25d7f,0,1,8,0,7,-0.2439054437735635,-1,-1,-1,-1,7,7,7,-0.0926371773245006,-0.4084869849491565,-0.6134599950168551,-0.3184878730082113,0.0498866030277217,0.1007946446645183,0.0579289260560858,True,mild_harm,False,False,False,False,True,True,True,0.033352866768836975,0.02662178874015808,-0.021072521805763245,0.014197155833244324,0.03323963284492493
70c45003ec3e527b,0,1,1,0,9,-0.0006647571086881,-1,-1,-1,-1,-1,-1,-1,-0.1374841777010956,-0.2030960331275208,-0.2868047922213127,-0.2060215181262897,-0.0243725159225983,-0.0184262078662085,-0.061291926474641,True,mild_harm,False,False,False,False,False,False,False,0.006581038236618042,0.013835608959197998,0.015381395816802979,0.015381395816802979,0.014987736940383911
b1bfa52c4bc452b7,0,1,17,1,-1,,-1,-1,-1,-1,-1,-1,-1,,,,,,,,False,no_rsm_proposal,False,False,False,False,False,False,False,,,,,
bed9898a4bf45a6b,0,1,17,1,-1,,-1,-1,-1,-1,-1,-1,-1,,,,,,,,False,no_rsm_proposal,False,False,False,False,False,False,False,,,,,
db219c4afef9558d,0,1,18,1,3,0.0001490208003551,3,3,3,3,-1,-1,-1,0.0368886125452618,0.0463431162724481,0.043758463363205,0.0466552916896542,-0.2937545811833479,-0.3074367317597937,-0.3503024503682262,True,nearzero_positive,True,True,True,True,False,False,False,-0.04172089695930481,-0.0384276807308197,-0.03318426012992859,-0.04270485043525696,-0.041354089975357056
fa1f7200f4ff5651,0,1,16,0,-1,,-1,-1,-1,-1,-1,-1,-1,,,,,,,,False,no_rsm_proposal,False,False,False,False,False,False,False,,,,,
04e294754b4d56a6,0,1,7,1,22,4.5298025821094434e-05,22,22,22,22,22,22,22,0.072460694021912,0.3719177510090352,0.2391200538265811,0.445112695469413,1.122784479957844,1.1429474506693136,1.1000817320608811,True,nearzero_positive,True,True,True,True,True,True,True,0.1274036467075348,0.1279730200767517,0.12623628973960876,0.12894216179847717,0.12868732213974
3a223e65af13545c,0,1,7,1,1,1.6616739350611345,1,1,1,1,1,1,1,1.0171702435192622,1.0393577109845025,1.0328499864408258,1.0400812213056558,0.7750647681116776,0.7709294147585138,0.7280636961500813,True,material_positive,True,True,True,True,True,True,True,-0.029471397399902344,-0.029487162828445435,-0.029445350170135498,-0.029359400272369385,-0.029509902000427246
3e1f06aa9ff354c9,0,1,17,1,3,0.000358076515142,3,-1,-1,-1,-1,-1,-1,0.026358467301641,-0.950825853990008,-0.610909390245257,-0.908915414721751,-0.2136982755941917,-0.3475556343466308,-0.3904213529550633,True,nearzero_positive,True,False,False,False,False,False,False,8.654594421386719e-05,-0.004283159971237183,-0.06807193160057068,-0.050423771142959595,0.005518883466720581
3e3a2d672dfb5b51,0,1,6,1,6,-1.987346634269027e-05,-1,-1,-1,-1,6,6,6,-0.0136586352549881,-0.198000831237776,-0.1536766373545391,-0.1310896817132003,0.0981132699529419,0.0646180193703677,0.0217523007619351,True,mild_harm,False,False,False,False,True,True,True,0.003033876419067383,0.0011788904666900635,-0.0030040442943573,0.02375692129135132,0.019128859043121338
6110193eb32f5ad4,0,1,17,1,-1,,-1,-1,-1,-1,-1,-1,-1,,,,,,,,False,no_rsm_proposal,False,False,False,False,False,False,False,,,,,
6e075e93bd485b81,0,1,10,1,-1,,-1,-1,-1,-1,-1,-1,-1,,,,,,,,False,no_rsm_proposal,False,False,False,False,False,False,False,,,,,
6fc9e653b0ee5565,0,1,12,1,10,-0.0001716095520647,-1,10,10,10,10,-1,-1,-0.0087597151125167,0.1632519546779002,0.3802308927620412,0.1722138172371099,0.0112619404660174,-0.1544850136212882,-0.1973507322297207,True,mild_harm,False,True,True,True,True,False,False,0.010200679302215576,-0.04723861813545227,0.010200679302215576,0.010200679302215576,0.01909002661705017
99426aa893625f69,0,1,7,0,2,-0.990559431026876,2,2,2,2,-1,-1,-1,0.0167430685662508,0.0167430685662508,0.0167430685662508,0.0167430685662508,-0.2138796547540521,-0.4898965261206,-0.5327622447290326,True,catastrophe,True,True,True,True,False,False,False,-0.011967934668064117,-0.011969737708568573,-0.10949170589447021,-0.012739762663841248,-0.011961527168750763
9fb5b34a36925a6c,0,1,7,0,4,-0.0037563836089917,-1,4,4,4,-1,4,4,-0.1067508314557741,0.5584048279590994,0.296810400351943,0.4620059771943076,-0.0510417612719102,0.0953889242642778,0.0525232056558453,True,mild_harm,False,True,True,True,False,True,True,0.00368577241897583,-0.020803213119506836,-0.02661949396133423,0.05030471086502075,-0.027123570442199707
a1c1a996e52f5c4e,0,1,5,0,9,-0.0004672088905239,-1,9,9,9,9,9,9,-0.0098318091665815,0.4051144600181077,0.2834080947237932,0.4186454278471107,1.442716683828947,1.4656819509667327,1.4228162323583002,True,mild_harm,False,True,True,True,True,True,True,0.17671915143728256,0.17672951519489288,0.17562097311019897,0.17649714648723602,0.17676089331507683
a657d16d34c3519a,0,1,3,1,20,1.784201655457297,20,-1,-1,-1,20,-1,-1,0.0635885941470283,-0.0539140240224046,-0.1095621397189687,-0.0545698615493884,0.1418580301272154,-0.1422614942975774,-0.1851272129060099,True,material_positive,True,False,False,False,True,False,False,-0.013435721397399902,-0.07496833801269531,0.07567232847213745,0.06747213006019592,-0.07584300637245178
a68adc1c27615ce9,0,1,13,0,-1,,-1,-1,-1,-1,-1,-1,-1,,,,,,,,False,no_rsm_proposal,False,False,False,False,False,False,False,,,,,
a75ce500226f5481,0,1,17,1,4,-0.0008296889021993,-1,-1,-1,-1,-1,4,-1,-0.0485800851932729,-0.0485800851932729,-0.0485800851932729,-0.0485800851932729,-0.0175960320305565,0.0125475296392309,-0.0303181889692015,True,mild_harm,False,False,False,False,False,True,False,0.0019743740558624268,0.0019743740558624268,0.012634575366973877,0.0022140033543109894,0.0019743740558624268
b95dc2615771588d,0,1,14,1,23,1.9696841584348583,-1,23,23,23,23,23,23,-0.012030046683439,0.096340394324366,0.1666676015215374,0.0657450169575438,0.1436458120417616,0.2269485082606226,0.18408278965219,True,material_positive,False,True,True,True,True,True,True,0.0015873908996582031,0.0015849322080612183,0.04309651255607605,0.029323995113372803,0.001590535044670105
c3fd16e5694a5353,0,1,10,1,9,0.0044793055554852,9,9,9,9,-1,-1,-1,0.086625159407295,0.2221758039878958,0.3931620608175825,0.3738774614554354,-0.3406256319701646,-0.3256645635279968,-0.3685302821364293,True,nearzero_positive,True,True,True,True,False,False,False,-0.05493129789829254,-0.05512796342372894,-0.05280238389968872,-0.04541914165019989,-0.05581894516944885
c8c5d04b848e504c,0,1,16,1,3,0.000295684360573,3,3,3,3,3,3,3,0.0258323600128593,0.0258323600128593,0.0258323600128593,0.0258323600128593,0.1351600439728904,0.1065296479464749,0.0636639293380424,True,nearzero_positive,True,True,True,True,True,True,True,0.00018411874771118164,0.0011679530143737793,0.004203572869300842,0.035595059394836426,0.0006073415279388428
c944de45a71e5a38,0,1,14,0,-1,,-1,-1,-1,-1,-1,-1,-1,,,,,,,,False,no_rsm_proposal,False,False,False,False,False,False,False,,,,,
f7cbec94d1ff5621,0,1,3,0,-1,,-1,-1,-1,-1,-1,-1,-1,,,,,,,,False,no_rsm_proposal,False,False,False,False,False,False,False,,,,,
03dac455f9ec5792,0,1,18,1,23,-0.0001943112442734,-1,-1,-1,-1,-1,-1,-1,-0.0403824420345861,-0.0403824420345861,-0.0403824420345861,-0.0403824420345861,-0.0869968926133563,-0.1054838234685099,-0.1483495420769424,True,mild_harm,False,False,False,False,False,False,False,-0.0008402243256568909,-0.00021921098232269287,-0.011314071714878082,-0.010973259806632996,0.00030991435050964355
0966d80519ed5508,0,1,11,1,-1,,-1,-1,-1,-1,-1,-1,-1,,,,,,,,False,no_rsm_proposal,False,False,False,False,False,False,False,,,,,
222f2b699516591c,0,1,14,1,-1,,-1,-1,-1,-1,-1,-1,-1,,,,,,,,False,no_rsm_proposal,False,False,False,False,False,False,False,,,,,
343925e5442554f5,0,1,4,1,9,-0.0001190353877842,9,9,9,9,9,9,9,0.3041924600587267,0.3041924600587267,0.3041924600587267,0.3041924600587267,0.4248276447374329,0.4197737819825599,0.3769080633741273,True,mild_harm,True,True,True,True,True,True,True,0.012576058506965637,0.024396590888500214,0.02831769734621048,0.0018201172351837158,0.01995132863521576
650894e30d725ba8,0,1,14,0,-1,,-1,-1,-1,-1,-1,-1,-1,,,,,,,,False,no_rsm_proposal,False,False,False,False,False,False,False,,,,,
70a67a5dedae584b,0,1,23,1,22,0.0002050307922065,22,-1,-1,-1,-1,-1,-1,0.0286170923900869,-0.9436222201930656,-0.658458280381688,-0.9753259366441206,-0.4617926479938584,-0.4696210906264397,-0.5124868092348722,True,nearzero_positive,True,False,False,False,False,False,False,-0.05961140990257263,-0.05961140990257263,-0.05961140990257263,-0.05961140990257263,-0.05961140990257263
80c337fb67145ff6,0,1,29,1,20,0.0002089060913768,20,20,20,20,-1,-1,-1,0.1180500189050795,0.2821954072873091,0.2340505266523348,0.2875480182984725,-0.7516897412363022,-0.7617231795527415,-0.804588898161174,True,nearzero_positive,True,True,True,True,False,False,False,-0.10560658574104309,-0.10603092610836029,-0.10603301227092743,-0.10603389143943787,-0.10456480085849762
84ed4f2cc4f057ce,0,1,14,1,25,1.8950668792427905e-05,25,25,25,25,25,25,-1,0.0058041838377809,0.0068811778020439,0.0075800950903716,0.0065792520653928,0.0099724241255033,0.0129067007444956,-0.0299590178639369,True,nearzero_positive,True,True,True,True,True,True,False,0.0003475695848464966,0.0003475695848464966,0.0013644397258758545,0.0003376603126525879,0.0003475695848464966
8bdafd4a1d7c50eb,0,1,21,1,3,0.0008188129012006,3,-1,-1,-1,-1,-1,-1,0.0946754624416944,-0.0778892731874736,-0.027274944752453,-0.0835164303873843,-0.2571213265511177,-0.2635803643817248,-0.3064460829901573,True,nearzero_positive,True,False,False,False,False,False,False,-0.042589426040649414,-0.04255905747413635,-0.04285213351249695,-0.04301464557647705,-0.04247218370437622
9cb860301c105ca7,0,1,9,1,20,-3.7070147320572566e-05,20,20,20,20,-1,-1,-1,0.0537754078684801,0.0537871939566675,0.0537837370224549,0.0537875782887893,-0.0860885729509707,-0.0917298729773007,-0.1345955915857332,True,mild_harm,True,True,True,True,False,False,False,-0.017756789922714233,-0.017756789922714233,-0.0180206298828125,-0.015481710433959961,-0.017756789922714233
a1ceb182eb7250a1,0,1,16,1,9,0.0007709787252359,-1,-1,-1,-1,9,-1,-1,-0.1275376283461679,-0.0590624877739337,-0.0146254234741163,-0.0780981119421547,0.0186631844483871,-0.050401807781975,-0.0932675263904076,True,nearzero_positive,False,False,False,False,True,False,False,0.021966654807329178,0.007297337055206299,-0.003584831953048706,0.03070451319217682,0.017909519374370575
b704090abc8d5afe,0,1,30,1,18,0.0007353571400976,18,18,18,18,-1,-1,-1,0.1275214467004856,0.1275214467004856,0.1275214467004856,0.1275214467004856,-0.3386025269059933,-0.3460432942614546,-0.3889090128698871,True,nearzero_positive,True,True,True,True,False,False,False,-0.05665937066078186,-0.05665937066078186,-0.05665937066078186,-0.05665937066078186,-0.05665937066078186
fd35b4e54a465e54,0,1,1,0,7,-2.0207331793509424,-1,-1,-1,-1,-1,-1,-1,-0.0159766820677998,-0.0315968994743659,-0.0255750752766968,-0.0344850704605573,-0.5045199029588421,-0.5126965650290571,-0.5555622836374896,True,catastrophe,False,False,False,False,False,False,False,-0.05895611643791199,-0.05962362885475159,-0.06152623891830444,-0.05854484438896179,-0.05954521894454956
fe98c3c19baf5ea3,0,1,2,1,4,2.128624531634088,4,4,4,4,4,4,4,1.4566476081134123,1.7103825865483375,2.030448892700262,1.7249230060457237,1.5909468872051582,2.1411518452763354,2.0982861266679027,True,material_positive,True,True,True,True,True,True,True,-0.013869121670722961,0.18061751127243042,-0.03228926658630371,-0.029294833540916443,0.03614644706249237
05ba4ac2db9c50d2,0,1,11,1,25,-0.98944860655242,25,25,25,25,25,-1,-1,0.0078599697566682,0.011897608474022,0.014517842131766,0.0107794786292233,0.0649013485188203,-0.0337836562343926,-0.0766493748428251,True,catastrophe,True,True,True,True,True,False,False,0.012697577476501465,0.012797191739082336,-0.02285650372505188,0.012396201491355896,0.012771755456924438
0d399eab6caf5d71,0,1,1,0,-1,,-1,-1,-1,-1,-1,-1,-1,,,,,,,,False,no_rsm_proposal,False,False,False,False,False,False,False,,,,,
154c14f381535c43,0,1,1,1,24,7.987478524418279e-05,24,24,24,24,24,24,24,0.0206424582787196,0.0495808468632927,0.0410930344556211,0.0505244977261634,0.0638355430501876,0.0645250370761284,0.0216593184676958,True,nearzero_positive,True,True,True,True,True,True,True,0.005250304937362671,0.005250304937362671,0.005250304937362671,0.005250304937362671,0.005250304937362671
20cd0f5250875606,0,1,5,0,9,-0.0003515167922247,-1,-1,-1,-1,9,9,9,-0.0969161265910946,-0.0969161265910946,-0.0969161265910946,-0.0969161265910946,0.0870448483615193,0.0899741634433793,0.0471084448349468,True,mild_harm,False,False,False,False,True,True,True,0.02236044406890869,0.02236044406890869,0.02236044406890869,0.022359073162078857,0.022360414266586304
30a3163cf0805a69,0,1,4,0,1,-1.2324926170708386,1,1,1,1,1,1,1,0.0901786313987583,0.0901786313987583,0.0901786313987583,0.0901786313987583,0.7079705080271952,0.7177086966870403,0.6748429780786078,True,catastrophe,True,True,True,True,True,True,True,0.07510752975940704,0.07508724927902222,0.07511088252067566,0.07513374090194702,0.07505826652050018
3da38924ebd45f50,0,1,10,1,1,1.728687759304978,1,1,1,1,1,1,1,0.4846372404412494,0.4846372404412494,0.4846372404412494,0.4846372404412494,1.575831625542436,1.5932504325956394,1.550384713987207,True,material_positive,True,True,True,True,True,True,True,0.13263936340808868,0.13263936340808868,0.13263936340808868,0.13263936340808868,0.13263936340808868
48fd1a7abb7c59a6,0,1,19,1,23,-0.0003539639446881,-1,-1,-1,-1,-1,-1,-1,-0.0268678197570679,-0.0268678197570679,-0.0268678197570679,-0.0268678197570679,-0.030529784065306,-0.0305882402401105,-0.073453958848543,True,mild_harm,False,False,False,False,False,False,False,-0.0004451274871826172,-0.0004451274871826172,-0.0004451274871826172,-0.0004451274871826172,-0.0004451274871826172
501128405d13533f,0,1,10,1,-1,,-1,-1,-1,-1,-1,-1,-1,,,,,,,,False,no_rsm_proposal,False,False,False,False,False,False,False,,,,,
594c56337e94571b,0,1,14,0,-1,,-1,-1,-1,-1,-1,-1,-1,,,,,,,,False,no_rsm_proposal,False,False,False,False,False,False,False,,,,,
5c92fa52c5165a1e,0,1,19,1,10,-7.041046395883654e-05,-1,-1,-1,-1,-1,-1,-1,-0.0255505490069909,-0.0255505490069909,-0.0255505490069909,-0.0255505490069909,-0.1165488966771192,-0.1134019851560485,-0.156267703764481,True,mild_harm,False,False,False,False,False,False,False,-0.009685471653938293,-0.012589707970619202,-0.012994632124900818,-0.009613052010536194,-0.012262582778930664
83d128720881565a,0,1,17,0,3,-0.0005778864786027,-1,-1,-1,-1,-1,-1,-1,-0.1712672951569568,-0.1778303230842165,-0.1965269272979145,-0.1782279618104355,-0.1709648738084045,-0.3562564633519945,-0.3991221819604271,True,mild_harm,False,False,False,False,False,False,False,0.010274171829223633,-0.05538743734359741,0.010274171829223633,0.010274171829223633,0.010274171829223633
95a810911ba359ec,0,1,11,0,18,-1.2317849212438547,18,18,18,18,18,18,18,0.3068196474224927,0.3467465919403217,0.397111190970114,0.3488021073349735,0.4334200712531144,0.3768040976972833,0.3339383790888508,True,catastrophe,True,True,True,True,True,True,True,0.031189613044261932,-0.002150118350982666,0.002710998058319092,0.005811795592308044,0.046680107712745667
9d1adc78bda259ce,0,1,10,1,-1,,-1,-1,-1,-1,-1,-1,-1,,,,,,,,False,no_rsm_proposal,False,False,False,False,False,False,False,,,,,
a3b5d1855e7e5d96,0,1,12,1,5,0.1193620606041702,-1,5,5,5,5,5,5,-0.0316556543504431,0.3127089936560309,0.1576728262387375,0.2980539376872601,0.3119790730313914,0.3355835112206881,0.2927177926122556,True,small_positive,False,True,True,True,True,True,True,0.03535667061805725,0.032621026039123535,0.06575179100036621,0.02754834294319153,0.06668403744697571
bbc08519add25675,0,1,3,1,9,2.284032596921548,9,9,9,9,9,9,9,0.0423897893028227,0.5662491925334466,0.6670939097168999,0.5383639066111509,1.2113281017582995,1.5898391336733564,1.546973415064924,True,material_positive,True,True,True,True,True,True,True,0.22552885115146637,0.09216944873332977,0.07067186385393143,0.10706263780593872,0.24972492456436157
bf75c93832c7569d,0,1,9,1,-1,,-1,-1,-1,-1,-1,-1,-1,,,,,,,,False,no_rsm_proposal,False,False,False,False,False,False,False,,,,,
d5b4a2295da55f8c,0,1,5,0,7,-1.2230283835736102,7,7,7,7,7,7,7,0.9347436413089348,0.9347436413089348,0.9347436413089348,0.9347436413089348,1.01355510454772,1.1192047078087162,1.0763389892002837,True,catastrophe,True,True,True,True,True,True,True,-0.007635563611984253,0.04080452769994736,0.005430832505226135,0.013339780271053314,-0.003931865096092224
dec7d1a6632a516c,0,1,9,1,1,0.0097562610348436,1,1,1,1,1,1,1,0.0727951563065859,0.0727951563065859,0.0727951563065859,0.0727951563065859,0.0035195081406813,0.0517940251420127,0.0089283065335802,True,nearzero_positive,True,True,True,True,True,True,True,-0.008581399917602539,-0.015441268682479858,0.006349459290504456,-0.010907933115959167,-0.01126563549041748
e14c53a47ffc5fe0,0,1,21,1,24,-0.0002950868985615,-1,-1,-1,-1,-1,-1,-1,-0.0268588871431019,-0.0268588871431019,-0.0268588871431019,-0.0268588871431019,-0.0529500150737361,-0.0533665094485509,-0.0962322280569834,True,mild_harm,False,False,False,False,False,False,False,-0.003171488642692566,-0.003171488642692566,-0.003171488642692566,-0.003171488642692566,-0.003171488642692566
0624fd97bb1d5859,0,1,23,1,22,0.0001875565206632,22,-1,-1,-1,22,22,22,0.0693357349256455,-0.1944943430327996,-0.3657074227628151,-0.114327916060928,0.2029698231732561,0.136751476526187,0.0938857579177545,True,nearzero_positive,True,False,False,False,True,True,True,0.02361544966697693,0.003662705421447754,-0.0042009055614471436,0.02373194694519043,0.023616135120391846
1289017760ab5cda,0,1,22,1,23,-0.0001021183120086,-1,-1,-1,-1,-1,-1,-1,-0.042313126640793,-0.042313126640793,-0.042313126640793,-0.042313126640793,-0.0383754957602814,-0.0823132229013974,-0.12517894150983,True,mild_harm,False,False,False,False,False,False,False,0.005331121385097504,-0.015995904803276062,0.0016559362411499023,0.005032151937484741,0.0004917532205581665
15210c5280b851a8,0,1,18,1,24,1.220051444119215,24,24,24,24,24,24,24,0.0055943105321735,0.0055943105321735,0.0055943105321735,0.0055943105321735,0.2812580150801357,0.2856584527534355,0.2427927341450029,True,material_positive,True,True,True,True,True,True,True,0.03350810706615448,0.03350810706615448,0.03350810706615448,0.03350810706615448,0.03350810706615448
327472f9f4b755a7,0,1,12,1,-1,,-1,-1,-1,-1,-1,-1,-1,,,,,,,,False,no_rsm_proposal,False,False,False,False,False,False,False,,,,,
35c70713d92251fc,0,1,12,1,17,0.0,-1,-1,-1,-1,-1,-1,-1,-0.0025181338176987,-0.0025181338176987,-0.0025181338176987,-0.0025181338176987,-0.0025181338176987,-0.0025181338176987,-0.0453838524261312,True,mild_harm,False,False,False,False,False,False,False,0.0,0.0,0.0,0.0,0.0
3a4fd1d48a995545,0,1,12,1,19,0.0142617651462133,19,19,19,19,19,19,19,0.3260503994271135,0.3260503994271135,0.3260503994271135,0.3260503994271135,0.9237569076688026,0.933298135596346,0.8904324169879134,True,small_positive,True,True,True,True,True,True,True,0.07265379279851913,0.07265379279851913,0.07265379279851913,0.07265379279851913,0.07265379279851913
3c9d60b02bfb51c0,0,1,17,0,9,-0.0004975407660006,-1,-1,-1,-1,-1,-1,-1,-0.1211998172928114,-0.1003067752155416,-0.1019859538980892,-0.0995986288531114,-0.1296958098021779,-0.0705264468184417,-0.1133921654268743,True,mild_harm,False,False,False,False,False,False,False,-0.004292547702789307,0.01670604944229126,-0.004292547702789307,-0.004292547702789307,-0.004292547702789307
4750b9c4cfbd5d3f,0,1,2,0,-1,,-1,-1,-1,-1,-1,-1,-1,,,,,,,,False,no_rsm_proposal,False,False,False,False,False,False,False,,,,,
506ddb4d458f5a70,0,1,1,0,9,-0.9297249210089444,-1,9,9,9,-1,-1,-1,-0.0461784272790109,0.3266840390774921,0.217321119333477,0.3388426977077423,-0.1582934260549564,-0.1745628942331341,-0.2174286128415666,True,catastrophe,False,True,True,True,False,False,False,-0.012827873229980469,-0.017959117889404297,-0.012827873229980469,-0.012827873229980469,-0.012827873229980469
54dbabed00525444,0,1,17,0,6,-0.0001196603953605,-1,-1,-1,-1,-1,-1,-1,-0.0698255731318765,-0.0737079314411324,-0.0725692111930431,-0.0738345311223066,-0.1838637902471458,-0.1856841897357644,-0.2285499083441969,True,mild_harm,False,False,False,False,False,False,False,-0.01386183500289917,-0.01386183500289917,-0.01386183500289917,-0.01386183500289917,-0.01386183500289917
77f9220d917b52d0,0,1,12,1,1,0.9964797705322505,1,1,1,1,1,1,1,0.1671000590199277,0.1810939714834333,0.1901753005071316,0.1765117949498442,0.2138227414969543,0.245986740751632,0.2031210221431995,True,material_positive,True,True,True,True,True,True,True,0.00542067363858223,-0.0019731298089027405,0.015076860785484314,0.00538032129406929,0.004995882511138916
7ca96f8e844f56ca,0,1,15,1,20,3.252210966228601,20,20,20,20,20,20,20,0.0439315520795951,0.1301912321959268,0.0886510598657734,0.1012493883483769,0.7872439017519047,0.7817405261518569,0.7388748075434244,True,material_positive,True,True,True,True,True,True,True,0.08393189311027527,0.08515757322311401,0.09798026084899902,0.09798026084899902,0.07713454961776733
7d363b1db0fc5975,0,1,11,1,5,-0.9769596037015144,5,5,5,5,5,5,5,0.1491291831835257,0.7468877014584824,1.13480427190265,0.5688968308994841,0.0741230998628552,0.1118436437852066,0.0689779251767741,True,catastrophe,True,True,True,True,True,True,True,-0.010738015174865723,-0.00993441790342331,0.002523452043533325,-0.011934489011764526,-0.010305985808372498
8813e8c6790a59d3,0,1,13,1,22,0.0001085729885146,22,22,22,22,22,22,22,0.128368534954043,0.128368534954043,0.128368534954043,0.128368534954043,0.3816992465745686,0.3857431812269261,0.3428774626184935,True,nearzero_positive,True,True,True,True,True,True,True,0.030793435871601105,0.030793435871601105,0.030793435871601105,0.030793435871601105,0.030793435871601105
9626975e16725ec8,0,1,20,1,22,0.0008604435924439,22,22,22,22,-1,-1,-1,0.0712654831030521,0.0712654831030521,0.0712654831030521,0.0712654831030521,-0.4133950395147608,-0.421131707009619,-0.4639974256180515,True,nearzero_positive,True,True,True,True,False,False,False,-0.05891256779432297,-0.05891256779432297,-0.05891256779432297,-0.05891256779432297,-0.05891256779432297
9907ad0101c45e09,0,1,1,0,-1,,-1,-1,-1,-1,-1,-1,-1,,,,,,,,False,no_rsm_proposal,False,False,False,False,False,False,False,,,,,
9e720f0176b35d63,0,1,24,1,19,-9.262234168127192e-05,-1,-1,-1,-1,-1,-1,-1,-0.0998189426026542,-0.0998189426026542,-0.0998189426026542,-0.0998189426026542,-0.2531337330498204,-0.2555875552654536,-0.2984532738738861,True,mild_harm,False,False,False,False,False,False,False,-0.018637806177139282,-0.018637806177139282,-0.018637776374816895,-0.018633708357810974,-0.018637999892234802
a67f3948c2445760,0,1,3,1,3,0.0006509598884731,3,3,3,3,3,3,3,0.0992417242539443,0.0992417242539443,0.0992417242539443,0.0992417242539443,0.322266898464364,0.325827063848846,0.2829613452404135,True,nearzero_positive,True,True,True,True,True,True,True,0.027109667658805847,0.027109667658805847,0.027109667658805847,0.027109667658805847,0.027109667658805847
a8e99095a8235549,0,1,4,0,16,-1.2318749638779087,16,16,16,16,16,16,16,2.4079723824805743,2.4079723824805743,2.4079723824805743,2.4079723824805743,2.3453511054624863,2.369902066627495,2.327036348019062,True,catastrophe,True,True,True,True,True,True,True,-0.009050250053405762,-0.009050250053405762,3.057718276977539e-05,-0.009050250053405762,-0.009050250053405762
aed1237adf57578c,0,1,1,1,0,1.0332035451421078,0,0,0,0,0,0,0,1.0469789120425848,1.5127752302973028,1.376154223983295,1.527964365530538,2.796684480317721,2.6917396508075337,2.648873932199101,True,material_positive,True,True,True,True,True,True,True,0.22100499272346497,0.171192929148674,0.2145732417702675,0.2238703966140747,0.21881172060966492
ba5ddc3d1d5d56ad,0,1,1,0,25,-3.65264862778325e-05,25,25,25,25,25,25,-1,0.0127626955319317,0.0127626955319317,0.0127626955319317,0.0127626955319317,0.0219866849342795,0.0221339280779888,-0.0207317905304437,True,mild_harm,True,True,True,True,True,True,False,0.0011212155222892761,0.0011212155222892761,0.0011212155222892761,0.0011212155222892761,0.0011212155222892761
c81dc86e054f566d,0,1,15,1,3,0.0005305072082206,3,3,3,3,-1,-1,-1,0.0551113876017744,0.0551113876017744,0.0551113876017744,0.0551113876017744,-0.0002728344651235,-0.0011569364098798,-0.0440226550183123,True,nearzero_positive,True,True,True,True,False,False,False,-0.006732190027832985,-0.006732190027832985,-0.006732190027832985,-0.006732190027832985,-0.006732190027832985
cffbf96734fa5f35,0,1,2,0,1,-0.0001211573171431,-1,-1,-1,-1,1,1,1,-0.0153861545730877,-0.0153861545730877,-0.0153861545730877,-0.0153861545730877,0.0074735232463033,0.0442107069566855,0.0013449883482529,True,mild_harm,False,False,False,False,True,True,True,0.005076289176940918,-0.008449643850326538,-0.011270284652709961,0.014763332903385162,0.0015520229935646057
f4ba7c7ca86f5233,0,1,13,1,22,6.64908149863308e-05,22,22,22,22,22,22,22,0.1251936210924971,0.1251936210924971,0.1251936210924971,0.1251936210924971,0.353382560938457,0.3570251558501629,0.3141594372417304,True,nearzero_positive,True,True,True,True,True,True,True,0.027737345546483994,0.027737345546483994,0.027737345546483994,0.027737345546483994,0.027737345546483994
045cd7a008c65925,0,1,17,1,9,0.0004271200689487,-1,-1,-1,9,-1,-1,-1,-0.0450054482189682,-0.0487727242427159,-0.2095045704422239,0.0123832656772891,-0.1995052432857904,-0.2545239133163512,-0.2973896319247838,True,nearzero_positive,False,False,False,True,False,False,False,-0.015988677740097046,-0.015988677740097046,-0.03449910879135132,-0.015988677740097046,-0.015988677740097046
0c77a4182a655cf9,0,1,3,1,-1,,-1,-1,-1,-1,-1,-1,-1,,,,,,,,False,no_rsm_proposal,False,False,False,False,False,False,False,,,,,
1470dbcb0c415442,0,1,9,1,9,0.0005928187692534,-1,-1,-1,-1,9,9,9,-0.1299976554846019,-0.0864136442547269,-0.0991971104180863,-0.0849924148146621,0.4770633989346179,0.4867539540921776,0.4438882354837451,True,nearzero_positive,False,False,False,False,True,True,True,0.07379087805747986,0.07379087805747986,0.07379087805747986,0.07379087805747986,0.07379087805747986
208da297c61b5a6b,0,1,14,0,9,-0.0002173149178734,-1,-1,-1,-1,-1,-1,-1,-0.0867331847604068,-0.0710194463085988,-0.0756283851861859,-0.0705070375818434,-0.7524577151840007,-0.5921251351606052,-0.6349908537690376,True,mild_harm,False,False,False,False,False,False,False,-0.11389246582984924,-0.11389261484146118,-0.02975669503211975,-0.05891847610473633,-0.11389675736427307
249837af09305794,0,1,2,0,-1,,-1,-1,-1,-1,-1,-1,-1,,,,,,,,False,no_rsm_proposal,False,False,False,False,False,False,False,,,,,
2648d4ed541751cc,0,1,13,1,-1,,-1,-1,-1,-1,-1,-1,-1,,,,,,,,False,no_rsm_proposal,False,False,False,False,False,False,False,,,,,
2e3481cf5ec35baa,0,1,14,0,-1,,-1,-1,-1,-1,-1,-1,-1,,,,,,,,False,no_rsm_proposal,False,False,False,False,False,False,False,,,,,
31d6d7b013a75d29,0,1,17,1,9,0.00015953127658,-1,-1,-1,-1,-1,-1,-1,-0.1073844318899427,-0.0942913520499483,-0.0981316351809788,-0.0938644002847339,-0.454762789163279,-0.4603080125097513,-0.5031737311181839,True,nearzero_positive,False,False,False,False,False,False,False,-0.04222533106803894,-0.04222533106803894,-0.04222533106803894,-0.04222533106803894,-0.04222533106803894
45389fbdea6657a0,0,1,10,0,6,-0.0003288350688643,6,-1,6,-1,6,6,6,0.0079909663662709,-0.0580328222294529,0.0045378789790747,-0.0503493962551768,0.1188506245094408,0.1373212601488347,0.0944555415404022,True,mild_harm,True,False,True,False,True,True,True,0.013881325721740723,0.01847091317176819,0.010338455438613892,0.011899471282958984,0.014842778444290161
46bf28b955d051b1,0,1,29,1,5,-0.0003345792815641,-1,5,5,5,5,5,5,-0.0117541964474493,1.061686610594602,0.7468396323571982,1.096690402904782,0.5174879098283234,0.5259362360472983,0.4830705174388658,True,mild_harm,False,True,True,True,True,True,True,0.06433165073394775,0.06433165073394775,0.06433165073394775,0.06433165073394775,0.06433165073394775
4efebde6623256df,0,1,6,1,-1,,-1,-1,-1,-1,-1,-1,-1,,,,,,,,False,no_rsm_proposal,False,False,False,False,False,False,False,,,,,
5991dfcee3185e01,0,1,15,0,2,-3.552210174457291e-05,2,2,2,2,2,2,2,0.0296987985340642,0.0296987985340642,0.0296987985340642,0.0296987985340642,0.1189216745435114,0.0977356194090934,0.0548699008006609,True,mild_harm,True,True,True,True,True,True,True,0.006339669227600098,0.006006911396980286,0.016507908701896667,0.016507908701896667,0.004082426428794861
6c82dcb2637f5ad4,0,1,3,0,9,-0.0003719746213523,-1,9,9,9,9,9,9,-0.0089266683995388,0.3762201977808396,0.2632541858694371,0.3887794379590143,0.9219599332843956,0.9368197367479564,0.8939540181395238,True,mild_harm,False,True,True,True,True,True,True,0.11315326392650604,0.11315326392650604,0.11315326392650604,0.11315326392650604,0.11315326392650604
1a9e0797610e5da4,1,2,17,1,9,-0.0003152008085511,-1,-1,-1,-1,-1,-1,9,-0.1630152713567658,-0.1630152713567658,-0.1630152713567658,-0.1630152713567658,-0.114265688950274,-0.0777360294063173,0.0295189726349602,True,mild_harm,False,False,False,False,False,False,True,-0.0027283132076263428,-0.0011035948991775513,0.01105869933962822,0.021717339754104614,-0.0022747330367565155
31e5a1e6febd5acb,1,2,12,1,4,0.0022942917462438,4,4,4,4,4,4,4,0.0195280382398785,0.0195280382398785,0.0195280382398785,0.0195280382398785,0.2816517579116036,0.2833604385345111,0.3906154405757887,True,nearzero_positive,True,True,True,True,True,True,True,0.04104483127593994,0.04104483127593994,0.04104483127593994,0.04104483127593994,0.04104483127593994
3f0c33142293536e,1,2,11,1,19,0.0,-1,-1,-1,-1,-1,-1,19,-0.0169318384502467,-0.0169318384502467,-0.0169318384502467,-0.0169318384502467,-0.0169318384502467,-0.0169318384502467,0.0903231635910308,True,mild_harm,False,False,False,False,False,False,True,0.0,0.0,0.0,0.0,0.0
48fc14e048fb5fe2,1,2,18,1,23,0.0001272183358669,23,23,23,23,23,23,23,0.0044445604943502,0.0464511933135867,0.033786456157284,0.0462931430709768,0.0459359016532672,0.0458271406813499,0.1530821427226276,True,nearzero_positive,True,True,True,True,True,True,True,0.006527632474899292,0.006527632474899292,0.006349459290504456,0.006527632474899292,0.006527632474899292
65f00228b6bc54b5,1,2,17,1,-1,,-1,-1,-1,-1,-1,-1,-1,,,,,,,,False,no_rsm_proposal,False,False,False,False,False,False,False,,,,,
d22547ad7061548d,1,2,11,1,26,0.0043491496021159,-1,-1,-1,-1,-1,-1,-1,-0.0207781105256546,-0.0477618867590673,-0.0396264469357601,-0.0476603601168684,-0.6041845580460339,-0.6079875534155712,-0.5007325513742935,True,nearzero_positive,False,False,False,False,False,False,False,-0.09135311841964722,-0.09135311841964722,-0.09135311841964722,-0.09135311841964722,-0.09135311841964722
ebc361211e395b18,1,2,19,0,-1,,-1,-1,-1,-1,-1,-1,-1,,,,,,,,False,no_rsm_proposal,False,False,False,False,False,False,False,,,,,
f757646a2d865977,1,2,1,0,5,-0.0002396740362047,-1,5,5,-1,-1,-1,-1,-0.1411752663796481,0.0106400034210517,0.0733681035764111,-0.0094751049643302,-0.4390846637427092,-0.395444793128753,-0.2881897910874754,True,mild_harm,False,True,True,False,False,False,False,-0.022967487573623657,-0.03408059477806091,-0.05898696184158325,-0.05898696184158325,-0.03588530421257019
9ca3798eb199579e,1,2,10,0,23,-7.272584703751916e-05,-1,-1,-1,-1,-1,-1,23,-0.0756890779888464,-0.1509937980294217,-0.0752714276028962,-0.1691938963966286,-0.2624113325434254,-0.0130048636879152,0.0942501383533624,True,mild_harm,False,False,False,False,False,False,True,-0.08812151849269867,-0.08969861268997192,0.06823676824569702,0.00891643762588501,-0.08973453938961029
f7050dbcd3c954f3,1,2,6,1,2,1.2324836412908278,-1,-1,-1,-1,-1,-1,2,-0.0183146703605858,-0.0183146703605858,-0.0183146703605858,-0.0183146703605858,-0.0097023301249774,-0.0095236241157732,0.0977313779255044,True,material_positive,False,False,False,False,False,False,True,0.0008940994739532471,0.0008999407291412354,0.003559127449989319,0.0009462833404541016,0.0009086728096008301
180f81d1ca5c5ee3,1,2,17,1,23,7.068096973794624e-05,-1,-1,-1,-1,-1,-1,23,-0.0041931641123639,-0.0041931641123639,-0.0041931641123639,-0.0041931641123639,-0.0241893532872079,-0.0243197005179653,0.0829353015233122,True,nearzero_positive,False,False,False,False,False,False,True,-0.003131117671728134,-0.003131117671728134,-0.003131117671728134,-0.003131117671728134,-0.003131117671728134
1bd8ca835d485cd8,1,2,14,1,23,0.0001267136363314,23,23,23,23,-1,-1,23,0.0208828277036313,0.0208828277036313,0.0208828277036313,0.0208828277036313,-0.0573541659996092,-0.057864161948479,0.0493908400927985,True,nearzero_positive,True,True,True,True,False,False,True,-0.01225079596042633,-0.01225079596042633,-0.01225079596042633,-0.01225079596042633,-0.01225079596042633
291db523bb115ccf,1,2,16,1,24,-8.852075822662897e-05,-1,-1,-1,-1,24,24,24,-0.0701666952380924,-0.0701666952380924,-0.0701666952380924,-0.0701666952380924,0.0909862647804974,0.0920367570459543,0.1992917590872319,True,mild_harm,False,False,False,False,True,True,True,0.025234252214431763,0.025234252214431763,0.025234252214431763,0.025234252214431763,0.025234252214431763
2d4f708394ef542e,1,2,2,0,-1,,-1,-1,-1,-1,-1,-1,-1,,,,,,,,False,no_rsm_proposal,False,False,False,False,False,False,False,,,,,
39346eef49ad52a6,1,2,16,0,2,-1.8276321345854372,-1,-1,-1,-1,-1,-1,-1,-0.2347490004295813,-0.2347490004295813,-0.2347490004295813,-0.2347490004295813,-0.3298746605102116,-0.3304947469805417,-0.2232397449392641,True,catastrophe,False,False,False,False,False,False,False,-0.014895319938659668,-0.014895319938659668,-0.014895319938659668,-0.014895319938659668,-0.014895319938659668
621fb14952d45fbc,1,2,2,0,2,-1.793281329542026,-1,-1,-1,-1,-1,-1,2,-0.3272054905934107,-0.3272054905934107,-0.3272054905934107,-0.3272054905934107,-0.0102681891681756,-0.0082022005338767,0.0990528015074008,True,catastrophe,False,False,False,False,False,False,True,0.04962785542011261,0.04962785542011261,0.04962785542011261,0.04962785542011261,0.04962785542011261
79a3cfc7d4535d5f,1,2,14,1,25,0.0030683114655256,25,25,25,25,-1,-1,-1,0.0226288211103738,0.0226288211103738,0.0226288211103738,0.0226288211103738,-0.0677630280079027,-0.114863177965181,-0.0076081759239034,True,nearzero_positive,True,True,True,True,False,False,False,-0.007314041256904602,-0.006684020161628723,-0.0322435200214386,-0.016534000635147095,-0.00648285448551178
7a90e31caaa35114,1,2,11,1,23,-0.0002471273148438,23,23,23,23,23,23,23,0.0077925570944603,0.0077925570944603,0.0077925570944603,0.0077925570944603,0.1184004701080782,0.1191214792481258,0.2263764812894035,True,mild_harm,True,True,True,True,True,True,True,0.01731961965560913,0.01731961965560913,0.01731961965560913,0.01731961965560913,0.01731961965560913
9e4525cb8f5e5fcd,1,2,15,0,-1,,-1,-1,-1,-1,-1,-1,-1,,,,,,,,False,no_rsm_proposal,False,False,False,False,False,False,False,,,,,
c5e0107671965987,1,2,13,0,-1,,-1,-1,-1,-1,-1,-1,-1,,,,,,,,False,no_rsm_proposal,False,False,False,False,False,False,False,,,,,
ca00c31168b252d5,1,2,16,1,-1,,-1,-1,-1,-1,-1,-1,-1,,,,,,,,False,no_rsm_proposal,False,False,False,False,False,False,False,,,,,
e2c31e25cb35514d,1,2,14,1,9,-0.0005410650956444,-1,-1,-1,-1,-1,-1,-1,-0.1435231315168559,-0.1435231315168559,-0.1435231315168559,-0.1435231315168559,-0.304567085141406,-0.3061344211663162,-0.1988794191250385,True,mild_harm,False,False,False,False,False,False,False,-0.025062531232833862,-0.02504792809486389,-0.025217711925506592,-0.0254184752702713,-0.02512100338935852
114a8e53ec3c5e0d,1,2,3,1,-1,,-1,-1,-1,-1,-1,-1,-1,,,,,,,,False,no_rsm_proposal,False,False,False,False,False,False,False,,,,,
1907423ff64a51eb,1,2,9,1,22,4.7492956556399735e-05,-1,-1,-1,-1,-1,-1,22,-0.0893515620737052,-0.1504722040469245,-0.1728294059854969,-0.1327266581860386,-0.0277955356813545,-0.0294406887883088,0.0778143132529688,True,nearzero_positive,False,False,False,False,False,False,True,-0.009256154298782349,0.0048628151416778564,0.011940136551856995,0.01810997724533081,0.008842885494232178
b8091003cbb95da3,1,2,2,1,21,0.0057995361132896,21,-1,-1,-1,-1,-1,-1,0.0236475088153857,-0.1728774874135564,-0.2537088064276358,-0.1769006558973869,-0.0984246783541455,-0.2470502882454656,-0.1397952862041879,True,nearzero_positive,True,False,False,False,False,False,False,-0.019702628254890442,-0.06137542426586151,0.011270880699157715,0.011270880699157715,-0.07661008834838867
c9281513f02f50f2,1,2,12,1,23,0.0,-1,-1,-1,-1,-1,-1,23,-0.0300762360215664,-0.0300762360215664,-0.0300762360215664,-0.0300762360215664,-0.0300762360215664,-0.0300762360215664,0.0771787660197112,True,mild_harm,False,False,False,False,False,False,True,0.0,0.0,0.0,0.0,0.0
eeb054ac63575b33,1,2,2,1,-1,,-1,-1,-1,-1,-1,-1,-1,,,,,,,,False,no_rsm_proposal,False,False,False,False,False,False,False,,,,,
6988613e2a3557be,1,2,17,1,-1,,-1,-1,-1,-1,-1,-1,-1,,,,,,,,False,no_rsm_proposal,False,False,False,False,False,False,False,,,,,
b66ea7e3342b533b,1,2,2,0,2,-5.520669647962606e-05,-1,-1,-1,-1,-1,-1,-1,-0.175496164425522,-0.175496164425522,-0.175496164425522,-0.175496164425522,-0.1848546806275224,-0.1849156850849349,-0.0776606830436573,True,mild_harm,False,False,False,False,False,False,False,-0.0014654099941253662,-0.0014654099941253662,-0.0014654099941253662,-0.0014654099941253662,-0.0014654099941253662
ebdc46dacb5f53f2,1,2,20,1,21,7.133007049464624e-07,-1,-1,-1,-1,-1,-1,21,-0.0362546546809306,-0.0362546546809306,-0.0362546546809306,-0.0362546546809306,-0.0337296005951496,-0.0337131407684938,0.0735418612727838,True,nearzero_positive,False,False,False,False,False,False,True,0.0003953874111175537,0.0003953874111175537,0.0003953874111175537,0.0003953874111175537,0.0003953874111175537
06a937676ff65c69,1,2,17,1,9,-0.0008672325992258,-1,-1,-1,-1,-1,-1,-1,-0.1278810034407201,-0.1468314924747626,-0.1696412216092329,-0.1386220917972041,-0.1966642628521159,-0.1176970030239336,-0.010442000982656,True,mild_harm,False,False,False,False,False,False,False,-0.004668012261390686,-0.00449998676776886,0.020116567611694336,-0.031624943017959595,-0.004685312509536743
26f611f146275818,1,2,17,1,-1,,-1,-1,-1,-1,-1,-1,-1,,,,,,,,False,no_rsm_proposal,False,False,False,False,False,False,False,,,,,
441987f47a6f5784,1,2,9,0,-1,,-1,-1,-1,-1,-1,-1,-1,,,,,,,,False,no_rsm_proposal,False,False,False,False,False,False,False,,,,,
5f4392860e5752ce,1,2,6,1,24,-0.000464562402782,-1,-1,-1,-1,-1,-1,-1,-0.0925478705058807,-0.0925478705058807,-0.0925478705058807,-0.0925478705058807,-0.1567714516248951,-0.1571900996920338,-0.0499350976507562,True,mild_harm,False,False,False,False,False,False,False,-0.010056495666503906,-0.010056495666503906,-0.010056495666503906,-0.010056495666503906,-0.010056495666503906
5fde760ec9f05c3d,1,2,16,1,22,-0.0001297025804172,-1,-1,-1,-1,-1,-1,-1,-0.0232363225905668,-0.0232363225905668,-0.0232363225905668,-0.0232363225905668,-0.0805457829317489,-0.127928022757766,-0.0206730207164883,True,mild_harm,False,False,False,False,False,False,False,0.0020679980516433716,0.0032999664545059204,-0.03093971312046051,-0.01736675202846527,0.005038782954216003
606e5b5125985e1f,1,2,12,1,-1,,-1,-1,-1,-1,-1,-1,-1,,,,,,,,False,no_rsm_proposal,False,False,False,False,False,False,False,,,,,
73cd1e45d87156ee,1,2,18,1,23,0.0003884504090763,23,-1,-1,-1,-1,-1,-1,0.0237844221966703,-0.0126581683255789,-0.0035909238157518,-0.0123978703605077,-0.2243729459247393,-0.24466340324227,-0.1374084012009924,True,nearzero_positive,True,False,False,False,False,False,False,-0.03303344547748566,-0.03265810012817383,-0.04068300127983093,-0.0461203008890152,-0.03292493522167206
7a9a7b86210b5dc4,1,2,17,0,3,-0.0001631911307573,3,3,3,3,3,3,3,0.1040579374486047,0.0345621504133607,0.0555146956949406,0.0348236287862773,0.0771300541879909,0.0769545219912063,0.184209524032484,True,mild_harm,True,True,True,True,True,True,True,-0.004216521978378296,-0.004216521978378296,-0.004216521978378296,-0.004216521978378296,-0.004216521978378296
81195788481d5844,1,2,17,1,-1,,-1,-1,-1,-1,-1,-1,-1,,,,,,,,False,no_rsm_proposal,False,False,False,False,False,False,False,,,,,
948d834b78515695,1,2,10,1,22,2.8722488693892767e-05,22,22,22,22,22,22,22,0.0304712844060136,0.0304712844060136,0.0304712844060136,0.0304712844060136,0.0199710543403832,0.0199133145465896,0.1271683165878672,True,nearzero_positive,True,True,True,True,True,True,True,-0.0016448795795440674,-0.001640021800994873,-0.001648545265197754,-0.0016452968120574951,-0.0016404986381530762
a08635adfbc45990,1,2,16,1,-1,,-1,-1,-1,-1,-1,-1,-1,,,,,,,,False,no_rsm_proposal,False,False,False,False,False,False,False,,,,,
a5836bf6d71f58f2,1,2,17,1,9,0.000861446211487,-1,-1,-1,-1,-1,-1,-1,-0.2202320559556684,-0.187368329312761,-0.1881099568229277,-0.1890140995049977,-0.4920829851105117,-0.4615708801342967,-0.354315878093019,True,nearzero_positive,False,False,False,False,False,False,False,-0.044851988554000854,-0.04446956515312195,-0.03001171350479126,-0.04519036412239075,-0.04465410113334656
a6e92119ed185a7d,1,2,19,0,-1,,-1,-1,-1,-1,-1,-1,-1,,,,,,,,False,no_rsm_proposal,False,False,False,False,False,False,False,,,,,
aeb0da156a7b5426,1,2,3,1,21,8.050889065489182e-05,21,21,21,21,21,21,21,0.1944553441453541,0.1944553441453541,0.1944553441453541,0.1944553441453541,0.2042937972349747,0.200557735091185,0.3078127371324626,True,nearzero_positive,True,True,True,True,True,True,True,0.0020463019609451294,0.0008438676595687866,0.0020463019609451294,0.0020463019609451294,6.255507469177246e-05
b024a29a38815f5d,1,2,10,1,-1,,-1,-1,-1,-1,-1,-1,-1,,,,,,,,False,no_rsm_proposal,False,False,False,False,False,False,False,,,,,
c0eff628bb5d57f2,1,2,5,0,9,-0.0002712661859579,-1,-1,-1,-1,9,9,9,-0.0425774173922706,-0.0425774173922706,-0.0425774173922706,-0.0425774173922706,0.5777097700213083,0.5741453582844402,0.6814003603257179,True,mild_harm,False,False,False,False,True,True,True,0.09769795835018158,0.09768524765968323,0.09416921436786652,0.09774251282215118,0.09768238663673401
c2ef8af22b6b57fa,1,2,16,1,8,0.0006266896873712,-1,-1,-1,-1,-1,-1,-1,-0.1670342690588205,-0.1547061099119134,-0.160008245615177,-0.1561630151810006,-0.3285581520269074,-0.323930891973248,-0.2166758899319703,True,nearzero_positive,False,False,False,False,False,False,False,-0.0257185697555542,-0.025639325380325317,-0.023083150386810303,-0.025782406330108643,-0.025565534830093384
e2becee9277c5811,1,2,18,1,22,0.0001367530750111,-1,-1,-1,-1,-1,-1,-1,-0.0179489893019277,-0.0485699777272334,-0.0350397755003242,-0.0433620732065848,-0.3291130004549158,-0.3333665317448046,-0.2261115297035269,True,nearzero_positive,False,False,False,False,False,False,False,-0.04116785526275635,-0.040533676743507385,-0.04958927631378174,-0.05921068787574768,-0.038309648633003235
e7c6e7ca0bf75a88,1,2,17,1,-1,,-1,-1,-1,-1,-1,-1,-1,,,,,,,,False,no_rsm_proposal,False,False,False,False,False,False,False,,,,,
f845609710815b95,1,2,16,1,22,-0.0001336572684111,-1,-1,-1,-1,-1,-1,-1,-0.0208471729654777,-0.0208471729654777,-0.0208471729654777,-0.0208471729654777,-0.1087627122113189,-0.1450057669851884,-0.0377507649439108,True,mild_harm,False,False,False,False,False,False,False,-0.005193963646888733,-0.004102796316146851,-0.03067941963672638,-0.020723924040794373,-0.00227414071559906
0e7c79855e005220,1,2,17,1,3,0.989674308249508,-1,3,3,3,-1,-1,3,-0.0188629179574028,0.073755660782477,0.1320912561644741,0.0431759354033659,-0.1297838504228669,-0.0868039984345356,0.0204510036067419,True,material_positive,False,True,True,True,False,False,True,-0.02053248882293701,-0.02053248882293701,-0.0003713071346282959,-0.02053248882293701,-0.02053248882293701
14dd0d86a4d353af,1,2,1,0,-1,,-1,-1,-1,-1,-1,-1,-1,,,,,,,,False,no_rsm_proposal,False,False,False,False,False,False,False,,,,,
2d691673d2a75468,1,2,5,1,9,-0.0005493406044321,-1,-1,-1,-1,-1,-1,9,-0.1580240209070793,-0.1580240209070793,-0.1580240209070793,-0.1580240209070793,-0.0213003291087627,-0.0250542904947197,0.0822007115465578,True,mild_harm,False,False,False,False,False,False,True,0.02378559485077858,0.023899685591459274,0.016704358160495758,0.019602321088314056,0.024163194000720978
4a475083531f544e,1,2,17,1,5,0.0005351796336472,-1,-1,-1,-1,-1,-1,-1,-0.1290598766545519,-0.1290598766545519,-0.1290598766545519,-0.1290598766545519,-0.1763420583386676,-0.1845452344137563,-0.0772902323724787,True,nearzero_positive,False,False,False,False,False,False,False,-0.006454065442085266,-0.0048440247774124146,-0.0076853930950164795,-0.010474294424057007,-0.004221290349960327
4aa6a5b42a9d5a1a,1,2,4,0,-1,,-1,-1,-1,-1,-1,-1,-1,,,,,,,,False,no_rsm_proposal,False,False,False,False,False,False,False,,,,,
4f8180de60ff5016,1,2,16,1,-1,,-1,-1,-1,-1,-1,-1,-1,,,,,,,,False,no_rsm_proposal,False,False,False,False,False,False,False,,,,,
65f6f0aad1645746,1,2,15,0,-1,,-1,-1,-1,-1,-1,-1,-1,,,,,,,,False,no_rsm_proposal,False,False,False,False,False,False,False,,,,,
86935537a5e256bd,1,2,3,1,23,-4.216529144323439e-05,-1,-1,-1,-1,-1,-1,-1,-0.1073278805994244,-0.1111203680235126,-0.1101064607726192,-0.1105873837737899,-0.1231409947661425,-0.110049473945555,-0.0027944719042774,True,mild_harm,False,False,False,False,False,False,False,-0.016102313995361328,0.0006544291973114014,9.733438491821289e-05,-0.00022298097610473633,0.0026556551456451416
91dfe4ebf3c25298,1,2,3,0,-1,,-1,-1,-1,-1,-1,-1,-1,,,,,,,,False,no_rsm_proposal,False,False,False,False,False,False,False,,,,,
ae93b0cb5f2752c9,1,2,7,1,23,-1.621068492024813e-06,-1,-1,-1,-1,-1,-1,23,-0.0293535171357767,-0.0293624524503894,-0.0294648905720301,-0.0292083397958076,-0.0299292217087582,-0.0288428966161978,0.0784121054250798,True,mild_harm,False,False,False,False,False,False,True,-0.0005555450916290283,-0.0005553960800170898,0.00030919909477233887,0.0003338158130645752,-0.0005571246147155762
c4b429aa06c65c18,1,2,5,1,27,2.0200232751698115,27,27,27,27,27,27,27,0.0735804685394211,0.2891389852778196,0.314539703793513,0.2272207749262412,0.9096556013035432,0.9062352004194812,1.0134902024607588,True,material_positive,True,True,True,True,True,True,True,0.13468578457832336,0.1347997486591339,0.12746745347976685,0.129752516746521,0.13497668504714966
d124fe4c82a0504a,1,2,14,0,-1,,-1,-1,-1,-1,-1,-1,-1,,,,,,,,False,no_rsm_proposal,False,False,False,False,False,False,False,,,,,
d8a9f79a9b2f5af3,1,2,1,1,22,3.149701463542634,22,22,22,22,22,22,22,2.2019307595008084,3.2723137786130447,3.380430142202563,3.024824709721327,3.6216508811617567,4.293542175433725,4.4007971774750025,True,material_positive,True,True,True,True,True,True,True,0.23411405086517334,0.4800265431404114,0.11561907827854156,0.09669944643974304,0.41594837605953217
d9b829983ef95e41,1,2,17,0,-1,,-1,-1,-1,-1,-1,-1,-1,,,,,,,,False,no_rsm_proposal,False,False,False,False,False,False,False,,,,,
dba43762ec9a571c,1,2,3,0,-1,,-1,-1,-1,-1,-1,-1,-1,,,,,,,,False,no_rsm_proposal,False,False,False,False,False,False,False,,,,,
fefa06851c7f58a7,1,2,7,1,20,-1.232325807697454,-1,-1,-1,-1,-1,-1,-1,-0.1250783774858456,-0.2999844379472767,-0.4101486701760344,-0.2440512633021092,-0.1430339047060821,-0.2994055359563198,-0.1921505339150421,True,catastrophe,False,False,False,False,False,False,False,0.02193966507911682,0.01855923980474472,-0.06358352303504944,-0.005067050457000732,0.01565520465373993
185ce8f5060f5856,1,2,1,0,-1,,-1,-1,-1,-1,-1,-1,-1,,,,,,,,False,no_rsm_proposal,False,False,False,False,False,False,False,,,,,
6b5577a2a92d5e63,1,2,14,1,4,-4.862848371267603e-05,-1,-1,-1,-1,-1,-1,-1,-0.1219906322737365,-0.1219906322737365,-0.1219906322737365,-0.1219906322737365,-0.2183140134187988,-0.2189419073579723,-0.1116869053166947,True,mild_harm,False,False,False,False,False,False,False,-0.015082865953445435,-0.015082865953445435,-0.015082865953445435,-0.015082865953445435,-0.015082865953445435
6d5d40bcf2f153a8,1,2,28,1,11,0.0014631343937406,11,-1,-1,-1,11,11,11,0.04693156707531,-0.116610755963103,-0.0673037680851279,-0.1159954268567586,0.0160152612505818,0.0158137301081092,0.1230687321493868,True,nearzero_positive,True,False,False,False,True,True,True,-0.004841051995754242,-0.004841051995754242,-0.004841051995754242,-0.004841051995754242,-0.004841051995754242
8ce184b9fe795518,1,2,12,1,12,0.0,-1,-1,-1,-1,-1,-1,-1,-0.2064090888528929,-0.2064090888528929,-0.2064090888528929,-0.2064090888528929,-0.2064090888528929,-0.2064090888528929,-0.0991540868116152,True,mild_harm,False,False,False,False,False,False,False,0.0,0.0,0.0,0.0,0.0
ae75c379fc4f5ac0,1,2,15,1,-1,,-1,-1,-1,-1,-1,-1,-1,,,,,,,,False,no_rsm_proposal,False,False,False,False,False,False,False,,,,,
bc30bddda7655472,1,2,17,1,-1,,-1,-1,-1,-1,-1,-1,-1,,,,,,,,False,no_rsm_proposal,False,False,False,False,False,False,False,,,,,
ec003315c7f8544e,1,2,13,1,7,1.625132601845264,7,7,7,7,7,7,7,1.353453065244092,1.353453065244092,1.353453065244092,1.353453065244092,1.3773599011370865,1.3447987357971003,1.4520537378383782,True,material_positive,True,True,True,True,True,True,True,0.006683245301246643,0.0066220685839653015,-0.008981123566627502,0.005603164434432983,0.006596274673938751
f80967dcb45f5879,1,2,25,1,25,-8.79884749651616e-05,25,25,25,25,25,25,25,0.099576536580388,0.099576536580388,0.099576536580388,0.099576536580388,0.0716707939522193,0.0409993076764014,0.1482543097176791,True,mild_harm,True,True,True,True,True,True,True,-0.0014370828866958618,-0.0014341026544570923,-0.018803566694259644,-0.0016813576221466064,-0.0014089643955230713
f8295ad66d0b502a,1,2,18,1,23,0.0001384854522026,-1,-1,-1,-1,-1,-1,-1,-0.0008499481947263,-0.0008499481947263,-0.0008499481947263,-0.0008499481947263,-0.5360400816012607,-0.5395287739319979,-0.4322737718907203,True,nearzero_positive,False,False,False,False,False,False,False,-0.08380313217639923,-0.08380313217639923,-0.08380313217639923,-0.08380313217639923,-0.08380313217639923
00d83b17d1755be3,1,2,7,0,-1,,-1,-1,-1,-1,-1,-1,-1,,,,,,,,False,no_rsm_proposal,False,False,False,False,False,False,False,,,,,
07f7850e943e5787,1,2,17,1,9,-0.0003208969734609,-1,-1,-1,-1,-1,-1,-1,-0.1973979916018529,-0.1973979916018529,-0.1973979916018529,-0.1973979916018529,-0.3966052886275528,-0.3979038420312505,-0.2906488399899729,True,mild_harm,False,False,False,False,False,False,False,-0.031193017959594727,-0.031193017959594727,-0.031193017959594727,-0.031193017959594727,-0.031193017959594727
0bd45dc9e3a759c2,1,2,17,1,17,0.000105648253858,-1,-1,-1,-1,-1,-1,-1,-0.0491502720382282,-0.1139694647562644,-0.1535707826588385,-0.0920607453927267,-0.2496729300296604,-0.2529147195882603,-0.1456597175469826,True,nearzero_positive,False,False,False,False,False,False,False,-0.035188883543014526,-0.034739524126052856,-0.03215143084526062,-0.026362746953964233,-0.03449796140193939
183eebcd18325090,1,2,12,1,22,-2.6754828193224865e-05,-1,-1,-1,-1,-1,-1,22,-0.0662978432413972,-0.0662978432413972,-0.0662978432413972,-0.0662978432413972,-0.0749566261693814,-0.0750130693429543,0.0322419326983232,True,mild_harm,False,False,False,False,False,False,True,-0.0013558417558670044,-0.0013558417558670044,-0.0013558417558670044,-0.0013558417558670044,-0.0013558417558670044
19b32f02944d51ad,1,2,19,1,20,4.461837168800997e-05,-1,-1,-1,-1,-1,-1,-1,-0.0019317958303994,-0.0019317958303994,-0.0019317958303994,-0.0019317958303994,-0.2366414446586265,-0.2381714238206207,-0.1309164217793431,True,nearzero_positive,False,False,False,False,False,False,False,-0.03675217926502228,-0.03675217926502228,-0.03675217926502228,-0.03675217926502228,-0.03675217926502228
1de30d88d7e15d70,1,2,11,1,4,0.0004073154002428,-1,-1,-1,-1,-1,-1,-1,-0.1069080151793301,-0.1278310714773245,-0.1222502815965471,-0.1224356933064312,-0.1432342170033085,-0.1604791278581041,-0.0532241258168264,True,nearzero_positive,False,False,False,False,False,False,False,-0.00920899212360382,-0.01230311393737793,-0.00040187686681747437,-0.0028823986649513245,-0.006643220782279968
351a31864bda5923,1,2,12,1,9,-0.0003158109522206,-1,-1,-1,-1,-1,-1,-1,-0.1578984658755699,-0.1566867651135663,-0.1572445426442346,-0.155793526506646,-0.5082716156439429,-0.5106422783393005,-0.4033872762980229,True,mild_harm,False,False,False,False,False,False,False,-0.05483633279800415,-0.054837316274642944,-0.054832279682159424,-0.054897159337997437,-0.05483812093734741
42e1302d4d595015,1,2,24,0,23,-3.214230805159701e-05,-1,-1,-1,-1,-1,-1,-1,-0.0238772594682052,-0.0238772594682052,-0.0238772594682052,-0.0238772594682052,-0.3253453258438253,-0.3220589930129388,-0.2148039909716611,True,mild_harm,False,False,False,False,False,False,False,-0.048218682408332825,-0.048218682408332825,-0.048218682408332825,-0.04516313970088959,-0.048218682408332825
436d539f02525dbf,1,2,9,1,-1,,-1,-1,-1,-1,-1,-1,-1,,,,,,,,False,no_rsm_proposal,False,False,False,False,False,False,False,,,,,
53791dfcfb555d8b,1,2,13,0,-1,,-1,-1,-1,-1,-1,-1,-1,,,,,,,,False,no_rsm_proposal,False,False,False,False,False,False,False,,,,,
5787abf0e35d54cf,1,2,12,1,9,-0.0003529437301916,-1,-1,-1,-1,-1,-1,9,-0.1807149867705499,-0.1807149867705499,-0.1807149867705499,-0.1807149867705499,-0.088113809797917,-0.0875101794322647,0.0197448226090128,True,mild_harm,False,False,False,False,False,False,True,0.014500021934509277,0.014500021934509277,0.014500021934509277,0.014500021934509277,0.014500021934509277
6a860de43c125dbf,1,2,17,1,9,0.0001310493692754,-1,-1,-1,-1,9,9,9,-0.0207338200512709,-0.0195482814784502,-0.0200784578866507,-0.019243527695115,0.1083257325401592,0.1092238325385504,0.2164788345798281,True,nearzero_positive,False,False,False,False,True,True,True,0.0202006995677948,0.020199239253997803,0.020179957151412964,0.020230978727340698,0.02018079161643982
7b1eb807d4d95132,1,2,17,0,6,-0.0012438182294368,-1,-1,-1,-1,-1,-1,-1,-0.1209107235448884,-0.1209107235448884,-0.1209107235448884,-0.1209107235448884,-0.1266307789827466,-0.1266680657567206,-0.0194130637154429,True,mild_harm,False,False,False,False,False,False,False,-0.0008956789970397949,-0.0008956789970397949,-0.0008956789970397949,-0.0008956789970397949,-0.0008956789970397949
89ec4c93349d5b58,1,2,25,1,22,-5.431908551845055e-05,22,22,22,22,-1,-1,22,0.0183105457603767,0.0183105457603767,0.0183105457603767,0.0183105457603767,-0.0395791788032206,-0.0399565389702106,0.067298463071067,True,mild_harm,True,True,True,True,False,False,True,-0.009064704179763794,-0.009064704179763794,-0.009064704179763794,-0.009064704179763794,-0.009064704179763794
a3fff53e9f375592,1,2,6,1,-1,,-1,-1,-1,-1,-1,-1,-1,,,,,,,,False,no_rsm_proposal,False,False,False,False,False,False,False,,,,,
a6bf958e054951f3,1,2,16,0,7,-0.0005569157022051,-1,-1,-1,-1,-1,-1,-1,-0.1429891229340991,-0.1429891229340991,-0.1429891229340991,-0.1429891229340991,-0.2122528201134596,-0.2127043226992978,-0.1054493206580202,True,mild_harm,False,False,False,False,False,False,False,-0.01084570586681366,-0.01084570586681366,-0.01084570586681366,-0.01084570586681366,-0.01084570586681366
ad9cdad9769f572f,1,2,15,1,10,-8.041050173335229e-05,-1,-1,-1,-1,-1,-1,-1,-0.0810169963580562,-0.0810169963580562,-0.0810169963580562,-0.0810169963580562,-0.1414641604173957,-0.1369239222263259,-0.0296689201850482,True,mild_harm,False,False,False,False,False,False,False,-0.011178448796272278,-0.0123538076877594,-0.01503761112689972,-0.0031671077013015747,-0.01184314489364624
c2c39f197ef95b97,1,2,25,1,20,5.784040018896874e-05,-1,-1,-1,-1,-1,-1,-1,-0.001489065722496,-0.001489065722496,-0.001489065722496,-0.001489065722496,-0.2188015070170375,-0.2188273033416569,-0.1115723013003792,True,nearzero_positive,False,False,False,False,False,False,False,-0.02823197841644287,-0.032513007521629333,-0.037060901522636414,-0.037060901522636414,-0.03348711133003235
cf7a886f70be5245,1,2,14,1,20,0.0004713724773375,20,20,20,20,20,20,20,0.1561014722092734,0.1561014722092734,0.1561014722092734,0.1561014722092734,0.2146727232804089,0.2375639955142391,0.3448189975555167,True,nearzero_positive,True,True,True,True,True,True,True,0.007998965680599213,0.017926007509231567,0.006004549562931061,0.004723295569419861,0.014047980308532715
d7ed9fbf26d0502e,1,2,14,1,9,-0.000349602394551,-1,-1,-1,-1,9,9,9,-0.1766619069746269,-0.1743375921671316,-0.1752762142212418,-0.173960734393846,0.2571088090701289,0.198822035145884,0.3060770371871616,True,mild_harm,False,False,False,False,True,True,True,0.042527079582214355,0.062146514654159546,0.07632739841938019,0.07935237884521484,0.06902307271957397
e9922a266cc35210,1,2,1,0,-1,,-1,-1,-1,-1,-1,-1,-1,,,,,,,,False,no_rsm_proposal,False,False,False,False,False,False,False,,,,,
eef9e53ca3eb51a8,1,2,8,0,2,-1.8450037153049488,-1,-1,-1,-1,-1,-1,-1,-0.3828688621139297,-0.3828688621139297,-0.3828688621139297,-0.3828688621139297,-0.3467426968895651,-0.2727603984925253,-0.1655053964512476,True,catastrophe,False,False,False,False,False,False,False,-0.0009356364607810974,-0.0010551586747169495,0.034339115023612976,0.00162602961063385,-0.0009593814611434937
f19973f839e35f20,1,2,4,1,-1,,-1,-1,-1,-1,-1,-1,-1,,,,,,,,False,no_rsm_proposal,False,False,False,False,False,False,False,,,,,
02fca515559f520d,1,2,11,1,0,-5.087164717831882e-05,-1,-1,-1,-1,-1,-1,0,-0.0846660008741357,-0.0846660008741357,-0.0846660008741357,-0.0846660008741357,-0.088137022403186,-0.0881596486166237,0.0190953534246538,True,mild_harm,False,False,False,False,False,False,True,-0.0005435124039649963,-0.0005435124039649963,-0.0005435124039649963,-0.0005435124039649963,-0.0005435124039649963
115efd50328f5ecc,1,2,18,1,-1,,-1,-1,-1,-1,-1,-1,-1,,,,,,,,False,no_rsm_proposal,False,False,False,False,False,False,False,,,,,
117049ed19db55a2,1,2,20,1,25,-0.0005033181324601,-1,-1,-1,-1,25,25,25,-0.0324441476478032,-0.0324441476478032,-0.0324441476478032,-0.0324441476478032,0.0959379231228749,0.0967747949516788,0.2040297969929565,True,mild_harm,False,False,False,False,True,True,True,0.02010279893875122,0.02010279893875122,0.02010279893875122,0.02010279893875122,0.02010279893875122
2154d495b9b657a5,1,2,3,0,6,-1.220322729590535,6,6,6,6,6,6,6,1.0988049174796584,1.294076922523019,1.4170686131198824,1.2328125589218948,1.3118043145779057,1.0889295478810983,1.1961845499223762,True,catastrophe,True,True,True,True,True,True,True,0.05134311318397522,0.05184842646121979,-0.0546877384185791,0.047321826219558716,0.051604390144348145
2c572f2c1c485fc0,1,2,16,1,-1,,-1,-1,-1,-1,-1,-1,-1,,,,,,,,False,no_rsm_proposal,False,False,False,False,False,False,False,,,,,
3152efff212c51ff,1,2,3,1,1,-0.0102287174349422,1,1,1,1,1,1,1,0.1656855823945831,0.1952518946933557,0.1863378363931713,0.195140651241589,0.0055775117203011,0.0045338306742865,0.1117888327155641,True,mild_harm,True,True,True,True,True,True,True,-0.025070637464523315,-0.025070637464523315,-0.025070637464523315,-0.025070637464523315,-0.025070637464523315
327d5cdfdd695e7e,1,2,17,1,3,0.0001152485769475,3,3,3,3,-1,-1,-1,0.0656595067036951,0.0752182848247613,0.0723363729857509,0.0751823198568575,-0.1680065850617187,-0.169529761688886,-0.0622747596476083,True,nearzero_positive,True,True,True,True,False,False,False,-0.036588773131370544,-0.036588773131370544,-0.036588773131370544,-0.036588773131370544,-0.036588773131370544
64fe109ec6a858ec,1,2,24,1,14,-0.0001836422961903,-1,-1,-1,-1,14,14,14,-0.0321693945919977,-0.0321693945919977,-0.0321693945919977,-0.0321693945919977,0.077439926639725,0.078156092670883,0.1854110947121606,True,mild_harm,False,False,False,False,True,True,True,0.017163172364234924,0.017163172364234924,0.017163172364234924,0.017163187265396118,0.017163902521133423
6c95d9b03b7a5944,1,2,6,1,10,-0.0025507494289427,-1,-1,-1,-1,-1,-1,-1,-0.1655593154085246,-0.1652520126863691,-0.1650584587053735,-0.1636071034668539,-0.0700687288699383,-0.1814255448410749,-0.0741705427997972,True,mild_harm,False,False,False,False,False,False,False,0.017547715455293655,0.0032990872859954834,-0.028599530458450317,0.041930824518203735,0.009374875575304031
73963278f6eb5002,1,2,10,1,18,0.0,-1,-1,-1,-1,-1,-1,18,-0.0246932967652138,-0.0246932967652138,-0.0246932967652138,-0.0246932967652138,-0.0246932967652138,-0.0246932967652138,0.0825617052760637,True,mild_harm,False,False,False,False,False,False,True,0.0,0.0,0.0,0.0,0.0
799dcf813dba5d8a,1,2,6,0,4,-0.0031884899966418,-1,-1,-1,-1,-1,-1,-1,-0.0962346626751186,-0.135624770792593,-0.1237488994745352,-0.1354765652420272,-1.0640834594768236,-1.0611028971268412,-0.9538478950855636,True,mild_harm,False,False,False,False,False,False,False,-0.13772225379943848,-0.14883655309677124,-0.15418138355016708,-0.160538449883461,-0.15156537294387817
7b6dfa3d4bc553a9,1,2,15,1,15,0.0,-1,-1,-1,-1,-1,-1,15,-0.0201149192399834,-0.0201149192399834,-0.0201149192399834,-0.0201149192399834,-0.0201149192399834,-0.0201149192399834,0.0871400828012942,True,mild_harm,False,False,False,False,False,False,True,0.0,0.0,0.0,0.0,0.0
842b7f0b68fc5245,1,2,16,1,20,1.2322185659539886,-1,-1,-1,-1,20,20,20,-0.0179982913582492,-0.0738013911294632,-0.0257011170724582,-0.0246899398637493,0.6050607957639458,0.5894239605318179,0.6966789625730956,True,material_positive,False,False,False,False,True,True,True,0.10100585222244263,0.0899009108543396,0.1015939712524414,0.1015939712524414,0.08801102638244629
86839ab67df151f2,1,2,9,1,1,7.329354990481818e-05,-1,-1,-1,-1,1,1,1,-0.0312049786495802,-0.0312049786495802,-0.0312049786495802,-0.0312049786495802,0.0843376098603132,0.0850907861938196,0.1923457882350973,True,nearzero_positive,False,False,False,False,True,True,True,0.0180923193693161,0.0180923193693161,0.0180923193693161,0.0180923193693161,0.0180923193693161
9a3e4f2df62b54fa,1,2,14,0,22,-0.000212181274418,-1,-1,-1,-1,-1,-1,-1,-0.0537527935339988,-0.0473378942718276,-0.0432974862990503,-0.0494054174889973,-0.0953896475695378,-0.1097372930509475,-0.0024822910096699,True,mild_harm,False,False,False,False,False,False,False,-0.0071779340505599976,-0.002967946231365204,0.000854000449180603,-0.011994391679763794,-0.005366601049900055
a7c4607a69e55039,1,2,17,1,23,-0.0001578706935048,23,23,23,23,-1,-1,23,0.0044680114701232,0.0044680114701232,0.0044680114701232,0.0044680114701232,-0.0934981679218239,-0.094136770611565,0.0131182314297126,True,mild_harm,True,True,True,True,False,False,True,-0.015340104699134827,-0.015340104699134827,-0.015340104699134827,-0.015340104699134827,-0.015340104699134827
c608632e83a659ca,1,2,27,1,-1,,-1,-1,-1,-1,-1,-1,-1,,,,,,,,False,no_rsm_proposal,False,False,False,False,False,False,False,,,,,
d022d382b3aa5fa1,1,2,10,1,-1,,-1,-1,-1,-1,-1,-1,-1,,,,,,,,False,no_rsm_proposal,False,False,False,False,False,False,False,,,,,
d07acbfa3a6e55b0,1,2,17,1,3,-0.0001263671795837,-1,-1,-1,-1,3,3,3,-0.0807233144084212,-0.0794348780915304,-0.0798233335853634,-0.0794397258419644,0.0083037319637077,0.0088840639887578,0.1161390660300354,True,mild_harm,False,False,False,False,True,True,True,0.013940364122390747,0.013940364122390747,0.013940364122390747,0.013940364122390747,0.013940364122390747
e88d31e512eb52aa,1,2,23,1,20,0.0001063138395562,20,-1,-1,-1,20,20,20,0.0002626552834332,-0.3894741379661732,-0.6659710100376907,-0.2560897829070859,0.2218647830811972,0.1869732998564237,0.2942283018977014,True,nearzero_positive,True,False,False,False,True,True,True,0.041461825370788574,0.017909377813339233,0.020567595958709717,0.041520386934280396,0.041440218687057495
fc25adef73d35a71,1,2,6,1,9,-0.0005650871805846,-1,-1,-1,-1,-1,-1,-1,-0.135939498441378,-0.1266236990773304,-0.1242265095554049,-0.1265977769307924,-0.4668114587083685,-0.1534749540104012,-0.0462199519691235,True,mild_harm,False,False,False,False,False,False,False,-0.07452362775802612,0.07089468836784363,-0.07452362775802612,-0.07452362775802612,-0.07452362775802612
06f2c0171372558e,1,2,14,0,9,-0.0002192424658685,-1,-1,-1,-1,-1,-1,-1,-0.1318771233286076,-0.0990721071102447,-0.1031089618430399,-0.1037971680627132,-0.5981108509958641,-0.529538886297983,-0.4222838842567053,True,mild_harm,False,False,False,False,False,False,False,-0.10204654932022095,-0.10204058885574341,-0.04880926012992859,-0.044712573289871216,-0.10200425982475281
1139bbb1cfe35d48,1,2,2,1,1,0.0015995440794149,-1,-1,-1,-1,1,1,1,-0.0814229777108427,-0.1328460995597301,-0.1422578753710135,-0.0416115402437143,0.2548373449343205,0.4204526445944261,0.5277076466357038,True,nearzero_positive,False,False,False,False,True,True,True,0.0022621750831604004,-0.0065018534660339355,-0.011312276124954224,0.15327277779579163,-0.0010163187980651855
190db336fe0e515f,1,2,4,0,9,-0.000611153855361,-1,9,9,9,-1,-1,-1,-0.0146516142084714,0.0817641899897581,0.0316790158062919,0.0657036237330964,-0.1188963128449431,-0.207096122318151,-0.0998411202768734,True,mild_harm,False,True,True,True,False,False,False,-0.05243058502674103,-0.03312535583972931,-0.06509833037853241,0.024435609579086304,-0.00026835501194000244
1bf5b342d1b052c3,1,2,3,0,11,-0.0001951636242678,-1,-1,-1,-1,-1,-1,11,-0.0452278713839632,-0.0453715574229802,-0.0453201789541913,-0.0452937578863378,-0.0500750648686068,-0.0782337817577564,0.0290212202835211,True,mild_harm,False,False,False,False,False,False,True,0.0011532306671142578,0.0011324882507324219,-0.01169845461845398,0.0014074742794036865,0.0011143386363983154
1da0d8dce4485189,1,2,12,0,4,-0.009133773411857,-1,-1,-1,-1,-1,-1,-1,-0.03300843955629,-0.03300843955629,-0.03300843955629,-0.03300843955629,-0.1391958355098348,-0.1506445723912408,-0.0433895703499631,True,mild_harm,False,False,False,False,False,False,False,-0.013926476240158081,-0.020810961723327637,-0.024192750453948975,-0.013926476240158081,-0.013926476240158081
21f2c3689d765b09,1,2,1,1,-1,,-1,-1,-1,-1,-1,-1,-1,,,,,,,,False,no_rsm_proposal,False,False,False,False,False,False,False,,,,,
234440ab79d55e59,1,2,18,0,-1,,-1,-1,-1,-1,-1,-1,-1,,,,,,,,False,no_rsm_proposal,False,False,False,False,False,False,False,,,,,
2ababb1ca1ba5637,1,2,17,1,3,0.0001287251278991,3,3,3,3,3,3,3,0.037354415372685,0.0390386835518999,0.0385308872264416,0.0390323464813831,0.1010592631751398,0.1014745298254134,0.208729531866691,True,nearzero_positive,True,True,True,True,True,True,True,0.009975269436836243,0.009975269436836243,0.009975269436836243,0.009975269436836243,0.009975269436836243
3c6c3ba8c08e581a,1,2,16,1,-1,,-1,-1,-1,-1,-1,-1,-1,,,,,,,,False,no_rsm_proposal,False,False,False,False,False,False,False,,,,,
59b8dea90c1b5499,1,2,17,1,3,0.001022456206428,3,3,3,3,-1,-1,3,0.0387081564764262,0.0407527212610039,0.0401362977617166,0.0407450285720511,-0.027032408101967,-0.008363100768844,0.0988919012724336,True,nearzero_positive,True,True,True,True,False,False,True,-0.0166187584400177,-0.017229408025741577,-0.010000258684158325,-0.001073390245437622,-0.01738247275352478
68e20734e9415e24,1,2,4,1,9,-8.91803213395187e-05,-1,-1,-1,-1,-1,-1,-1,-0.0809014213684233,-0.0809014213684233,-0.0809014213684233,-0.0809014213684233,-0.2140069058553808,-0.2148745677458439,-0.1076195657045662,True,mild_harm,False,False,False,False,False,False,False,-0.02084241807460785,-0.02084241807460785,-0.02084241807460785,-0.02084241807460785,-0.02084241807460785
742976289d405b0d,1,2,17,0,-1,,-1,-1,-1,-1,-1,-1,-1,,,,,,,,False,no_rsm_proposal,False,False,False,False,False,False,False,,,,,
091cae980d54535d,2,3,17,0,20,-0.0001110662376973,-1,-1,-1,-1,-1,-1,20,-0.0828387147940788,-0.0828387147940788,-0.0828387147940788,-0.0828387147940788,-0.0857945411262971,-0.0118885415473455,0.0758208283716613,True,mild_harm,False,False,False,False,False,False,True,0.005598448216915131,0.003243096172809601,0.03123033046722412,-0.021037250757217407,0.0004387497901916504
0aea8543e71b5712,2,3,15,1,22,0.0,-1,-1,-1,-1,-1,-1,22,-0.0435978229130641,-0.0435978229130641,-0.0435978229130641,-0.0435978229130641,-0.0435978229130641,-0.0435978229130641,0.0441115470059427,True,mild_harm,False,False,False,False,False,False,True,0.0,0.0,0.0,0.0,0.0
122436b1207258bf,2,3,19,1,2,1.2323318207158476,2,-1,-1,-1,2,2,2,0.0083052938862351,-0.0335850713611755,-0.0207311764146,-0.0334794015608017,0.0953033768941483,0.0940945946112487,0.1818039645302556,True,material_positive,True,False,False,False,True,True,True,0.014741480350494385,0.014741480350494385,0.014741480350494385,0.014741480350494385,0.014741480350494385
1bd7b3ce5adf5826,2,3,17,1,-1,,-1,-1,-1,-1,-1,-1,-1,,,,,,,,False,no_rsm_proposal,False,False,False,False,False,False,False,,,,,
581836f4f4365cc8,2,3,18,1,1,-0.0003538411187793,1,1,1,1,1,1,1,0.1195246539136664,0.136120743648732,0.1310282983401617,0.1360788794759339,0.3394834071348401,0.3363851880396085,0.4240945579586154,True,mild_harm,True,True,True,True,True,True,True,0.03726261854171753,0.037262916564941406,0.03726138174533844,0.03725308179855347,0.03732070326805115
70b54ac4d8ae56de,2,3,1,1,-1,,-1,-1,-1,-1,-1,-1,-1,,,,,,,,False,no_rsm_proposal,False,False,False,False,False,False,False,,,,,
72eb13d3a4255179,2,3,1,0,-1,,-1,-1,-1,-1,-1,-1,-1,,,,,,,,False,no_rsm_proposal,False,False,False,False,False,False,False,,,,,
7fc2b30cb72a5d56,2,3,9,0,-1,,-1,-1,-1,-1,-1,-1,-1,,,,,,,,False,no_rsm_proposal,False,False,False,False,False,False,False,,,,,
83aa0b7439d45dd8,2,3,5,1,-1,,-1,-1,-1,-1,-1,-1,-1,,,,,,,,False,no_rsm_proposal,False,False,False,False,False,False,False,,,,,
8675d815740a5a0b,2,3,22,1,-1,,-1,-1,-1,-1,-1,-1,-1,,,,,,,,False,no_rsm_proposal,False,False,False,False,False,False,False,,,,,
9070daa02ad0542c,2,3,3,1,-1,,-1,-1,-1,-1,-1,-1,-1,,,,,,,,False,no_rsm_proposal,False,False,False,False,False,False,False,,,,,
9771a60ee60a5d27,2,3,5,0,-1,,-1,-1,-1,-1,-1,-1,-1,,,,,,,,False,no_rsm_proposal,False,False,False,False,False,False,False,,,,,
9c2eb9c5b45f522b,2,3,29,1,25,3.822718737644948e-05,25,25,25,25,25,25,25,0.0314038892875305,0.031175175281732,0.0312453552810226,0.0311757522202047,0.0778441267791658,0.0778754370900409,0.1655848070090479,True,nearzero_positive,True,True,True,True,True,True,True,0.007815957069396973,0.007815957069396973,0.008159756660461426,0.007815957069396973,0.007815957069396973
bb1419c18f39553e,2,3,21,1,22,0.0,-1,-1,-1,-1,-1,-1,22,-0.0163203631149918,-0.0163203631149918,-0.0163203631149918,-0.0163203631149918,-0.0163203631149918,-0.0163203631149918,0.0713890068040151,True,mild_harm,False,False,False,False,False,False,True,0.0,0.0,0.0,0.0,0.0
c56712e13eb759f5,2,3,1,0,-1,,-1,-1,-1,-1,-1,-1,-1,,,,,,,,False,no_rsm_proposal,False,False,False,False,False,False,False,,,,,
b003a3bfbdb252e3,2,3,10,1,26,0.9897842141886242,-1,-1,-1,-1,26,26,26,-0.0155039960133826,-0.0155039960133826,-0.0155039960133826,-0.0155039960133826,0.0005911552821559,0.0143015583737696,0.1020109282927765,True,material_positive,False,False,False,False,True,True,True,0.0016071200370788574,0.0016071200370788574,0.008713096380233765,0.0016071051359176636,0.0016071200370788574
0f9ba65f3e2e5c1d,2,3,2,0,25,-0.000127998102426,-1,-1,-1,-1,-1,-1,25,-0.0426836959358416,-0.0426836959358416,-0.0426836959358416,-0.0426836959358416,-0.0350344594615892,-0.0351407406715665,0.0525686292474403,True,mild_harm,False,False,False,False,False,False,True,0.0012961328029632568,0.0012961328029632568,0.0012961328029632568,0.0012961328029632568,0.0012961328029632568
2709051d421d536a,2,3,26,1,27,-1.0131592304229995e-05,-1,-1,-1,-1,-1,-1,27,-0.023258277164851,-0.023258277164851,-0.023258277164851,-0.023258277164851,-0.0535567971349405,-0.0531358187309151,0.0345735511880917,True,mild_harm,False,False,False,False,False,False,True,-0.005133964121341705,-0.005133964121341705,-0.005133964121341705,-0.005133964121341705,-0.005133964121341705
2bf633d593a957ad,2,3,11,1,-1,,-1,-1,-1,-1,-1,-1,-1,,,,,,,,False,no_rsm_proposal,False,False,False,False,False,False,False,,,,,
2cfe30b626795e99,2,3,7,1,10,-0.1894030885848565,-1,-1,-1,-1,10,10,10,-0.0462179988098548,-0.0462179988098548,-0.0462179988098548,-0.0462179988098548,0.2065944068757977,0.3344112317550615,0.4221206016740685,True,mild_harm,False,False,False,False,True,True,True,0.09925509244203568,0.0562966987490654,0.0013141743838787079,0.011751838028430939,0.06169813871383667
4a42412827f55dc1,2,3,16,1,24,0.0,-1,-1,-1,-1,-1,-1,24,-0.0513179274493684,-0.0513179274493684,-0.0513179274493684,-0.0513179274493684,-0.0513179274493684,-0.0513179274493684,0.0363914424696385,True,mild_harm,False,False,False,False,False,False,True,0.0,0.0,0.0,0.0,0.0
60183447caa4548b,2,3,17,1,3,-6.448373179882786e-05,-1,-1,-1,-1,-1,-1,3,-0.0292456942196047,-0.0292456942196047,-0.0292456942196047,-0.0292456942196047,-0.0380042115667529,-0.0378825176141086,0.0498268523048982,True,mild_harm,False,False,False,False,False,False,True,-0.0014840960502624512,-0.0014840960502624512,-0.0014840960502624512,-0.0014840960502624512,-0.0014840960502624512
618892326e0c530e,2,3,24,0,17,-1.1183486133825582e-05,-1,-1,-1,-1,-1,-1,17,-0.0232513731824947,-0.0232513731824947,-0.0232513731824947,-0.0232513731824947,-0.0534409789016659,-0.053021513790949,0.0346878561280578,True,mild_harm,False,False,False,False,False,False,True,-0.005115509033203125,-0.005115509033203125,-0.005115509033203125,-0.005115509033203125,-0.005115509033203125
63d0c4a8acfa5fc2,2,3,1,0,-1,,-1,-1,-1,-1,-1,-1,-1,,,,,,,,False,no_rsm_proposal,False,False,False,False,False,False,False,,,,,
8aeb517756f55681,2,3,14,1,15,1.1431345063428466e-05,15,15,15,15,15,15,15,0.0121517506648763,0.0121517506648763,0.0121517506648763,0.0121517506648763,0.0031527161790433,0.003277751962288,0.0909871218812949,True,nearzero_positive,True,True,True,True,True,True,True,-0.0015248507261276245,-0.0015248507261276245,-0.0015248507261276245,-0.0015248507261276245,-0.0015248507261276245
ab77602df4a154f7,2,3,11,1,10,-0.0001715479505914,-1,-1,-1,-1,-1,-1,10,-0.007018929752632,-0.007018929752632,-0.007018929752632,-0.007018929752632,-0.0073125629248691,-0.007308483081222,0.0804008868377849,True,mild_harm,False,False,False,False,False,False,True,-4.9754977226257324e-05,-4.9754977226257324e-05,-4.9754977226257324e-05,-4.9754977226257324e-05,-4.9754977226257324e-05
acdcf9be0fc85495,2,3,23,1,13,1.6302977381565595e-05,-1,-1,-1,-1,-1,-1,-1,-0.0429481633970208,-0.0429481633970208,-0.0429481633970208,-0.0429481633970208,-0.0922586617905005,-0.0915735242017381,-0.0038641542827311,True,nearzero_positive,False,False,False,False,False,False,False,-0.008355468511581421,-0.008355468511581421,-0.008355468511581421,-0.008355468511581421,-0.008355468511581421
be58ded948ea5c00,2,3,4,0,2,-0.0012929431468249,2,2,2,2,2,2,2,0.2078273450436763,0.2046887278436418,0.2056518002715971,0.2046966451069795,0.1817269703844109,0.1820896182655407,0.2697989881845476,True,mild_harm,True,True,True,True,True,True,True,-0.004422605037689209,-0.004422605037689209,-0.004422605037689209,-0.004422605037689209,-0.004422605037689209
d74df20dba705137,2,3,19,1,23,-8.57298430055383e-05,-1,-1,-1,-1,-1,-1,23,-0.0710939177998981,-0.0710939177998981,-0.0710939177998981,-0.0710939177998981,-0.0811251093814326,-0.0809857324406896,0.0067236374783172,True,mild_harm,False,False,False,False,False,False,True,-0.0016997456550598145,-0.0016997456550598145,-0.0016997456550598145,-0.0016997456550598145,-0.0016997456550598145
ec0f4f7c37615b20,2,3,5,0,2,-0.7737388310596343,-1,-1,-1,-1,-1,-1,-1,-0.2884811745154493,-0.2884811745154493,-0.2884811745154493,-0.2884811745154493,-0.4708721361652248,-0.4683379313255245,-0.3806285614065176,True,catastrophe,False,False,False,False,False,False,False,-0.030905425548553467,-0.030905425548553467,-0.030905425548553467,-0.030905425548553467,-0.030905425548553467
ec57eef8dffd515e,2,3,1,0,-1,,-1,-1,-1,-1,-1,-1,-1,,,,,,,,False,no_rsm_proposal,False,False,False,False,False,False,False,,,,,
f73c53f115a550d5,2,3,17,1,-1,,-1,-1,-1,-1,-1,-1,-1,,,,,,,,False,no_rsm_proposal,False,False,False,False,False,False,False,,,,,
06f8d2f6dca3537c,2,3,6,0,-1,,-1,-1,-1,-1,-1,-1,-1,,,,,,,,False,no_rsm_proposal,False,False,False,False,False,False,False,,,,,
79e0120026c25eed,2,3,2,1,-1,,-1,-1,-1,-1,-1,-1,-1,,,,,,,,False,no_rsm_proposal,False,False,False,False,False,False,False,,,,,
884e1c90e87b5fab,2,3,16,1,7,-2.0925029926001974e-05,-1,7,7,7,-1,-1,-1,-0.0005398697315348,0.0015680593520763,0.0009212495466344,0.0015627420328277,-0.1389010692440949,-0.1369786295669316,-0.0492692596479246,True,mild_harm,False,True,True,True,False,False,False,-0.023444756865501404,-0.023444756865501404,-0.023444756865501404,-0.023444756865501404,-0.023444756865501404
8c1a6d183a275d96,2,3,12,0,-1,,-1,-1,-1,-1,-1,-1,-1,,,,,,,,False,no_rsm_proposal,False,False,False,False,False,False,False,,,,,
bd8986c6178e5d2a,2,3,1,0,-1,,-1,-1,-1,-1,-1,-1,-1,,,,,,,,False,no_rsm_proposal,False,False,False,False,False,False,False,,,,,
c1dd6c577b0f573a,2,3,5,0,1,-0.2477531754664172,-1,1,1,1,-1,-1,-1,-0.1784255359785993,0.072491379463164,0.1586683305313017,0.0778882500905267,-0.120218540030418,-0.1179845773087693,-0.0302752073897623,True,mild_harm,False,True,True,True,False,False,False,0.026265695691108704,0.01130436360836029,0.006393246352672577,0.006393246352672577,0.011170044541358948
d1d6c7f48e6d5708,2,3,15,0,-1,,-1,-1,-1,-1,-1,-1,-1,,,,,,,,False,no_rsm_proposal,False,False,False,False,False,False,False,,,,,
0fd565e4e40058b8,2,3,15,1,-1,,-1,-1,-1,-1,-1,-1,-1,,,,,,,,False,no_rsm_proposal,False,False,False,False,False,False,False,,,,,
25708e54a75c59eb,2,3,17,0,-1,,-1,-1,-1,-1,-1,-1,-1,,,,,,,,False,no_rsm_proposal,False,False,False,False,False,False,False,,,,,
321b3f53510c5059,2,3,7,1,-1,,-1,-1,-1,-1,-1,-1,-1,,,,,,,,False,no_rsm_proposal,False,False,False,False,False,False,False,,,,,
3e07748ebae855b8,2,3,12,1,23,-2.1420662570744223e-05,-1,-1,-1,-1,-1,-1,23,-0.0399101618158537,-0.0386754862078139,-0.0394439872667652,-0.0379794657715402,-0.0433477850348185,-0.0366610431517016,0.0510483267673052,True,mild_harm,False,False,False,False,False,False,True,-0.0011059045791625977,-0.0010147541761398315,0.0022695064544677734,-0.0011967122554779053,-0.001025184988975525
46f297276986585b,2,3,4,0,-1,,-1,-1,-1,-1,-1,-1,-1,,,,,,,,False,no_rsm_proposal,False,False,False,False,False,False,False,,,,,
4d6fb0d27a0f51ce,2,3,7,1,-1,,-1,-1,-1,-1,-1,-1,-1,,,,,,,,False,no_rsm_proposal,False,False,False,False,False,False,False,,,,,
5583fb05984f5685,2,3,17,0,2,-0.0004475013362128,-1,-1,-1,-1,-1,-1,-1,-0.069918146166556,-0.0696999328037872,-0.0688148548471071,-0.0689130839775135,-0.2489807484706163,-0.333599791579081,-0.245890421660074,True,mild_harm,False,False,False,False,False,False,False,-0.014077559113502502,-0.013423964381217957,-0.06776121258735657,-0.036207765340805054,-0.012757763266563416
97b8db1dfd4f5fb3,2,3,18,1,-1,,-1,-1,-1,-1,-1,-1,-1,,,,,,,,False,no_rsm_proposal,False,False,False,False,False,False,False,,,,,
edf9d12992c9551c,2,3,16,1,13,0.0,-1,-1,-1,-1,-1,-1,13,-0.0381130042309453,-0.0381130042309453,-0.0381130042309453,-0.0381130042309453,-0.0381130042309453,-0.0381130042309453,0.0495963656880616,True,mild_harm,False,False,False,False,False,False,True,0.0,0.0,0.0,0.0,0.0
f94f2bcde8345a9a,2,3,3,0,15,0.0,-1,-1,-1,-1,-1,-1,15,-0.0521806319378804,-0.0521806319378804,-0.0521806319378804,-0.0521806319378804,-0.0521806319378804,-0.0521806319378804,0.0355287379811265,True,mild_harm,False,False,False,False,False,False,True,0.0,0.0,0.0,0.0,0.0
0bb64f8f31ba5310,2,3,17,1,-1,,-1,-1,-1,-1,-1,-1,-1,,,,,,,,False,no_rsm_proposal,False,False,False,False,False,False,False,,,,,
440a7c7dd1395be4,2,3,17,1,22,0.0054980933307104,22,22,22,22,22,22,22,0.0795708657337044,0.0795708657337044,0.0795708657337044,0.0795708657337044,0.005815559647277,0.0068403420813801,0.094549712000387,True,nearzero_positive,True,True,True,True,True,True,True,-0.012497544288635254,-0.012497544288635254,-0.012497544288635254,-0.012497544288635254,-0.012497544288635254
630c3828efa0518a,2,3,17,0,-1,,-1,-1,-1,-1,-1,-1,-1,,,,,,,,False,no_rsm_proposal,False,False,False,False,False,False,False,,,,,
66a39f4cabc85bc4,2,3,14,1,6,-1.1789312648981811,-1,-1,-1,-1,-1,-1,-1,-0.1420243259542746,-0.3473132972698746,-0.3411869174574841,-0.3859573880989896,-0.4867777837075142,-0.4917222786575441,-0.4040129087385371,True,catastrophe,False,False,False,False,False,False,False,-0.028039097785949707,-0.013354107737541199,-0.06259894371032715,-0.10520237684249878,-0.017360836267471313
684af4044c445d01,2,3,4,1,9,-6.066455971449631e-05,-1,-1,-1,-1,-1,-1,9,-0.073074162374607,-0.0685808872191533,-0.0699596311492466,-0.0685922216509705,-0.0431279758290656,-0.0435440587872775,0.0441653111317294,True,mild_harm,False,False,False,False,False,False,True,0.005074262619018555,0.005074262619018555,0.005074262619018555,0.005074262619018555,0.005074262619018555
69f12cf621135ce3,2,3,17,1,-1,,-1,-1,-1,-1,-1,-1,-1,,,,,,,,False,no_rsm_proposal,False,False,False,False,False,False,False,,,,,
71589a780d925ed6,2,3,17,1,3,0.9912868022998796,-1,3,3,3,-1,-1,3,-0.0028363543421509,0.0311789286575107,0.0453818295908763,0.0203465174620192,-0.1809340896657577,-0.0027198203037241,0.0849895496152828,True,material_positive,False,True,True,True,False,False,True,-0.04376062750816345,-0.043874651193618774,0.045316994190216064,-0.04328617453575134,-0.043865740299224854
7c39359aaa345e52,2,3,11,1,9,0.0004377499253883,-1,-1,-1,-1,-1,-1,-1,-0.0793108745568912,-0.2088441068054326,-0.1690973404647875,-0.2085173550401364,-0.204023913469666,-0.2022910628961433,-0.1145816929771364,True,nearzero_positive,False,False,False,False,False,False,False,-0.02113214135169983,-0.02113211154937744,-0.02113214135169983,-0.021132171154022217,-0.02113211154937744
93ccd00db2005d2d,2,3,17,1,-1,,-1,-1,-1,-1,-1,-1,-1,,,,,,,,False,no_rsm_proposal,False,False,False,False,False,False,False,,,,,
a1c64a274ecc54b0,2,3,1,1,20,9.327751190868484e-05,-1,-1,-1,-1,20,20,20,-0.019394977721152,-0.0184533200567017,-0.0189289418113345,-0.0183864017640923,0.0279238365524148,0.015055359315102,0.1027647292341089,True,nearzero_positive,False,False,False,False,True,True,True,0.01611459255218506,0.006199508905410767,0.007095083594322205,0.007178708910942078,0.0027723312377929688
a71d387393a559d4,2,3,17,1,-1,,-1,-1,-1,-1,-1,-1,-1,,,,,,,,False,no_rsm_proposal,False,False,False,False,False,False,False,,,,,
c65275d1d5af5014,2,3,17,0,3,-0.0002589660743251,3,-1,-1,-1,-1,-1,3,0.0778033064220765,-0.3052820026380524,-0.1877337719374462,-0.3043156575633439,-0.0098848813461495,-0.0086665309795562,0.0790428389394506,True,mild_harm,True,False,False,False,False,False,True,-0.014858394861221313,-0.014858394861221313,-0.014858424663543701,-0.014858424663543701,-0.014858394861221313
cd7aee35baa65cec,2,3,16,1,-1,,-1,-1,-1,-1,-1,-1,-1,,,,,,,,False,no_rsm_proposal,False,False,False,False,False,False,False,,,,,
dc6d75a4555c5fd6,2,3,10,1,21,3.0565711064264086e-05,-1,-1,-1,-1,-1,-1,21,-0.0780733248875272,-0.0780733248875272,-0.0780733248875272,-0.0780733248875272,-0.0278993798617554,-0.0285964984410425,0.0591128714779643,True,nearzero_positive,False,False,False,False,False,False,True,0.008501783013343811,0.008501783013343811,0.008501768112182617,0.008501783013343811,0.008501768112182617
24e5d608f799503b,2,3,17,1,-1,,-1,-1,-1,-1,-1,-1,-1,,,,,,,,False,no_rsm_proposal,False,False,False,False,False,False,False,,,,,
2fdb08ec2f205723,2,3,17,1,-1,,-1,-1,-1,-1,-1,-1,-1,,,,,,,,False,no_rsm_proposal,False,False,False,False,False,False,False,,,,,
77e69dcde5805f89,2,3,17,1,-1,,-1,-1,-1,-1,-1,-1,-1,,,,,,,,False,no_rsm_proposal,False,False,False,False,False,False,False,,,,,
79a429b2a2b450e7,2,3,17,1,3,4.5840236171379445e-05,-1,3,3,3,-1,-1,3,-0.0549391677490245,0.0940069532898845,0.0184368795766034,0.1821704891978165,-0.0900860182260378,-0.0777071546506644,0.0100022152683425,True,nearzero_positive,False,True,True,True,False,False,True,-0.01923730969429016,3.598630428314209e-05,0.005142107605934143,-0.0008475184440612793,-0.01752328872680664
8724d825e1c15a99,2,3,18,1,3,0.0005389120473116,-1,-1,-1,-1,-1,-1,-1,-0.0690280172808222,-0.0911434715686523,-0.0965186250490257,-0.0911611849384394,-0.2459036172497502,-0.2713551701808435,-0.1836458002618366,True,nearzero_positive,False,False,False,False,False,False,False,-0.03458097577095032,-0.005168527364730835,-0.012961894273757935,-0.04920479655265808,-0.02284979820251465
dd63e7a132215419,2,3,9,1,-1,,-1,-1,-1,-1,-1,-1,-1,,,,,,,,False,no_rsm_proposal,False,False,False,False,False,False,False,,,,,
0e59b30dfd9d5121,2,3,19,1,21,0.000267652710434,-1,-1,-1,-1,-1,-1,-1,-0.0178473428725862,-0.0301424457898916,-0.0661058708335049,-0.0379267372289814,-0.1734644018183732,-0.2267183191201432,-0.1390089492011362,True,nearzero_positive,False,False,False,False,False,False,False,-0.048668235540390015,-0.050174564123153687,-0.015922829508781433,0.0331612229347229,-0.1130647361278534
38eeabce6a485364,2,3,15,1,-1,,-1,-1,-1,-1,-1,-1,-1,,,,,,,,False,no_rsm_proposal,False,False,False,False,False,False,False,,,,,
5aa3112549445a00,2,3,4,0,20,-5.174224078752232e-06,-1,-1,-1,-1,-1,20,20,-0.0266907932467618,-0.0093476312006023,-0.0023877449399731,-0.0168036112379777,-0.0076360432483705,0.047199289752021,0.1349086596710279,True,mild_harm,False,False,False,False,False,True,True,-0.0062760114669799805,0.026898860931396484,0.0009185522794723511,-0.0009781569242477417,0.007197916507720947
683e8d239bf75a5d,2,3,17,1,22,-0.0001595440631732,-1,-1,-1,-1,-1,-1,-1,-0.0496712371730549,-0.0496712371730549,-0.0496712371730549,-0.0496712371730549,-0.1755721243919594,-0.1737932359882663,-0.0860838660692594,True,mild_harm,False,False,False,False,False,False,False,-0.021335825324058533,-0.021335825324058533,-0.021335825324058533,-0.021335825324058533,-0.021320700645446777
713177596893526a,2,3,23,1,1,0.9896099772717104,-1,-1,-1,-1,1,1,1,-0.0288152828959088,-0.0288152828959088,-0.0288152828959088,-0.0288152828959088,0.1282798860678745,0.2892276218147135,0.3769369917337205,True,material_positive,False,False,False,False,True,True,True,0.012913331389427185,0.012913450598716736,0.0966973751783371,0.013415534049272537,0.012911319732666016
8be5348ca3425c10,2,3,10,0,-1,,-1,-1,-1,-1,-1,-1,-1,,,,,,,,False,no_rsm_proposal,False,False,False,False,False,False,False,,,,,
90244d4079fe5582,2,3,13,1,1,0.0010825669911689,1,1,1,1,-1,-1,-1,0.0011527811222699,0.0011527811222699,0.0011527811222699,0.0011527811222699,-0.1429535129405147,-0.1057587561877944,-0.0180493862687875,True,nearzero_positive,True,True,True,True,False,False,False,-0.032684698700904846,-0.03733876347541809,-0.016791194677352905,-0.0093001127243042,-0.04039621353149414
a63aaf23916e5f10,2,3,8,1,0,-9.402019237750216e-05,-1,-1,-1,-1,-1,-1,-1,-0.0615337861256909,-0.0657704455667246,-0.0550867827407939,-0.0609790167105206,-0.195943033989822,-0.2332233205617249,-0.145513950642718,True,mild_harm,False,False,False,False,False,False,False,-0.009858399629592896,-0.009966462850570679,-0.03959238529205322,-0.030562832951545715,-0.01341065764427185
ac29e7c780d75eee,2,3,3,0,17,-1.1126175523124004e-06,-1,-1,-1,-1,-1,-1,17,-0.0470390419914695,-0.0456061542454793,-0.0453138842214819,-0.0464515107781171,-0.0430642448268148,-0.0358513014171552,0.0518580685018516,True,mild_harm,False,False,False,False,False,False,True,-0.0011039674282073975,0.003795802593231201,0.00023496150970458984,0.000191420316696167,0.0014310479164123535
b4a3828e9a685c84,2,3,1,0,16,0.0,-1,-1,-1,-1,-1,-1,16,-0.0372104772870941,-0.0372104772870941,-0.0372104772870941,-0.0372104772870941,-0.0372104772870941,-0.0372104772870941,0.0504988926319128,True,mild_harm,False,False,False,False,False,False,True,0.0,0.0,0.0,0.0,0.0
b9b7f27d456b5e0b,2,3,1,1,-1,,-1,-1,-1,-1,-1,-1,-1,,,,,,,,False,no_rsm_proposal,False,False,False,False,False,False,False,,,,,
c6eebddd3a955416,2,3,16,0,3,-0.0003261594811454,-1,-1,-1,-1,-1,-1,3,-0.0339152889895815,-0.0339152889895815,-0.0339152889895815,-0.0339152889895815,-0.0047451334023052,-0.0139525253988818,0.073756844520125,True,mild_harm,False,False,False,False,False,False,True,-0.0025461912155151367,-0.0014059990644454956,0.00017933547496795654,0.017465099692344666,-0.0015539303421974182
e06039dcbccd55a0,2,3,17,1,-1,,-1,-1,-1,-1,-1,-1,-1,,,,,,,,False,no_rsm_proposal,False,False,False,False,False,False,False,,,,,
ee1f7084ec1a54cf,2,3,11,0,-1,,-1,-1,-1,-1,-1,-1,-1,,,,,,,,False,no_rsm_proposal,False,False,False,False,False,False,False,,,,,
fa243f63e0525715,2,3,15,0,-1,,-1,-1,-1,-1,-1,-1,-1,,,,,,,,False,no_rsm_proposal,False,False,False,False,False,False,False,,,,,
1c3f933be722564d,2,3,2,0,7,-2.020616720138795,-1,-1,-1,-1,-1,-1,-1,-0.024374035881164,-0.0417006969168484,-0.0342196076980966,-0.0365745741877105,-0.3773543629832844,-0.3718690481965422,-0.2841596782775353,True,catastrophe,False,False,False,False,False,False,False,-0.059530556201934814,-0.060203343629837036,-0.06163167953491211,-0.05894911289215088,-0.060062676668167114
27d3a84b2d335113,2,3,13,1,0,3.223411133512874e-06,-1,-1,-1,-1,-1,-1,0,-0.0182379945229968,-0.0182379945229968,-0.0182379945229968,-0.0182379945229968,-0.0225726673869501,-0.0225124399017118,0.065196930017295,True,nearzero_positive,False,False,False,False,False,False,True,-0.0007344931364059448,-0.0007344931364059448,-0.0007344931364059448,-0.0007344931364059448,-0.0007344931364059448
37c65539bccb5da7,2,3,18,1,19,3.19452974479645e-05,19,19,19,19,19,19,19,0.130424363838848,0.130424363838848,0.130424363838848,0.130424363838848,0.1260073071385782,0.1243207385125004,0.2120301084315073,True,nearzero_positive,True,True,True,True,True,True,True,-0.0006067678332328796,-0.0014993399381637573,-0.0006067678332328796,-0.0006067678332328796,-0.0006067678332328796
3dae82a193c9501b,2,3,17,0,-1,,-1,-1,-1,-1,-1,-1,-1,,,,,,,,False,no_rsm_proposal,False,False,False,False,False,False,False,,,,,
69a069b9a6985aaf,2,3,15,1,7,0.0001744541430845,-1,-1,-1,-1,-1,-1,7,-0.0713918631522196,-0.055284526784527,-0.0597846714369989,-0.0571532547306481,-0.0530504103188745,-0.0612597306144795,0.0264496393045273,True,nearzero_positive,False,False,False,False,False,False,True,-0.00030922889709472656,-0.00026482343673706055,0.0076494887471199036,0.006645292043685913,-0.0005685091018676758
7d8759e340975895,2,3,12,1,14,0.0001328599065542,14,14,14,14,14,14,14,0.0307019255528643,0.0307019255528643,0.0307019255528643,0.0307019255528643,0.038621886711373,0.0385118439564219,0.1262212138754288,True,nearzero_positive,True,True,True,True,True,True,True,0.0013420060276985168,0.0013420060276985168,0.0013420060276985168,0.0013420060276985168,0.0013420060276985168
a99fbe3c63d15894,2,3,23,1,21,-3.527703285222117e-05,-1,-1,-1,-1,-1,-1,21,-0.0035628036422879,-0.0035628036422879,-0.0035628036422879,-0.0035628036422879,-0.0104116390919034,-0.0103164789382108,0.077392890980796,True,mild_harm,False,False,False,False,False,False,True,-0.0011605080217123032,-0.0011605080217123032,-0.0011605080217123032,-0.0011605080217123032,-0.0011605080217123032
aaf8a6e715785915,2,3,19,1,21,1.1295703612024257e-05,-1,-1,-1,-1,-1,-1,21,-0.0212535995717369,-0.0212535995717369,-0.0212535995717369,-0.0212535995717369,-0.0167477392884026,-0.0156390419611628,0.072070327957844,True,nearzero_positive,False,False,False,False,False,False,True,0.0006712377071380615,0.0006712377071380615,0.00126667320728302,0.0006633102893829346,0.0006712377071380615
adb358cddcdf5ad4,2,3,17,1,-1,,-1,-1,-1,-1,-1,-1,-1,,,,,,,,False,no_rsm_proposal,False,False,False,False,False,False,False,,,,,
ae3f167434e35c78,2,3,4,1,-1,,-1,-1,-1,-1,-1,-1,-1,,,,,,,,False,no_rsm_proposal,False,False,False,False,False,False,False,,,,,
ae62df1371af5474,2,3,9,0,-1,,-1,-1,-1,-1,-1,-1,-1,,,,,,,,False,no_rsm_proposal,False,False,False,False,False,False,False,,,,,
f0a54058d2af5c6c,2,3,16,1,4,0.0006539796369151,-1,-1,-1,-1,-1,-1,-1,-0.0640688738225068,-0.0640688738225068,-0.0640688738225068,-0.0640688738225068,-0.1531782312236724,-0.1519401141440426,-0.0642307442250357,True,nearzero_positive,False,False,False,False,False,False,False,-0.01509922742843628,-0.01509922742843628,-0.01509922742843628,-0.01509922742843628,-0.01509922742843628
f533a754e0245b89,2,3,7,1,10,-0.0028522905766963,-1,-1,-1,-1,-1,-1,10,-0.0415775695024275,-0.0415775695024275,-0.0415775695024275,-0.0415775695024275,-0.0029595748962991,-0.0034961470375124,0.0842132228814944,True,mild_harm,False,False,False,False,False,False,True,0.006543666124343872,0.006543666124343872,0.006543666124343872,0.006543666124343872,0.006543666124343872
f9c3f5c430be54aa,2,3,2,1,2,1.5646017807097174,2,2,2,2,2,2,2,0.1402687968411519,0.5631467926927999,0.3873898316029746,0.5863075521721764,0.3994964031306742,0.339069413449519,0.4267787833685259,True,material_positive,True,True,True,True,True,True,True,0.04977893829345703,0.01951390504837036,0.04058140516281128,0.0505158007144928,0.049019813537597656
02bb7e4c3012543c,2,3,8,1,-1,,-1,-1,-1,-1,-1,-1,-1,,,,,,,,False,no_rsm_proposal,False,False,False,False,False,False,False,,,,,
105b657c237a5c20,2,3,11,1,-1,,-1,-1,-1,-1,-1,-1,-1,,,,,,,,False,no_rsm_proposal,False,False,False,False,False,False,False,,,,,
11aaf0aadcfb5861,2,3,17,0,-1,,-1,-1,-1,-1,-1,-1,-1,,,,,,,,False,no_rsm_proposal,False,False,False,False,False,False,False,,,,,
22b187e4a9c25c9b,2,3,14,0,-1,,-1,-1,-1,-1,-1,-1,-1,,,,,,,,False,no_rsm_proposal,False,False,False,False,False,False,False,,,,,
2f2543566c675f13,2,3,11,1,1,4.081237241626568e-05,-1,-1,-1,-1,1,1,1,-0.0302989330726555,-0.0331492076154018,-0.0322746120055288,-0.0331420177057372,0.0118187397971294,0.0112335418823963,0.0989429118014033,True,nearzero_positive,False,False,False,False,True,True,True,0.007136672735214233,0.007136672735214233,0.007136672735214233,0.007136672735214233,0.007136672735214233
359105de514f5258,2,3,12,1,9,-0.0003807342187269,-1,-1,-1,-1,9,9,9,-0.1007472449868873,-0.1007472449868873,-0.1007472449868873,-0.1007472449868873,0.0335676823770091,0.0317014630430531,0.1194108329620601,True,mild_harm,False,False,False,False,True,True,True,0.022759132087230682,0.022759132087230682,0.022759132087230682,0.022759132087230682,0.022759132087230682
5740c711ed2d5d2f,2,3,17,1,-1,,-1,-1,-1,-1,-1,-1,-1,,,,,,,,False,no_rsm_proposal,False,False,False,False,False,False,False,,,,,
5f01892cbea95932,2,3,14,0,-1,,-1,-1,-1,-1,-1,-1,-1,,,,,,,,False,no_rsm_proposal,False,False,False,False,False,False,False,,,,,
75fd8a14d25350e5,2,3,12,1,14,6.06032689663456,14,14,14,14,14,14,14,0.1343404675354907,0.417242491654786,0.0980679977579032,0.4937635641255291,1.541175765655759,1.4667599839298362,1.5544693538488432,True,material_positive,True,True,True,True,True,True,True,0.24281811714172363,0.24281811714172363,0.21481195092201233,0.24281811714172363,0.24281811714172363
78dae1caad5656a7,2,3,15,1,17,0.0001282766357064,17,17,17,17,17,17,17,0.0422359832352668,0.0422359832352668,0.0422359832352668,0.0422359832352668,0.1275131155501302,0.126328244767755,0.214037614686762,True,nearzero_positive,True,True,True,True,True,True,True,0.014449872076511383,0.014449872076511383,0.014449872076511383,0.014449872076511383,0.014449872076511383
a9e5024892425a19,2,3,10,1,9,0.1097359060698885,9,9,9,9,9,9,9,0.047245713166664,0.0540008268307067,0.0517658386421165,0.0516203748977538,0.1149189513031304,0.0471737779592375,0.1348831478782444,True,small_positive,True,True,True,True,True,True,True,-0.0017908960580825806,-0.017231345176696777,0.01324230432510376,0.027955085039138794,0.017847329378128052
aaddf9a720325142,2,3,11,0,-1,,-1,-1,-1,-1,-1,-1,-1,,,,,,,,False,no_rsm_proposal,False,False,False,False,False,False,False,,,,,
d32e31e6812d546f,2,3,9,1,-1,,-1,-1,-1,-1,-1,-1,-1,,,,,,,,False,no_rsm_proposal,False,False,False,False,False,False,False,,,,,
e034837cf84e5081,2,3,8,1,-1,,-1,-1,-1,-1,-1,-1,-1,,,,,,,,False,no_rsm_proposal,False,False,False,False,False,False,False,,,,,
e865980d1e455826,2,3,16,1,-1,,-1,-1,-1,-1,-1,-1,-1,,,,,,,,False,no_rsm_proposal,False,False,False,False,False,False,False,,,,,
f125490e18b15e5c,2,3,21,1,19,2.2940688254813324e-05,-1,-1,-1,-1,-1,-1,19,-8.408425948855451e-05,-8.408425948855451e-05,-8.408425948855451e-05,-8.408425948855451e-05,-0.008312078839397,-0.0081977561586192,0.0795116137603877,True,nearzero_positive,False,False,False,False,False,False,True,-0.0013942010700702667,-0.0013942010700702667,-0.0013942010700702667,-0.0013942010700702667,-0.0013942010700702667
f1d77af4b7285825,2,3,7,1,9,-0.0001714905660601,9,9,9,9,9,9,9,0.0390081785347389,0.0680445566403561,0.0859704639706492,0.0576584891389846,0.0934219695429234,0.1353474478158993,0.2230568177349063,True,mild_harm,True,True,True,True,True,True,True,0.006035208702087402,-0.0011338591575622559,0.03362572193145752,0.006035208702087402,0.006035208702087402
2d8cf993fd4159e2,2,3,12,1,2,-0.0050927070549839,-1,-1,-1,-1,-1,-1,-1,-0.1308849318957184,-0.1308849318957184,-0.1308849318957184,-0.1308849318957184,-0.1402607166922144,-0.1052322319449328,-0.0175228620259259,True,mild_harm,False,False,False,False,False,False,False,-0.0050020962953567505,-0.005004271864891052,0.013403020799160004,-0.0036795660853385925,-0.0050056204199790955
470e191769275e16,2,3,9,1,-1,,-1,-1,-1,-1,-1,-1,-1,,,,,,,,False,no_rsm_proposal,False,False,False,False,False,False,False,,,,,
549a8da7bb0b5e8a,2,3,2,0,2,-0.9131117959951052,-1,-1,-1,-1,-1,-1,-1,-0.389759254354972,-0.5274549239480754,-0.695180979381072,-0.5296501638998343,-0.5912984480906978,-0.855111962360676,-0.7674025924416691,True,catastrophe,False,False,False,False,False,False,False,-0.013625510036945343,-0.14868299663066864,-0.010054737329483032,-0.01050102710723877,-0.02011987566947937
5c921b6094c95071,2,3,2,1,-1,,-1,-1,-1,-1,-1,-1,-1,,,,,,,,False,no_rsm_proposal,False,False,False,False,False,False,False,,,,,
698c37f393b852d6,2,3,14,0,-1,,-1,-1,-1,-1,-1,-1,-1,,,,,,,,False,no_rsm_proposal,False,False,False,False,False,False,False,,,,,
71dfd904537f5299,2,3,6,1,-1,,-1,-1,-1,-1,-1,-1,-1,,,,,,,,False,no_rsm_proposal,False,False,False,False,False,False,False,,,,,
7ef659e1786d5ef0,2,3,1,0,-1,,-1,-1,-1,-1,-1,-1,-1,,,,,,,,False,no_rsm_proposal,False,False,False,False,False,False,False,,,,,
893f5457b66f5c0a,2,3,4,0,-1,,-1,-1,-1,-1,-1,-1,-1,,,,,,,,False,no_rsm_proposal,False,False,False,False,False,False,False,,,,,
8f090017c0c45c30,2,3,13,1,2,0.980162891490938,-1,-1,-1,-1,-1,-1,-1,-0.1833000228993321,-0.1833000228993321,-0.1833000228993321,-0.1833000228993321,-0.1931817142511749,-0.14897559520051,-0.061266225281503,True,material_positive,False,False,False,False,False,False,False,-0.005759060382843018,-0.005774736404418945,0.01725684106349945,-0.004512697458267212,-0.005951106548309326
90003a4fe9855d90,2,3,21,1,-1,,-1,-1,-1,-1,-1,-1,-1,,,,,,,,False,no_rsm_proposal,False,False,False,False,False,False,False,,,,,
9d6b57b25d0e5698,2,3,29,1,28,-4.430631548166253e-05,-1,-1,-1,-1,-1,-1,-1,-0.0366705518042091,-0.0366705518042091,-0.0366705518042091,-0.0366705518042091,-0.1194065828196361,-0.1181781815489045,-0.0304688116298975,True,mild_harm,False,False,False,False,False,False,False,-0.014025598764419556,-0.013985425233840942,-0.014025598764419556,-0.014025598764419556,-0.014025598764419556
a5a77a41a5d4527c,2,3,17,1,2,-0.0001227254013267,-1,-1,-1,-1,2,-1,2,-0.0563707617030639,-0.0289295937836038,-0.0592928789500404,-0.0135259084313202,0.0349735514996498,-0.0123203735518557,0.0753889963671512,True,mild_harm,False,False,False,False,True,False,True,0.036941081285476685,0.031916096806526184,0.006348222494125366,-0.016224592924118042,0.04752786457538605
b86d04e1e9105474,2,3,3,0,-1,,-1,-1,-1,-1,-1,-1,-1,,,,,,,,False,no_rsm_proposal,False,False,False,False,False,False,False,,,,,
c4a7fbc6d1e35668,2,3,6,1,21,1.9843287469431443,21,21,21,21,21,21,21,0.0790879028982613,0.4680534720488761,0.3165588818752264,0.4336988115611677,0.458556260482978,0.4294551816983678,0.5171645516173747,True,material_positive,True,True,True,True,True,True,True,0.07249709963798523,0.07666265964508057,0.052300095558166504,0.05406302213668823,0.07437136769294739
db167c9f01af53f1,2,3,17,0,9,-0.00040012851879,-1,-1,-1,-1,-1,9,9,-0.1385159653695987,-0.0883037405150579,-0.0397563152581942,-0.0882993176492429,-0.011277744283847,0.1533520518551091,0.241061421774116,True,mild_harm,False,False,False,False,False,True,True,0.00851517915725708,0.09304177761077881,0.00851517915725708,0.00851517915725708,0.00851517915725708
e19f348970f556d2,2,3,5,0,-1,,-1,-1,-1,-1,-1,-1,-1,,,,,,,,False,no_rsm_proposal,False,False,False,False,False,False,False,,,,,
e1c764e511515749,2,3,10,1,20,0.0004805833668912,20,20,20,20,20,20,20,0.1623882736690241,0.1623882736690241,0.1623882736690241,0.1623882736690241,0.6166229178680942,0.6103116202945917,0.6980209902135986,True,nearzero_positive,True,True,True,True,True,True,True,0.07696826010942459,0.07696826010942459,0.07696826010942459,0.07696826010942459,0.07696826010942459
e75b5a59035b5493,2,3,9,1,22,1.9060943658999463e-05,-1,-1,-1,-1,-1,-1,22,-0.0487342505943478,-0.043209924800271,-0.0397994348091179,-0.0450192383385493,-0.085973061330665,-0.0855431391831328,0.0021662307358741,True,nearzero_positive,False,False,False,False,False,False,True,-0.0065507665276527405,-0.0028063803911209106,0.0007673650979995728,-0.011911138892173767,-0.0048756226897239685
e86d2d8665685c70,2,3,11,1,-1,,-1,-1,-1,-1,-1,-1,-1,,,,,,,,False,no_rsm_proposal,False,False,False,False,False,False,False,,,,,
e9c39cd0c047561f,2,3,29,1,-1,,-1,-1,-1,-1,-1,-1,-1,,,,,,,,False,no_rsm_proposal,False,False,False,False,False,False,False,,,,,
0612f5d26b32561d,2,3,15,1,-1,,-1,-1,-1,-1,-1,-1,-1,,,,,,,,False,no_rsm_proposal,False,False,False,False,False,False,False,,,,,
07003d3990e35817,2,3,2,1,-1,,-1,-1,-1,-1,-1,-1,-1,,,,,,,,False,no_rsm_proposal,False,False,False,False,False,False,False,,,,,
0938c742dd0159e8,2,3,4,0,-1,,-1,-1,-1,-1,-1,-1,-1,,,,,,,,False,no_rsm_proposal,False,False,False,False,False,False,False,,,,,
097a309009705384,2,3,9,1,3,0.0004824268192052,3,3,3,3,3,3,3,0.104259428104732,0.104259428104732,0.104259428104732,0.104259428104732,0.1254512913547863,0.0764281947874111,0.164137564706418,True,nearzero_positive,True,True,True,True,True,True,True,0.0264805406332016,0.0011118948459625244,-0.017342165112495422,0.005134031176567078,-0.004135802388191223
12db610090455243,2,3,15,1,-1,,-1,-1,-1,-1,-1,-1,-1,,,,,,,,False,no_rsm_proposal,False,False,False,False,False,False,False,,,,,
1b2ded48330b5b03,2,3,17,1,5,0.0020229374388232,5,5,5,5,5,5,5,0.0882377575216847,0.2419754719842141,0.2081593406342832,0.2079698099914413,0.3180742806662847,0.3399322104948893,0.4276415804138963,True,nearzero_positive,True,True,True,True,True,True,True,0.04091182351112366,0.03345257043838501,0.021508872509002686,0.051422685384750366,0.030769526958465576
2322ed0c8d8e5d5f,2,3,12,1,25,0.0026175350087694,25,25,-1,25,25,25,25,0.1320337055155714,0.0341082588383629,-0.0276521853762855,0.0329855705954612,0.1827510651419533,0.020226328201614,0.1079356981206209,True,nearzero_positive,True,True,False,True,True,True,True,-0.00019818544387817383,-0.060921430587768555,0.05616752803325653,0.05616752803325653,-0.06494009494781494
253b0edab17c5d6d,2,3,17,0,-1,,-1,-1,-1,-1,-1,-1,-1,,,,,,,,False,no_rsm_proposal,False,False,False,False,False,False,False,,,,,
326079b8c9395f39,2,3,1,0,23,-0.0004300676556301,-1,23,23,23,23,23,23,-0.0536511819548059,0.0245198550182606,0.0005333776700171,0.0243226660507455,0.2129490950604804,0.2092448560665823,0.2969542259855892,True,mild_harm,False,True,True,True,True,True,True,0.045174360275268555,0.045174360275268555,0.045174360275268555,0.045174360275268555,0.045174360275268555
460cfd36104e5450,2,3,16,1,6,-0.0017542777046561,-1,-1,-1,-1,6,6,6,-0.0738945599929244,-0.0738945599929244,-0.0738945599929244,-0.0738945599929244,0.0437096321257558,0.0356443330254619,0.1233537029444689,True,mild_harm,False,False,False,False,True,True,True,0.020469874143600464,0.020469874143600464,0.017164796590805054,0.020469874143600464,0.020469874143600464
5b06ed05f63a5554,2,3,14,1,3,0.0001472774073248,3,3,3,3,3,3,3,0.0983902652419488,0.0998690057958353,0.0994152600330415,0.0998652756249902,0.0143668780474751,0.0160108560750245,0.1037202259940314,True,nearzero_positive,True,True,True,True,True,True,True,-0.014275580644607544,-0.014275580644607544,-0.014032721519470215,-0.014275580644607544,-0.014275580644607544
5da895ba0a415a80,2,3,16,1,6,-0.002026025418937,-1,-1,-1,-1,-1,-1,6,-0.0888580352782753,-0.0888580352782753,-0.0888580352782753,-0.0888580352782753,-0.0087908228868112,-0.043225153441745,0.0444842164772619,True,mild_harm,False,False,False,False,False,False,True,0.01635025441646576,0.01635025441646576,-0.0007474571466445923,0.01635025441646576,0.01635025441646576
5e16781ce6685597,2,3,12,1,9,0.9893989870341496,-1,-1,-1,-1,-1,-1,9,-0.0862371295334475,-0.0862371295334475,-0.0862371295334475,-0.0862371295334475,-0.1152433225046732,-0.0810602224076346,0.0066491475113723,True,material_positive,False,False,False,False,False,False,True,-0.030590549111366272,-0.0037832260131835938,0.009596392512321472,-0.001401647925376892,0.0036244988441467285
5f9c0089a0a355fe,2,3,1,1,-1,,-1,-1,-1,-1,-1,-1,-1,,,,,,,,False,no_rsm_proposal,False,False,False,False,False,False,False,,,,,
628e147a02bf5128,2,3,15,1,2,0.0001771564187642,-1,-1,-1,-1,-1,-1,-1,-0.0807706527913229,-0.074187049630098,-0.0762072025436503,-0.0742036569818764,-0.4312952546946407,-0.4151766650075392,-0.3274672950885322,True,nearzero_positive,False,False,False,False,False,False,False,-0.06206989288330078,-0.06206989288330078,-0.060357317328453064,-0.054562926292419434,-0.06206989288330078
767b810b38de5665,2,3,10,1,-1,,-1,-1,-1,-1,-1,-1,-1,,,,,,,,False,no_rsm_proposal,False,False,False,False,False,False,False,,,,,
1fd9a12a263556d8,3,4,4,0,-1,,-1,-1,-1,-1,-1,-1,-1,,,,,,,,False,no_rsm_proposal,False,False,False,False,False,False,False,,,,,
399cc87ac7c55646,3,4,16,1,22,0.0005082323875802,-1,-1,-1,-1,22,22,22,-0.0034861667416903,-0.0034861667416903,-0.0034861667416903,-0.0034861667416903,0.0752989890688334,0.0749911950978411,0.180712937553016,True,nearzero_positive,False,False,False,False,True,True,True,0.01222236454486847,0.01222236454486847,0.01222236454486847,0.01222236454486847,0.01222236454486847
41fdae5fd40d5324,3,4,19,1,22,-4.641914139513759e-05,-1,-1,-1,-1,-1,-1,22,-0.0089616663607526,-0.0694317349751168,-0.0541597010045961,-0.0691145135871681,-0.0727407112900875,-0.0724915424548809,0.0332302000002939,True,mild_harm,False,False,False,False,False,False,True,-0.009894385933876038,-0.009894385933876038,-0.009894385933876038,-0.009894385933876038,-0.009894385933876038
46eb37ed09fc5718,3,4,22,1,-1,,-1,-1,-1,-1,-1,-1,-1,,,,,,,,False,no_rsm_proposal,False,False,False,False,False,False,False,,,,,
538f3eb865185615,3,4,26,0,19,-9.282299746971034e-05,-1,19,-1,19,-1,-1,19,-0.0093747523384423,0.0003752511704401,-0.0024326758418567,0.0012018918735801,-0.2100486579914484,-0.1033370428531065,0.0023846996020683,True,mild_harm,False,True,False,True,False,False,True,-0.04047909379005432,-0.04047909379005432,0.01011231541633606,-0.036081790924072266,-0.04047909379005432
667054412512521b,3,4,11,0,9,-0.0001064360320568,-1,9,9,9,9,9,9,-0.0259047735466569,0.1719547190250425,0.065769868785069,0.2294369096531633,0.149009600311021,0.1602513935076235,0.2659731359627983,True,mild_harm,False,True,True,True,True,True,True,0.02346375584602356,0.022990792989730835,0.0348149836063385,0.029517531394958496,0.022207021713256836
86f569f804fb5848,3,4,8,1,-1,,-1,-1,-1,-1,-1,-1,-1,,,,,,,,False,no_rsm_proposal,False,False,False,False,False,False,False,,,,,
98dbc922be205d29,3,4,16,1,26,0.0002245069518684,26,26,26,26,26,26,26,0.1049497958139814,0.1049497958139814,0.1049497958139814,0.1049497958139814,0.2495488716019621,0.2489839590460279,0.3547057015012028,True,nearzero_positive,True,True,True,True,True,True,True,0.02243243157863617,0.02243243157863617,0.02243243157863617,0.02243243157863617,0.02243243157863617
ba95a132236555b4,3,4,9,0,25,-0.0004200205574278,25,25,25,25,-1,-1,25,0.0365143024535666,0.1001768244791464,0.0840985196036542,0.0998428557230323,-0.0380336835199116,-0.0377424431155973,0.0679792993395775,True,mild_harm,True,True,True,True,False,False,True,-0.011565029621124268,-0.011565029621124268,-0.011565029621124268,-0.011565029621124268,-0.011565029621124268
bc346dea1bcd5cc3,3,4,29,1,28,-9.483449810643307e-05,-1,-1,-1,-1,28,28,28,-0.1222675934728435,-0.1222675934728435,-0.1222675934728435,-0.1222675934728435,0.5161889880547491,0.4956736302377664,0.6013953726929413,True,mild_harm,False,False,False,False,True,True,True,0.10303238034248352,0.10324391722679138,0.10206174850463867,0.09203052520751953,0.10130500793457031
c0426fcae01a50cf,3,4,17,1,-1,,-1,-1,-1,-1,-1,-1,-1,,,,,,,,False,no_rsm_proposal,False,False,False,False,False,False,False,,,,,
c075c65bf21d5842,3,4,14,1,9,-0.0004111885782156,9,9,9,9,-1,-1,-1,0.0300941101201464,0.0300941101201464,0.0300941101201464,0.0300941101201464,-0.7935802777796176,-0.7903623872005088,-0.6846406447453339,True,mild_harm,True,True,True,True,False,False,False,-0.12778103351593018,-0.12778103351593018,-0.12778103351593018,-0.12778103351593018,-0.12778103351593018
d1f387a440e25adc,3,4,17,1,26,-0.0001685254469512,26,26,26,26,26,26,26,0.0168762600019267,0.0168762600019267,0.0168762600019267,0.0168762600019267,0.045049698168188,0.0449396315659138,0.1506613740210887,True,mild_harm,True,True,True,True,True,True,True,0.004370696842670441,0.004370696842670441,0.004370696842670441,0.004370696842670441,0.004370696842670441
f462fca7c1f8594c,3,4,5,1,20,-7.948029409162718e-05,-1,-1,-1,-1,-1,-1,20,-0.0580716191090315,-0.0580716191090315,-0.0580716191090315,-0.0580716191090315,-0.0792427119833578,-0.0980345322152578,0.007687210239917,True,mild_harm,False,False,False,False,False,False,True,0.002969890832901001,0.0022496283054351807,-0.01063336431980133,-0.008286088705062866,0.0018034875392913818
f5b6478d00565e99,3,4,2,1,-1,,-1,-1,-1,-1,-1,-1,-1,,,,,,,,False,no_rsm_proposal,False,False,False,False,False,False,False,,,,,
258a909f4194587f,3,4,14,1,24,-0.0001065721827559,24,24,24,24,-1,-1,-1,0.0059125470350017,0.5291182202546593,0.6705708945147989,0.434828009419377,-0.2669585388717724,-0.2124520291953659,-0.106730286740191,True,mild_harm,True,True,True,True,False,False,False,-0.05850538611412048,-0.05850538611412048,-0.021524399518966675,-0.029781460762023926,-0.05850538611412048
09be490c13cb56b6,3,4,19,1,23,-8.767266422510158e-05,-1,-1,-1,-1,-1,-1,23,-0.0405975808613713,-0.0405975808613713,-0.0405975808613713,-0.0405975808613713,-0.0543892022401548,-0.0543353218122122,0.0513864206429626,True,mild_harm,False,False,False,False,False,False,True,-0.002139568328857422,-0.002139568328857422,-0.002139568328857422,-0.002139568328857422,-0.002139568328857422
2f4a06067a6f5d7f,3,4,3,1,-1,,-1,-1,-1,-1,-1,-1,-1,,,,,,,,False,no_rsm_proposal,False,False,False,False,False,False,False,,,,,
33cd12f0c4a75e41,3,4,16,1,-1,,-1,-1,-1,-1,-1,-1,-1,,,,,,,,False,no_rsm_proposal,False,False,False,False,False,False,False,,,,,
3cd8e7898e005bc4,3,4,8,1,-1,,-1,-1,-1,-1,-1,-1,-1,,,,,,,,False,no_rsm_proposal,False,False,False,False,False,False,False,,,,,
3f68aa4cebd65ce8,3,4,21,1,23,-0.0006958824434317,-1,-1,-1,-1,-1,-1,23,-0.0184666950482619,-0.0184666950482619,-0.0184666950482619,-0.0184666950482619,-0.072286906847348,-0.0720766446915033,0.0336450977636715,True,mild_harm,False,False,False,False,False,False,True,-0.008349418640136719,-0.008349418640136719,-0.008349418640136719,-0.008349418640136719,-0.008349418640136719
420b77ddd4f052b3,3,4,18,1,-1,,-1,-1,-1,-1,-1,-1,-1,,,,,,,,False,no_rsm_proposal,False,False,False,False,False,False,False,,,,,
56e384e4189f536f,3,4,19,1,3,-1.771524733840124e-05,3,3,3,3,-1,-1,3,0.0018453444255964,0.0046274529185843,0.0039248167815965,0.0046128581886992,-0.0119781664276253,-0.0119241614154527,0.0937975810397221,True,mild_harm,True,True,True,True,False,False,True,-0.0021445155143737793,-0.0021445155143737793,-0.0021445155143737793,-0.0021445155143737793,-0.0021445155143737793
7f9f132592f45a84,3,4,25,0,14,-0.0006534868726856,14,14,14,14,14,14,14,0.0714790512294653,0.0714790512294653,0.0714790512294653,0.0714790512294653,0.3702516332950058,0.3690844032691019,0.4748061457242768,True,mild_harm,True,True,True,True,True,True,True,0.04635019600391388,0.04635019600391388,0.04635019600391388,0.04635019600391388,0.04635019600391388
9d81a9a1677354a1,3,4,10,1,26,-0.000407588063553,26,26,26,26,-1,-1,26,0.0305867288034991,0.0305867288034991,0.0305867288034991,0.0305867288034991,-0.0053803720470708,-0.0052398575468203,0.1004818849083545,True,mild_harm,True,True,True,True,False,False,True,-0.005579769611358643,-0.005579769611358643,-0.005579769611358643,-0.005579769611358643,-0.005579769611358643
b0f9569dfe425d61,3,4,9,0,-1,,-1,-1,-1,-1,-1,-1,-1,,,,,,,,False,no_rsm_proposal,False,False,False,False,False,False,False,,,,,
e516f368a8fb5a16,3,4,3,1,11,-0.0004473697791341,-1,-1,-1,-1,-1,-1,-1,-0.084792272332895,-0.084792272332895,-0.084792272332895,-0.084792272332895,-0.5249280584067918,-0.5232892146466613,-0.4175674721914864,True,mild_harm,False,False,False,False,False,False,False,-0.06825242936611176,-0.06825244426727295,-0.0682523250579834,-0.06831203401088715,-0.06825323402881622
f997536112085ece,3,4,17,1,24,-8.260559672490508e-05,-1,-1,-1,-1,24,24,24,-0.0321382685239621,-0.0321382685239621,-0.0321382685239621,-0.0321382685239621,0.1408324020139132,0.140156648707312,0.2458783911624869,True,mild_harm,False,False,False,False,True,True,True,0.026833869516849518,0.026833869516849518,0.026833869516849518,0.026833869516849518,0.026833869516849518
925cbce83b0c5797,3,4,16,1,-1,,-1,-1,-1,-1,-1,-1,-1,,,,,,,,False,no_rsm_proposal,False,False,False,False,False,False,False,,,,,
050392bdc27a5f5c,3,4,1,1,-1,,-1,-1,-1,-1,-1,-1,-1,,,,,,,,False,no_rsm_proposal,False,False,False,False,False,False,False,,,,,
1ae7a63963375f27,3,4,2,1,-1,,-1,-1,-1,-1,-1,-1,-1,,,,,,,,False,no_rsm_proposal,False,False,False,False,False,False,False,,,,,
1bd0f4142cdc52f5,3,4,10,1,0,-2.8255283832552547e-06,-1,-1,-1,-1,-1,-1,0,-0.0343712462864803,-0.0343712462864803,-0.0343712462864803,-0.0343712462864803,-0.0428196340336202,-0.0422798896704125,0.0634418527847623,True,mild_harm,False,False,False,False,False,False,True,-0.002598688006401062,-0.0011800378561019897,-0.00036241859197616577,-0.0011955797672271729,-0.0011133402585983276
2e91c253ccb958d1,3,4,16,1,3,-6.759409550577411e-05,-1,-1,-1,-1,-1,-1,3,-0.0394050494065771,-0.0394050494065771,-0.0394050494065771,-0.0394050494065771,-0.0485329435259709,-0.0622662482554056,0.0434554941997692,True,mild_harm,False,False,False,False,False,False,True,-0.00044974684715270996,-0.00044974684715270996,-0.006777137517929077,-0.00044974684715270996,-0.00044974684715270996
63464806708f5d70,3,4,3,1,-1,,-1,-1,-1,-1,-1,-1,-1,,,,,,,,False,no_rsm_proposal,False,False,False,False,False,False,False,,,,,
67a57ae417045162,3,4,4,0,-1,,-1,-1,-1,-1,-1,-1,-1,,,,,,,,False,no_rsm_proposal,False,False,False,False,False,False,False,,,,,
6ed7b0d3fc715d28,3,4,11,1,8,0.0009856917359167,-1,-1,-1,8,8,8,8,-0.0696120778152828,-0.0408549095458206,-0.0584796316690485,0.0090073562244345,0.0593861920763312,0.1888585843668646,0.2945803268220395,True,nearzero_positive,False,False,False,True,True,True,True,0.015773460268974304,-0.015730157494544983,-0.022844016551971436,0.07061973214149475,-0.006578788161277771
78a96b59eca751e7,3,4,16,1,5,0.0035972677305342,-1,-1,-1,-1,-1,-1,5,-0.0045229878053917,-0.0045229878053917,-0.0045229878053917,-0.0045229878053917,-0.0875358878869631,-0.0876053136711687,0.0181164287840061,True,nearzero_positive,False,False,False,False,False,False,True,-0.012661933898925781,-0.013989672064781189,-0.012692347168922424,-0.012729078531265259,-0.012547507882118225
986b52e5fc685833,3,4,17,1,25,-0.0001533661117778,-1,-1,25,-1,25,25,25,-0.0071615107857436,-0.001998920925499,0.0018422400512536,-0.0034704596770235,0.1075978486953951,0.1317048844859007,0.2374266269410755,True,mild_harm,False,False,True,False,True,True,True,-0.01583603024482727,-0.020415127277374268,0.020876049995422363,0.06868071854114532,-0.020415127277374268
9f32f8bd95195212,3,4,4,0,26,-0.0002767197914421,-1,-1,-1,-1,-1,-1,26,-0.032657428557546,-0.022366227741235,-0.0147091726100719,-0.0256951739093959,-0.0514352844272032,-0.0665309036257544,0.0391908388294204,True,mild_harm,False,False,False,False,False,False,True,0.002281464636325836,0.002281464636325836,-0.008819296956062317,-0.007729664444923401,0.002281464636325836
b4c84a922cb957a8,3,4,19,1,22,-0.000144931913248,-1,-1,-1,-1,-1,-1,-1,-0.0541291469750574,-0.0541291469750574,-0.0541291469750574,-0.0541291469750574,-0.1713575310297667,-0.1584556777029186,-0.0527339352477437,True,mild_harm,False,False,False,False,False,False,False,-0.019111275672912598,-0.019111275672912598,-0.013341128826141357,-0.019111275672912598,-0.019111275672912598
b8c14f4001735d94,3,4,1,0,7,-0.0021207949011702,-1,-1,-1,-1,7,7,7,-0.0649634792410778,-0.0203346664605916,-0.0150233408936025,-0.0286252650977709,0.0338904280098687,0.0523249683838944,0.1580467108390693,True,mild_harm,False,False,False,False,True,True,True,0.02459898591041565,0.021515190601348877,-0.005840480327606201,0.015262603759765625,0.022663772106170654
bd29c544e8035592,3,4,2,1,-1,,-1,-1,-1,-1,-1,-1,-1,,,,,,,,False,no_rsm_proposal,False,False,False,False,False,False,False,,,,,
c34206b68ee6576f,3,4,11,1,1,-4.7573717791848935e-06,-1,-1,-1,-1,-1,-1,1,-0.0102003368424118,-0.0113127671222309,-0.0110318170024026,-0.0113069313974592,-0.0079062157355272,-0.0079151782950118,0.097806564160163,True,mild_harm,False,False,False,False,False,False,True,0.0003558993339538574,0.0003558993339538574,0.0003558993339538574,0.0003558993339538574,0.0003558993339538574
efc9ce296b1955e3,3,4,12,1,25,0.0001197258479893,-1,-1,-1,-1,25,25,25,-0.0175644700390071,-0.1122071280034153,-0.1826248257034788,-0.0839286198588266,0.0315143523725231,0.0105440282074764,0.1162657706626513,True,nearzero_positive,False,False,False,False,True,True,True,-0.014282949268817902,-0.014282949268817902,-0.00047647953033447266,0.04445578157901764,-0.014282949268817902
0831e7eae1365d56,3,4,5,1,9,-0.000454077412188,-1,9,-1,9,-1,-1,-1,-0.034164652453523,0.0192666757477177,-0.0072962497718551,0.0526398973386959,-0.1585186249900143,-0.2339793253578647,-0.1282575829026898,True,mild_harm,False,True,False,True,False,False,False,0.0015794187784194946,0.00214540958404541,-0.07042492926120758,-0.025405630469322205,0.0030477046966552734
174ebef468f65cc9,3,4,15,1,-1,,-1,-1,-1,-1,-1,-1,-1,,,,,,,,False,no_rsm_proposal,False,False,False,False,False,False,False,,,,,
40e3009527ee5be5,3,4,16,1,5,0.0004074828368609,-1,5,5,5,5,5,5,-0.0045276851636495,0.4854961091995587,0.2313834118658775,0.362775828903072,0.0411255328753356,0.0418432239000391,0.147564966355214,True,nearzero_positive,False,True,True,True,True,True,True,0.0068037062883377075,0.006801187992095947,0.0068891942501068115,0.007431313395500183,0.00676533579826355
4f48d8ce00c3509c,3,4,16,1,6,0.0004191477632149,-1,-1,-1,-1,6,6,6,-0.0033652878207937,-0.0014295687898789,-0.0023112565358478,-0.0005975124240833,0.0493847676679177,0.0502985461879362,0.1560202886431111,True,nearzero_positive,False,False,False,False,True,True,True,0.007950082421302795,0.007917001843452454,0.008001655340194702,0.008619427680969238,0.007874339818954468
5979437fa70f5fd8,3,4,2,0,9,-0.0001650322461967,-1,-1,-1,-1,9,9,9,-0.0849939993308771,-0.0849939993308771,-0.0849939993308771,-0.0849939993308771,0.1136656119460833,0.1128894983495353,0.2186112408047102,True,mild_harm,False,False,False,False,True,True,True,0.030819132924079895,0.030819132924079895,0.030819132924079895,0.030819132924079895,0.030819132924079895
87237d7e0ff25ebb,3,4,1,0,-1,,-1,-1,-1,-1,-1,-1,-1,,,,,,,,False,no_rsm_proposal,False,False,False,False,False,False,False,,,,,
9bcb80a60af853a2,3,4,12,1,12,-0.0004041901597287,-1,12,12,12,-1,12,12,-0.0066229170669557,0.0614173251371917,0.0259497597347933,0.0751801229103417,-0.0816033977577073,0.0925391853167532,0.1982609277719281,True,mild_harm,False,True,True,True,False,True,True,-0.008842021226882935,-0.007802650332450867,0.056057900190353394,-0.046575114130973816,-0.0071216970682144165
a2326fd4694d5191,3,4,2,0,9,-0.0003037672139702,-1,-1,-1,-1,9,9,9,-0.023243581585685,-0.023243581585685,-0.023243581585685,-0.023243581585685,0.2360561705990114,0.235043151083074,0.3407648935382489,True,mild_harm,False,False,False,False,True,True,True,0.040226563811302185,0.040226563811302185,0.040226563811302185,0.040226563811302185,0.040226563811302185
bc50e785e5cf5d5e,3,4,14,0,3,-0.0001464746225625,-1,-1,-1,-1,-1,-1,3,-0.0592563475764987,-0.0592563475764987,-0.0592563475764987,-0.0592563475764987,-0.0338770325026304,-0.0339761831622601,0.0717455592929147,True,mild_harm,False,False,False,False,False,False,True,0.003937229514122009,0.003937229514122009,0.003937229514122009,0.003937229514122009,0.003937229514122009
be3f5af9cebd56a0,3,4,7,1,8,7.009943267322072e-05,-1,8,-1,8,-1,-1,8,-0.0505736274782462,0.0047972123068695,-0.0242494107658077,0.0187454654900508,-0.1543714319470912,-0.0430695348473084,0.0626522076078664,True,nearzero_positive,False,True,False,True,False,False,True,-0.008770748972892761,-0.00787624716758728,0.027075856924057007,-0.04618138074874878,-0.007268786430358887
ccb8e05950fc5fca,3,4,19,1,23,-0.000183020631969,23,23,23,23,23,23,23,0.0305900544614732,0.0305900544614732,0.0305900544614732,0.0305900544614732,0.3896840747956341,0.3882811839421333,0.4940029263973082,True,mild_harm,True,True,True,True,True,True,True,0.05570818483829498,0.05570818483829498,0.05570818483829498,0.05570818483829498,0.05570818483829498
faf0ce0d2dc95076,3,4,7,1,-1,,-1,-1,-1,-1,-1,-1,-1,,,,,,,,False,no_rsm_proposal,False,False,False,False,False,False,False,,,,,
0395a156348a5041,3,4,8,1,24,-0.0003903797159903,24,24,24,24,-1,-1,-1,0.0001536586991613,0.0346378799249144,0.024874920119145,0.0376826012437101,-0.1168977961159234,-0.1646300688872808,-0.0589083264321059,True,mild_harm,True,True,True,True,False,False,False,-0.019774675369262695,-0.03692188858985901,-1.2755393981933594e-05,-0.015522122383117676,-0.021707266569137573
0d99f7ef1331585c,3,4,2,0,-1,,-1,-1,-1,-1,-1,-1,-1,,,,,,,,False,no_rsm_proposal,False,False,False,False,False,False,False,,,,,
1a775b7a88eb5558,3,4,12,1,21,0.0,-1,-1,-1,-1,-1,-1,21,-0.0425426761245876,-0.0425426761245876,-0.0425426761245876,-0.0425426761245876,-0.0425426761245876,-0.0425426761245876,0.0631790663305872,True,mild_harm,False,False,False,False,False,False,True,0.0,0.0,0.0,0.0,0.0
2777ce9cfe665ad6,3,4,19,1,20,-0.0003108637665398,20,20,20,20,-1,-1,-1,0.0830337012307345,0.0830337012307345,0.0830337012307345,0.0830337012307345,-0.212056497548829,-0.2139983821723455,-0.1082766397171706,True,mild_harm,True,True,True,True,False,False,False,-0.045270904898643494,-0.04516211897134781,-0.045559562742710114,-0.04698389023542404,-0.04467714577913284
4db8527b43a95f0d,3,4,17,0,11,-0.0003200179014353,11,11,11,11,11,11,11,0.0269177701159671,0.0599674310948393,0.0516205653354769,0.0597940550830836,0.2550157801114206,0.2419282049648449,0.3476499474200198,True,mild_harm,True,True,True,True,True,True,True,0.036262571811676025,0.036262571811676025,0.030637264251708984,0.036262571811676025,0.036262571811676025
5d00c83bfb0c508d,3,4,12,1,-1,,-1,-1,-1,-1,-1,-1,-1,,,,,,,,False,no_rsm_proposal,False,False,False,False,False,False,False,,,,,
5f60684cc6045646,3,4,17,1,2,-0.9895701892308892,-1,-1,-1,-1,-1,-1,-1,-0.0086352586268444,-0.0086352586268444,-0.0086352586268444,-0.0086352586268444,-0.1745069039953128,-0.1603380313750834,-0.0546162889199085,True,catastrophe,False,False,False,False,False,False,False,-0.0274391770362854,-0.02371692657470703,-0.020468086004257202,-0.0274391770362854,-0.0274391770362854
633d93f8f6bc51b5,3,4,5,0,-1,,-1,-1,-1,-1,-1,-1,-1,,,,,,,,False,no_rsm_proposal,False,False,False,False,False,False,False,,,,,
6f319806306450c0,3,4,17,0,9,-0.0001257457367667,9,9,9,9,-1,-1,-1,0.0101743142583073,0.0186062430755168,0.0164767150911075,0.0185620098172492,-0.7855337729800936,-0.7824251397686451,-0.6767033973134703,True,mild_harm,True,True,True,True,False,False,False,-0.12344247102737427,-0.12344247102737427,-0.12344247102737427,-0.12344247102737427,-0.12344247102737427
74bb5ba3f6a75df3,3,4,8,1,-1,,-1,-1,-1,-1,-1,-1,-1,,,,,,,,False,no_rsm_proposal,False,False,False,False,False,False,False,,,,,
8515fe3938815bd1,3,4,17,0,9,-0.0001239293869381,9,9,9,9,-1,-1,9,0.036850768852061,0.0384953281742841,0.0380799860651871,0.0384867009409649,-0.1028577870834234,-0.1023119805698665,0.0034097618853083,True,mild_harm,True,True,True,True,False,False,True,-0.021673738956451416,-0.021673738956451416,-0.021673738956451416,-0.021673738956451416,-0.021673738956451416
9a807a00fda657be,3,4,4,1,9,-7.209880230948321e-05,-1,9,9,9,9,9,9,-0.0004692511794667,0.0027382733970058,0.0019281961899571,0.002721446966652,0.0098051148529812,0.009764975465199,0.1154867179203739,True,mild_harm,False,True,True,True,True,True,True,0.0015939176082611084,0.0015939176082611084,0.0015939176082611084,0.0015939176082611084,0.0015939176082611084
bb77e9686029538d,3,4,18,1,22,0.0002012102944777,22,22,22,22,-1,-1,-1,0.0249017576870479,0.0339158975629847,0.0465994622518022,0.02686933761163,-0.2432394624261373,-0.206316437130592,-0.1005946946754171,True,nearzero_positive,True,True,True,True,False,False,False,-0.03389433026313782,-0.03337027132511139,-0.027629733085632324,-0.05947062373161316,-0.031072378158569336
d97f7fc3e5a35f1e,3,4,16,1,-1,,-1,-1,-1,-1,-1,-1,-1,,,,,,,,False,no_rsm_proposal,False,False,False,False,False,False,False,,,,,
fee89379e3375727,3,4,17,1,2,0.0002513909440491,2,2,2,2,-1,-1,2,0.0829539388883652,0.0518954223929555,0.0630368458035199,0.050394811499228,-0.0029659259455772,-0.044064107186155,0.0616576352690197,True,nearzero_positive,True,True,True,True,False,False,True,0.0037663280963897705,0.003590121865272522,-0.028950095176696777,-0.029461875557899475,0.0018535107374191284
0f6992119fc759c4,3,4,4,1,9,0.9896811794601964,-1,9,-1,9,-1,-1,-1,-0.2059416927640888,0.0092362761833083,-0.2871473762929244,0.0855015802999183,-0.1674091976707641,-0.1470648824479087,-0.0413431399927338,True,material_positive,False,True,False,True,False,False,False,0.004521727561950684,0.004521727561950684,0.013957619667053223,0.0045216381549835205,0.004521757364273071
147b934bc401590e,3,4,18,1,1,0.9893352683567442,-1,-1,-1,1,1,1,1,-0.0531384720814023,-0.016370158745671,-0.0758201092621981,0.0004300807708595,0.0315985413852672,0.0281544001170607,0.1338761425722356,True,material_positive,False,False,False,True,True,True,True,0.0033281147480010986,0.00876280665397644,0.011933594942092896,0.02460387349128723,0.003170013427734375
1f19613acc175257,3,4,17,0,3,-0.0001153716588855,-1,-1,-1,-1,-1,-1,3,-0.0309410044480481,-0.0708807589278017,-0.0607937638049921,-0.0706712380087632,-0.004941669622675,-0.005043242544969,0.1006784999102058,True,mild_harm,False,False,False,False,False,False,True,0.004033416509628296,0.004033416509628296,0.004033416509628296,0.004033416509628296,0.004033416509628296
28a9f1a2abfe555c,3,4,4,1,0,0.0001118290149955,-1,-1,-1,0,0,0,0,-0.0245511667172381,-0.0357694300150198,-0.2728150382223449,0.0418319140517277,0.0512378143556622,0.0908275608083422,0.1965493032635171,True,nearzero_positive,False,False,False,True,True,True,True,0.009012669324874878,0.009040981531143188,0.02728748321533203,0.008895337581634521,0.009044617414474487
59d1bd367a965623,3,4,19,1,9,0.0002097983349114,-1,9,9,9,9,9,9,-0.0242941007050873,0.5124969983769916,0.3769275821665504,0.5096810330342815,0.3230678528557327,0.3173508569707261,0.423072599425901,True,nearzero_positive,False,True,True,True,True,True,True,0.054207175970077515,0.054376840591430664,0.052190542221069336,0.054107487201690674,0.054237544536590576
86abbd3f53575fd5,3,4,17,1,9,1.9791943842181936,9,9,9,9,9,9,9,0.0614798741798485,0.1014514319251402,0.1253320268054206,0.095176053388366,0.0826720206979329,0.237128842031444,0.3428505844866189,True,material_positive,True,True,True,True,True,True,True,-0.023512989282608032,-0.01050025224685669,0.07527095079421997,-0.00306585431098938,-0.00991833209991455
8ad88f000c1750a0,3,4,17,1,9,-0.0005808805376524,-1,-1,-1,-1,9,9,9,-0.0192201560023275,-0.0192201560023275,-0.0192201560023275,-0.0192201560023275,0.0412726765391669,0.0177032210312668,0.1234249634864417,True,mild_harm,False,False,False,False,True,True,True,0.01614844799041748,-0.01044917106628418,0.013716667890548706,0.019649207592010498,-0.0052253007888793945
b183aa1eebac52fc,3,4,17,1,7,0.0001314637799514,7,7,7,7,7,7,7,0.0168489348672368,0.1467404604583457,0.1163360353770969,0.1451434685521963,0.1916098869277583,0.1973805003906916,0.3031022428458665,True,nearzero_positive,True,True,True,True,True,True,True,0.02674064040184021,0.026735424995422363,0.02962428331375122,0.026704013347625732,0.026732176542282104
e06dab45945a571c,3,4,17,1,-1,,-1,-1,-1,-1,-1,-1,-1,,,,,,,,False,no_rsm_proposal,False,False,False,False,False,False,False,,,,,
15c64c983b935d86,3,4,5,1,-1,,-1,-1,-1,-1,-1,-1,-1,,,,,,,,False,no_rsm_proposal,False,False,False,False,False,False,False,,,,,
1fad9f3e334d5e4e,3,4,16,0,3,-5.923158902421122e-05,-1,-1,-1,-1,-1,-1,-1,-0.0407809564229918,-0.02728109326432,-0.0333756050724113,-0.02282455369783,-0.1443894883091092,-0.2048435225580103,-0.0991217801028354,True,mild_harm,False,False,False,False,False,False,False,-0.006771892309188843,0.0004478245973587036,-0.039769306778907776,-0.022710084915161133,-0.0037446916103363037
2d79aaf4c8d6582e,3,4,9,1,21,0.0,-1,-1,-1,-1,-1,-1,21,-0.0420391120384691,-0.0420391120384691,-0.0420391120384691,-0.0420391120384691,-0.0420391120384691,-0.0420391120384691,0.0636826304167057,True,mild_harm,False,False,False,False,False,False,True,0.0,0.0,0.0,0.0,0.0
3d5f4f15e1f053cd,3,4,4,1,-1,,-1,-1,-1,-1,-1,-1,-1,,,,,,,,False,no_rsm_proposal,False,False,False,False,False,False,False,,,,,
4f547ba1d6e953b1,3,4,17,0,3,-4.712445205079519e-05,-1,-1,-1,-1,-1,-1,-1,-0.0611210787090716,-0.0283385759965855,-0.0442944824561737,-0.0189035896462376,-0.1978078438763715,-0.2346396002486465,-0.1289178577934716,True,mild_harm,False,False,False,False,False,False,False,-0.008953124284744263,-0.006089821457862854,-0.03575366735458374,-0.03232976794242859,-0.008879631757736206
57a59636cde25b02,3,4,10,1,2,1.5957976206366964,-1,-1,-1,-1,2,2,2,-0.0314197682106822,-0.0314197682106822,-0.0314197682106822,-0.0314197682106822,0.7496038936103413,0.7368452380019987,0.8425669804571736,True,material_positive,False,False,False,False,True,True,True,0.12099210917949677,0.11823882162570953,0.12340021133422852,0.12340021133422852,0.11738473176956177
77d52cd328e05b79,3,4,6,0,12,-0.0012133296082392,-1,12,12,12,-1,-1,-1,-0.0014711833833084,0.0322147054443107,0.0237071569944586,0.0320379918295746,-0.2292130348217063,-0.2283233041599565,-0.1226015617047816,True,mild_harm,False,True,True,True,False,False,False,-0.035330817103385925,-0.035330817103385925,-0.035330817103385925,-0.035330817103385925,-0.035330817103385925
7c467941fb3d5524,3,4,11,1,19,0.0,-1,-1,-1,-1,-1,-1,19,-0.0422588933099736,-0.0422588933099736,-0.0422588933099736,-0.0422588933099736,-0.0422588933099736,-0.0422588933099736,0.0634628491452012,True,mild_harm,False,False,False,False,False,False,True,0.0,0.0,0.0,0.0,0.0
855d4a2e69115db2,3,4,1,0,-1,,-1,-1,-1,-1,-1,-1,-1,,,,,,,,False,no_rsm_proposal,False,False,False,False,False,False,False,,,,,
949849ded44f514f,3,4,5,1,-1,,-1,-1,-1,-1,-1,-1,-1,,,,,,,,False,no_rsm_proposal,False,False,False,False,False,False,False,,,,,
a74ab03d0fb05d72,3,4,12,0,-1,,-1,-1,-1,-1,-1,-1,-1,,,,,,,,False,no_rsm_proposal,False,False,False,False,False,False,False,,,,,
c0815ea46b825526,3,4,12,0,-1,,-1,-1,-1,-1,-1,-1,-1,,,,,,,,False,no_rsm_proposal,False,False,False,False,False,False,False,,,,,
cfdc02dc40405e6f,3,4,2,1,9,2.019834518898582,-1,-1,-1,-1,9,9,9,-0.0386894841263111,-0.2023484655233486,-0.117878383190229,-0.1380270811048882,0.2498811984406487,0.2309780602481563,0.3366998027033313,True,material_positive,False,False,False,False,True,True,True,0.044883549213409424,0.04657566547393799,0.05408477783203125,0.03784635663032532,0.049032121896743774
de3c0c52e7815332,3,4,1,1,22,3.1496425274491777,22,22,22,22,22,22,22,2.5707630267016706,3.573711892299266,3.698232771090186,3.3723863199347344,4.012728069178065,4.6370182215713065,4.742739964026481,True,material_positive,True,True,True,True,True,True,True,0.27161693572998047,0.468966543674469,0.1028217226266861,0.09055450558662415,0.43426914513111115
f26eb5a6f93c50b4,3,4,16,1,17,0.0022419899821281,17,17,17,17,17,17,17,0.0181121617283108,0.0181121617283108,0.0181121617283108,0.0181121617283108,0.4072320432988557,0.4057118488877578,0.5114335913429326,True,nearzero_positive,True,True,True,True,True,True,True,0.06036625802516937,0.06036625802516937,0.06036625802516937,0.06036625802516937,0.06036625802516937
f28c5026aff854cb,3,4,26,1,22,0.92972289563152,-1,22,22,22,22,-1,22,-0.0778069704475827,0.1963151004150915,0.0825269490567718,0.1043564179205028,0.0187145861002352,-0.0141040177147507,0.0916177247404241,True,material_positive,False,True,True,True,True,False,True,0.02555668354034424,0.031648799777030945,-2.4437904357910156e-05,0.0023424923419952393,0.030722379684448242
faf93d61f8bd5238,3,4,18,0,24,-9.455366143940049e-05,-1,-1,-1,-1,-1,-1,24,-0.0373307534653257,-0.1168260226306309,-0.1731893440836398,-0.0864406135563218,-0.0962625204203249,-0.0764517907838374,0.0292699516713374,True,mild_harm,False,False,False,False,False,False,True,-0.001518547534942627,-0.006929278373718262,-0.016590029001235962,-0.01280069351196289,-0.0036319196224212646
073ef4e9c6185fdd,3,4,2,1,-1,,-1,-1,-1,-1,-1,-1,-1,,,,,,,,False,no_rsm_proposal,False,False,False,False,False,False,False,,,,,
09884abf58435aaa,3,4,17,1,9,-0.0006670752685522,-1,-1,-1,-1,-1,-1,9,-0.0227328613596693,-0.0227328613596693,-0.0227328613596693,-0.0227328613596693,-0.0762592570108141,-0.0685090203078831,0.0372127221472917,True,mild_harm,False,False,False,False,False,False,True,-0.008884251117706299,-0.008884251117706299,-0.00536762923002243,-0.008884251117706299,-0.008884251117706299
10e0d0cf52855491,3,4,9,1,20,-4.381986407098193e-05,20,20,20,20,-1,-1,-1,0.0134510483701126,0.0134999435205319,0.0134875947930489,0.0134996870202858,-0.1177096183839185,-0.1179777699993241,-0.0122560275441492,True,mild_harm,True,True,True,True,False,False,False,-0.020767509937286377,-0.020767509937286377,-0.020651578903198242,-0.019644707441329956,-0.020767509937286377
1fc485893db05d58,3,4,4,0,-1,,-1,-1,-1,-1,-1,-1,-1,,,,,,,,False,no_rsm_proposal,False,False,False,False,False,False,False,,,,,
21870d2397795423,3,4,24,0,20,0.0,20,20,20,20,20,20,20,0.0185728327371967,0.0185728327371967,0.0185728327371967,0.0185728327371967,0.0185728327371967,0.0185728327371967,0.1242945751923716,True,mild_harm,True,True,True,True,True,True,True,0.0,0.0,0.0,0.0,0.0
538923756bab555f,3,4,17,1,9,0.0007085304721989,9,9,9,9,-1,-1,-1,0.0562370945515066,0.0755368547729701,0.0706625987901502,0.0754356096964418,-0.1228505757642474,-0.1229882805966446,-0.0172665381414697,True,nearzero_positive,True,True,True,True,False,False,False,-0.02772274613380432,-0.028108865022659302,-0.02772274613380432,-0.02772274613380432,-0.02772274613380432
5a67404157535f5b,3,4,1,0,-1,,-1,-1,-1,-1,-1,-1,-1,,,,,,,,False,no_rsm_proposal,False,False,False,False,False,False,False,,,,,
7476e5ad4711587f,3,4,9,0,3,-9.649557229707284e-05,-1,3,3,3,3,3,3,-0.0101121810633162,0.1028691635679305,0.1869314920858052,0.0782936398716859,0.2106018955689484,0.0599929197837882,0.1657146622389631,True,mild_harm,False,True,True,True,True,True,True,0.02522583305835724,0.012925982475280762,-0.024064749479293823,0.07681203633546829,0.02300916612148285
7fb1a51c02db514e,3,4,18,1,-1,,-1,-1,-1,-1,-1,-1,-1,,,,,,,,False,no_rsm_proposal,False,False,False,False,False,False,False,,,,,
82bcaf16eea459db,3,4,24,1,1,-0.0001157444000244,-1,-1,-1,-1,-1,-1,-1,-0.1905091803828936,-0.1905091803828936,-0.1905091803828936,-0.1905091803828936,-0.2066406799420118,-0.2065776581931014,-0.1008559157379265,True,mild_harm,False,False,False,False,False,False,False,-0.0025025662034749985,-0.0025025662034749985,-0.0025025662034749985,-0.0025025662034749985,-0.0025025662034749985
899c5ed91b8c5beb,3,4,17,1,-1,,-1,-1,-1,-1,-1,-1,-1,,,,,,,,False,no_rsm_proposal,False,False,False,False,False,False,False,,,,,
9857fe6079dc5b65,3,4,16,1,9,0.0003742047014063,9,9,9,9,9,9,9,0.0604028793942922,0.0604028793942922,0.0604028793942922,0.0604028793942922,0.032417656364061,0.0325269876567006,0.1382487301118755,True,nearzero_positive,True,True,True,True,True,True,True,-0.004341498017311096,-0.004341498017311096,-0.004341498017311096,-0.004341498017311096,-0.004341498017311096
9c0c9727fc975d7a,3,4,4,1,-1,,-1,-1,-1,-1,-1,-1,-1,,,,,,,,False,no_rsm_proposal,False,False,False,False,False,False,False,,,,,
a0cbabab4b2c5345,3,4,17,1,-1,,-1,-1,-1,-1,-1,-1,-1,,,,,,,,False,no_rsm_proposal,False,False,False,False,False,False,False,,,,,
a370a9747c5e599b,3,4,8,1,1,-1.0564851760864276e-05,-1,-1,-1,-1,-1,-1,1,-0.0507799486360862,-0.0507799486360862,-0.0507799486360862,-0.0507799486360862,-0.0552022719314572,-0.055184995016357,0.0505367474388178,True,mild_harm,False,False,False,False,False,False,True,-0.0006860587745904922,-0.0006860587745904922,-0.0006860587745904922,-0.0006860587745904922,-0.0006860587745904922
b0b57e6ca331564e,3,4,12,1,24,0.0,24,24,24,24,24,24,24,0.0023408636038411,0.0023408636038411,0.0023408636038411,0.0023408636038411,0.0023408636038411,0.0023408636038411,0.108062606059016,True,mild_harm,True,True,True,True,True,True,True,0.0,0.0,0.0,0.0,0.0
b66edb8535dd5ec1,3,4,11,1,11,-0.0002485304828732,-1,-1,-1,-1,-1,-1,11,-0.061545225076261,-0.061545225076261,-0.061545225076261,-0.061545225076261,-0.0684568299746032,-0.0688621584361686,0.0368595840190062,True,mild_harm,False,False,False,False,False,False,True,-0.0037007704377174377,-0.003426067531108856,-0.001240566372871399,0.002809964120388031,-0.0032633766531944275
bef88a7c044b5ebe,3,4,29,1,18,0.0008987352035938,18,18,18,18,-1,-1,-1,0.0422425897223757,0.0422425897223757,0.0422425897223757,0.0422425897223757,-0.2913587734299731,-0.2900554760354735,-0.1843337335802986,True,nearzero_positive,True,True,True,True,False,False,False,-0.05175337195396423,-0.05175337195396423,-0.05175337195396423,-0.05175337195396423,-0.05175337195396423
ce41992a83845d8a,3,4,20,1,-1,,-1,-1,-1,-1,-1,-1,-1,,,,,,,,False,no_rsm_proposal,False,False,False,False,False,False,False,,,,,
e2022a0506df54c7,3,4,11,1,15,0.0,-1,-1,-1,-1,-1,-1,-1,-0.1654425325377825,-0.1654425325377825,-0.1654425325377825,-0.1654425325377825,-0.1654425325377825,-0.1654425325377825,-0.0597207900826076,True,mild_harm,False,False,False,False,False,False,False,0.0,0.0,0.0,0.0,0.0
f88a28f7b54555ea,3,4,30,1,18,0.0006765377013073,-1,-1,-1,-1,-1,-1,-1,-0.1282389086141903,-0.1282389086141903,-0.1282389086141903,-0.1282389086141903,-0.8279905106886221,-0.8252567555529637,-0.7195350130977889,True,nearzero_positive,False,False,False,False,False,False,False,-0.10855622589588165,-0.10855622589588165,-0.10855622589588165,-0.10855622589588165,-0.10855622589588165
034da27cd2f75292,3,4,1,0,5,-0.0041440810557571,5,5,5,5,5,5,5,0.1480630470221737,0.1458554019440086,0.146412954323246,0.1458669830824434,0.1957249402545717,0.1955387371147534,0.3012604795699283,True,mild_harm,True,True,True,True,True,True,True,0.00739404559135437,0.00739404559135437,0.00739404559135437,0.00739404559135437,0.00739404559135437
1088d47284565808,3,4,5,0,-1,,-1,-1,-1,-1,-1,-1,-1,,,,,,,,False,no_rsm_proposal,False,False,False,False,False,False,False,,,,,
1a20ae9ff1e05d25,3,4,16,1,25,-0.0001797868408029,25,25,25,25,25,25,25,0.0300238519352312,0.0300238519352312,0.0300238519352312,0.0300238519352312,0.2771728416564059,0.2801950138118007,0.3859167562669756,True,mild_harm,True,True,True,True,True,True,True,0.040502503514289856,0.041786327958106995,0.04345789551734924,0.03158436715602875,0.04161900281906128
3f51b8b92c3b52cf,3,4,18,1,9,0.0003213510554285,9,9,9,9,-1,-1,-1,0.0030710783953533,0.0254342461807997,0.0167006731951492,0.0289781886782985,-0.224890622366557,-0.211422826246125,-0.1057010837909501,True,nearzero_positive,True,True,True,True,False,False,False,-0.03872445225715637,-0.03886881470680237,-0.03671124577522278,-0.030467867851257324,-0.038068175315856934
452d348a65ac59f3,3,4,11,1,-1,,-1,-1,-1,-1,-1,-1,-1,,,,,,,,False,no_rsm_proposal,False,False,False,False,False,False,False,,,,,
4a35d5b02394561e,3,4,17,1,-1,,-1,-1,-1,-1,-1,-1,-1,,,,,,,,False,no_rsm_proposal,False,False,False,False,False,False,False,,,,,
4a90f1c8ef895e13,3,4,12,1,2,-0.0002851558105612,-1,-1,-1,-1,-1,-1,2,-0.0169241278279131,-0.0169241278279131,-0.0169241278279131,-0.0169241278279131,-0.0326345926731272,-0.0325732158019248,0.07314852665325,True,mild_harm,False,False,False,False,False,False,True,-0.0024372488260269165,-0.0024372488260269165,-0.0024372488260269165,-0.0024372488260269165,-0.0024372488260269165
4cf854e9eadf5084,3,4,2,1,-1,,-1,-1,-1,-1,-1,-1,-1,,,,,,,,False,no_rsm_proposal,False,False,False,False,False,False,False,,,,,
54059bb6b643525f,3,4,11,1,24,-0.0005095285788178,-1,-1,-1,-1,-1,-1,-1,-0.0578506130257187,-0.0553317077081726,-0.0566234206152761,-0.053486406786027,-0.1101861972438004,-0.1103532847299263,-0.0046315422747514,True,mild_harm,False,False,False,False,False,False,False,-0.008037447929382324,-0.008050501346588135,-0.008030205965042114,-0.008263766765594482,-0.0080319344997406
588dbd820a135056,3,4,6,1,3,0.0005023064074397,-1,-1,-1,-1,-1,-1,-1,-0.0098254189205787,-0.0027084223940181,-0.0045058573103709,-0.0027457576173428,-0.1989173233923296,-0.1981785884420577,-0.0924568459868828,True,nearzero_positive,False,False,False,False,False,False,False,-0.029334843158721924,-0.029334843158721924,-0.029334843158721924,-0.029334843158721924,-0.029334843158721924
5a0bd184100f54d5,3,4,3,1,-1,,-1,-1,-1,-1,-1,-1,-1,,,,,,,,False,no_rsm_proposal,False,False,False,False,False,False,False,,,,,
8eb1c196434e51ec,3,4,10,1,-1,,-1,-1,-1,-1,-1,-1,-1,,,,,,,,False,no_rsm_proposal,False,False,False,False,False,False,False,,,,,
95e1e30a438d52cd,3,4,6,1,-1,,-1,-1,-1,-1,-1,-1,-1,,,,,,,,False,no_rsm_proposal,False,False,False,False,False,False,False,,,,,
9c5700ab41865a07,3,4,12,1,1,-0.000125082693994,-1,-1,-1,-1,-1,-1,-1,-0.0595153362435604,-0.0531826396691807,-0.0553759106294296,-0.0446030382305341,-0.2664011864453834,-0.2152716069738128,-0.1095498645186379,True,mild_harm,False,False,False,False,False,False,False,-0.04936701059341431,-0.04911231994628906,-0.012502223253250122,-0.016900718212127686,-0.04953300952911377
aa05025b9a815254,3,4,9,1,-1,,-1,-1,-1,-1,-1,-1,-1,,,,,,,,False,no_rsm_proposal,False,False,False,False,False,False,False,,,,,
ac768eabfa5c5725,3,4,12,0,9,-9.121100050396568e-05,9,9,9,9,9,9,9,0.0046680729072732,0.0135503402988491,0.009869386040762,0.0178235944032388,0.0857895938715655,0.0855690079053929,0.1912907503605678,True,mild_harm,True,True,True,True,True,True,True,0.012363344430923462,0.012351363897323608,0.012583553791046143,0.012851476669311523,0.012444257736206055
ad963f2915a657a4,3,4,18,1,9,0.0004896600965409,9,9,9,9,-1,-1,-1,0.014662895596453,0.0389508381885574,0.0349696417097196,0.033375489922063,-0.2693379406186085,-0.2449376002849917,-0.1392158578298168,True,nearzero_positive,True,True,True,True,False,False,False,-0.04952049255371094,-0.04952049255371094,-0.048161476850509644,-0.03499007225036621,-0.04951915144920349
ae1909ec83115e90,3,4,2,1,9,-0.0003600291313676,-1,-1,-1,-1,9,9,9,-0.0234380400715892,-0.0234380400715892,-0.0234380400715892,-0.0234380400715892,0.0908798185529159,0.0904332071665527,0.1961549496217276,True,mild_harm,False,False,False,False,True,True,True,0.017734743654727936,0.017734743654727936,0.017734743654727936,0.017734743654727936,0.017734743654727936
be7fe135f5665966,3,4,7,1,0,0.0062542543325573,0,0,0,0,-1,-1,-1,0.1832943516212451,0.6004979799740952,0.4951310086636686,0.5983093614215456,-0.2179484289201995,-0.2163808733637715,-0.1106591309085966,True,nearzero_positive,True,True,True,True,False,False,False,-0.06224694848060608,-0.06224694848060608,-0.06224694848060608,-0.06224694848060608,-0.06224694848060608
c7bff0705f645b30,3,4,12,1,3,-1.2310663021650163,3,3,3,3,-1,-1,-1,0.0215126043684889,0.21604911621574,0.1909442053063304,0.1968813164934972,-0.3522145882312718,-0.3109210372794034,-0.2051992948242285,True,catastrophe,True,True,True,True,False,False,False,-0.06374967098236084,-0.06375634670257568,-0.04042863845825195,-0.058250635862350464,-0.06260383129119873
de432d7c6c6e57a6,3,4,2,0,-1,,-1,-1,-1,-1,-1,-1,-1,,,,,,,,False,no_rsm_proposal,False,False,False,False,False,False,False,,,,,
e8b724310f7054d0,3,4,17,1,-1,,-1,-1,-1,-1,-1,-1,-1,,,,,,,,False,no_rsm_proposal,False,False,False,False,False,False,False,,,,,
ed9b2d124d9d5f5d,3,4,16,1,-1,,-1,-1,-1,-1,-1,-1,-1,,,,,,,,False,no_rsm_proposal,False,False,False,False,False,False,False,,,,,
ee0f338b4ebe5cb4,3,4,6,1,-1,,-1,-1,-1,-1,-1,-1,-1,,,,,,,,False,no_rsm_proposal,False,False,False,False,False,False,False,,,,,
f2a1763371075e21,3,4,14,0,-1,,-1,-1,-1,-1,-1,-1,-1,,,,,,,,False,no_rsm_proposal,False,False,False,False,False,False,False,,,,,
fe394302690d5074,3,4,16,1,-1,,-1,-1,-1,-1,-1,-1,-1,,,,,,,,False,no_rsm_proposal,False,False,False,False,False,False,False,,,,,
3acad4250aca5326,3,4,12,1,23,0.0010598421217871,23,23,23,23,-1,-1,-1,0.0561049040433097,0.0561049040433097,0.0561049040433097,0.0561049040433097,-0.5520089794166537,-0.5496332300120855,-0.4439114875569106,True,nearzero_positive,True,True,True,True,False,False,False,-0.09433997422456741,-0.09433997422456741,-0.09433997422456741,-0.09433997422456741,-0.09433997422456741
418e74ddfb5f5ca0,3,4,12,0,5,-0.0027785253122454,-1,-1,-1,-1,5,5,5,-0.0420301991399607,-0.0420301991399607,-0.0420301991399607,-0.0420301991399607,0.0004207484259287,0.0011109837789022,0.1068327262340771,True,mild_harm,False,False,False,False,True,True,True,0.007069408893585205,0.006918966770172119,0.004831276834011078,0.00672508031129837,0.007189840078353882
43f8bc12d54d5cef,3,4,2,1,-1,,-1,-1,-1,-1,-1,-1,-1,,,,,,,,False,no_rsm_proposal,False,False,False,False,False,False,False,,,,,
479da12f5f165e29,3,4,17,1,-1,,-1,-1,-1,-1,-1,-1,-1,,,,,,,,False,no_rsm_proposal,False,False,False,False,False,False,False,,,,,
4d6b64ad777d51e8,3,4,8,1,9,-0.0003549737431109,-1,9,9,9,-1,9,9,-0.0454770594324902,0.5633506913080221,0.419909228428824,0.5602062124749145,-0.0950794909069288,0.1280163683422099,0.2337381107973848,True,mild_harm,False,True,True,True,False,True,True,-0.023570001125335693,0.07909396290779114,-0.023570001125335693,-0.023570001125335693,-0.02384701371192932
5c0a063437415679,3,4,6,1,-1,,-1,-1,-1,-1,-1,-1,-1,,,,,,,,False,no_rsm_proposal,False,False,False,False,False,False,False,,,,,
7defa49de9415496,3,4,5,1,9,-0.000493478185098,-1,9,9,9,-1,-1,-1,-0.0431106911107699,0.019340249078536,0.0035679355701058,0.0190126361887295,-0.4807005567222967,-0.4789910021619626,-0.3732692597067877,True,mild_harm,False,True,True,True,False,False,False,-0.06788566708564758,-0.06788566708564758,-0.06788566708564758,-0.06788566708564758,-0.06788566708564758
a849c65f124e5af0,3,4,21,1,-1,,-1,-1,-1,-1,-1,-1,-1,,,,,,,,False,no_rsm_proposal,False,False,False,False,False,False,False,,,,,
baef81dee84a5ff1,3,4,7,0,9,-0.0007031749175715,-1,-1,-1,-1,-1,-1,9,-0.0540505265454823,-0.0540505265454823,-0.0540505265454823,-0.0540505265454823,-0.0185838599172731,-0.0187224193457219,0.0869993231094529,True,mild_harm,False,False,False,False,False,False,True,0.005502134561538696,0.005502134561538696,0.005502134561538696,0.005502134561538696,0.005502134561538696
bce79a86a0b75d48,3,4,3,0,20,-0.9901073702458292,-1,-1,-1,-1,-1,-1,-1,-0.0229524090843649,-0.2946174474220732,-0.4967464774848155,-0.2087410293041856,-0.3842188215505722,-0.4877180858094127,-0.3819963433542378,True,catastrophe,False,False,False,False,False,False,False,-0.04846857488155365,-0.04838605970144272,-0.09689316153526306,-0.04869181662797928,-0.04838794469833374
d1faaed55b75587c,3,4,2,0,-1,,-1,-1,-1,-1,-1,-1,-1,,,,,,,,False,no_rsm_proposal,False,False,False,False,False,False,False,,,,,
faf6056c372e54f2,3,4,8,1,2,1.246183863767609,-1,-1,-1,-1,-1,-1,-1,-0.0480407413526995,-0.0480407413526995,-0.0480407413526995,-0.0480407413526995,-0.3909302501194365,-0.3895906662545683,-0.2838689237993934,True,material_positive,False,False,False,False,False,False,False,-0.05319429188966751,-0.05319429188966751,-0.05319429188966751,-0.05319429188966751,-0.05319429188966751
fb0869a379e05f37,3,4,14,1,21,-0.0005006849899888,-1,-1,-1,-1,-1,-1,21,-0.0559855639116911,-0.0559855639116911,-0.0559855639116911,-0.0559855639116911,-0.1049171769109583,-0.1047260132924167,0.0009957291627581,True,mild_harm,False,False,False,False,False,False,True,-0.007591024041175842,-0.007591024041175842,-0.007591024041175842,-0.007591024041175842,-0.007591024041175842
054033a129155c88,3,4,9,1,1,3.994131535741196,1,1,1,1,1,1,1,0.5914612254363342,1.515767604491402,1.2823291655486544,1.5109187634172567,2.5155531244451,2.4946958332698603,2.6004175757250354,True,material_positive,True,True,True,True,True,True,True,0.30162009596824646,0.29327042400836945,0.2946260869503021,0.3016200512647629,0.2973833978176117
188773ba51c15df2,3,4,15,1,3,0.0007397349080302,3,3,3,3,3,3,3,0.0370388412002769,0.0400083018095014,0.0392583489098709,0.0399927242446418,0.2146598519797053,0.2139659309526156,0.3196876734077906,True,nearzero_positive,True,True,True,True,True,True,True,0.027555301785469055,0.027555301785469055,0.027555301785469055,0.027555301785469055,0.027555301785469055
2796d5f962875a20,3,4,14,1,9,1.657555662096244e-05,-1,9,9,9,9,9,9,-0.0614373361866973,0.1188196719719092,0.0732948162027073,0.1178740573955438,0.1170966033612578,0.115997597445954,0.2217193399011289,True,nearzero_positive,False,True,True,True,True,True,True,0.02772626280784607,0.02772626280784607,0.027540594339370728,0.02772626280784607,0.02772626280784607
2840205769d65c01,3,4,1,0,-1,,-1,-1,-1,-1,-1,-1,-1,,,,,,,,False,no_rsm_proposal,False,False,False,False,False,False,False,,,,,
2e5568e60278518f,3,4,16,1,-1,,-1,-1,-1,-1,-1,-1,-1,,,,,,,,False,no_rsm_proposal,False,False,False,False,False,False,False,,,,,
3d35dcf889f65305,3,4,14,1,-1,,-1,-1,-1,-1,-1,-1,-1,,,,,,,,False,no_rsm_proposal,False,False,False,False,False,False,False,,,,,
3effd9932b505526,3,4,4,1,9,-0.0005002665493637,-1,-1,-1,-1,-1,-1,9,-0.0569675288549468,-0.0554047803180092,-0.0557994606828637,-0.0554129783781612,-0.0327148219481363,-0.032781707258117,0.0729400351970578,True,mild_harm,False,False,False,False,False,False,True,0.003758177161216736,0.003752082586288452,0.003826141357421875,0.003773301839828491,0.00364665687084198
4f1e4809df7255cd,3,4,3,1,9,-0.0004685123638249,-1,-1,-1,-1,-1,-1,-1,-0.0658306723554254,-0.0645462972057707,-0.0648706729071034,-0.0645530349402725,-0.2675412034413784,-0.2667531706614059,-0.161031428206231,True,mild_harm,False,False,False,False,False,False,False,-0.03129243850708008,-0.03129243850708008,-0.03129243850708008,-0.03129243850708008,-0.03129243850708008
5db6ae467e8f530f,3,4,1,0,-1,,-1,-1,-1,-1,-1,-1,-1,,,,,,,,False,no_rsm_proposal,False,False,False,False,False,False,False,,,,,
5e6ab34948a9514f,3,4,15,1,2,0.0020171442691236,2,2,2,2,-1,2,2,0.0556923240074448,0.0556923240074448,0.0556923240074448,0.0556923240074448,-0.0112048686770063,0.0103190539838732,0.1160407964390481,True,nearzero_positive,True,True,True,True,False,True,True,-0.011982053518295288,-0.011982053518295288,-0.002099335193634033,-0.011982053518295288,-0.011982053518295288
6004adf688695a08,3,4,17,0,9,-0.0001960927274078,9,9,9,9,9,9,9,0.0139856326279033,0.0310800774823058,0.0267627854979271,0.030990401322725,0.1932413631828327,0.1925410557129418,0.2982627981681167,True,mild_harm,True,True,True,True,True,True,True,0.02780890464782715,0.02780890464782715,0.02780890464782715,0.02780890464782715,0.02780890464782715
637d23f7438f50f6,3,4,17,1,9,0.0003521821435541,-1,9,9,9,-1,-1,-1,-0.0081332994240096,0.027723013283436,0.0186673128638131,0.0275349137898449,-0.1275169259314708,-0.1270505238523461,-0.0213287813971712,True,nearzero_positive,False,True,True,True,False,False,False,-0.018520623445510864,-0.018520623445510864,-0.018520623445510864,-0.018520623445510864,-0.018520623445510864
6a35a43b5e295b97,3,4,16,1,3,9.041018076239028e-05,-1,-1,-1,-1,-1,-1,3,-0.0249972125507927,-0.0249972125507927,-0.0249972125507927,-0.0249972125507927,-0.0416142052121472,-0.0397068916100108,0.066014850845164,True,nearzero_positive,False,False,False,False,False,False,True,-0.0027174055576324463,-0.0027174055576324463,-0.0018605291843414307,-0.0027174055576324463,-0.0027174055576324463
2a89f35c7f5e55de,4,0,15,1,3,-6.618811858352279e-05,3,3,3,3,3,3,3,0.0179461685046401,0.0179461685046401,0.0179461685046401,0.0179461685046401,0.0235244339870205,0.0235390052505705,0.0080455502141717,True,mild_harm,True,True,True,True,True,True,True,0.0008718669414520264,0.0008718669414520264,0.0008718669414520264,0.0008718669414520264,0.0008718669414520264
35695122c3535595,4,0,12,0,-1,,-1,-1,-1,-1,-1,-1,-1,,,,,,,,False,no_rsm_proposal,False,False,False,False,False,False,False,,,,,
5d0c2052e0a35e3f,4,0,17,1,24,0.0017037782690954,24,24,24,24,-1,-1,-1,0.1133914376610515,0.1056303677009879,0.1076468696617145,0.1053188931118756,-0.3857779949038641,-0.3870819001018093,-0.4025753551382081,True,nearzero_positive,True,True,True,True,False,False,False,-0.07801875472068787,-0.07801875472068787,-0.07801875472068787,-0.07801875472068787,-0.07801875472068787
62f95fe3004d54c9,4,0,3,1,26,0.000285601210594,-1,-1,-1,-1,-1,-1,-1,-0.0628486827627655,-0.0628486827627655,-0.0628486827627655,-0.0628486827627655,-0.1554087779190301,-0.282282027119629,-0.2977754821560278,True,nearzero_positive,False,False,False,False,False,False,False,0.023091435432434082,-0.10668613016605377,-0.0027336329221725464,-0.012738779187202454,0.019944138824939728
6a35bb3d0b895433,4,0,24,1,22,0.003396335945744,22,22,22,22,-1,-1,-1,0.0476949160769011,0.0476949160769011,0.0476949160769011,0.0476949160769011,-0.0449249794216353,-0.0451669164379969,-0.0606603714743958,True,nearzero_positive,True,True,True,True,False,False,False,-0.014476224780082703,-0.014476224780082703,-0.014476224780082703,-0.014476224780082703,-0.014476224780082703
761122460ac451ca,4,0,28,1,17,0.0023181671525582,-1,-1,-1,-1,17,17,17,-0.0494728091313467,-0.0494728091313467,-0.0494728091313467,-0.0494728091313467,0.306603726355472,0.3148066021853767,0.2993131471489779,True,nearzero_positive,False,False,False,False,True,True,True,0.055734872817993164,0.055392175912857056,0.058488115668296814,0.05477422475814819,0.0547577440738678
8a15e547b0d15f42,4,0,5,1,26,-0.0002700675501488,-1,-1,-1,-1,-1,-1,-1,-0.0734562686635046,-0.0734562686635046,-0.0734562686635046,-0.0734562686635046,-0.1256838019126491,-0.2120223081667999,-0.2275157632031987,True,mild_harm,False,False,False,False,False,False,False,0.025937870144844055,-0.07826806604862213,-0.005291417241096497,-0.009068995714187622,0.021812409162521362
9c925a1f1799553e,4,0,2,1,9,-0.9899525742542464,-1,-1,-1,-1,-1,-1,-1,-0.0159835972256736,-0.1693166082792112,-0.2808020476291857,-0.126169081775829,-0.0549937456170093,-0.0180485094212961,-0.033541964457695,True,catastrophe,False,False,False,False,False,False,False,0.008341014385223389,0.005883157253265381,-0.01656132936477661,-0.022220507264137268,0.008321762084960938
b7cc1a0b6eca5a11,4,0,4,1,9,-0.9898243386149406,9,-1,-1,-1,-1,-1,-1,0.0096872947893556,-0.2499920156511372,-0.4387997818617217,-0.1759644756055896,-0.1797591457547607,-0.2147786352860746,-0.2302720903224734,True,catastrophe,True,False,False,False,False,False,False,0.003363892436027527,-0.0010077953338623047,-0.0760764330625534,-0.05380825698375702,0.0006043016910552979
0dd2b9715fc65e18,4,0,14,1,10,-9.228003919126147e-05,10,-1,-1,10,-1,-1,-1,0.0278272461693223,-0.0013940654644361,-0.0042784177202458,0.0018424066586031,-0.0673847601175579,-0.0851266512467572,-0.100620106283156,True,mild_harm,True,False,False,True,False,False,False,-0.030796796083450317,-0.02169889211654663,0.0015462785959243774,-0.008247122168540955,-0.026699483394622803
6281e79a633155a3,4,0,12,1,24,0.0014172612654294,-1,24,24,24,-1,-1,-1,-0.0362720032066571,0.551986658225589,0.6243823903217233,0.4966970662233848,-0.4130766087844598,-0.3669020835746111,-0.3823955386110099,True,nearzero_positive,False,True,True,True,False,False,False,-0.06715145707130432,-0.06715145707130432,-0.04051452875137329,-0.05534261465072632,-0.06715145707130432
16549991ac4b53ff,4,0,16,1,-1,,-1,-1,-1,-1,-1,-1,-1,,,,,,,,False,no_rsm_proposal,False,False,False,False,False,False,False,,,,,
254e4f21f68554f1,4,0,18,1,21,-0.0001187025191262,21,21,21,21,-1,-1,-1,0.0207865648770207,0.0207865648770207,0.0207865648770207,0.0207865648770207,-0.0355656431512226,-0.0357128435448568,-0.0512062985812556,True,mild_harm,True,True,True,True,False,False,False,-0.00880768895149231,-0.00880768895149231,-0.00880768895149231,-0.00880768895149231,-0.00880768895149231
2bdb803d07605094,4,0,6,1,23,-0.0001160842318087,23,23,23,23,23,23,23,0.0034606076524032,0.0034606076524032,0.0034606076524032,0.0034606076524032,0.041276213741256,0.0413749937588732,0.0258815387224744,True,mild_harm,True,True,True,True,True,True,True,0.005910471081733704,0.005910471081733704,0.005910471081733704,0.005910471081733704,0.005910471081733704
3d78c0894c67503b,4,0,17,1,19,-6.056209513917443e-06,19,19,19,19,19,19,-1,0.015321807527253,0.015321807527253,0.015321807527253,0.015321807527253,0.0145527104900564,0.0145507014935933,-0.0009427535428054,True,mild_harm,True,True,True,True,True,True,False,-0.00012020766735076904,-0.00012020766735076904,-0.00012020766735076904,-0.00012020766735076904,-0.00012020766735076904
4d104d17dc625c04,4,0,8,1,26,-0.0004376932598653,26,26,26,26,26,26,26,0.0607379595810661,0.0607379595810661,0.0607379595810661,0.0607379595810661,0.0952565638426813,0.0953467315985296,0.0798532765621308,True,mild_harm,True,True,True,True,True,True,True,0.005395159125328064,0.005395159125328064,0.005395159125328064,0.005395159125328064,0.005395159125328064
70f797bbed2158f6,4,0,17,0,-1,,-1,-1,-1,-1,-1,-1,-1,,,,,,,,False,no_rsm_proposal,False,False,False,False,False,False,False,,,,,
83af8eb803795f59,4,0,16,1,-1,,-1,-1,-1,-1,-1,-1,-1,,,,,,,,False,no_rsm_proposal,False,False,False,False,False,False,False,,,,,
953f6386bfae55d0,4,0,18,1,17,7.98645019531221e-06,17,17,17,17,17,17,17,0.1533203758681027,0.1533203758681027,0.1533203758681027,0.1533203758681027,0.0708289744740207,0.0706134945987592,0.0551200395623603,True,nearzero_positive,True,True,True,True,True,True,True,-0.01289317011833191,-0.01289317011833191,-0.01289317011833191,-0.01289317011833191,-0.01289317011833191
b39ff897a8695a97,4,0,18,1,11,-0.0001397995856908,-1,-1,-1,-1,-1,-1,-1,-0.020867664271842,-0.020867664271842,-0.020867664271842,-0.020867664271842,-0.29779988455329,-0.2881968993541028,-0.3036903543905016,True,mild_harm,False,False,False,False,False,False,False,-0.04370151460170746,-0.04373137652873993,-0.03925926983356476,-0.0445944219827652,-0.043609991669654846
d5ef40ff0f715517,4,0,26,1,27,-7.741929963334115e-06,27,27,27,27,-1,-1,-1,0.0120722614790278,0.0120722614790278,0.0120722614790278,0.0120722614790278,-0.0215322356309025,-0.0216200156021858,-0.0371134706385846,True,mild_harm,True,True,True,True,False,False,False,-0.005252286791801453,-0.005252286791801453,-0.005252286791801453,-0.005252286791801453,-0.005252286791801453
da9bf29b3087547f,4,0,17,0,12,-0.0006733096577692,12,12,12,12,12,12,12,0.029311244189303,0.029311244189303,0.029311244189303,0.029311244189303,0.3133359103320265,0.3140778252297903,0.2985843701933914,True,mild_harm,True,True,True,True,True,True,True,0.04439224302768707,0.04439224302768707,0.04439224302768707,0.04439224302768707,0.04439224302768707
eb02028413fb5a92,4,0,16,1,9,-0.000601498145051,-1,-1,-1,-1,-1,-1,-1,-0.0529030408494042,-0.0529030408494042,-0.0529030408494042,-0.0529030408494042,-0.0100305287857834,-0.0099185393736082,-0.0254119944100071,True,mild_harm,False,False,False,False,False,False,False,0.006700851023197174,0.006700851023197174,0.006700851023197174,0.006700851023197174,0.006700851023197174
ec65e8cddb3d5fbd,4,0,19,1,23,-7.281030565500259e-05,-1,-1,-1,-1,-1,-1,-1,-0.0340382781369138,-0.0340382781369138,-0.0340382781369138,-0.0340382781369138,-0.0795735515368899,-0.0796924964798345,-0.0951859515162333,True,mild_harm,False,False,False,False,False,False,False,-0.007117033004760742,-0.007117033004760742,-0.007117033004760742,-0.007117033004760742,-0.007117033004760742
f2c4bbcda8c650a3,4,0,11,1,26,-0.0006146780819484,-1,-1,-1,-1,-1,-1,-1,-0.0337369104688288,-0.0337369104688288,-0.0337369104688288,-0.0337369104688288,-0.3580011683419966,-0.3588481950703284,-0.3743416501067272,True,mild_harm,False,False,False,False,False,False,False,-0.05068157613277435,-0.05068157613277435,-0.05068157613277435,-0.05068157613277435,-0.05068157613277435
f53a6e7af3825751,4,0,16,1,3,-2.8481406136426912e-05,3,3,3,3,-1,-1,-1,0.0468896213525877,0.0468896213525877,0.0468896213525877,0.0468896213525877,-0.007506237202088,-0.007648327318367,-0.0231417823547658,True,mild_harm,True,True,True,True,False,False,False,-0.008501917123794556,-0.008501917123794556,-0.008501917123794556,-0.008501917123794556,-0.008501917123794556
f53af77bf6fa5703,4,0,1,1,-1,,-1,-1,-1,-1,-1,-1,-1,,,,,,,,False,no_rsm_proposal,False,False,False,False,False,False,False,,,,,
0be5fd7a2dbb5d87,4,0,14,1,-1,,-1,-1,-1,-1,-1,-1,-1,,,,,,,,False,no_rsm_proposal,False,False,False,False,False,False,False,,,,,
25c67c9a53ef53ce,4,0,4,1,22,0.0020756234128028,22,22,22,22,22,22,22,0.0322814103331214,0.0322814103331214,0.0322814103331214,0.0322814103331214,0.4777763166063117,0.477806842805545,0.4623133877691461,True,nearzero_positive,True,True,True,True,True,True,True,0.0697234570980072,0.06966860592365265,0.0697234570980072,0.0697234570980072,0.0691879540681839
90efa9d50cc8521e,4,0,1,1,-1,,-1,-1,-1,-1,-1,-1,-1,,,,,,,,False,no_rsm_proposal,False,False,False,False,False,False,False,,,,,
ac7fee08538b5bb0,4,0,13,1,24,0.0,-1,-1,-1,-1,-1,-1,-1,-0.0371971370074272,-0.0371971370074272,-0.0371971370074272,-0.0371971370074272,-0.0371971370074272,-0.0371971370074272,-0.052690592043826,True,mild_harm,False,False,False,False,False,False,False,0.0,0.0,0.0,0.0,0.0
c4292750158e5a5f,4,0,3,1,6,0.9762204023627216,-1,-1,-1,-1,-1,-1,-1,-0.1365609636461427,-0.1365609636461427,-0.1365609636461427,-0.1365609636461427,-0.4319313047707691,-0.2176439388407831,-0.2331373938771819,True,material_positive,False,False,False,False,False,False,False,-0.06189072132110596,-0.06189072132110596,0.03764826059341431,-0.06189072132110596,-0.06189072132110596
cae918485e635e35,4,0,14,0,-1,,-1,-1,-1,-1,-1,-1,-1,,,,,,,,False,no_rsm_proposal,False,False,False,False,False,False,False,,,,,
4b308d5a04d05498,4,0,17,1,-1,,-1,-1,-1,-1,-1,-1,-1,,,,,,,,False,no_rsm_proposal,False,False,False,False,False,False,False,,,,,
8fba4b45daa85b15,4,0,19,1,-1,,-1,-1,-1,-1,-1,-1,-1,,,,,,,,False,no_rsm_proposal,False,False,False,False,False,False,False,,,,,
c9a1d813d64c52d1,4,0,4,0,15,0.0,15,15,15,15,15,15,-1,0.0090669096029058,0.0090669096029058,0.0090669096029058,0.0090669096029058,0.0090669096029058,0.0090669096029058,-0.0064265454334929,True,mild_harm,True,True,True,True,True,True,False,0.0,0.0,0.0,0.0,0.0
e747e181d08758c8,4,0,13,1,-1,,-1,-1,-1,-1,-1,-1,-1,,,,,,,,False,no_rsm_proposal,False,False,False,False,False,False,False,,,,,
f6db13314100532b,4,0,13,1,-1,,-1,-1,-1,-1,-1,-1,-1,,,,,,,,False,no_rsm_proposal,False,False,False,False,False,False,False,,,,,
0fb7d56584065e6f,4,0,27,1,21,0.0021822822965567,21,21,21,21,21,21,21,0.0002146886502956,0.0002146886502956,0.0002146886502956,0.0002146886502956,0.0483890711130752,0.0435578302200849,0.0280643751836861,True,nearzero_positive,True,True,True,True,True,True,True,0.008402377367019653,0.008545547723770142,0.007787272334098816,0.005597621202468872,0.009176217019557953
2abb6fcc99585318,4,0,20,1,-1,,-1,-1,-1,-1,-1,-1,-1,,,,,,,,False,no_rsm_proposal,False,False,False,False,False,False,False,,,,,
32b190836fd35675,4,0,7,1,17,4.21013753162695e-05,-1,-1,-1,-1,-1,-1,-1,-0.0201726529195873,-0.0201726529195873,-0.0201726529195873,-0.0201726529195873,-0.0119488347304804,-0.0119273528876748,-0.0274208079240736,True,nearzero_positive,False,False,False,False,False,False,False,0.001285359263420105,0.001285359263420105,0.001285359263420105,0.001285359263420105,0.001285359263420105
48428a15cb2d56c8,4,0,5,0,-1,,-1,-1,-1,-1,-1,-1,-1,,,,,,,,False,no_rsm_proposal,False,False,False,False,False,False,False,,,,,
4d08ab0578415b3b,4,0,6,1,-1,,-1,-1,-1,-1,-1,-1,-1,,,,,,,,False,no_rsm_proposal,False,False,False,False,False,False,False,,,,,
58c0557c53635354,4,0,6,1,-1,,-1,-1,-1,-1,-1,-1,-1,,,,,,,,False,no_rsm_proposal,False,False,False,False,False,False,False,,,,,
58e646ea48eb59d3,4,0,18,1,22,0.0003097406474874,-1,-1,-1,-1,-1,-1,-1,-0.0300329858478032,-0.0300329858478032,-0.0300329858478032,-0.0300329858478032,-0.1348918617828982,-0.1407766246503641,-0.1562700796867629,True,nearzero_positive,False,False,False,False,False,False,False,-0.01530861109495163,-0.015163682401180267,-0.016077488660812378,-0.01857583224773407,-0.014544829726219177
9d7dd692cec75a40,4,0,17,1,6,-0.0009404101041611,-1,-1,-1,-1,6,6,6,-0.021541159800018,-0.0213500579524039,-0.0213997105457184,-0.0213423884725807,0.0644521739199814,0.0174959517396465,0.0020024967032477,True,mild_harm,False,False,False,False,True,True,True,0.016833961009979248,0.016833961009979248,-0.004947036504745483,0.016833961009979248,0.016833961009979248
ad4b812be67052a1,4,0,27,1,23,0.0001918116681274,-1,-1,-1,-1,-1,-1,-1,-0.0957330207310284,-0.6151399538768606,-0.587068579917959,-0.5240306460785884,-0.2552748253896082,-0.2470246049492193,-0.2625180599856181,True,nearzero_positive,False,False,False,False,False,False,False,-0.03581643104553223,-0.03372010588645935,0.001100972294807434,-0.02155819535255432,-0.034336090087890625
de3f8268d1675268,4,0,10,0,21,0.0,21,21,21,21,21,21,21,0.0156455401028937,0.0156455401028937,0.0156455401028937,0.0156455401028937,0.0156455401028937,0.0156455401028937,0.0001520850664949,True,mild_harm,True,True,True,True,True,True,True,0.0,0.0,0.0,0.0,0.0
f110d20f7a7957b7,4,0,17,1,6,-9.978644736091669e-06,-1,-1,-1,-1,6,6,6,-0.00392783940593,-0.0069460722996107,-0.0089780683998177,-0.0062397866263575,0.1364842885230712,0.1039344804578909,0.0884410254214921,True,mild_harm,False,False,False,False,True,True,True,0.02431967854499817,0.024349629878997803,0.009117603302001953,0.024269700050354004,0.024341285228729248
4fc4718214135eee,4,0,12,1,9,0.989265655384527,-1,-1,-1,-1,-1,9,-1,-0.067279524546795,-0.0380767676234485,-0.0168440204917876,-0.0481288451547012,-0.1021723676532909,0.0082922488769555,-0.0072012061594432,True,material_positive,False,False,False,False,False,True,False,-0.011739730834960938,0.014189571142196655,0.06001564860343933,-0.041581690311431885,-0.001456037163734436
5d64681dd478516a,4,0,27,1,-1,,-1,-1,-1,-1,-1,-1,-1,,,,,,,,False,no_rsm_proposal,False,False,False,False,False,False,False,,,,,
629734efb5f5564c,4,0,20,1,10,0.0004178750086341,-1,10,10,10,10,10,10,-0.0190214035696931,0.0598904961532101,0.0393873952489897,0.0630574630364793,0.1236886936483928,0.1074427748996776,0.0919493198632787,True,nearzero_positive,False,True,True,True,True,True,True,0.023498237133026123,0.015828460454940796,0.023498237133026123,0.023498237133026123,0.023498237133026123
69244009b6eb50bf,4,0,13,1,17,-4.581917114554468e-05,-1,-1,-1,-1,-1,-1,-1,-0.0476588496896652,-0.1059761411396825,-0.0858437219799484,-0.0879868515662763,-0.2655409406430464,-0.2286763067781225,-0.2441697618145213,True,mild_harm,False,False,False,False,False,False,False,0.0062468647956848145,-0.05097952485084534,-0.03613787889480591,-0.03659653663635254,-0.05468741059303284
908340fb165954b2,4,0,14,1,-1,,-1,-1,-1,-1,-1,-1,-1,,,,,,,,False,no_rsm_proposal,False,False,False,False,False,False,False,,,,,
9229af9b7f1c5848,4,0,17,1,-1,,-1,-1,-1,-1,-1,-1,-1,,,,,,,,False,no_rsm_proposal,False,False,False,False,False,False,False,,,,,
beeb2d538d7f53d8,4,0,18,1,3,0.0002613140884786,-1,3,-1,3,-1,-1,-1,-0.0336487741032376,0.0008514109908726,-0.0081125194009022,0.002236005000691,-0.444304389649889,-0.4332343345517013,-0.4487277895881001,True,nearzero_positive,False,True,False,True,False,False,False,-0.0650644600391388,-0.0650644600391388,-0.0650644600391388,-0.0650644600391388,-0.05945196747779846
fbd37ced14a15418,4,0,17,1,7,0.0001307986882864,-1,7,7,7,7,7,7,-0.0013284855296864,0.287036710618073,0.212112893872513,0.2986096549990119,0.1497944053730666,0.1524046376154113,0.1369111825790125,True,nearzero_positive,False,True,True,True,True,True,True,0.023522943258285522,0.0235254168510437,0.02448350191116333,0.02352192997932434,0.023527085781097412
ff54f555627f5338,4,0,14,1,9,-0.0005246792767196,-1,9,9,9,9,9,9,-0.0089218557559596,0.0004642253851884,0.0133097069581301,0.0008652177551244,0.0403326116045924,0.0236378221401251,0.0081443671037263,True,mild_harm,False,True,True,True,True,True,True,0.0185396671295166,-0.05455602705478668,0.0057703107595443726,0.021823465824127197,0.027720659971237183
052f0d46a5c059a1,4,0,12,1,0,0.0031051245564599,0,0,0,0,0,0,0,0.1238795508529339,0.1238795508529339,0.1238795508529339,0.1238795508529339,0.2910585569727758,0.2986101980060441,0.2831167429696453,True,nearzero_positive,True,True,True,True,True,True,True,-0.004234403371810913,0.009850338101387024,0.058215782046318054,0.041411831974983215,0.013748154044151306
0af516a5b2725ac6,4,0,12,0,23,-0.0001615021092407,-1,-1,-1,-1,-1,-1,-1,-0.1102702506341533,-0.1102702506341533,-0.1102702506341533,-0.1102702506341533,-0.204400576031253,-0.2126686077580288,-0.2281620627944276,True,mild_harm,False,False,False,False,False,False,False,-0.010438606142997742,-0.012037590146064758,-0.0178387314081192,-0.017654702067375183,-0.013220876455307007
103c7d249ab154af,4,0,17,1,9,0.9936651484772564,9,9,9,9,9,9,9,0.0763366112536916,0.0763366112536916,0.0763366112536916,0.0763366112536916,0.0944342912146828,0.2158927623304338,0.200399307294035,True,material_positive,True,True,True,True,True,True,True,-0.009010642766952515,-0.009010642766952515,0.050145573914051056,-0.002093099057674408,-0.009010642766952515
30c657863dc05485,4,0,9,1,2,2.020336450465309,-1,-1,-1,-1,2,2,2,-0.0281779407682552,-0.0281779407682552,-0.0281779407682552,-0.0281779407682552,0.7470634009215635,0.7393808984544996,0.7238874434181009,True,material_positive,False,False,False,False,True,True,True,0.12099210917949677,0.11823882162570953,0.12340021133422852,0.12340021133422852,0.11738473176956177
431f7c6b100d5249,4,0,8,1,21,-9.228673037142698e-05,21,-1,-1,-1,-1,-1,-1,0.0331027502355856,-0.0885587938394779,-0.1765694245991226,-0.0959414633263373,-0.1660105502368424,-0.226252785927602,-0.2417462409640008,True,mild_harm,True,False,False,False,False,False,False,-0.06498056650161743,-0.04471546411514282,0.009579569101333618,-0.013534799218177795,-0.060765206813812256
4ace61964e9f5b4b,4,0,5,1,-1,,-1,-1,-1,-1,-1,-1,-1,,,,,,,,False,no_rsm_proposal,False,False,False,False,False,False,False,,,,,
5098ce6b12fa5143,4,0,9,1,-1,,-1,-1,-1,-1,-1,-1,-1,,,,,,,,False,no_rsm_proposal,False,False,False,False,False,False,False,,,,,
52092728a1c1574f,4,0,17,1,-1,,-1,-1,-1,-1,-1,-1,-1,,,,,,,,False,no_rsm_proposal,False,False,False,False,False,False,False,,,,,
58f2e39eebc65d24,4,0,9,1,0,0.0098007870477623,-1,-1,-1,-1,-1,-1,-1,-0.047777999265593,-0.0400132147166879,-0.0457659233561174,-0.0431281934539707,-0.0474417608572292,-0.0453606944170979,-0.0608541494534967,True,nearzero_positive,False,False,False,False,False,False,False,0.0008632540702819824,0.0001971721649169922,0.00024574995040893555,0.0001731961965560913,-0.0017184615135192871
5a917f5bb8815bd0,4,0,2,1,7,0.2376334074385464,-1,7,7,7,7,7,7,-0.074370859853893,0.2751258521800663,0.4715312195312629,0.2775319991091655,0.1283930619792995,0.3416812464842225,0.3261877914478236,True,material_positive,False,True,True,True,True,True,True,0.12228897213935852,0.08967059850692749,0.0020211637020111084,-0.03302789479494095,0.11460870504379272
6429eb85b6ba5938,4,0,17,1,6,-4.805480735781131e-05,6,6,6,6,6,6,6,0.0599828962407115,0.1447096321534011,0.1078804330575441,0.1391929155053754,0.2312940469706846,0.2856924796732296,0.2701990246368308,True,mild_harm,True,True,True,True,True,True,True,0.004961177706718445,0.005970016121864319,0.04619482159614563,0.04784926772117615,0.0007971078157424927
6b416b289a3b5858,4,0,16,1,6,-0.0001057195663918,6,6,6,6,6,6,6,0.1623909938184209,0.1529590393649272,0.1548476439791482,0.1559081489143953,0.2016561885094237,0.1691089145468867,0.1536154595104879,True,mild_harm,True,True,True,True,True,True,True,0.013081878423690796,0.013129383325576782,0.016712665557861328,-0.006587415933609009,0.012871652841567993
6e9b901524355c0b,4,0,21,1,21,-0.0001405817615636,-1,-1,-1,-1,-1,-1,-1,-0.0144995712150539,-0.1523438685425751,-0.2525677875015509,-0.1130994249332679,-0.0916451631454229,-0.0675640667367738,-0.0830575217731726,True,mild_harm,False,False,False,False,False,False,False,-0.015608429908752441,0.008656337857246399,-0.017756596207618713,-0.015608429908752441,-0.015608429908752441
8834fc612e1d524c,4,0,8,1,-1,,-1,-1,-1,-1,-1,-1,-1,,,,,,,,False,no_rsm_proposal,False,False,False,False,False,False,False,,,,,
9ddade724a6a54e2,4,0,16,1,3,0.9292438401492256,3,3,3,3,3,3,3,0.0054236637686803,0.1337158794798267,0.3092924216472152,0.1412801201817252,0.1080751633464028,0.2865748918278046,0.2710814367914058,True,material_positive,True,True,True,True,True,True,True,0.000235825777053833,0.085505411028862,0.0008457303047180176,0.007837548851966858,-0.0005493015050888062
a5fc167ac3e45fec,4,0,17,0,0,-0.0001269786208872,0,-1,-1,-1,-1,-1,-1,0.0002676043668692,-0.0017997871404167,-0.0008590835136169,-0.0002649402812534,-0.1475309034763197,-0.2204876502571827,-0.2359811052935815,True,mild_harm,True,False,False,False,False,False,False,-0.00507141649723053,0.007326819002628326,-0.05138307809829712,-0.04210464656352997,-0.0006235167384147644
bcb7ec6d46f45180,4,0,17,0,4,-0.0002300234297289,-1,4,4,4,-1,-1,-1,-0.0209094323826611,0.1376897905835571,0.0501922776106847,0.0846261216805314,-0.038081385620704,-0.0371416763175199,-0.0526351313539188,True,mild_harm,False,True,True,True,False,False,False,-0.0054784417152404785,-0.005694851279258728,-0.0023002177476882935,0.0008928179740905762,-0.006000220775604248
c25f5ca801be5075,4,0,4,0,8,-1.538959369074e-05,-1,-1,-1,-1,-1,-1,-1,-0.0331559313859462,-0.0075673053012343,-0.0122177448589788,-0.0147455715587142,-0.0204195955823943,-0.0284492049899028,-0.0439426600263016,True,mild_harm,False,False,False,False,False,False,False,0.006107330322265625,0.0027540922164916992,0.0018236786127090454,0.0013058334589004517,-0.00115165114402771
d0da55bb38fb5e83,4,0,3,1,5,0.0001831561706144,5,5,5,5,-1,5,5,0.0118771010283916,0.0407298390938157,0.0298845170509085,0.0323250638135813,-0.0550999240540609,0.0415658269283765,0.0260723718919777,True,nearzero_positive,True,True,True,True,False,True,True,-0.01688903570175171,-0.03256881237030029,-0.042807310819625854,0.027272909879684448,-0.035217463970184326
e056339b5ad457ea,4,0,17,0,4,-1.9974818360246616e-05,-1,-1,-1,-1,-1,-1,-1,-0.0203649952164086,-0.0088224716276261,-0.0146560286840557,-0.0129132397048599,-0.0273405095285008,-0.0256190100229493,-0.0411124650593481,True,mild_harm,False,False,False,False,False,False,False,-0.004195615649223328,-0.004404902458190918,-0.0004122406244277954,0.002890855073928833,-0.004712536931037903
03a7c978d0165fa2,4,0,20,1,-1,,-1,-1,-1,-1,-1,-1,-1,,,,,,,,False,no_rsm_proposal,False,False,False,False,False,False,False,,,,,
102e8bfe5f555974,4,0,19,1,22,-2.479011844847001e-05,22,22,22,22,22,22,22,0.0421991023531082,0.0421991023531082,0.0421991023531082,0.0421991023531082,0.0353428458567996,0.0353249362896251,0.0198314812532263,True,mild_harm,True,True,True,True,True,True,True,-0.0010716132819652557,-0.0010716132819652557,-0.0010716132819652557,-0.0010716132819652557,-0.0010716132819652557
11579a9c240a5c77,4,0,17,1,-1,,-1,-1,-1,-1,-1,-1,-1,,,,,,,,False,no_rsm_proposal,False,False,False,False,False,False,False,,,,,
1c8a733cea4d5aed,4,0,28,1,11,0.0014269439846277,-1,-1,-1,-1,-1,-1,-1,-0.012279365479871,-0.1670744293657259,-0.126855161733448,-0.1732868110564655,-0.0896160910948403,-0.0898181061861958,-0.1053115612225946,True,nearzero_positive,False,False,False,False,False,False,False,-0.012087509036064148,-0.012087509036064148,-0.012087509036064148,-0.012087509036064148,-0.012087509036064148
1ed95e82b4f754ff,4,0,4,1,-1,,-1,-1,-1,-1,-1,-1,-1,,,,,,,,False,no_rsm_proposal,False,False,False,False,False,False,False,,,,,
2067e26ac57b5302,4,0,1,0,5,-0.0001615822235704,-1,-1,-1,-1,-1,-1,-1,-0.012634730774427,-0.0235664192928923,-0.0315146475343226,-0.0204844376192077,-0.0463765754177295,-0.0292141295875345,-0.0447075846239334,True,mild_harm,False,False,False,False,False,False,False,-0.0026389509439468384,-0.005263864994049072,0.0014492273330688477,-0.00970807671546936,-0.004894271492958069
25f5f0c57aea54b9,4,0,21,1,-1,,-1,-1,-1,-1,-1,-1,-1,,,,,,,,False,no_rsm_proposal,False,False,False,False,False,False,False,,,,,
2b3f24482a765ccc,4,0,5,1,-1,,-1,-1,-1,-1,-1,-1,-1,,,,,,,,False,no_rsm_proposal,False,False,False,False,False,False,False,,,,,
330fd7f2e3aa5f55,4,0,26,1,19,5.4576332867145496e-05,19,19,19,19,-1,-1,-1,0.030978302893818,0.030978302893818,0.030978302893818,0.030978302893818,-0.0070811318392183,-0.0071805487737135,-0.0226740038101123,True,nearzero_positive,True,True,True,True,False,False,False,-0.005948580801486969,-0.005948580801486969,-0.005948580801486969,-0.005948580801486969,-0.005948580801486969
3a46193d097552cd,4,0,16,1,9,0.0008605283550969,9,9,9,9,9,-1,-1,0.0021645464275171,0.2720289006303497,0.468241977149522,0.196925206023655,0.1064569507215303,-0.0432034219850543,-0.0586968770214531,True,nearzero_positive,True,True,True,True,True,False,False,0.026554830372333527,0.010167425498366356,-0.0421319305896759,0.0379696860909462,0.02171136438846588
4b7fb448a9f35a56,4,0,18,1,-1,,-1,-1,-1,-1,-1,-1,-1,,,,,,,,False,no_rsm_proposal,False,False,False,False,False,False,False,,,,,
642e382b50db5133,4,0,17,1,9,0.9895227806188628,-1,-1,-1,-1,9,9,9,-0.0839651662037493,-0.0839651662037493,-0.0839651662037493,-0.0839651662037493,0.0851457480193215,0.2950876253041823,0.2795941702677835,True,material_positive,False,False,False,False,True,True,True,0.009798284620046616,-0.0008294936269521713,0.1080789566040039,0.01941673830151558,0.006527163088321686
669d54218ee75215,4,0,2,1,1,3.765455192187791e-05,-1,-1,-1,-1,1,1,-1,-0.0312510430163435,-0.0312510430163435,-0.0312510430163435,-0.0312510430163435,0.0125166514733038,0.012630979235831,-0.0028624758005677,True,nearzero_positive,False,False,False,False,True,True,False,0.006840765476226807,0.006840765476226807,0.006840765476226807,0.006840765476226807,0.006840765476226807
6715d16e80075f55,4,0,12,1,3,-0.0001784819283985,-1,-1,-1,-1,-1,-1,-1,-0.0083955555828969,-0.0083955555828969,-0.0083955555828969,-0.0083955555828969,-0.0197226474252509,-0.0197522354828668,-0.0352456905192656,True,mild_harm,False,False,False,False,False,False,False,-0.0017703920602798462,-0.0017703920602798462,-0.0017703920602798462,-0.0017703920602798462,-0.0017703920602798462
8c7421c1a39954dc,4,0,1,1,-1,,-1,-1,-1,-1,-1,-1,-1,,,,,,,,False,no_rsm_proposal,False,False,False,False,False,False,False,,,,,
8e92f84a71e85b42,4,0,9,1,-1,,-1,-1,-1,-1,-1,-1,-1,,,,,,,,False,no_rsm_proposal,False,False,False,False,False,False,False,,,,,
9389f1437d2b5fad,4,0,12,1,0,5.547304395592256e-05,-1,-1,-1,-1,-1,-1,-1,-0.0137484308522748,-0.0137484308522748,-0.0137484308522748,-0.0137484308522748,-0.0200964249905292,-0.0201130069004247,-0.0356064619368236,True,nearzero_positive,False,False,False,False,False,False,False,-0.0009921733289957047,-0.0009921733289957047,-0.0009921733289957047,-0.0009921733289957047,-0.0009921733289957047
9f109cfcd3695a7c,4,0,18,1,-1,,-1,-1,-1,-1,-1,-1,-1,,,,,,,,False,no_rsm_proposal,False,False,False,False,False,False,False,,,,,
ac264ca2d43c52a7,4,0,25,1,-1,,-1,-1,-1,-1,-1,-1,-1,,,,,,,,False,no_rsm_proposal,False,False,False,False,False,False,False,,,,,
d7018055ca4b5f66,4,0,17,0,-1,,-1,-1,-1,-1,-1,-1,-1,,,,,,,,False,no_rsm_proposal,False,False,False,False,False,False,False,,,,,
ddcdcbbd930d5cd4,4,0,1,0,-1,,-1,-1,-1,-1,-1,-1,-1,,,,,,,,False,no_rsm_proposal,False,False,False,False,False,False,False,,,,,
e7e3b8bf23835b2a,4,0,3,1,16,6.682571023874928e-06,-1,-1,-1,-1,-1,-1,-1,-0.0479361461951404,-0.0319683591819903,-0.0252447006526785,-0.0314054965992058,-0.056919427866163,-0.0397750371990074,-0.0552684922354062,True,nearzero_positive,False,False,False,False,False,False,False,-0.000520750880241394,0.004703521728515625,-0.005489245057106018,-0.005489245057106018,0.005286678671836853
eae558be27b1587b,4,0,6,1,7,-0.2252352770328521,-1,-1,-1,-1,-1,-1,-1,-0.4199325076556741,-0.4199325076556741,-0.4199325076556741,-0.4199325076556741,-0.3749195948193275,-0.374802014360283,-0.3902954693966818,True,mild_harm,False,False,False,False,False,False,False,0.007035389542579651,0.007035389542579651,0.007035389542579651,0.007035389542579651,0.007035389542579651
ffb77fcdc4bd5e37,4,0,13,1,-1,,-1,-1,-1,-1,-1,-1,-1,,,,,,,,False,no_rsm_proposal,False,False,False,False,False,False,False,,,,,
07f8bf05fc975975,4,0,1,0,1,-7.274440014737316e-05,-1,-1,-1,-1,-1,-1,-1,-0.0603312906392629,-0.0602950374774807,-0.0603044568709654,-0.060293582531355,-0.1401812388893546,-0.1403898188940319,-0.1558832739304307,True,mild_harm,False,False,False,False,False,False,False,-0.012480318546295166,-0.012480318546295166,-0.012480318546295166,-0.012480318546295166,-0.012480318546295166
0fdd878a393d502e,4,0,2,0,-1,,-1,-1,-1,-1,-1,-1,-1,,,,,,,,False,no_rsm_proposal,False,False,False,False,False,False,False,,,,,
2b32a9f406845f75,4,0,12,0,2,-3.806486467696913,-1,-1,-1,-1,-1,-1,-1,-0.0820499907389589,-0.6912130365857521,-0.5329386642797204,-0.715660543229015,-0.9665136809655496,-0.9688240323770018,-0.9843174874134004,True,catastrophe,False,False,False,False,False,False,False,-0.13823914527893066,-0.13823914527893066,-0.13823914527893066,-0.13823914527893066,-0.13823914527893066
2c9450a5449e52fa,4,0,9,1,6,-0.0005310452297329,6,6,6,6,-1,-1,-1,0.0445475683162481,0.0445475683162481,0.0445475683162481,0.0445475683162481,-0.2716181459843727,-0.2688248000251196,-0.2843182550615184,True,mild_harm,True,True,True,True,False,False,False,-0.05048471689224243,-0.05346295237541199,-0.0570945143699646,-0.0416378527879715,-0.053002119064331055
447b5889e4005e16,4,0,5,0,-1,,-1,-1,-1,-1,-1,-1,-1,,,,,,,,False,no_rsm_proposal,False,False,False,False,False,False,False,,,,,
5465043a8ae85d79,4,0,2,1,9,0.9894966626687548,9,9,9,9,9,9,9,0.028189001739512,0.028189001739512,0.028189001739512,0.028189001739512,0.1366076687695444,0.1943680264379056,0.1788745714015068,True,material_positive,True,True,True,True,True,True,True,0.029301464557647705,-0.020534329116344452,0.03934580087661743,0.015279248356819153,0.019737854599952698
613662b53d9a5ae7,4,0,12,1,-1,,-1,-1,-1,-1,-1,-1,-1,,,,,,,,False,no_rsm_proposal,False,False,False,False,False,False,False,,,,,
66da55b392b45a5d,4,0,21,1,17,0.0001668158262966,17,17,17,17,17,17,17,0.1709558406149676,0.1737142142058472,0.1729975261998058,0.1738249158597761,0.1478017009536808,0.1477412188786807,0.1322477638422819,True,nearzero_positive,True,True,True,True,True,True,True,-0.0036189258098602295,-0.0036189258098602295,-0.0036189258098602295,-0.0036189258098602295,-0.0036189258098602295
78823d4302645d60,4,0,12,1,-1,,-1,-1,-1,-1,-1,-1,-1,,,,,,,,False,no_rsm_proposal,False,False,False,False,False,False,False,,,,,
7a1756cf8f7a566e,4,0,13,1,2,-0.002361465603113,2,2,2,2,2,2,2,0.1810421685798842,0.1810421685798842,0.1810421685798842,0.1810421685798842,0.1765116750621485,0.176499840735642,0.1610063856992432,True,mild_harm,True,True,True,True,True,True,True,-0.0007081031799316406,-0.0007081031799316406,-0.0007081031799316406,-0.0007081031799316406,-0.0007081031799316406
7c8389cb32f25aed,4,0,10,1,1,1.7302572846444375,1,1,1,1,1,1,1,0.4338021861344568,0.4338021861344568,0.4338021861344568,0.4338021861344568,0.9195574680692084,0.9208263334999092,0.9053328784635104,True,material_positive,True,True,True,True,True,True,True,0.0759221613407135,0.0759221613407135,0.0759221613407135,0.0759221613407135,0.0759221613407135
80bebabe4c6f5627,4,0,14,1,9,-0.0004784055048858,-1,-1,-1,-1,9,9,9,-0.0257777830087383,-0.0257777830087383,-0.0257777830087383,-0.0257777830087383,0.0785352571490996,0.0788077384077704,0.0633142833713716,True,mild_harm,False,False,False,False,True,True,True,0.016303829848766327,0.016303829848766327,0.016303829848766327,0.016303829848766327,0.016303829848766327
b16054ccc4bd54f9,4,0,11,1,1,1.8926528397743596,1,1,1,1,1,1,1,0.3862179025281186,0.3862179025281186,0.3862179025281186,0.3862179025281186,0.4462341152705816,0.4142187995009033,0.3987253444645045,True,material_positive,True,True,True,True,True,True,True,0.01325806975364685,0.01331501454114914,-0.009309381246566772,0.012522891163825989,0.013406194746494293
b3734dd3dc905040,4,0,16,1,-1,,-1,-1,-1,-1,-1,-1,-1,,,,,,,,False,no_rsm_proposal,False,False,False,False,False,False,False,,,,,
b3c270be7e145adc,4,0,10,1,14,-1.2199467135749755,14,14,14,14,14,14,14,1.7256074779917452,1.7256074779917452,1.7256074779917452,1.7256074779917452,1.9555354460405792,1.9488638973784904,1.933370442342092,True,catastrophe,True,True,True,True,True,True,True,0.03653132915496826,0.03653132915496826,0.03310294449329376,0.03653132915496826,0.03653132915496826
b76a132378175658,4,0,17,1,-1,,-1,-1,-1,-1,-1,-1,-1,,,,,,,,False,no_rsm_proposal,False,False,False,False,False,False,False,,,,,
c49669e6594c55d7,4,0,24,1,24,-4.205154404068878e-05,24,24,24,24,-1,-1,-1,0.0120296490034544,0.0120296490034544,0.0120296490034544,0.0120296490034544,-0.1828511694870424,-0.1833602273251874,-0.1988536823615863,True,mild_harm,True,True,True,True,False,False,False,-0.030459314584732056,-0.030459314584732056,-0.030459314584732056,-0.030459314584732056,-0.030459314584732056
d72a6e0e28a159a2,4,0,7,0,5,-0.0113237933923491,-1,-1,-1,-1,5,5,5,-0.07067209859078,-0.0740906464441916,-0.0732024301950514,-0.0742278428350863,0.5287226810591694,0.5302883898502526,0.5147949348138539,True,mild_harm,False,False,False,False,True,True,True,0.09368368983268738,0.09368368983268738,0.09368368983268738,0.09368368983268738,0.09368368983268738
da13a4ab1eaf5a07,4,0,17,1,10,4.382104147193644e-05,-1,10,10,10,-1,-1,-1,-0.048945045925155,0.0163981091534616,0.0521006834547652,0.0008323409124474,-0.0501033980181972,-0.0208718845532942,-0.036365339589693,True,nearzero_positive,False,True,True,True,False,False,False,-0.0022737085819244385,-0.0022737085819244385,0.011212378740310669,-0.0022737085819244385,-0.0022737085819244385
dd2f426104cb5f43,4,0,6,1,-1,,-1,-1,-1,-1,-1,-1,-1,,,,,,,,False,no_rsm_proposal,False,False,False,False,False,False,False,,,,,
ea01c4873e9b5cf8,4,0,17,1,9,-0.0001069160800426,9,9,9,9,-1,-1,-1,0.0153024586833701,0.0185920804734915,0.0174664871625598,0.0186351062308242,-0.0821932074886613,-0.0832915536920888,-0.0987850087284876,True,mild_harm,True,True,True,True,False,False,False,-0.015097856521606445,-0.015017896890640259,-0.015114665031433105,-0.015567094087600708,-0.014918595552444458
ea47b3db126a588e,4,0,1,0,-1,,-1,-1,-1,-1,-1,-1,-1,,,,,,,,False,no_rsm_proposal,False,False,False,False,False,False,False,,,,,
023f35fd45755497,4,0,11,1,-1,,-1,-1,-1,-1,-1,-1,-1,,,,,,,,False,no_rsm_proposal,False,False,False,False,False,False,False,,,,,
07704203d30b5747,4,0,1,0,-1,,-1,-1,-1,-1,-1,-1,-1,,,,,,,,False,no_rsm_proposal,False,False,False,False,False,False,False,,,,,
2daba893c5535189,4,0,4,1,-1,,-1,-1,-1,-1,-1,-1,-1,,,,,,,,False,no_rsm_proposal,False,False,False,False,False,False,False,,,,,
2f19f98982615f60,4,0,11,0,-1,,-1,-1,-1,-1,-1,-1,-1,,,,,,,,False,no_rsm_proposal,False,False,False,False,False,False,False,,,,,
36ba502aa1eb5ecd,4,0,14,0,-1,,-1,-1,-1,-1,-1,-1,-1,,,,,,,,False,no_rsm_proposal,False,False,False,False,False,False,False,,,,,
43557bbc55b85aa6,4,0,6,1,-1,,-1,-1,-1,-1,-1,-1,-1,,,,,,,,False,no_rsm_proposal,False,False,False,False,False,False,False,,,,,
47cdc9127a1e55a7,4,0,11,1,9,-0.0004928609021008,-1,9,9,9,-1,-1,-1,-0.0681710505376461,0.1050073669251553,0.03623014261342,0.1117630219631296,-0.833590454570624,-0.8776953276580768,-0.8931887826944755,True,mild_harm,False,True,True,True,False,False,False,-0.17405042052268982,-0.0987282395362854,-0.09284624457359314,-0.09284624457359314,-0.1649150848388672
49677b3a648b58be,4,0,28,1,-1,,-1,-1,-1,-1,-1,-1,-1,,,,,,,,False,no_rsm_proposal,False,False,False,False,False,False,False,,,,,
4a1db4bffda6552f,4,0,16,1,-1,,-1,-1,-1,-1,-1,-1,-1,,,,,,,,False,no_rsm_proposal,False,False,False,False,False,False,False,,,,,
671ff8b7146358da,4,0,10,1,20,2.019998709635657,20,-1,20,-1,20,20,20,0.0540552180405061,-0.0443959353698635,0.0060510933024438,-0.0027694434913875,0.5345212761774346,0.5204897199145447,0.504996264878146,True,material_positive,True,False,True,False,True,True,True,0.0680152177810669,0.06913790106773376,0.08436644077301025,0.08436644077301025,0.05795609951019287
696a489252f453fb,4,0,3,1,-1,,-1,-1,-1,-1,-1,-1,-1,,,,,,,,False,no_rsm_proposal,False,False,False,False,False,False,False,,,,,
69f3980cf2db525c,4,0,16,1,2,-0.0001963694116682,-1,-1,-1,-1,2,2,2,-0.0301178464427198,-0.4383123965345798,-0.7351027264917918,-0.3206627003077127,0.0741577447885455,0.0567225169031176,0.0412290618667188,True,mild_harm,False,False,False,False,True,True,True,0.025991052389144897,0.037681445479393005,-0.018363982439041138,0.009396880865097046,0.03976365923881531
6c6d30fe3b6e59f0,4,0,23,1,9,1.0326532647209063e-05,9,9,9,9,9,9,9,0.0650093504932775,0.0650093504932775,0.0650093504932775,0.0650093504932775,0.0695006598183409,0.0695123917898769,0.0540189367534781,True,nearzero_positive,True,True,True,True,True,True,True,0.0007019788026809692,0.0007019788026809692,0.0007019788026809692,0.0007019788026809692,0.0007019788026809692
7449973a63d255af,4,0,9,0,-1,,-1,-1,-1,-1,-1,-1,-1,,,,,,,,False,no_rsm_proposal,False,False,False,False,False,False,False,,,,,
84130118c5ec5189,4,0,1,0,-1,,-1,-1,-1,-1,-1,-1,-1,,,,,,,,False,no_rsm_proposal,False,False,False,False,False,False,False,,,,,
986bd829651151e2,4,0,27,1,-1,,-1,-1,-1,-1,-1,-1,-1,,,,,,,,False,no_rsm_proposal,False,False,False,False,False,False,False,,,,,
c1dbec763983596c,4,0,17,0,6,-0.0004926864345327,-1,-1,-1,-1,-1,-1,-1,-0.0069905024972782,-0.0082909659742028,-0.0079530760744124,-0.0083431574026031,-0.1405734195413384,-0.1409223580951185,-0.1564158131315173,True,mild_harm,False,False,False,False,False,False,False,-0.0208786278963089,-0.0208786278963089,-0.0208786278963089,-0.0208786278963089,-0.0208786278963089
c70954fab4a650c7,4,0,5,0,13,-1.233023564266786,13,13,13,13,13,13,13,1.72126977691608,1.9029581781085965,2.035060229118065,1.8512956456688212,1.7108190094423068,1.7474643281758706,1.7319708731394718,True,catastrophe,True,True,True,True,True,True,True,-0.0035465359687805176,-0.0030082762241363525,0.012658804655075073,-0.005957484245300293,-0.003144294023513794
d8d6c32be32650ad,4,0,7,1,-1,,-1,-1,-1,-1,-1,-1,-1,,,,,,,,False,no_rsm_proposal,False,False,False,False,False,False,False,,,,,
deeae175505b5728,4,0,9,1,23,0.0006355421473274,23,23,23,23,23,23,23,0.3954759134189749,0.3954759134189749,0.3954759134189749,0.3954759134189749,0.548348548295348,0.5487478744764698,0.533254419440071,True,nearzero_positive,True,True,True,True,True,True,True,0.023893555626273155,0.023893555626273155,0.023893555626273155,0.023893555626273155,0.023893555626273155
e380b20d49215557,4,0,13,1,-1,,-1,-1,-1,-1,-1,-1,-1,,,,,,,,False,no_rsm_proposal,False,False,False,False,False,False,False,,,,,
e4499494731e5026,4,0,9,1,26,0.0005548425547778,26,26,26,26,26,26,26,0.5096191889083524,0.5096191889083524,0.5096191889083524,0.5096191889083524,0.4304285488250005,0.4218668118166825,0.4063733567802837,True,nearzero_positive,True,True,True,True,True,True,True,-0.011764585971832275,-0.011764585971832275,-0.015633374452590942,-0.011764585971832275,-0.011764585971832275
ed710413165b5ca4,4,0,10,0,1,-0.0001985852306709,-1,1,1,1,-1,-1,-1,-0.0428472129664899,0.1355141156784273,0.2651971526390028,0.0866877886087731,-0.1547497776491462,-0.140003061827671,-0.1554965168640698,True,mild_harm,False,True,True,True,False,False,False,-0.019321057945489883,-0.02131011337041855,-0.011628970503807068,-0.01623687520623207,-0.019790243357419968
f9922d29f7ca5693,4,0,9,1,21,-8.826512694358815e-05,-1,-1,-1,-1,-1,-1,-1,-0.014525060194193,-0.014525060194193,-0.014525060194193,-0.014525060194193,-0.0516434117292703,-0.061404400389102,-0.0768978554255008,True,mild_harm,False,False,False,False,False,False,False,-0.0050765350461006165,-0.005055271089076996,-0.009567804634571075,-0.0050765350461006165,-0.0050765350461006165
fbe3cf848a4c5391,4,0,1,0,2,-0.0046172204494472,2,2,2,2,-1,-1,-1,0.0080663901537712,0.0074642256179422,0.0066401332065031,0.0074267411571536,-0.0043444916062227,-0.0096329043974725,-0.0251263594338713,True,mild_harm,True,True,True,True,False,False,False,-0.001244857907295227,-0.003988176584243774,-0.0017619132995605469,-0.0008299201726913452,-0.003362685441970825
fdf3abf3cf375c35,4,0,5,1,-1,,-1,-1,-1,-1,-1,-1,-1,,,,,,,,False,no_rsm_proposal,False,False,False,False,False,False,False,,,,,
00f4aedf9b3c5f65,4,0,16,1,21,3.5336512327194085e-05,-1,-1,-1,-1,-1,-1,-1,-0.0527872103972765,-0.0547559235201326,-0.0540043511716944,-0.0541817296014435,-0.1387256535604594,-0.1384539319918212,-0.15394738702822,True,nearzero_positive,False,False,False,False,False,False,False,-0.01357358694076538,-0.01360747218132019,-0.013377636671066284,-0.01323854923248291,-0.013539224863052368
3584e6b997845f86,4,0,27,1,-1,,-1,-1,-1,-1,-1,-1,-1,,,,,,,,False,no_rsm_proposal,False,False,False,False,False,False,False,,,,,
3d56147a52d550b3,4,0,17,1,3,0.0001904807411134,-1,-1,-1,-1,-1,-1,-1,-0.0317651267750745,-0.0287676191428352,-0.0295464395952737,-0.0286473203357226,-0.2111022563204812,-0.1969576669832096,-0.2124511220196085,True,nearzero_positive,False,False,False,False,False,False,False,-0.02928045392036438,-0.02928045392036438,-0.022334814071655273,-0.02882617712020874,-0.02928045392036438
4132da23bf54566f,4,0,17,1,1,0.0012187561772414,1,1,1,1,-1,-1,-1,0.0103143134169613,0.0103143134169613,0.0103143134169613,0.0103143134169613,-0.0607992759632294,-0.0609850352922029,-0.0764784903286018,True,nearzero_positive,True,True,True,True,False,False,False,-0.011114850640296936,-0.011114850640296936,-0.011114850640296936,-0.011114850640296936,-0.011114850640296936
44ae005ad8b25d52,4,0,10,0,-1,,-1,-1,-1,-1,-1,-1,-1,,,,,,,,False,no_rsm_proposal,False,False,False,False,False,False,False,,,,,
48ee2a6b3a4b54cc,4,0,8,0,-1,,-1,-1,-1,-1,-1,-1,-1,,,,,,,,False,no_rsm_proposal,False,False,False,False,False,False,False,,,,,
49f109b9cca4567a,4,0,8,1,-1,,-1,-1,-1,-1,-1,-1,-1,,,,,,,,False,no_rsm_proposal,False,False,False,False,False,False,False,,,,,
4ac48ad526735073,4,0,15,1,1,0.0003725693814456,-1,-1,-1,1,-1,-1,-1,-0.018222531399934,-0.0081241010841456,-0.0098374306611737,0.0010043536770996,-0.1828301209266945,-0.1809744678442963,-0.1964679228806951,True,nearzero_positive,False,False,False,True,False,False,False,-0.02545785903930664,-0.025731205940246582,-0.026723995804786682,-0.02483692765235901,-0.026147454977035522
5214a5118acc5d75,4,0,15,1,6,-0.001846320647036,-1,-1,-1,-1,6,6,6,-0.0154202701597975,-0.0167695709437129,-0.0177506211974637,-0.016389723913024,0.2304846334140911,0.2355199658811463,0.2200265108447474,True,mild_harm,False,False,False,False,True,True,True,0.03821882605552673,0.03821882605552673,0.04014629125595093,0.03821882605552673,0.03821882605552673
55a7c26fd2d35b8e,4,0,16,1,-1,,-1,-1,-1,-1,-1,-1,-1,,,,,,,,False,no_rsm_proposal,False,False,False,False,False,False,False,,,,,
5693aed0af7e548c,4,0,5,0,17,-2.020414070067741,17,17,17,17,-1,-1,-1,0.0766007165382089,0.076772400122851,0.0767523236041265,0.0768672491281215,-0.0129417774896219,-0.031456925374413,-0.0469503804108118,True,catastrophe,True,True,True,True,False,False,False,-0.012900233268737793,-0.01294255256652832,-0.021119892597198486,-0.012318730354309082,-0.01299363374710083
7418da8c04e85efb,4,0,7,1,1,4.00804797271723,1,1,1,1,1,1,1,0.4637658061264395,1.4360655867465706,1.183440056488047,1.4750868397723689,2.4350018623825527,2.402125118303305,2.3866316632669062,True,material_positive,True,True,True,True,True,True,True,0.3129633218050003,0.30653008818626404,0.2932669669389725,0.3129633069038391,0.3087439388036728
