split,scenario_token,structural,expandable,fbic_reason,added_atoms,b16_final_action,b24_final_action,final_action_changed,b16_regret,b24_regret,b16_minus_b24_regret_gain,capacity_switch_effect,anchor16,incumbent16,icer_selected16,path16,anchor24,incumbent24,icer_selected24,path24,legacy_admissible16,legacy_admissible24,opportunity16,opportunity24,support_pos_opp16,support_pos_opp24,scalar_pos_opp16,scalar_pos_opp24,both_pos_opp16,both_pos_opp24,selected_positive16,selected_positive24,selected_teacher_improvement16,selected_teacher_improvement24,selected_support16,selected_support24,selected_scalar16,selected_scalar24,selected_dom16,selected_dom24,eligible_alt_count16,eligible_alt_count24,positive_alt_count16,positive_alt_count24,selected_decisive_atom_recall_16,selected_decisive_atom_recall_24,effective_selected_decisive_atom_recall_16,effective_selected_decisive_atom_recall_24,selected_interaction_decisive_atom_recall_16,selected_interaction_decisive_atom_recall_24,effective_selected_interaction_decisive_atom_recall_16,effective_selected_interaction_decisive_atom_recall_24,selected_soft_interaction_decisive_atom_recall_16,selected_soft_interaction_decisive_atom_recall_24,evidence_certificate_fraction_16,evidence_certificate_fraction_24,budget_vs_full_match_16,budget_vs_full_match_24,decisive_frontier_value_residual_rms_16,decisive_frontier_value_residual_rms_24
A,0093e787805e5336,0,0,6,0.0,11,11,0,0.44441795349121094,0.44441795349121094,0.0,unchanged,22,11,11,keep_incumbent,22,11,11,keep_incumbent,1,1,1,1,1,1,1,1,1,1,0,0,nan,nan,2.675416946411133,2.675416946411133,0.5120514631271362,0.5120514631271362,-4.13305139541626,-4.13305139541626,1,1,3,3,0.6666666666666666,0.6666666666666666,1.0,1.0,nan,nan,nan,nan,nan,nan,1.0,1.0,0.0,0.0,0.16335031390190125,0.16335031390190125
A,009e8cc411d15658,0,1,0,8.0,9,9,0,0.0,0.0,0.0,unchanged,9,0,9,adm_inc_to_anchor,9,0,9,adm_inc_to_anchor,1,1,0,0,0,0,0,0,0,0,0,0,nan,nan,nan,nan,nan,nan,nan,nan,0,0,0,0,0.5,1.0,0.5,1.0,nan,nan,nan,nan,nan,nan,1.0,1.0,1.0,1.0,0.03945973515510559,0.0483672097325325
A,00d182d3b5265b4f,0,1,0,8.0,7,7,0,13862.345993274357,13862.345993274357,0.0,unchanged,7,6,7,inadmissible_anchor_relative,7,6,7,inadmissible_anchor_relative,0,0,0,0,0,0,0,0,0,0,0,0,nan,nan,nan,nan,nan,nan,nan,nan,0,0,0,0,0.5714285714285714,0.8214285714285714,0.6785714285714286,0.9285714285714286,nan,nan,nan,nan,nan,nan,1.0,1.0,0.0,0.0,0.4983005225658417,0.6138451099395752
A,0108636116b053d2,0,1,0,8.0,0,0,0,109380.88179706689,109380.88179706689,0.0,unchanged,0,1,0,inadmissible_anchor_relative,0,1,0,inadmissible_anchor_relative,0,0,0,0,0,0,0,0,0,0,0,0,nan,nan,nan,nan,nan,nan,nan,nan,0,0,0,0,0.43478260869565216,0.6956521739130435,0.7391304347826086,1.0,nan,nan,nan,nan,nan,nan,1.0,1.0,0.0,0.0,0.7017434239387512,0.860556423664093
A,0126d365ce3e565d,0,0,6,0.0,17,17,0,21.673572957515717,21.673572957515717,0.0,unchanged,25,7,17,direct_alt,25,7,17,direct_alt,1,1,1,1,1,1,1,1,1,1,1,1,0.00036553269564176816,0.00036553269564176816,3.593381643295288,3.593381643295288,1.6382097005844116,1.6382097005844116,2.324131727218628,2.324131727218628,9,9,11,11,0.7272727272727273,0.7272727272727273,1.0,1.0,nan,nan,nan,nan,nan,nan,1.0,1.0,0.0,0.0,0.26400595903396606,0.26400595903396606
A,018911d43c825efa,0,1,0,8.0,3,3,0,0.0,0.0,0.0,unchanged,18,3,3,keep_incumbent,18,3,3,keep_incumbent,1,1,0,0,0,0,0,0,0,0,0,0,nan,nan,1.8867069482803345,1.987483263015747,-0.9007205367088318,-1.011394739151001,-5.379885673522949,-5.635570049285889,0,2,0,0,0.5,0.7857142857142857,0.6428571428571429,0.9285714285714286,nan,nan,nan,nan,nan,nan,1.0,1.0,0.0,0.0,0.3251534104347229,0.40460747480392456
A,01bf53f910c556d4,1,1,1,0.0,1,1,0,19607.46329365723,19607.46329365723,0.0,unchanged,20,4,4,structural,20,4,4,structural,0,0,0,0,0,0,0,0,0,0,0,0,nan,nan,0.0,0.0,0.0,0.0,0.0,0.0,0,0,0,0,0.4444444444444444,0.4444444444444444,0.6666666666666666,0.6666666666666666,nan,nan,nan,nan,nan,nan,1.0,1.0,0.0,0.0,0.028380002826452255,0.028380002826452255
A,01f1f251860e5170,0,1,0,4.0,17,15,1,0.26917318790219724,1.5026903429534286,-1.2335171550512314,B24_harmful,17,15,17,inadmissible_anchor_relative,16,15,15,keep_incumbent,0,1,0,1,0,0,0,0,0,0,0,0,nan,nan,nan,0.07835081219673157,nan,-1.216044545173645,nan,-6.311390399932861,0,0,0,2,0.7,0.9,0.8,1.0,nan,nan,nan,nan,nan,nan,0.0,1.0,0.0,0.0,0.027683068066835403,0.025585347786545753
A,03381935049a5b2b,0,1,0,6.0,9,9,0,0.0,0.0,0.0,unchanged,9,10,9,inadmissible_anchor_relative,9,10,9,inadmissible_anchor_relative,0,0,0,0,0,0,0,0,0,0,0,0,nan,nan,nan,nan,nan,nan,nan,nan,0,0,0,0,0.5,0.6666666666666666,0.8333333333333334,1.0,nan,nan,nan,nan,nan,nan,1.0,1.0,1.0,1.0,0.01222306303679943,0.014254401437938213
A,0340228ea8ff5749,0,1,0,8.0,7,31,1,10.2987231540028,19796.52853160043,-19786.229808446427,B24_harmful,22,7,7,keep_incumbent,22,31,31,keep_incumbent,1,1,1,1,1,1,0,0,0,0,0,0,nan,nan,1.2251805067062378,1.4752469062805176,-1.2083580493927002,-2.0924811363220215,-5.593991756439209,-5.1836676597595215,0,0,3,5,0.5555555555555556,0.8888888888888888,0.6666666666666666,1.0,nan,nan,nan,nan,nan,nan,1.0,1.0,0.0,0.0,0.0860743597149849,0.10727658122777939
A,039dd54dcd5557b3,0,1,0,8.0,18,18,0,37425.08825854231,37425.08825854231,0.0,unchanged,8,18,18,keep_incumbent,8,18,18,keep_incumbent,1,1,1,1,0,0,0,0,0,0,0,0,nan,nan,0.2624991536140442,0.22107857465744019,-0.4476258456707001,-0.6212791204452515,-4.677737236022949,-4.616199970245361,0,0,3,3,0.3548387096774194,0.6129032258064516,0.6774193548387096,0.9354838709677419,nan,nan,nan,nan,nan,nan,1.0,1.0,0.0,0.0,0.14589498937129974,0.18108081817626953
A,04c2fddb1f7a57c7,0,1,0,8.0,28,28,0,0.22773487120866776,0.22773487120866776,0.0,unchanged,28,0,28,adm_inc_to_anchor,28,0,28,inadmissible_anchor_relative,1,0,0,0,0,0,0,0,0,0,0,0,nan,nan,nan,nan,nan,nan,nan,nan,0,0,0,0,0.5769230769230769,0.8461538461538461,0.7307692307692307,1.0,nan,nan,nan,nan,nan,nan,1.0,1.0,0.0,0.0,0.033417049795389175,0.14825332164764404
A,04ca8bb7a6ad5eec,0,1,0,8.0,19,19,0,14.80725734308362,14.80725734308362,0.0,unchanged,4,19,19,keep_incumbent,4,19,19,keep_incumbent,1,1,1,1,1,1,0,0,0,0,0,0,nan,nan,1.2555723190307617,1.2202167510986328,-0.2187444120645523,-0.43594563007354736,-4.331277847290039,-4.357276439666748,0,0,5,5,0.5833333333333334,0.75,0.8333333333333334,1.0,nan,nan,nan,nan,nan,nan,1.0,1.0,0.0,0.0,0.16213294863700867,0.19662293791770935
A,050a3b95b2e55ca0,0,0,6,0.0,9,9,0,0.0,0.0,0.0,unchanged,9,0,9,adm_inc_to_anchor,9,0,9,adm_inc_to_anchor,1,1,0,0,0,0,0,0,0,0,0,0,nan,nan,nan,nan,nan,nan,nan,nan,0,0,0,0,0.7142857142857143,0.7142857142857143,1.0,1.0,nan,nan,nan,nan,nan,nan,1.0,1.0,1.0,1.0,0.037324413657188416,0.037324413657188416
A,056ee1fd1fbf572b,0,1,0,8.0,9,5,1,30772.80177563429,57879.54623977095,-27106.74446413666,B24_harmful,9,2,9,inadmissible_anchor_relative,5,2,5,inadmissible_anchor_relative,0,0,0,0,0,0,0,0,0,0,0,0,nan,nan,nan,nan,nan,nan,nan,nan,0,0,0,0,0.56,0.8,0.72,0.96,nan,nan,nan,nan,nan,nan,0.0,1.0,0.0,0.0,0.06910431385040283,0.08475413918495178
A,05d48a7776755786,0,1,0,2.0,9,9,0,35.88956880569458,35.88956880569458,0.0,unchanged,9,11,9,inadmissible_anchor_relative,9,11,9,inadmissible_anchor_relative,0,0,0,0,0,0,0,0,0,0,0,0,nan,nan,nan,nan,nan,nan,nan,nan,0,0,0,0,0.75,0.9166666666666666,0.8333333333333334,1.0,nan,nan,nan,nan,nan,nan,1.0,1.0,0.0,0.0,0.1430819034576416,0.15025314688682556
A,0679bc77fb245924,0,1,0,4.0,9,9,0,0.0,0.0,0.0,unchanged,9,10,9,adm_inc_to_anchor,9,10,9,adm_inc_to_anchor,1,1,0,0,0,0,0,0,0,0,0,0,nan,nan,nan,nan,nan,nan,nan,nan,0,0,0,0,1.0,1.0,1.0,1.0,nan,nan,nan,nan,nan,nan,1.0,1.0,1.0,1.0,0.019452890381217003,0.021975109353661537
A,0884e66d43d85c79,0,1,0,8.0,2,2,0,40.51423102710396,40.51423102710396,0.0,unchanged,9,16,2,direct_alt,9,16,2,direct_alt,1,1,0,0,0,0,0,0,0,0,0,0,-0.002025711551355336,-0.002025711551355336,1.7378201484680176,2.8002052307128906,1.1013022661209106,1.039389729499817,1.0024285316467285,1.3387119770050049,5,7,0,0,0.5294117647058824,0.8823529411764706,0.6470588235294118,1.0,nan,nan,nan,nan,nan,nan,1.0,1.0,0.0,0.0,0.06426041573286057,0.08004641532897949
A,091fac519ac35262,0,0,6,0.0,3,3,0,1.1754997202660888,1.1754997202660888,0.0,unchanged,18,3,3,keep_incumbent,18,3,3,keep_incumbent,1,1,1,1,1,1,0,0,0,0,0,0,nan,nan,3.019550323486328,3.019550323486328,-0.20171339809894562,-0.20171339809894562,-5.6172895431518555,-5.6172895431518555,0,0,6,6,0.8571428571428571,0.8571428571428571,1.0,1.0,nan,nan,nan,nan,nan,nan,1.0,1.0,0.0,0.0,0.3704531192779541,0.3704531192779541
A,093db464854e5ea4,0,0,6,0.0,3,3,0,0.08103322586975992,0.08103322586975992,0.0,unchanged,26,0,3,direct_alt,26,0,3,direct_alt,1,1,1,1,1,1,1,1,1,1,1,1,9.57389197312297e-05,9.57389197312297e-05,1.9264801740646362,1.9264801740646362,0.08565977960824966,0.08565977960824966,0.06590057909488678,0.06590057909488678,1,1,2,2,0.9,0.9,1.0,1.0,nan,nan,nan,nan,nan,nan,1.0,1.0,0.0,0.0,0.177923321723938,0.177923321723938
A,099b9d8d1a46505e,0,1,0,8.0,19,19,0,19797.930424977094,19797.930424977094,0.0,unchanged,28,0,19,direct_alt,28,0,19,direct_alt,1,1,1,1,1,1,0,1,0,1,0,0,-0.9896266592871399,-0.9896266592871399,0.7049821615219116,1.0364658832550049,0.28696849942207336,0.6595125794410706,0.5003071427345276,0.9121556282043457,3,5,1,1,0.5,0.71875,0.71875,0.9375,nan,nan,nan,nan,nan,nan,1.0,1.0,0.0,0.0,0.07315986603498459,0.09022679179906845
A,09c703c6673e5138,0,1,0,8.0,28,28,0,0.4756886538816616,0.4756886538816616,0.0,unchanged,28,0,28,adm_inc_to_anchor,28,0,28,adm_inc_to_anchor,1,1,0,1,0,0,0,0,0,0,0,0,nan,nan,nan,nan,nan,nan,nan,nan,0,0,0,1,0.5,0.7916666666666666,0.7083333333333334,1.0,nan,nan,nan,nan,nan,nan,1.0,1.0,1.0,1.0,0.035242825746536255,0.04377351701259613
A,0a4f9ce807965c51,0,1,0,8.0,11,11,0,24689.84106424451,24689.84106424451,0.0,unchanged,11,5,11,inadmissible_anchor_relative,11,5,11,inadmissible_anchor_relative,0,0,0,0,0,0,0,0,0,0,0,0,nan,nan,nan,nan,nan,nan,nan,nan,0,0,0,0,0.2,0.6,0.6,1.0,nan,nan,nan,nan,nan,nan,1.0,1.0,0.0,0.0,0.700539767742157,0.859349250793457
A,0a7c8302cd185892,0,1,0,8.0,0,0,0,4883.474448189139,4883.474448189139,0.0,unchanged,0,0,0,keep_incumbent,0,0,0,keep_incumbent,0,0,0,0,0,0,0,0,0,0,0,0,nan,nan,nan,nan,nan,nan,nan,nan,0,0,0,0,0.48484848484848486,0.7272727272727273,0.6363636363636364,0.8787878787878788,nan,nan,nan,nan,nan,nan,1.0,1.0,1.0,1.0,0.03251009061932564,0.03931095451116562
A,0b1a0f7355e05bed,0,1,0,8.0,0,0,0,0.0,0.0,0.0,unchanged,0,7,0,inadmissible_anchor_relative,0,12,0,inadmissible_anchor_relative,0,0,0,0,0,0,0,0,0,0,0,0,nan,nan,nan,nan,nan,nan,nan,nan,0,0,0,0,0.4375,0.59375,0.75,0.90625,nan,nan,nan,nan,nan,nan,1.0,1.0,0.0,0.0,0.5527118444442749,0.6690969467163086
A,0b7e338eab455b51,0,1,0,8.0,20,20,0,3.1222245395183563,3.1222245395183563,0.0,unchanged,20,20,20,keep_incumbent,20,20,20,keep_incumbent,0,0,0,0,0,0,0,0,0,0,0,0,nan,nan,nan,nan,nan,nan,nan,nan,0,0,0,0,0.6666666666666666,0.6666666666666666,0.8888888888888888,0.8888888888888888,nan,nan,nan,nan,nan,nan,1.0,1.0,1.0,1.0,0.03558604419231415,0.044235631823539734
A,0cb7a4701bb35dbc,0,1,0,8.0,6,12,1,101.34900765959173,6.137956746853888,95.21105091273785,B24_beneficial,6,30,6,inadmissible_anchor_relative,12,30,12,adm_inc_to_anchor,0,1,0,0,0,0,0,0,0,0,0,0,nan,nan,nan,nan,nan,nan,nan,nan,0,0,0,0,0.56,0.76,0.8,1.0,nan,nan,nan,nan,nan,nan,0.0,1.0,0.0,1.0,0.06610482931137085,0.11704063415527344
A,0d9838a5d7e35a43,0,0,6,0.0,22,22,0,15.567211151123047,15.567211151123047,0.0,unchanged,22,18,22,inadmissible_anchor_relative,22,18,22,inadmissible_anchor_relative,0,0,0,0,0,0,0,0,0,0,0,0,nan,nan,nan,nan,nan,nan,nan,nan,0,0,0,0,0.8333333333333334,0.8333333333333334,1.0,1.0,nan,nan,nan,nan,nan,nan,1.0,1.0,0.0,0.0,0.1829134225845337,0.1829134225845337
A,0e1258c8a8c35c10,0,1,0,8.0,3,3,0,37.80693390965462,37.80693390965462,0.0,unchanged,7,2,3,direct_alt,7,2,3,direct_alt,1,1,1,1,1,1,0,0,0,0,0,0,-0.0009408982146531346,-0.0009408982146531346,0.8238391876220703,1.2201398611068726,0.33675113320350647,0.37046271562576294,0.12034589797258377,0.46743568778038025,1,1,2,2,0.5,0.6666666666666666,0.7916666666666666,0.9583333333333334,nan,nan,nan,nan,nan,nan,1.0,1.0,0.0,0.0,0.1217620000243187,0.14936254918575287
A,0f391c9fe8065e61,0,1,0,4.0,18,4,1,1.519133385270834,57.39935959037393,-55.8802262051031,B24_harmful,4,18,18,keep_incumbent,4,19,4,inadmissible_anchor_relative,1,0,1,0,1,0,0,0,0,0,0,0,nan,nan,1.0076767206192017,nan,-0.9333581328392029,nan,-4.524836540222168,nan,0,0,11,0,0.7,0.8,0.9,1.0,nan,nan,nan,nan,nan,nan,1.0,1.0,0.0,0.0,0.12337701767683029,0.12708164751529694
A,0f4908ca9b815dec,0,1,0,8.0,25,25,0,4.102420598268509,4.102420598268509,0.0,unchanged,30,25,25,keep_incumbent,30,25,25,keep_incumbent,1,1,1,1,1,1,0,0,0,0,0,0,nan,nan,1.4649838209152222,1.4512230157852173,-0.2884010672569275,-0.5161869525909424,-4.8064117431640625,-4.779778480529785,0,0,4,4,0.5384615384615384,0.7307692307692307,0.8076923076923077,1.0,nan,nan,nan,nan,nan,nan,1.0,1.0,0.0,0.0,0.15395845472812653,0.18526072800159454
A,0ff5f334e95159d2,0,1,0,8.0,5,2,1,1.6318554404715542,761.3295499477535,-759.697694507282,B24_harmful,2,5,5,keep_incumbent,2,5,2,adm_inc_to_anchor,1,1,1,1,0,0,0,0,0,0,0,0,nan,nan,0.036317214369773865,nan,-0.1709391325712204,nan,-5.542980194091797,nan,3,2,1,1,0.6190476190476191,0.9047619047619048,0.7142857142857143,1.0,nan,nan,nan,nan,nan,nan,1.0,1.0,0.0,1.0,0.22763220965862274,0.27923229336738586
A,1160fad915c85532,0,1,0,8.0,1,1,0,2.3453894057311118,2.3453894057311118,0.0,unchanged,1,7,1,adm_inc_to_anchor,1,7,1,adm_inc_to_anchor,1,1,1,1,0,0,0,0,0,0,0,0,nan,nan,nan,nan,nan,nan,nan,nan,0,0,1,1,0.7058823529411765,0.9411764705882353,0.7647058823529411,1.0,nan,nan,nan,nan,nan,nan,1.0,1.0,1.0,1.0,0.039323750883340836,0.049808669835329056
A,121f65725757584b,0,1,0,8.0,29,29,0,1.080439970290172,1.080439970290172,0.0,unchanged,29,0,29,inadmissible_anchor_relative,29,0,29,inadmissible_anchor_relative,0,0,0,0,0,0,0,0,0,0,0,0,nan,nan,nan,nan,nan,nan,nan,nan,0,0,0,0,0.4166666666666667,0.6666666666666666,0.75,1.0,nan,nan,nan,nan,nan,nan,1.0,1.0,0.0,0.0,0.14070114493370056,0.17187359929084778
A,125f5664c0a3532c,0,1,0,8.0,27,4,1,57.49474962055683,279.7388862259686,-222.24413660541177,B24_harmful,10,4,27,direct_alt,10,4,4,keep_incumbent,1,1,1,1,1,1,1,1,1,1,1,0,0.01111220683027059,nan,0.13241702318191528,0.8866231441497803,1.0058555603027344,-1.5685997009277344,0.5531971454620361,-6.218559265136719,4,1,5,5,0.4,0.65,0.7,0.95,nan,nan,nan,nan,nan,nan,1.0,1.0,0.0,0.0,0.11892300844192505,0.1481432467699051
A,12dfd626bb6b56ed,0,1,0,8.0,0,0,0,73886.57424917072,73886.57424917072,0.0,unchanged,0,8,0,inadmissible_anchor_relative,0,8,0,inadmissible_anchor_relative,0,0,0,0,0,0,0,0,0,0,0,0,nan,nan,nan,nan,nan,nan,nan,nan,0,0,0,0,0.3870967741935484,0.5483870967741935,0.7096774193548387,0.8709677419354839,nan,nan,nan,nan,nan,nan,1.0,1.0,0.0,0.0,0.7875570058822632,0.9903842806816101
A,1324c83fe0355f9a,0,0,6,0.0,1,1,0,96.33899815380573,96.33899815380573,0.0,unchanged,9,0,1,direct_alt,9,0,1,direct_alt,1,1,0,0,0,0,0,0,0,0,0,0,1.2464346150130035,1.2464346150130035,0.36229804158210754,0.36229804158210754,-0.37701281905174255,-0.37701281905174255,0.034865397959947586,0.034865397959947586,0,0,0,0,0.5714285714285714,0.5714285714285714,1.0,1.0,nan,nan,nan,nan,nan,nan,1.0,1.0,0.0,0.0,0.17887566983699799,0.17887566983699799
A,134720e1ec725775,0,1,0,8.0,17,3,1,0.16598488111048937,12.460469973273575,-12.294485092163086,B24_harmful,9,17,17,keep_incumbent,9,17,3,direct_alt,1,1,1,1,1,1,0,0,0,0,0,0,nan,-0.0006147242546081545,1.6969956159591675,0.8166922330856323,-0.919022798538208,-0.3615837097167969,-5.088781833648682,0.19574762880802155,0,0,1,1,0.5217391304347826,0.782608695652174,0.7391304347826086,1.0,nan,nan,nan,nan,nan,nan,1.0,1.0,0.0,0.0,0.0780111625790596,0.09534940123558044
A,1372b93bd9e159d5,0,1,0,8.0,0,0,0,4843.820449938765,4843.820449938765,0.0,unchanged,7,0,0,keep_incumbent,7,0,0,keep_incumbent,1,1,1,1,0,0,0,0,0,0,0,0,nan,nan,0.6115512847900391,0.6858466863632202,-1.679844856262207,-2.611290454864502,-6.293641090393066,-6.9720025062561035,0,0,3,3,0.5333333333333333,0.8,0.7333333333333333,1.0,nan,nan,nan,nan,nan,nan,1.0,1.0,0.0,0.0,0.19461384415626526,0.23862969875335693
A,13c032b61f8e5ce2,0,1,0,8.0,18,18,0,125793.11828231812,125793.11828231812,0.0,unchanged,18,3,18,inadmissible_anchor_relative,18,3,18,inadmissible_anchor_relative,0,0,0,0,0,0,0,0,0,0,0,0,nan,nan,nan,nan,nan,nan,nan,nan,0,0,0,0,0.45454545454545453,0.7272727272727273,0.7272727272727273,1.0,nan,nan,nan,nan,nan,nan,1.0,1.0,0.0,0.0,0.7785914540290833,0.976869523525238
A,13f1aaab3e7f5615,0,1,0,8.0,20,20,0,51516.88411987573,51516.88411987573,0.0,unchanged,20,7,20,adm_inc_to_anchor,20,7,20,adm_inc_to_anchor,1,1,0,0,0,0,0,0,0,0,0,0,nan,nan,nan,nan,nan,nan,nan,nan,0,0,0,0,0.23076923076923078,0.5384615384615384,0.6153846153846154,0.9230769230769231,nan,nan,nan,nan,nan,nan,1.0,1.0,1.0,1.0,0.026024648919701576,0.031929757446050644
A,1450d1fc2fed5afc,1,1,1,0.0,1,1,0,123261.88959877193,123261.88959877193,0.0,unchanged,1,6,6,structural,1,6,6,structural,0,0,0,0,0,0,0,0,0,0,0,0,nan,nan,0.0,0.0,0.0,0.0,0.0,0.0,0,0,0,0,0.5714285714285714,0.5714285714285714,0.8571428571428571,0.8571428571428571,nan,nan,nan,nan,nan,nan,1.0,1.0,1.0,1.0,0.2657712996006012,0.2657712996006012
A,149782811d085a90,0,0,6,0.0,22,22,0,19.966231122612953,19.966231122612953,0.0,unchanged,22,1,22,inadmissible_anchor_relative,22,1,22,inadmissible_anchor_relative,0,0,0,0,0,0,0,0,0,0,0,0,nan,nan,nan,nan,nan,nan,nan,nan,0,0,0,0,0.8333333333333334,0.8333333333333334,1.0,1.0,nan,nan,nan,nan,nan,nan,1.0,1.0,0.0,0.0,0.41648831963539124,0.41648831963539124
A,14f859087c6a521e,0,1,0,8.0,17,17,0,0.0,0.0,0.0,unchanged,17,0,17,inadmissible_anchor_relative,17,0,17,inadmissible_anchor_relative,0,0,0,0,0,0,0,0,0,0,0,0,nan,nan,nan,nan,nan,nan,nan,nan,0,0,0,0,0.5217391304347826,0.8260869565217391,0.6956521739130435,1.0,nan,nan,nan,nan,nan,nan,1.0,1.0,0.0,0.0,0.16916346549987793,0.20747128129005432
A,154d14973be254ba,0,1,0,8.0,18,18,0,15004.832780390978,15004.832780390978,0.0,unchanged,18,17,18,inadmissible_anchor_relative,18,17,18,inadmissible_anchor_relative,0,0,0,0,0,0,0,0,0,0,0,0,nan,nan,nan,nan,nan,nan,nan,nan,0,0,0,0,0.4444444444444444,0.6666666666666666,0.6666666666666666,0.8888888888888888,nan,nan,nan,nan,nan,nan,1.0,1.0,0.0,0.0,0.1054874137043953,0.033111948519945145
A,1649ffea189d5a61,0,1,0,8.0,24,24,0,60.01562341675162,60.01562341675162,0.0,unchanged,24,20,24,inadmissible_anchor_relative,24,20,24,inadmissible_anchor_relative,0,0,0,0,0,0,0,0,0,0,0,0,nan,nan,nan,nan,nan,nan,nan,nan,0,0,0,0,0.5333333333333333,1.0,0.5333333333333333,1.0,nan,nan,nan,nan,nan,nan,1.0,1.0,0.0,0.0,0.528232991695404,0.6624029874801636
A,16e0edb829ce5614,0,0,6,0.0,4,4,0,-20012.070818394423,-20012.070818394423,0.0,unchanged,12,4,4,keep_incumbent,12,4,4,keep_incumbent,1,1,0,0,0,0,0,0,0,0,0,0,nan,nan,2.774336338043213,2.774336338043213,-2.6195828914642334,-2.6195828914642334,-9.431408882141113,-9.431408882141113,0,0,0,0,0.4444444444444444,0.4444444444444444,1.0,1.0,nan,nan,nan,nan,nan,nan,1.0,1.0,0.0,0.0,0.5156228542327881,0.5156228542327881
A,16e6577482ed54a3,0,1,0,8.0,3,3,0,9.081403274089098,9.081403274089098,0.0,unchanged,3,3,3,keep_incumbent,3,3,3,keep_incumbent,0,0,0,0,0,0,0,0,0,0,0,0,nan,nan,nan,nan,nan,nan,nan,nan,0,0,0,0,0.5909090909090909,0.8181818181818182,0.7727272727272727,1.0,nan,nan,nan,nan,nan,nan,1.0,1.0,0.0,0.0,0.19631116092205048,0.2396298199892044
A,170f8feb6b8652eb,0,1,0,8.0,18,28,1,18586.562473346712,73979.38125480991,-55392.8187814632,B24_harmful,25,22,18,direct_alt,25,7,28,direct_alt,1,1,1,1,1,1,1,1,1,1,0,0,-0.9287681150439777,-2.7696183273673753,0.46057143807411194,0.33091872930526733,1.3847875595092773,-0.898006796836853,1.304260492324829,0.1287277787923813,8,2,3,8,0.5,0.8076923076923077,0.6538461538461539,0.9615384615384616,nan,nan,nan,nan,nan,nan,1.0,1.0,0.0,0.0,0.092140331864357,0.11665871739387512
A,172146eb10345424,0,0,6,0.0,1,1,0,7.5539844781160355,7.5539844781160355,0.0,unchanged,17,1,1,keep_incumbent,17,1,1,keep_incumbent,1,1,1,1,1,1,0,0,0,0,0,0,nan,nan,0.7990506887435913,0.7990506887435913,-0.17934827506542206,-0.17934827506542206,-3.5445473194122314,-3.5445473194122314,0,0,4,4,0.8,0.8,1.0,1.0,nan,nan,nan,nan,nan,nan,1.0,1.0,0.0,0.0,0.09002824127674103,0.09002824127674103
A,17df20fa731c570c,0,0,6,0.0,9,9,0,113.78117752075195,113.78117752075195,0.0,unchanged,9,29,9,inadmissible_anchor_relative,9,29,9,inadmissible_anchor_relative,0,0,0,0,0,0,0,0,0,0,0,0,nan,nan,nan,nan,nan,nan,nan,nan,0,0,0,0,0.8333333333333334,0.8333333333333334,1.0,1.0,nan,nan,nan,nan,nan,nan,1.0,1.0,0.0,0.0,0.15619762241840363,0.15619762241840363
A,17e7bb98546058df,0,1,0,8.0,5,5,0,68605.1838324964,68605.1838324964,0.0,unchanged,5,9,5,inadmissible_anchor_relative,5,9,5,inadmissible_anchor_relative,0,0,0,0,0,0,0,0,0,0,0,0,nan,nan,nan,nan,nan,nan,nan,nan,0,0,0,0,0.631578947368421,0.6842105263157895,0.9473684210526315,1.0,nan,nan,nan,nan,nan,nan,1.0,1.0,0.0,0.0,0.5476346015930176,0.6715399026870728
A,17f89a161ca65447,0,0,6,0.0,9,9,0,0.0,0.0,0.0,unchanged,9,0,9,adm_inc_to_anchor,9,0,9,adm_inc_to_anchor,1,1,0,0,0,0,0,0,0,0,0,0,nan,nan,nan,nan,nan,nan,nan,nan,0,0,0,0,0.6666666666666666,0.6666666666666666,1.0,1.0,nan,nan,nan,nan,nan,nan,1.0,1.0,1.0,1.0,0.04321519285440445,0.04321519285440445
A,191b0a005aa55dae,0,1,0,8.0,1,1,0,0.0,0.0,0.0,unchanged,1,1,1,keep_incumbent,1,1,1,keep_incumbent,0,0,0,0,0,0,0,0,0,0,0,0,nan,nan,nan,nan,nan,nan,nan,nan,0,0,0,0,0.3333333333333333,0.5833333333333334,0.75,1.0,nan,nan,nan,nan,nan,nan,1.0,1.0,0.0,0.0,0.19862927496433258,0.21897637844085693
A,1920a5971d9557c8,1,1,1,0.0,6,6,0,24611.251645691693,24611.251645691693,0.0,unchanged,10,20,20,structural,10,20,20,structural,0,0,0,0,0,0,0,0,0,0,0,0,nan,nan,0.0,0.0,0.0,0.0,0.0,0.0,0,0,0,0,0.6818181818181818,0.6818181818181818,0.7272727272727273,0.7272727272727273,nan,nan,nan,nan,nan,nan,1.0,1.0,0.0,0.0,0.20347625017166138,0.20347625017166138
A,1940c1e0411a57e4,0,1,0,8.0,1,0,1,58074.660594086396,38263.77837892366,19810.88221516274,B24_beneficial,16,1,1,keep_incumbent,16,1,0,direct_alt,1,1,0,0,0,0,0,0,0,0,0,0,nan,0.990544110758137,2.059833288192749,1.0443394184112549,-0.70850670337677,-0.7073584794998169,-5.456104278564453,0.053517527878284454,0,7,0,0,0.7058823529411765,0.7647058823529411,0.9411764705882353,1.0,nan,nan,nan,nan,nan,nan,1.0,1.0,0.0,0.0,0.44809776544570923,0.5565798878669739
A,1957f020b1e65057,0,1,0,8.0,0,13,1,0.0,78547.79060420394,-78547.79060420394,B24_harmful,13,0,0,keep_incumbent,13,0,13,adm_inc_to_anchor,1,1,0,0,0,0,0,0,0,0,0,0,nan,nan,0.25356191396713257,nan,-1.5046294927597046,nan,-6.748238563537598,nan,0,0,0,0,0.42105263157894735,0.6842105263157895,0.7368421052631579,1.0,nan,nan,nan,nan,nan,nan,1.0,1.0,0.0,1.0,0.34396710991859436,0.4218239486217499
A,198b1910432d58df,0,1,0,8.0,2,8,1,0.0,22.509567455388606,-22.509567455388606,B24_harmful,18,2,2,keep_incumbent,18,2,8,direct_alt,1,1,0,0,0,0,0,0,0,0,0,0,nan,-0.0011254783727694395,3.218949556350708,0.5553407669067383,-0.44762951135635376,1.7752821445465088,-4.828253269195557,0.15631523728370667,0,10,0,0,0.5882352941176471,0.8235294117647058,0.7058823529411765,0.9411764705882353,nan,nan,nan,nan,nan,nan,1.0,1.0,0.0,0.0,0.5495824813842773,0.6825569272041321
A,198cc6ab0fee5c2d,1,1,1,0.0,4,4,0,0.0,0.0,0.0,unchanged,4,14,14,structural,4,14,14,structural,0,0,0,0,0,0,0,0,0,0,0,0,nan,nan,0.0,0.0,0.0,0.0,0.0,0.0,0,0,0,0,0.38461538461538464,0.38461538461538464,0.8461538461538461,0.8461538461538461,nan,nan,nan,nan,nan,nan,1.0,1.0,0.0,0.0,0.1036258265376091,0.1036258265376091
A,1a15b7967ee55573,0,1,0,4.0,23,23,0,61539.42625789344,61539.42625789344,0.0,unchanged,23,12,23,inadmissible_anchor_relative,23,12,23,inadmissible_anchor_relative,0,0,0,0,0,0,0,0,0,0,0,0,nan,nan,nan,nan,nan,nan,nan,nan,0,0,0,0,0.8125,0.875,0.9375,1.0,nan,nan,nan,nan,nan,nan,1.0,1.0,0.0,0.0,0.06210774928331375,0.09449761360883713
A,1a358afb33345198,0,1,0,8.0,17,17,0,0.0,0.0,0.0,unchanged,17,11,17,adm_inc_to_anchor,17,11,17,adm_inc_to_anchor,1,1,0,0,0,0,0,0,0,0,0,0,nan,nan,nan,nan,nan,nan,nan,nan,0,0,0,0,0.5384615384615384,0.8461538461538461,0.6923076923076923,1.0,nan,nan,nan,nan,nan,nan,1.0,1.0,1.0,1.0,0.036155328154563904,0.04452606290578842
A,1aa5a25769ff5376,0,1,0,8.0,7,6,1,36614.02144773485,35948.031239504235,665.9902082306144,B24_beneficial,7,7,7,keep_incumbent,6,7,6,inadmissible_anchor_relative,0,0,0,0,0,0,0,0,0,0,0,0,nan,nan,nan,nan,nan,nan,nan,nan,0,0,0,0,0.8461538461538461,0.9230769230769231,0.9230769230769231,1.0,nan,nan,nan,nan,nan,nan,0.0,1.0,0.0,0.0,0.1854541301727295,0.22854837775230408
A,1ab19261ef935c69,0,1,0,8.0,3,3,0,12347.179387840442,12347.179387840442,0.0,unchanged,3,14,3,inadmissible_anchor_relative,3,14,3,inadmissible_anchor_relative,0,0,0,0,0,0,0,0,0,0,0,0,nan,nan,nan,nan,nan,nan,nan,nan,0,0,0,0,0.4444444444444444,0.6666666666666666,0.7407407407407407,0.9629629629629629,nan,nan,nan,nan,nan,nan,1.0,1.0,0.0,0.0,0.5142601728439331,0.6419321298599243
A,1ab92a6ca6845272,0,0,6,0.0,10,10,0,0.5195845663547516,0.5195845663547516,0.0,unchanged,26,10,10,keep_incumbent,26,10,10,keep_incumbent,1,1,1,1,1,1,1,1,1,1,0,0,nan,nan,2.738877534866333,2.738877534866333,0.6597930788993835,0.6597930788993835,-3.7414824962615967,-3.7414824962615967,1,1,3,3,0.6666666666666666,0.6666666666666666,1.0,1.0,nan,nan,nan,nan,nan,nan,1.0,1.0,0.0,0.0,0.15631802380084991,0.15631802380084991
A,1afa1336e64450e1,0,1,0,8.0,9,9,0,0.06834394438192248,0.06834394438192248,0.0,unchanged,9,0,9,adm_inc_to_anchor,9,0,9,adm_inc_to_anchor,1,1,0,1,0,0,0,0,0,0,0,0,nan,nan,nan,nan,nan,nan,nan,nan,0,0,0,1,0.875,1.0,0.875,1.0,nan,nan,nan,nan,nan,nan,1.0,1.0,1.0,1.0,0.05115186795592308,0.06362846493721008
A,1b19394aec2259e5,0,1,0,8.0,4,4,0,11.777786061167717,11.777786061167717,0.0,unchanged,4,4,4,keep_incumbent,4,4,4,keep_incumbent,0,0,0,0,0,0,0,0,0,0,0,0,nan,nan,nan,nan,nan,nan,nan,nan,0,0,0,0,0.5172413793103449,0.7586206896551724,0.6551724137931034,0.896551724137931,nan,nan,nan,nan,nan,nan,1.0,1.0,0.0,0.0,0.11021003127098083,0.04330328106880188
A,1b6fab5683235d00,0,1,0,8.0,0,20,1,73946.54730427824,1.01878765784204,73945.5285166204,B24_beneficial,0,18,0,inadmissible_anchor_relative,20,18,20,inadmissible_anchor_relative,0,0,0,0,0,0,0,0,0,0,0,0,nan,nan,nan,nan,nan,nan,nan,nan,0,0,0,0,0.6666666666666666,0.9166666666666666,0.75,1.0,nan,nan,nan,nan,nan,nan,0.0,1.0,0.0,0.0,0.13186126947402954,0.16374602913856506
A,1c5a3b4e6b3f5b7b,0,1,0,8.0,10,10,0,25898.22810617159,25898.22810617159,0.0,unchanged,10,9,10,inadmissible_anchor_relative,10,9,10,inadmissible_anchor_relative,0,0,0,0,0,0,0,0,0,0,0,0,nan,nan,nan,nan,nan,nan,nan,nan,0,0,0,0,0.5,0.7777777777777778,0.6111111111111112,0.8888888888888888,nan,nan,nan,nan,nan,nan,1.0,1.0,0.0,0.0,0.32491374015808105,0.4047394394874573
A,1d09f7ea2c0e5c31,0,0,6,0.0,3,3,0,19797.598996575573,19797.598996575573,0.0,unchanged,27,11,3,direct_alt,27,11,3,direct_alt,1,1,1,1,1,1,1,1,1,1,0,0,-0.9898128605164588,-0.9898128605164588,2.6157798767089844,2.6157798767089844,0.21080012619495392,0.21080012619495392,0.03466028720140457,0.03466028720140457,3,3,1,1,0.8571428571428571,0.8571428571428571,1.0,1.0,nan,nan,nan,nan,nan,nan,1.0,1.0,0.0,0.0,0.1678996980190277,0.1678996980190277
A,1e72fa02b5ca564f,0,1,0,8.0,10,10,0,0.050463707419112325,0.050463707419112325,0.0,unchanged,10,13,10,inadmissible_anchor_relative,10,13,10,inadmissible_anchor_relative,0,0,0,0,0,0,0,0,0,0,0,0,nan,nan,nan,nan,nan,nan,nan,nan,0,0,0,0,0.5454545454545454,0.7272727272727273,0.7727272727272727,0.9545454545454546,nan,nan,nan,nan,nan,nan,1.0,1.0,0.0,0.0,0.6667993068695068,0.8177329897880554
A,1e9c311e69ea57c7,1,1,1,0.0,19,19,0,2.39176725409925,2.39176725409925,0.0,unchanged,17,19,19,structural,17,19,19,structural,0,0,0,0,0,0,0,0,0,0,0,0,nan,nan,0.0,0.0,0.0,0.0,0.0,0.0,0,0,0,0,0.3076923076923077,0.3076923076923077,0.7692307692307693,0.7692307692307693,nan,nan,nan,nan,nan,nan,1.0,1.0,0.0,0.0,0.6144991517066956,0.6144991517066956
A,1f610a48be4d5b39,0,1,0,8.0,28,28,0,0.004802420735359192,0.004802420735359192,0.0,unchanged,28,0,28,adm_inc_to_anchor,28,0,28,inadmissible_anchor_relative,1,0,1,0,0,0,0,0,0,0,0,0,nan,nan,nan,nan,nan,nan,nan,nan,0,0,1,0,0.2857142857142857,0.7142857142857143,0.5714285714285714,1.0,nan,nan,nan,nan,nan,nan,1.0,1.0,0.0,0.0,0.0418265201151371,0.171608567237854
A,20dfd04c27fd592d,0,1,0,8.0,0,0,0,0.0,0.0,0.0,unchanged,0,0,0,keep_incumbent,0,0,0,keep_incumbent,0,0,0,0,0,0,0,0,0,0,0,0,nan,nan,nan,nan,nan,nan,nan,nan,0,0,0,0,0.42424242424242425,0.6363636363636364,0.7575757575757576,0.9696969696969697,nan,nan,nan,nan,nan,nan,1.0,1.0,0.0,0.0,0.5812399983406067,0.7226471900939941
A,21560967803257f2,0,1,0,8.0,9,9,0,0.0,0.0,0.0,unchanged,9,0,9,adm_inc_to_anchor,9,0,9,adm_inc_to_anchor,1,1,0,0,0,0,0,0,0,0,0,0,nan,nan,nan,nan,nan,nan,nan,nan,0,0,0,0,0.16666666666666666,0.6666666666666666,0.5,1.0,nan,nan,nan,nan,nan,nan,1.0,1.0,1.0,1.0,0.044151488691568375,0.05484035238623619
A,215f9746528c5882,0,1,0,8.0,9,9,0,10.327011030360609,10.327011030360609,0.0,unchanged,9,0,9,adm_inc_to_anchor,9,0,9,adm_inc_to_anchor,1,1,0,0,0,0,0,0,0,0,0,0,nan,nan,nan,nan,nan,nan,nan,nan,0,0,0,0,0.5454545454545454,1.0,0.5454545454545454,1.0,nan,nan,nan,nan,nan,nan,1.0,1.0,1.0,1.0,0.04623366519808769,0.056417327374219894
A,218be5b1196f5449,0,1,0,8.0,16,16,0,0.0,0.0,0.0,unchanged,16,11,16,adm_inc_to_anchor,16,11,16,adm_inc_to_anchor,1,1,0,0,0,0,0,0,0,0,0,0,nan,nan,nan,nan,nan,nan,nan,nan,0,0,0,0,0.5454545454545454,0.8636363636363636,0.5909090909090909,0.9090909090909091,nan,nan,nan,nan,nan,nan,1.0,1.0,1.0,1.0,0.04080303758382797,0.04957536980509758
A,21f92b0ea09f5b07,0,1,0,8.0,14,14,0,35623.709839427844,35623.709839427844,0.0,unchanged,14,5,14,inadmissible_anchor_relative,14,6,14,inadmissible_anchor_relative,0,0,0,0,0,0,0,0,0,0,0,0,nan,nan,nan,nan,nan,nan,nan,nan,0,0,0,0,0.46153846153846156,0.7307692307692307,0.6923076923076923,0.9615384615384616,nan,nan,nan,nan,nan,nan,1.0,1.0,0.0,0.0,0.22688229382038116,1.0467756986618042
A,23024582aa065a27,1,1,1,0.0,13,13,0,6726.099886705168,6726.099886705168,0.0,unchanged,5,3,3,structural,5,3,3,structural,0,0,0,0,0,0,0,0,0,0,0,0,nan,nan,0.0,0.0,0.0,0.0,0.0,0.0,0,0,0,0,0.375,0.375,0.7083333333333334,0.7083333333333334,nan,nan,nan,nan,nan,nan,1.0,1.0,0.0,0.0,0.1851164549589157,0.1851164549589157
A,23031826f1435984,0,1,0,8.0,3,3,0,15750.673831474967,15750.673831474967,0.0,unchanged,3,18,3,inadmissible_anchor_relative,3,18,3,inadmissible_anchor_relative,0,0,0,0,0,0,0,0,0,0,0,0,nan,nan,nan,nan,nan,nan,nan,nan,0,0,0,0,0.4782608695652174,0.8260869565217391,0.6521739130434783,1.0,nan,nan,nan,nan,nan,nan,1.0,1.0,0.0,0.0,0.6921956539154053,0.8489122986793518
A,236a6d46c3ff5379,0,1,0,8.0,16,12,1,39590.49029208417,39599.23847577436,-8.748183690186124,B24_harmful,22,7,16,direct_alt,22,7,12,direct_alt,1,1,1,1,1,1,1,1,1,1,1,0,4.360422401222808e-05,-0.00039380496049706837,3.158247947692871,2.0999202728271484,1.2098196744918823,1.5645155906677246,1.612924575805664,1.0023196935653687,13,18,7,7,0.5833333333333334,0.8333333333333334,0.75,1.0,nan,nan,nan,nan,nan,nan,1.0,1.0,0.0,0.0,0.2675411105155945,0.3322989046573639
A,23ba9417e31c5254,0,1,0,8.0,17,17,0,24643.569499617908,24643.569499617908,0.0,unchanged,17,12,17,adm_inc_to_anchor,17,12,17,adm_inc_to_anchor,1,1,1,1,0,0,0,0,0,0,0,0,nan,nan,nan,nan,nan,nan,nan,nan,0,0,1,1,0.7777777777777778,0.8888888888888888,0.8888888888888888,1.0,nan,nan,nan,nan,nan,nan,1.0,1.0,1.0,1.0,0.030051585286855698,0.03736647963523865
A,23ec77c0d61a5e4c,0,0,6,0.0,16,16,0,23803.18860158138,23803.18860158138,0.0,unchanged,16,1,16,inadmissible_anchor_relative,16,1,16,inadmissible_anchor_relative,0,0,0,0,0,0,0,0,0,0,0,0,nan,nan,nan,nan,nan,nan,nan,nan,0,0,0,0,0.75,0.75,1.0,1.0,nan,nan,nan,nan,nan,nan,1.0,1.0,0.0,0.0,0.11006814241409302,0.11006814241409302
A,24254071528a5078,0,1,0,8.0,16,16,0,60912.55684389919,60912.55684389919,0.0,unchanged,16,16,16,keep_incumbent,16,16,16,keep_incumbent,0,0,0,0,0,0,0,0,0,0,0,0,nan,nan,nan,nan,nan,nan,nan,nan,0,0,0,0,0.45161290322580644,0.6774193548387096,0.7096774193548387,0.9354838709677419,nan,nan,nan,nan,nan,nan,1.0,1.0,0.0,0.0,0.28672969341278076,0.35347241163253784
A,24a06c5f524052a8,0,1,0,8.0,20,3,1,27.783380020409822,3.952378436923027,23.831001583486795,B24_beneficial,3,21,20,direct_alt,3,21,3,inadmissible_anchor_relative,1,0,0,0,0,0,0,0,0,0,0,0,-0.0013891690010204912,nan,0.563433051109314,nan,0.7917919158935547,nan,0.9321437478065491,nan,5,0,0,0,0.7,0.9,0.8,1.0,nan,nan,nan,nan,nan,nan,1.0,1.0,0.0,0.0,0.07147887349128723,0.10424699634313583
A,24c1d6d19b7e56f8,0,1,0,8.0,17,17,0,19796.597280830145,19796.597280830145,0.0,unchanged,9,20,17,direct_alt,9,20,17,direct_alt,1,1,1,1,1,1,1,1,1,1,0,0,-0.9896413350092248,-0.9896413350092248,1.8472198247909546,2.6404335498809814,1.0955793857574463,1.359447717666626,1.026948094367981,1.6466041803359985,10,7,3,3,0.7777777777777778,0.9444444444444444,0.8333333333333334,1.0,nan,nan,nan,nan,nan,nan,1.0,1.0,0.0,0.0,0.0721118152141571,0.08600781857967377
A,255ca8ea14015f95,0,1,0,8.0,20,20,0,231.71996902617684,231.71996902617684,0.0,unchanged,2,20,20,keep_incumbent,2,20,20,keep_incumbent,1,1,1,1,1,1,0,0,0,0,0,0,nan,nan,2.683791160583496,2.8667263984680176,-0.1021997407078743,-0.24778839945793152,-4.124551773071289,-4.011724948883057,0,0,6,6,0.5625,0.625,0.9375,1.0,nan,nan,nan,nan,nan,nan,1.0,1.0,0.0,0.0,0.17801278829574585,0.2184240221977234
A,263e0a5598a25d07,0,0,6,0.0,3,3,0,86.10679297358729,86.10679297358729,0.0,unchanged,9,3,3,keep_incumbent,9,3,3,keep_incumbent,1,1,1,1,0,0,0,0,0,0,0,0,nan,nan,0.09576386213302612,0.09576386213302612,0.13023428618907928,0.13023428618907928,-3.66759991645813,-3.66759991645813,0,0,1,1,0.6666666666666666,0.6666666666666666,1.0,1.0,nan,nan,nan,nan,nan,nan,1.0,1.0,0.0,0.0,0.1557331383228302,0.1557331383228302
A,26d8efe089a857d9,0,1,0,8.0,11,11,0,38178.90739560872,38178.90739560872,0.0,unchanged,11,11,11,keep_incumbent,11,11,11,keep_incumbent,0,0,0,0,0,0,0,0,0,0,0,0,nan,nan,nan,nan,nan,nan,nan,nan,0,0,0,0,0.4444444444444444,0.6666666666666666,0.6944444444444444,0.9166666666666666,nan,nan,nan,nan,nan,nan,1.0,1.0,0.0,0.0,0.4869724214076996,0.5972332954406738
A,27ab5ae0f4095dc0,0,1,0,8.0,25,24,1,11.219792692550982,6.312946020254458,4.906846672296524,B24_beneficial,2,25,25,keep_incumbent,2,25,24,direct_alt,1,1,1,1,0,1,1,1,0,0,0,1,nan,0.00024534233361482604,0.8420395851135254,0.15790468454360962,-1.833601474761963,-0.17356541752815247,-5.887841701507568,0.29564154148101807,0,0,12,12,0.5652173913043478,0.8695652173913043,0.6521739130434783,0.9565217391304348,nan,nan,nan,nan,nan,nan,1.0,1.0,0.0,0.0,0.06078234687447548,0.07457947731018066
A,27c65b1b1b3953ef,0,1,0,8.0,4,16,1,22235.30388392508,0.3704147934913635,22234.93346913159,B24_beneficial,24,4,4,keep_incumbent,24,4,16,direct_alt,1,1,1,1,1,1,0,0,0,0,0,1,nan,1.1117466734565795,2.033730983734131,0.9831898808479309,-1.9142019748687744,-0.01045677438378334,-6.885614395141602,0.2023596614599228,0,0,14,14,0.5217391304347826,0.782608695652174,0.6956521739130435,0.9565217391304348,nan,nan,nan,nan,nan,nan,1.0,1.0,0.0,0.0,0.05329960212111473,0.0643138736486435
A,27ed28c5ec245406,0,0,6,0.0,11,11,0,0.0,0.0,0.0,unchanged,0,20,11,direct_alt,0,20,11,direct_alt,1,1,1,1,1,1,1,1,1,1,1,1,0.0009257956616580687,0.0009257956616580687,0.6220045685768127,0.6220045685768127,1.4532138109207153,1.4532138109207153,1.6708801984786987,1.6708801984786987,6,6,10,10,0.7142857142857143,0.7142857142857143,1.0,1.0,nan,nan,nan,nan,nan,nan,1.0,1.0,0.0,0.0,0.0724290981888771,0.0724290981888771
A,28290d5a477c5bfb,0,1,0,8.0,18,18,0,82181.20981067838,82181.20981067838,0.0,unchanged,18,5,18,inadmissible_anchor_relative,18,5,18,inadmissible_anchor_relative,0,0,0,0,0,0,0,0,0,0,0,0,nan,nan,nan,nan,nan,nan,nan,nan,0,0,0,0,0.5384615384615384,0.6923076923076923,0.8076923076923077,0.9615384615384616,nan,nan,nan,nan,nan,nan,1.0,1.0,0.0,0.0,0.8230371475219727,1.0095975399017334
A,28ed48e6774c5fba,0,0,6,0.0,0,0,0,24457.25674201548,24457.25674201548,0.0,unchanged,0,3,0,inadmissible_anchor_relative,0,3,0,inadmissible_anchor_relative,0,0,0,0,0,0,0,0,0,0,0,0,nan,nan,nan,nan,nan,nan,nan,nan,0,0,0,0,0.6666666666666666,0.6666666666666666,1.0,1.0,nan,nan,nan,nan,nan,nan,1.0,1.0,0.0,0.0,0.4632006883621216,0.4632006883621216
A,290cb5891da15edf,0,1,0,8.0,17,17,0,0.0,0.0,0.0,unchanged,17,0,17,adm_inc_to_anchor,17,0,17,inadmissible_anchor_relative,1,0,0,0,0,0,0,0,0,0,0,0,nan,nan,nan,nan,nan,nan,nan,nan,0,0,0,0,0.5217391304347826,0.8260869565217391,0.6956521739130435,1.0,nan,nan,nan,nan,nan,nan,1.0,1.0,0.0,0.0,0.03436180204153061,0.1305757313966751
A,29420dbb07d75cc0,0,1,0,8.0,20,20,0,18.40963704470778,18.40963704470778,0.0,unchanged,20,18,20,adm_inc_to_anchor,20,18,20,adm_inc_to_anchor,1,1,0,0,0,0,0,0,0,0,0,0,nan,nan,nan,nan,nan,nan,nan,nan,0,0,0,0,0.5925925925925926,0.8148148148148148,0.7037037037037037,0.9259259259259259,nan,nan,nan,nan,nan,nan,1.0,1.0,1.0,1.0,0.0406373105943203,0.04841528832912445
A,29c3edd082f55a7a,0,1,0,8.0,6,6,0,29479.481184598073,29479.481184598073,0.0,unchanged,6,2,6,inadmissible_anchor_relative,6,2,6,inadmissible_anchor_relative,0,0,0,0,0,0,0,0,0,0,0,0,nan,nan,nan,nan,nan,nan,nan,nan,0,0,0,0,0.46875,0.71875,0.65625,0.90625,nan,nan,nan,nan,nan,nan,1.0,1.0,0.0,0.0,0.26595649123191833,1.1375236511230469
A,29d5e86e987254c4,0,1,0,4.0,1,1,0,307.3695174558088,307.3695174558088,0.0,unchanged,1,4,1,adm_inc_to_anchor,1,4,1,adm_inc_to_anchor,1,1,1,1,0,0,0,0,0,0,0,0,nan,nan,nan,nan,nan,nan,nan,nan,0,0,9,9,0.5,0.5714285714285714,0.9285714285714286,1.0,nan,nan,nan,nan,nan,nan,1.0,1.0,1.0,1.0,0.15362273156642914,0.17037856578826904
A,2a8518169e2c5d1a,0,1,0,8.0,5,5,0,0.0,0.0,0.0,unchanged,5,1,5,inadmissible_anchor_relative,5,1,5,inadmissible_anchor_relative,0,0,0,0,0,0,0,0,0,0,0,0,nan,nan,nan,nan,nan,nan,nan,nan,0,0,0,0,0.5238095238095238,0.6190476190476191,0.9047619047619048,1.0,nan,nan,nan,nan,nan,nan,1.0,1.0,0.0,0.0,0.9172666668891907,1.126227855682373
A,2a9a856721ab5f68,0,0,6,0.0,4,4,0,25020.930724482983,25020.930724482983,0.0,unchanged,4,0,4,adm_inc_to_anchor,4,0,4,adm_inc_to_anchor,1,1,1,1,0,0,0,0,0,0,0,0,nan,nan,nan,nan,nan,nan,nan,nan,0,0,3,3,0.8,0.8,1.0,1.0,nan,nan,nan,nan,nan,nan,1.0,1.0,1.0,1.0,0.02796107903122902,0.02796107903122902
A,2ac57922ab3c54d7,0,0,6,0.0,0,0,0,8.165983261540532,8.165983261540532,0.0,unchanged,0,17,0,inadmissible_anchor_relative,0,17,0,inadmissible_anchor_relative,0,0,0,0,0,0,0,0,0,0,0,0,nan,nan,nan,nan,nan,nan,nan,nan,0,0,0,0,0.7142857142857143,0.7142857142857143,1.0,1.0,nan,nan,nan,nan,nan,nan,1.0,1.0,0.0,0.0,0.43086671829223633,0.43086671829223633
A,2bee66aeabaa5002,0,1,0,8.0,17,17,0,60.686416019219905,60.686416019219905,0.0,unchanged,8,0,17,direct_alt,8,0,17,direct_alt,1,1,1,1,1,1,0,0,0,0,0,0,-0.0025048657493897952,-0.0025048657493897952,0.7752102017402649,1.1311970949172974,1.0856770277023315,1.214856505393982,0.9736079573631287,1.1972746849060059,8,7,3,3,0.4444444444444444,0.7407407407407407,0.7037037037037037,1.0,nan,nan,nan,nan,nan,nan,1.0,1.0,0.0,0.0,0.07617844641208649,0.09343771636486053
A,2c0010ca40cb5994,0,1,0,8.0,9,9,0,0.0,0.0,0.0,unchanged,9,0,9,adm_inc_to_anchor,9,0,9,adm_inc_to_anchor,1,1,0,0,0,0,0,0,0,0,0,0,nan,nan,nan,nan,nan,nan,nan,nan,0,0,0,0,0.16666666666666666,0.6666666666666666,0.5,1.0,nan,nan,nan,nan,nan,nan,1.0,1.0,1.0,1.0,0.04848301410675049,0.060214564204216
A,2c7e371983e85454,1,1,1,0.0,18,18,0,44999.11025631428,44999.11025631428,0.0,unchanged,29,18,18,structural,29,18,18,structural,0,0,0,0,0,0,0,0,0,0,0,0,nan,nan,0.0,0.0,0.0,0.0,0.0,0.0,0,0,0,0,0.45454545454545453,0.45454545454545453,0.6818181818181818,0.6818181818181818,nan,nan,nan,nan,nan,nan,1.0,1.0,0.0,0.0,0.023074636235833168,0.023074636235833168
A,2cf576d02cef57bd,0,1,0,8.0,4,4,0,0.7036662362515926,0.7036662362515926,0.0,unchanged,4,0,4,inadmissible_anchor_relative,4,0,4,inadmissible_anchor_relative,0,0,0,0,0,0,0,0,0,0,0,0,nan,nan,nan,nan,nan,nan,nan,nan,0,0,0,0,0.5217391304347826,0.6521739130434783,0.8695652173913043,1.0,nan,nan,nan,nan,nan,nan,1.0,1.0,0.0,0.0,0.023828549310564995,0.11726465076208115
A,2d51fe31a5a55577,0,1,0,8.0,7,4,1,25978.634199992754,72.47126261889935,25906.162937373854,B24_beneficial,4,7,7,keep_incumbent,4,7,4,adm_inc_to_anchor,1,1,1,1,0,0,0,0,0,0,0,0,nan,nan,0.04110155254602432,nan,-0.6901686787605286,nan,-3.4220592975616455,nan,0,0,1,1,0.5,0.7777777777777778,0.6666666666666666,0.9444444444444444,nan,nan,nan,nan,nan,nan,1.0,1.0,0.0,1.0,0.17629016935825348,0.2162001132965088
A,2d93078476de50e0,0,1,0,2.0,1,1,0,0.0,0.0,0.0,unchanged,8,1,1,keep_incumbent,8,1,1,keep_incumbent,1,1,0,0,0,0,0,0,0,0,0,0,nan,nan,1.8571017980575562,1.860477328300476,-2.046809673309326,-1.9012752771377563,-8.341165542602539,-8.26488208770752,0,0,0,0,0.7,0.7,1.0,1.0,nan,nan,nan,nan,nan,nan,1.0,1.0,0.0,0.0,0.533896803855896,0.5690510869026184
A,2dfd599a7e2d5932,0,1,0,8.0,9,9,0,0.0,0.0,0.0,unchanged,9,0,9,adm_inc_to_anchor,9,0,9,adm_inc_to_anchor,1,1,0,0,0,0,0,0,0,0,0,0,nan,nan,nan,nan,nan,nan,nan,nan,0,0,0,0,0.16666666666666666,0.8333333333333334,0.3333333333333333,1.0,nan,nan,nan,nan,nan,nan,1.0,1.0,1.0,1.0,0.04906664788722992,0.06016576290130615
A,2e7ccb337d6c537f,0,1,0,8.0,9,9,0,0.10593237573903025,0.10593237573903025,0.0,unchanged,9,0,9,adm_inc_to_anchor,9,0,9,adm_inc_to_anchor,1,1,0,0,0,0,0,0,0,0,0,0,nan,nan,nan,nan,nan,nan,nan,nan,0,0,0,0,0.6666666666666666,1.0,0.6666666666666666,1.0,nan,nan,nan,nan,nan,nan,1.0,1.0,1.0,1.0,0.05472763627767563,0.0677090659737587
A,2f2b558395e75177,0,1,0,8.0,18,6,1,53.97120060771704,30799.836040072143,-30745.864839464426,B24_harmful,18,10,18,inadmissible_anchor_relative,6,10,6,inadmissible_anchor_relative,0,0,0,0,0,0,0,0,0,0,0,0,nan,nan,nan,nan,nan,nan,nan,nan,0,0,0,0,0.6363636363636364,0.9090909090909091,0.7272727272727273,1.0,nan,nan,nan,nan,nan,nan,0.0,1.0,0.0,0.0,0.06987577676773071,0.08820884674787521
A,2f9d6cc30583557f,0,1,0,4.0,5,22,1,0.0,28369.432675819844,-28369.432675819844,B24_harmful,5,22,5,inadmissible_anchor_relative,8,22,22,keep_incumbent,0,1,0,0,0,0,0,0,0,0,0,0,nan,nan,nan,1.042640209197998,nan,-2.099292516708374,nan,-6.227864742279053,0,0,0,0,0.6666666666666666,0.7777777777777778,0.8888888888888888,1.0,nan,nan,nan,nan,nan,nan,0.0,1.0,0.0,0.0,0.13903532922267914,0.15225550532341003
A,31242ca6b6045757,0,1,0,8.0,16,16,0,24448.116544814082,24448.116544814082,0.0,unchanged,16,0,16,adm_inc_to_anchor,16,0,16,adm_inc_to_anchor,1,1,1,1,0,0,0,0,0,0,0,0,nan,nan,nan,nan,nan,nan,nan,nan,0,0,2,2,0.4,0.7333333333333333,0.6666666666666666,1.0,nan,nan,nan,nan,nan,nan,1.0,1.0,1.0,1.0,0.03136168047785759,0.03894086554646492
A,316d9201a935570e,0,1,0,8.0,9,9,0,10785.486331053078,10785.486331053078,0.0,unchanged,9,9,9,keep_incumbent,9,9,9,keep_incumbent,0,0,0,0,0,0,0,0,0,0,0,0,nan,nan,nan,nan,nan,nan,nan,nan,0,0,0,0,0.25,0.75,0.5,1.0,nan,nan,nan,nan,nan,nan,1.0,1.0,1.0,1.0,0.03017621859908104,0.037030745297670364
A,31778b4e76d45397,0,1,0,6.0,9,9,0,0.0,0.0,0.0,unchanged,9,0,9,adm_inc_to_anchor,9,0,9,adm_inc_to_anchor,1,1,0,0,0,0,0,0,0,0,0,0,nan,nan,nan,nan,nan,nan,nan,nan,0,0,0,0,0.4166666666666667,0.5833333333333334,0.8333333333333334,1.0,nan,nan,nan,nan,nan,nan,1.0,1.0,1.0,1.0,0.014422704465687275,0.016857994720339775
A,3198b35aa3ec5a73,0,1,0,8.0,18,18,0,4.410886526107788,4.410886526107788,0.0,unchanged,18,0,18,inadmissible_anchor_relative,18,0,18,inadmissible_anchor_relative,0,0,0,0,0,0,0,0,0,0,0,0,nan,nan,nan,nan,nan,nan,nan,nan,0,0,0,0,0.631578947368421,0.8947368421052632,0.7368421052631579,1.0,nan,nan,nan,nan,nan,nan,1.0,1.0,0.0,0.0,0.14869001507759094,0.18237270414829254
A,31d9ff72d385557a,0,1,0,8.0,16,9,1,19790.965787760913,30741.264405295253,-10950.29861753434,B24_harmful,9,16,16,keep_incumbent,9,16,9,inadmissible_anchor_relative,1,0,0,0,0,0,0,0,0,0,0,0,nan,nan,0.6565831899642944,nan,-0.9174385070800781,nan,-5.404282093048096,nan,0,0,0,0,0.6190476190476191,0.9047619047619048,0.7142857142857143,1.0,nan,nan,nan,nan,nan,nan,1.0,1.0,0.0,0.0,0.09485971927642822,0.19095125794410706
A,327dd214c789553d,0,1,0,4.0,3,3,0,0.0,0.0,0.0,unchanged,0,7,3,direct_alt,0,7,3,direct_alt,1,1,1,1,1,1,1,1,1,1,1,1,0.0001964755697176912,0.0001964755697176912,2.3357043266296387,2.696552038192749,0.0677495226264,0.2042170614004135,0.39756736159324646,0.015859238803386688,1,1,6,6,0.55,0.65,0.9,1.0,nan,nan,nan,nan,nan,nan,1.0,1.0,0.0,0.0,0.24320359528064728,0.274326890707016
A,33295f83e76d553d,0,1,0,8.0,10,10,0,25990.375872691628,25990.375872691628,0.0,unchanged,10,1,10,inadmissible_anchor_relative,10,1,10,inadmissible_anchor_relative,0,0,0,0,0,0,0,0,0,0,0,0,nan,nan,nan,nan,nan,nan,nan,nan,0,0,0,0,0.46875,0.6875,0.65625,0.875,nan,nan,nan,nan,nan,nan,1.0,1.0,0.0,0.0,0.7396152019500732,0.9072813391685486
A,3371272171535539,0,1,0,8.0,0,0,0,54135.065770186484,54135.065770186484,0.0,unchanged,0,21,0,inadmissible_anchor_relative,0,21,0,inadmissible_anchor_relative,0,0,0,0,0,0,0,0,0,0,0,0,nan,nan,nan,nan,nan,nan,nan,nan,0,0,0,0,0.5714285714285714,0.7142857142857143,0.8095238095238095,0.9523809523809523,nan,nan,nan,nan,nan,nan,1.0,1.0,1.0,1.0,0.04734156280755997,0.0583646334707737
A,34213fa073c65109,0,1,0,8.0,16,4,1,20691.24740500882,25605.844831883907,-4914.597426875087,B24_harmful,4,16,16,keep_incumbent,4,16,4,inadmissible_anchor_relative,1,0,1,0,1,0,0,0,0,0,0,0,nan,nan,1.6384658813476562,nan,-0.6972212791442871,nan,-5.222657203674316,nan,0,0,3,0,0.6190476190476191,0.8571428571428571,0.7619047619047619,1.0,nan,nan,nan,nan,nan,nan,1.0,1.0,0.0,0.0,0.08949447423219681,0.12885339558124542
A,346c6d113f235511,0,1,0,4.0,9,9,0,3.458838506601751,3.458838506601751,0.0,unchanged,18,9,9,keep_incumbent,18,9,9,keep_incumbent,1,1,1,1,1,1,0,1,0,1,0,0,nan,nan,3.0313494205474854,2.8035073280334473,-0.20750334858894348,-0.24334867298603058,-5.210783958435059,-5.389588832855225,0,13,11,11,0.7272727272727273,0.7272727272727273,1.0,1.0,nan,nan,nan,nan,nan,nan,1.0,1.0,0.0,0.0,0.5302793979644775,0.5976672768592834
A,34d1524f4d765d72,0,1,0,8.0,28,28,0,12225.495935425162,12225.495935425162,0.0,unchanged,28,21,28,inadmissible_anchor_relative,28,3,28,inadmissible_anchor_relative,0,0,0,0,0,0,0,0,0,0,0,0,nan,nan,nan,nan,nan,nan,nan,nan,0,0,0,0,0.6,0.8666666666666667,0.7333333333333333,1.0,nan,nan,nan,nan,nan,nan,1.0,1.0,0.0,0.0,0.09440454840660095,0.2806617021560669
A,352fd8d128fb5af3,0,1,0,8.0,0,0,0,44423.842296752846,44423.842296752846,0.0,unchanged,0,2,0,inadmissible_anchor_relative,0,2,0,inadmissible_anchor_relative,0,0,0,0,0,0,0,0,0,0,0,0,nan,nan,nan,nan,nan,nan,nan,nan,0,0,0,0,0.37037037037037035,0.5185185185185185,0.7037037037037037,0.8518518518518519,nan,nan,nan,nan,nan,nan,1.0,1.0,0.0,0.0,0.3217090666294098,0.3927019238471985
A,355dc09ae2365ef0,0,0,6,0.0,5,5,0,5174.063812658191,5174.063812658191,0.0,unchanged,0,5,5,keep_incumbent,0,5,5,keep_incumbent,1,1,1,1,1,1,1,1,1,1,0,0,nan,nan,0.9471153616905212,0.9471153616905212,0.4402082562446594,0.4402082562446594,-4.357034683227539,-4.357034683227539,4,4,14,14,0.6,0.6,1.0,1.0,nan,nan,nan,nan,nan,nan,1.0,1.0,0.0,0.0,0.06860623508691788,0.06860623508691788
A,367dc67b5da153c4,0,1,0,8.0,17,17,0,18582.49374301359,18582.49374301359,0.0,unchanged,17,11,17,adm_inc_to_anchor,17,11,17,adm_inc_to_anchor,1,1,0,0,0,0,0,0,0,0,0,0,nan,nan,nan,nan,nan,nan,nan,nan,0,0,0,0,0.52,0.8,0.72,1.0,nan,nan,nan,nan,nan,nan,1.0,1.0,1.0,1.0,0.04731467366218567,0.05802438408136368
A,369e4c742d515809,0,1,0,8.0,7,7,0,1.9098983900621533,1.9098983900621533,0.0,unchanged,7,5,7,inadmissible_anchor_relative,7,5,7,inadmissible_anchor_relative,0,0,0,0,0,0,0,0,0,0,0,0,nan,nan,nan,nan,nan,nan,nan,nan,0,0,0,0,0.6842105263157895,0.9473684210526315,0.7368421052631579,1.0,nan,nan,nan,nan,nan,nan,1.0,1.0,0.0,0.0,0.1270843744277954,0.15767048299312592
A,379483c5d1495556,0,1,0,8.0,2,2,0,7144.716182737611,7144.716182737611,0.0,unchanged,2,2,2,keep_incumbent,2,2,2,keep_incumbent,0,0,0,0,0,0,0,0,0,0,0,0,nan,nan,nan,nan,nan,nan,nan,nan,0,0,0,0,0.5416666666666666,0.7083333333333334,0.7916666666666666,0.9583333333333334,nan,nan,nan,nan,nan,nan,1.0,1.0,0.0,0.0,0.6423267126083374,0.7843741774559021
A,3847baf4ca9f588e,0,0,6,0.0,17,17,0,0.0,0.0,0.0,unchanged,0,19,17,direct_alt,0,19,17,direct_alt,1,1,1,1,1,1,1,1,1,1,1,1,7.068260461107201e-05,7.068260461107201e-05,3.4730799198150635,3.4730799198150635,0.34745216369628906,0.34745216369628906,0.43105706572532654,0.43105706572532654,5,5,4,4,0.8571428571428571,0.8571428571428571,1.0,1.0,nan,nan,nan,nan,nan,nan,1.0,1.0,0.0,0.0,0.22575096786022186,0.22575096786022186
A,3889018fe6a15f4a,0,1,0,8.0,1,16,1,39620.15080245957,39623.34523650259,-3.19443404302001,B24_harmful,22,6,1,direct_alt,22,5,16,direct_alt,1,1,1,1,0,1,0,0,0,0,0,0,-0.9909306603644042,-1.505223102826747e-06,1.464786171913147,2.612154483795166,0.08547727763652802,0.3353717029094696,0.023100461810827255,0.007941488176584244,3,9,3,3,0.52,0.84,0.68,1.0,nan,nan,nan,nan,nan,nan,1.0,1.0,0.0,0.0,0.19420360028743744,0.24363000690937042
A,3935131fca495214,0,1,0,8.0,10,25,1,2.938078109174967,1.3050911538302898,1.632986955344677,B24_beneficial,10,0,10,inadmissible_anchor_relative,25,0,25,adm_inc_to_anchor,0,1,0,1,0,0,0,0,0,0,0,0,nan,nan,nan,nan,nan,nan,nan,nan,0,0,0,2,0.5,0.6666666666666666,0.8333333333333334,1.0,nan,nan,nan,nan,nan,nan,0.0,1.0,0.0,1.0,0.04162979498505592,0.039292410016059875
A,3ab7b7fccd1f52e3,0,1,0,8.0,3,3,0,9.00329103929107,9.00329103929107,0.0,unchanged,3,3,3,keep_incumbent,3,3,3,keep_incumbent,0,0,0,0,0,0,0,0,0,0,0,0,nan,nan,nan,nan,nan,nan,nan,nan,0,0,0,0,0.631578947368421,0.8947368421052632,0.6842105263157895,0.9473684210526315,nan,nan,nan,nan,nan,nan,1.0,1.0,0.0,0.0,0.6253361701965332,0.7671683430671692
A,3b151b6517105fd4,0,1,0,6.0,0,0,0,2.158394666388631,2.158394666388631,0.0,unchanged,0,4,0,inadmissible_anchor_relative,0,0,0,keep_incumbent,0,0,0,0,0,0,0,0,0,0,0,0,nan,nan,nan,nan,nan,nan,nan,nan,0,0,0,0,0.631578947368421,0.6842105263157895,0.9473684210526315,1.0,nan,nan,nan,nan,nan,nan,1.0,1.0,0.0,0.0,0.19394515454769135,0.2270929515361786
A,3b1e6c2c8f28500b,0,1,0,8.0,3,9,1,0.0,9795.911891082302,-9795.911891082302,B24_harmful,9,3,3,keep_incumbent,9,10,9,inadmissible_anchor_relative,1,0,0,0,0,0,0,0,0,0,0,0,nan,nan,0.6898064613342285,nan,-0.9695979356765747,nan,-5.289346694946289,nan,0,0,0,0,0.6818181818181818,0.8636363636363636,0.8181818181818182,1.0,nan,nan,nan,nan,nan,nan,1.0,1.0,0.0,0.0,0.08480832725763321,0.16986806690692902
A,3b99ef7716c05bad,0,1,0,8.0,0,0,0,49283.4702160618,49283.4702160618,0.0,unchanged,0,6,0,inadmissible_anchor_relative,0,6,0,inadmissible_anchor_relative,0,0,0,0,0,0,0,0,0,0,0,0,nan,nan,nan,nan,nan,nan,nan,nan,0,0,0,0,0.5,0.7777777777777778,0.7222222222222222,1.0,nan,nan,nan,nan,nan,nan,1.0,1.0,0.0,0.0,0.7069689631462097,0.8706848621368408
A,3c7353ac664a5230,0,1,0,8.0,6,6,0,0.0,0.0,0.0,unchanged,6,0,6,inadmissible_anchor_relative,6,0,6,inadmissible_anchor_relative,0,0,0,0,0,0,0,0,0,0,0,0,nan,nan,nan,nan,nan,nan,nan,nan,0,0,0,0,0.44,0.6,0.8,0.96,nan,nan,nan,nan,nan,nan,1.0,1.0,0.0,0.0,0.36849772930145264,0.4519185721874237
A,3c899a89e2a858b5,0,1,0,8.0,9,9,0,0.03437087684869766,0.03437087684869766,0.0,unchanged,9,4,9,adm_inc_to_anchor,9,4,9,adm_inc_to_anchor,1,1,0,0,0,0,0,0,0,0,0,0,nan,nan,nan,nan,nan,nan,nan,nan,0,0,0,0,0.5833333333333334,0.6666666666666666,0.8333333333333334,0.9166666666666666,nan,nan,nan,nan,nan,nan,1.0,1.0,1.0,1.0,0.06404364109039307,0.07853645831346512
A,3ceac063dbcc598c,0,1,0,8.0,9,9,0,0.00026498734951019287,0.00026498734951019287,0.0,unchanged,9,0,9,adm_inc_to_anchor,9,0,9,adm_inc_to_anchor,1,1,0,0,0,0,0,0,0,0,0,0,nan,nan,nan,nan,nan,nan,nan,nan,0,0,0,0,0.5714285714285714,0.8571428571428571,0.7142857142857143,1.0,nan,nan,nan,nan,nan,nan,1.0,1.0,1.0,1.0,0.04592148959636688,0.05704541504383087
A,3d4e9a75832e5d19,0,1,0,8.0,7,3,1,63087.7923655957,46884.01537742466,16203.776988171041,B24_beneficial,7,3,7,inadmissible_anchor_relative,3,3,3,keep_incumbent,0,0,0,0,0,0,0,0,0,0,0,0,nan,nan,nan,nan,nan,nan,nan,nan,0,0,0,0,0.6190476190476191,0.6666666666666666,0.9523809523809523,1.0,nan,nan,nan,nan,nan,nan,0.0,1.0,0.0,0.0,0.2357153743505478,0.2928907871246338
A,3e037ac1ec3357dc,0,1,0,8.0,9,9,0,73898.16377083957,73898.16377083957,0.0,unchanged,9,7,9,adm_inc_to_anchor,9,7,9,adm_inc_to_anchor,1,1,0,0,0,0,0,0,0,0,0,0,nan,nan,nan,nan,nan,nan,nan,nan,0,0,0,0,0.0,0.0,0.75,0.75,nan,nan,nan,nan,nan,nan,1.0,1.0,1.0,1.0,0.04552382603287697,0.055887654423713684
A,3e0ddd33cae950cf,0,0,6,0.0,0,0,0,12.663070648908615,12.663070648908615,0.0,unchanged,16,4,0,direct_alt,16,4,0,direct_alt,1,1,0,0,0,0,0,0,0,0,0,0,-0.0006331535324453075,-0.0006331535324453075,1.5619487762451172,1.5619487762451172,-1.017507791519165,-1.017507791519165,0.20515798032283783,0.20515798032283783,1,1,0,0,0.6,0.6,1.0,1.0,nan,nan,nan,nan,nan,nan,1.0,1.0,0.0,0.0,0.27819979190826416,0.27819979190826416
A,3ed8375b6d0b5c61,0,1,0,8.0,9,20,1,25861.665905065835,74111.88542666845,-48250.219521602616,B24_harmful,20,9,9,keep_incumbent,20,9,20,inadmissible_anchor_relative,1,0,1,0,1,0,0,0,0,0,0,0,nan,nan,2.1978626251220703,nan,-0.8186138272285461,nan,-4.724225044250488,nan,0,0,8,0,0.47058823529411764,0.7058823529411765,0.7647058823529411,1.0,nan,nan,nan,nan,nan,nan,1.0,1.0,0.0,0.0,0.2124195694923401,0.16733624041080475
A,3f584d87c2715290,0,1,0,8.0,3,22,1,49347.374002513476,18.32274454087019,49329.051257972606,B24_beneficial,3,22,3,adm_inc_to_anchor,3,22,22,keep_incumbent,1,1,1,1,0,0,1,1,0,0,0,0,nan,nan,nan,0.041090793907642365,nan,-1.637520432472229,nan,-5.566860675811768,0,0,4,4,0.5185185185185185,0.7777777777777778,0.6666666666666666,0.9259259259259259,nan,nan,nan,nan,nan,nan,1.0,1.0,1.0,0.0,0.05195871368050575,0.06519608199596405
A,3f61d368587a5405,0,1,0,8.0,9,9,0,18583.157864393248,18583.157864393248,0.0,unchanged,9,0,9,adm_inc_to_anchor,9,0,9,adm_inc_to_anchor,1,1,0,0,0,0,0,0,0,0,0,0,nan,nan,nan,nan,nan,nan,nan,nan,0,0,0,0,0.4444444444444444,0.6666666666666666,0.5555555555555556,0.7777777777777778,nan,nan,nan,nan,nan,nan,1.0,1.0,1.0,1.0,0.04490131512284279,0.05477379634976387
A,3ff27312403b580d,0,1,0,8.0,15,15,0,0.0,0.0,0.0,unchanged,15,0,15,adm_inc_to_anchor,15,0,15,inadmissible_anchor_relative,1,0,0,0,0,0,0,0,0,0,0,0,nan,nan,nan,nan,nan,nan,nan,nan,0,0,0,0,0.56,0.8,0.72,0.96,nan,nan,nan,nan,nan,nan,1.0,1.0,0.0,0.0,0.061091821640729904,0.2315034568309784
A,405b70ff0f195913,0,1,0,8.0,2,2,0,20991.256765195958,20991.256765195958,0.0,unchanged,2,2,2,keep_incumbent,2,4,2,inadmissible_anchor_relative,0,0,0,0,0,0,0,0,0,0,0,0,nan,nan,nan,nan,nan,nan,nan,nan,0,0,0,0,0.48148148148148145,0.7037037037037037,0.7407407407407407,0.9629629629629629,nan,nan,nan,nan,nan,nan,1.0,1.0,0.0,0.0,0.7790241241455078,0.980160653591156
A,41ab6b6b21585dab,0,1,0,8.0,9,9,0,47.57459860295057,47.57459860295057,0.0,unchanged,9,13,9,adm_inc_to_anchor,9,31,9,inadmissible_anchor_relative,1,0,1,0,0,0,0,0,0,0,0,0,nan,nan,nan,nan,nan,nan,nan,nan,0,0,4,0,0.7222222222222222,0.8888888888888888,0.8333333333333334,1.0,nan,nan,nan,nan,nan,nan,1.0,1.0,0.0,0.0,0.10185562819242477,0.29529210925102234
A,428bd12d09955d20,0,1,0,8.0,9,9,0,0.0,0.0,0.0,unchanged,9,9,9,keep_incumbent,9,9,9,keep_incumbent,0,0,0,0,0,0,0,0,0,0,0,0,nan,nan,nan,nan,nan,nan,nan,nan,0,0,0,0,0.3333333333333333,0.5,0.8333333333333334,1.0,nan,nan,nan,nan,nan,nan,1.0,1.0,1.0,1.0,0.026641400530934334,0.032681871205568314
A,42be5c91194b5fa8,0,1,0,8.0,4,4,0,4948.359576232033,4948.359576232033,0.0,unchanged,4,4,4,keep_incumbent,4,4,4,keep_incumbent,0,0,0,0,0,0,0,0,0,0,0,0,nan,nan,nan,nan,nan,nan,nan,nan,0,0,0,0,0.4,0.6,0.8,1.0,nan,nan,nan,nan,nan,nan,1.0,1.0,0.0,0.0,0.9852530360221863,1.2174310684204102
A,42ff985e171f5102,0,1,0,8.0,9,9,0,24645.539931695675,24645.539931695675,0.0,unchanged,9,0,9,adm_inc_to_anchor,9,0,9,adm_inc_to_anchor,1,1,0,0,0,0,0,0,0,0,0,0,nan,nan,nan,nan,nan,nan,nan,nan,0,0,0,0,0.4375,0.75,0.6875,1.0,nan,nan,nan,nan,nan,nan,1.0,1.0,1.0,1.0,0.046578049659729004,0.05694609880447388
A,43085db47ccd526a,0,1,0,8.0,0,0,0,0.0,0.0,0.0,unchanged,0,9,0,inadmissible_anchor_relative,0,9,0,inadmissible_anchor_relative,0,0,0,0,0,0,0,0,0,0,0,0,nan,nan,nan,nan,nan,nan,nan,nan,0,0,0,0,0.3888888888888889,0.5555555555555556,0.75,0.9166666666666666,nan,nan,nan,nan,nan,nan,1.0,1.0,0.0,0.0,0.6536095142364502,0.7911227941513062
A,432d890bf0b9542b,0,0,6,0.0,11,11,0,0.0,0.0,0.0,unchanged,24,7,11,direct_alt,24,7,11,direct_alt,1,1,1,1,1,1,1,1,1,1,1,1,3.943564393557629e-05,3.943564393557629e-05,1.5227874517440796,1.5227874517440796,1.1753655672073364,1.1753655672073364,0.9934589862823486,0.9934589862823486,10,10,3,3,1.0,1.0,1.0,1.0,nan,nan,nan,nan,nan,nan,1.0,1.0,0.0,0.0,0.12076423317193985,0.12076423317193985
A,4381b46231a85ad6,1,1,1,0.0,5,5,0,195.98406372964382,195.98406372964382,0.0,unchanged,9,5,5,structural,9,5,5,structural,0,0,0,0,0,0,0,0,0,0,0,0,nan,nan,0.0,0.0,0.0,0.0,0.0,0.0,0,0,0,0,0.4,0.4,0.6666666666666666,0.6666666666666666,nan,nan,nan,nan,nan,nan,1.0,1.0,0.0,0.0,0.034506089985370636,0.034506089985370636
A,439c804327f25bca,0,1,0,8.0,7,6,1,18809.349020525813,191.33519464731216,18618.0138258785,B24_beneficial,7,1,7,inadmissible_anchor_relative,6,1,6,inadmissible_anchor_relative,0,0,0,0,0,0,0,0,0,0,0,0,nan,nan,nan,nan,nan,nan,nan,nan,0,0,0,0,0.5416666666666666,0.8333333333333334,0.7083333333333334,1.0,nan,nan,nan,nan,nan,nan,0.0,1.0,0.0,0.0,0.0881275087594986,0.4069116711616516
A,43b8c533a31553f4,0,1,0,8.0,9,9,0,0.0,0.0,0.0,unchanged,9,0,9,adm_inc_to_anchor,9,0,9,adm_inc_to_anchor,1,1,0,0,0,0,0,0,0,0,0,0,nan,nan,nan,nan,nan,nan,nan,nan,0,0,0,0,0.75,1.0,0.75,1.0,nan,nan,nan,nan,nan,nan,1.0,1.0,1.0,1.0,0.04875798523426056,0.06070217117667198
A,440786bfdfd552ed,0,1,0,8.0,10,9,1,172534.56041619182,2.9240737706422806,172531.63634242117,B24_beneficial,10,9,10,inadmissible_anchor_relative,9,3,9,inadmissible_anchor_relative,0,0,0,0,0,0,0,0,0,0,0,0,nan,nan,nan,nan,nan,nan,nan,nan,0,0,0,0,0.48,0.64,0.84,1.0,nan,nan,nan,nan,nan,nan,0.0,1.0,0.0,0.0,0.6879479885101318,0.23726654052734375
A,446987ff46e258ab,0,1,0,8.0,4,21,1,58929.041100752074,58933.205884217285,-4.164783465210348,B24_harmful,4,0,4,inadmissible_anchor_relative,21,9,21,adm_inc_to_anchor,0,1,0,0,0,0,0,0,0,0,0,0,nan,nan,nan,nan,nan,nan,nan,nan,0,0,0,0,0.46153846153846156,0.6923076923076923,0.7692307692307693,1.0,nan,nan,nan,nan,nan,nan,0.0,1.0,0.0,1.0,0.024951104074716568,0.038987550884485245
A,4543275f05ec5a98,0,1,0,8.0,1,1,0,4836.47422667034,4836.47422667034,0.0,unchanged,7,1,1,keep_incumbent,7,1,1,keep_incumbent,1,1,0,0,0,0,0,0,0,0,0,0,nan,nan,0.6978859305381775,0.809836745262146,-1.5560754537582397,-2.291804552078247,-5.9158172607421875,-6.489160060882568,0,0,0,0,0.6111111111111112,0.9444444444444444,0.6666666666666666,1.0,nan,nan,nan,nan,nan,nan,1.0,1.0,0.0,0.0,0.15733376145362854,0.19294118881225586
A,4622a4770c375520,0,1,0,8.0,3,3,0,189.6508654432837,189.6508654432837,0.0,unchanged,6,3,3,keep_incumbent,6,3,3,keep_incumbent,1,1,1,1,1,1,0,0,0,0,0,0,nan,nan,0.8160001635551453,0.9978297352790833,-0.8745703101158142,-1.4298441410064697,-4.345376014709473,-4.179177284240723,0,0,1,1,0.4583333333333333,0.7083333333333334,0.7083333333333334,0.9583333333333334,nan,nan,nan,nan,nan,nan,1.0,1.0,0.0,0.0,0.15019036829471588,0.18421459197998047
A,4663cc3626dd5234,0,1,0,8.0,13,13,0,4.163402236648835,4.163402236648835,0.0,unchanged,26,24,13,direct_alt,26,24,13,direct_alt,1,1,1,1,1,1,1,1,1,1,1,1,0.009404349224228614,0.009404349224228614,3.6376097202301025,3.920811414718628,1.0223243236541748,1.7841870784759521,1.055330753326416,0.5087236166000366,12,17,6,6,0.5625,0.875,0.6875,1.0,nan,nan,nan,nan,nan,nan,1.0,1.0,0.0,0.0,0.4894616901874542,0.6049128174781799
A,46b6cc2244595fb1,0,1,0,8.0,2,2,0,19799.49416476488,19799.49416476488,0.0,unchanged,2,16,2,inadmissible_anchor_relative,2,16,2,inadmissible_anchor_relative,0,0,0,0,0,0,0,0,0,0,0,0,nan,nan,nan,nan,nan,nan,nan,nan,0,0,0,0,0.5454545454545454,0.8636363636363636,0.6818181818181818,1.0,nan,nan,nan,nan,nan,nan,1.0,1.0,0.0,0.0,0.09096832573413849,0.11322108656167984
A,47e4f6a3bbcf56d3,0,1,0,8.0,2,6,1,19802.029982193606,43278.421504971106,-23476.3915227775,B24_harmful,2,2,2,keep_incumbent,6,2,6,inadmissible_anchor_relative,0,0,0,0,0,0,0,0,0,0,0,0,nan,nan,nan,nan,nan,nan,nan,nan,0,0,0,0,0.43333333333333335,0.7,0.6,0.8666666666666667,nan,nan,nan,nan,nan,nan,0.0,1.0,0.0,0.0,0.3390295207500458,0.41582855582237244
A,47fb344efcc15b4b,0,1,0,8.0,7,3,1,31916.20689433813,49301.14802809805,-17384.941133759916,B24_harmful,3,7,7,keep_incumbent,3,7,3,inadmissible_anchor_relative,1,0,1,0,0,0,0,0,0,0,0,0,nan,nan,0.5748220086097717,nan,-1.148133397102356,nan,-5.292106628417969,nan,0,0,9,0,0.5652173913043478,0.782608695652174,0.782608695652174,1.0,nan,nan,nan,nan,nan,nan,1.0,1.0,0.0,0.0,0.11800152063369751,0.1622486710548401
A,4854d525b18250d0,0,1,0,8.0,2,5,1,0.0,31969.05065596862,-31969.05065596862,B24_harmful,18,5,2,direct_alt,18,5,5,keep_incumbent,1,1,1,1,1,1,0,1,0,1,1,0,1.5984525327984311,nan,1.249111533164978,2.3790457248687744,-0.4378468692302704,-0.7569636106491089,0.19741974771022797,-5.161615371704102,0,8,14,14,0.5,0.7142857142857143,0.75,0.9642857142857143,nan,nan,nan,nan,nan,nan,1.0,1.0,0.0,0.0,0.4600098729133606,0.5786558389663696
A,4972a9da5b885adb,0,1,0,8.0,19,19,0,62.335538163781166,62.335538163781166,0.0,unchanged,3,22,19,direct_alt,3,22,19,direct_alt,1,1,1,1,1,1,0,0,0,0,0,0,-0.0018926204301417116,-0.0018926204301417116,1.0673203468322754,1.0858516693115234,0.9638009667396545,1.2236639261245728,0.9628543257713318,1.1293495893478394,10,11,3,3,0.5714285714285714,0.8571428571428571,0.6071428571428571,0.8928571428571429,nan,nan,nan,nan,nan,nan,1.0,1.0,0.0,0.0,0.14447416365146637,0.17122012376785278
A,49c01479c8e15449,0,1,0,8.0,1,7,1,286.1310617364941,37.494274677963176,248.6367870585309,B24_beneficial,7,1,1,keep_incumbent,7,1,7,inadmissible_anchor_relative,1,0,1,0,0,0,1,0,0,0,0,0,nan,nan,0.3264659643173218,nan,-1.2133723497390747,nan,-4.8844194412231445,nan,0,0,6,0,0.5217391304347826,0.7391304347826086,0.782608695652174,1.0,nan,nan,nan,nan,nan,nan,1.0,1.0,0.0,0.0,0.13847361505031586,0.652941107749939
A,4ac283fc64eb5094,1,1,1,0.0,18,18,0,2852.4519997909665,2852.4519997909665,0.0,unchanged,18,9,9,structural,18,9,9,structural,0,0,0,0,0,0,0,0,0,0,0,0,nan,nan,0.0,0.0,0.0,0.0,0.0,0.0,0,0,0,0,0.4166666666666667,0.4166666666666667,0.6944444444444444,0.6944444444444444,nan,nan,nan,nan,nan,nan,1.0,1.0,1.0,1.0,0.06770313531160355,0.06770313531160355
A,4adf008662ba5fb8,0,1,0,8.0,13,13,0,0.0,0.0,0.0,unchanged,13,3,13,inadmissible_anchor_relative,13,3,13,inadmissible_anchor_relative,0,0,0,0,0,0,0,0,0,0,0,0,nan,nan,nan,nan,nan,nan,nan,nan,0,0,0,0,0.5185185185185185,0.7777777777777778,0.7037037037037037,0.9629629629629629,nan,nan,nan,nan,nan,nan,1.0,1.0,0.0,0.0,0.4242105185985565,0.5273761749267578
A,4b6d1e6aa0cd5b69,0,1,0,8.0,7,7,0,25850.051236406434,25850.051236406434,0.0,unchanged,4,7,7,keep_incumbent,4,7,7,keep_incumbent,1,1,0,0,0,0,0,0,0,0,0,0,nan,nan,0.8396515250205994,0.9526989459991455,-0.8265498876571655,-1.806430697441101,-3.7577364444732666,-4.492517948150635,0,0,0,0,0.47058823529411764,0.7058823529411765,0.5294117647058824,0.7647058823529411,nan,nan,nan,nan,nan,nan,1.0,1.0,0.0,0.0,0.16946420073509216,0.21028442680835724
A,4bf05e5ac3255fd8,0,1,0,8.0,0,0,0,34.24004124104977,34.24004124104977,0.0,unchanged,0,5,0,inadmissible_anchor_relative,0,5,0,inadmissible_anchor_relative,0,0,0,0,0,0,0,0,0,0,0,0,nan,nan,nan,nan,nan,nan,nan,nan,0,0,0,0,0.4782608695652174,0.7391304347826086,0.7391304347826086,1.0,nan,nan,nan,nan,nan,nan,1.0,1.0,0.0,0.0,0.5017671585083008,0.6141089200973511
A,4bffa18868cc550f,0,1,0,8.0,2,22,1,24693.30443529249,9.265182726085186,24684.039252566407,B24_beneficial,2,22,2,adm_inc_to_anchor,2,22,22,keep_incumbent,1,1,1,1,0,0,1,1,0,0,0,0,nan,nan,nan,0.14066435396671295,nan,-1.5933157205581665,nan,-5.682589054107666,0,0,10,10,0.5,0.8888888888888888,0.6111111111111112,1.0,nan,nan,nan,nan,nan,nan,1.0,1.0,1.0,0.0,0.04883081838488579,0.06291548162698746
A,4c200b073ae6594c,0,1,0,8.0,16,16,0,73924.57772122137,73924.57772122137,0.0,unchanged,16,7,16,inadmissible_anchor_relative,16,7,16,inadmissible_anchor_relative,0,0,0,0,0,0,0,0,0,0,0,0,nan,nan,nan,nan,nan,nan,nan,nan,0,0,0,0,0.5263157894736842,0.7368421052631579,0.7894736842105263,1.0,nan,nan,nan,nan,nan,nan,1.0,1.0,0.0,0.0,0.8495015501976013,1.0544142723083496
A,4dabc20e5cb455b8,1,1,1,0.0,17,17,0,0.0,0.0,0.0,unchanged,9,0,0,structural,9,0,0,structural,0,0,0,0,0,0,0,0,0,0,0,0,nan,nan,0.0,0.0,0.0,0.0,0.0,0.0,0,0,0,0,0.5,0.5,0.6153846153846154,0.6153846153846154,nan,nan,nan,nan,nan,nan,1.0,1.0,1.0,1.0,0.12616868317127228,0.12616868317127228
A,4db9bb8e0a4456ff,0,0,6,0.0,20,20,0,19791.6422324109,19791.6422324109,0.0,unchanged,26,7,20,direct_alt,26,7,20,direct_alt,1,1,1,1,1,1,0,0,0,0,0,0,4.582277536391288e-05,4.582277536391288e-05,3.325056552886963,3.325056552886963,1.084450364112854,1.084450364112854,1.2616831064224243,1.2616831064224243,17,17,7,7,0.7272727272727273,0.7272727272727273,1.0,1.0,nan,nan,nan,nan,nan,nan,1.0,1.0,0.0,0.0,0.2523486018180847,0.2523486018180847
A,4e0660dd21b95ace,0,1,0,8.0,1,16,1,24636.248704005964,78680.93063249998,-54044.681928494014,B24_harmful,16,1,1,keep_incumbent,16,1,16,inadmissible_anchor_relative,1,0,1,0,0,0,0,0,0,0,0,0,nan,nan,0.5547484159469604,nan,-1.2926772832870483,nan,-5.511485576629639,nan,0,0,7,0,0.47619047619047616,0.7619047619047619,0.7142857142857143,1.0,nan,nan,nan,nan,nan,nan,1.0,1.0,0.0,0.0,0.35195550322532654,0.18461662530899048
A,4e9025a7ba15560c,0,0,6,0.0,9,9,0,0.0,0.0,0.0,unchanged,9,0,9,adm_inc_to_anchor,9,0,9,adm_inc_to_anchor,1,1,0,0,0,0,0,0,0,0,0,0,nan,nan,nan,nan,nan,nan,nan,nan,0,0,0,0,1.0,1.0,1.0,1.0,nan,nan,nan,nan,nan,nan,1.0,1.0,1.0,1.0,0.0352630577981472,0.0352630577981472
A,4f906e7ea8fd5752,0,1,0,8.0,0,0,0,0.0,0.0,0.0,unchanged,25,0,0,keep_incumbent,25,0,0,keep_incumbent,1,1,0,0,0,0,0,0,0,0,0,0,nan,nan,2.3598365783691406,2.4713823795318604,-0.7725290656089783,-0.671186625957489,-5.599303245544434,-5.042860507965088,0,0,0,0,0.6,0.75,0.85,1.0,nan,nan,nan,nan,nan,nan,1.0,1.0,0.0,0.0,0.2173835039138794,0.2703133523464203
A,5089c443c218510a,0,1,0,8.0,24,23,1,0.0,19800.627091251314,-19800.627091251314,B24_harmful,12,27,24,direct_alt,12,27,23,direct_alt,1,1,1,1,1,1,1,1,1,1,1,0,0.0007311543036252477,-0.9893002002589404,0.2569228708744049,0.136797696352005,0.22483505308628082,0.9011778235435486,0.3469790518283844,0.993520200252533,2,4,5,5,0.5416666666666666,0.8333333333333334,0.625,0.9166666666666666,nan,nan,nan,nan,nan,nan,1.0,1.0,0.0,0.0,0.08647354692220688,0.10786454379558563
A,511d130c6d2e5436,0,1,0,8.0,9,9,0,25864.02075272915,25864.02075272915,0.0,unchanged,9,9,9,keep_incumbent,9,9,9,keep_incumbent,0,0,0,0,0,0,0,0,0,0,0,0,nan,nan,nan,nan,nan,nan,nan,nan,0,0,0,0,0.4782608695652174,0.6086956521739131,0.8695652173913043,1.0,nan,nan,nan,nan,nan,nan,1.0,1.0,0.0,0.0,0.3788270056247711,0.4691745936870575
A,52068d6d1e2858e0,0,1,0,8.0,6,5,1,9.820132218301296,7.394179442897439,2.4259527754038572,B24_beneficial,6,7,6,inadmissible_anchor_relative,5,7,5,inadmissible_anchor_relative,0,0,0,0,0,0,0,0,0,0,0,0,nan,nan,nan,nan,nan,nan,nan,nan,0,0,0,0,0.6,0.9,0.7,1.0,nan,nan,nan,nan,nan,nan,0.0,1.0,0.0,0.0,0.06737525016069412,0.13277196884155273
A,5243f3746ab65dbd,0,1,0,8.0,9,9,0,4.1254898746585695,4.1254898746585695,0.0,unchanged,9,0,9,adm_inc_to_anchor,9,0,9,adm_inc_to_anchor,1,1,1,1,0,0,0,0,0,0,0,0,nan,nan,nan,nan,nan,nan,nan,nan,0,0,3,3,0.75,1.0,0.75,1.0,nan,nan,nan,nan,nan,nan,1.0,1.0,1.0,1.0,0.052337612956762314,0.06336035579442978
A,5310c075f93a547a,0,1,0,8.0,7,7,0,11080.520891040564,11080.520891040564,0.0,unchanged,7,0,7,inadmissible_anchor_relative,7,0,7,inadmissible_anchor_relative,0,0,0,0,0,0,0,0,0,0,0,0,nan,nan,nan,nan,nan,nan,nan,nan,0,0,0,0,0.4166666666666667,0.6666666666666666,0.625,0.875,nan,nan,nan,nan,nan,nan,1.0,1.0,0.0,0.0,0.8305483460426331,1.0185246467590332
A,5401d9bb0a5d513d,0,1,0,8.0,16,16,0,4.225082219723845,4.225082219723845,0.0,unchanged,9,21,16,direct_alt,9,21,16,direct_alt,1,1,0,0,0,0,0,0,0,0,0,0,-0.00021125411098619172,-0.00021125411098619172,1.3855136632919312,1.6955628395080566,0.4563295841217041,0.49165788292884827,0.3043341338634491,0.3288428485393524,9,10,0,0,0.625,0.75,0.875,1.0,nan,nan,nan,nan,nan,nan,1.0,1.0,0.0,0.0,0.125041663646698,0.14933189749717712
A,5427c383ed4154a6,0,1,0,8.0,0,0,0,29.969734132289886,29.969734132289886,0.0,unchanged,0,13,0,inadmissible_anchor_relative,0,15,0,inadmissible_anchor_relative,0,0,0,0,0,0,0,0,0,0,0,0,nan,nan,nan,nan,nan,nan,nan,nan,0,0,0,0,0.5,0.5714285714285714,0.8571428571428571,0.9285714285714286,nan,nan,nan,nan,nan,nan,1.0,1.0,0.0,0.0,0.14950181543827057,0.18577899038791656
A,5441691029125957,1,1,1,0.0,23,23,0,246621.1239007893,246621.1239007893,0.0,unchanged,9,20,20,structural,9,20,20,structural,0,0,0,0,0,0,0,0,0,0,0,0,nan,nan,0.0,0.0,0.0,0.0,0.0,0.0,0,0,0,0,0.4,0.4,0.7,0.7,nan,nan,nan,nan,nan,nan,1.0,1.0,0.0,0.0,0.06942017376422882,0.06942017376422882
A,54ba55c0610856ee,0,1,0,8.0,7,17,1,3.9593689180910587,0.0,3.9593689180910587,B24_beneficial,10,7,7,keep_incumbent,10,7,17,direct_alt,1,1,1,1,1,1,0,1,0,1,0,1,nan,0.00019796844590458385,1.8575646877288818,0.6286438703536987,-0.3329083323478699,0.061615340411663055,-4.535289287567139,0.009633039124310017,0,1,3,3,0.5384615384615384,0.8461538461538461,0.6923076923076923,1.0,nan,nan,nan,nan,nan,nan,1.0,1.0,0.0,0.0,0.17492903769016266,0.21461133658885956
A,5572b9b859585385,0,1,0,8.0,11,23,1,1.486104866839014,73962.80055148673,-73961.31444661989,B24_harmful,23,30,11,direct_alt,23,30,23,inadmissible_anchor_relative,1,0,1,0,1,0,1,0,1,0,1,0,7.526924701828364e-05,nan,1.3211637735366821,nan,0.2239534705877304,nan,0.12301308661699295,nan,3,0,17,0,0.5,0.7142857142857143,0.7857142857142857,1.0,nan,nan,nan,nan,nan,nan,1.0,1.0,0.0,0.0,0.2657269835472107,0.18259690701961517
A,55c9819a179f572a,0,1,0,8.0,3,2,1,0.0,4.465056606510188,-4.465056606510188,B24_harmful,18,2,3,direct_alt,18,2,2,keep_incumbent,1,1,1,1,1,1,0,1,0,1,1,0,0.0002232528303256487,nan,1.8696601390838623,2.6379318237304688,-0.5316272974014282,-0.8336185812950134,0.10164520889520645,-5.461216926574707,0,9,2,2,0.5555555555555556,0.8148148148148148,0.6666666666666666,0.9259259259259259,nan,nan,nan,nan,nan,nan,1.0,1.0,0.0,0.0,0.48287433385849,0.6075555682182312
A,55d4bc48af435cfc,0,1,0,8.0,4,4,0,0.0,0.0,0.0,unchanged,4,2,4,inadmissible_anchor_relative,4,2,4,inadmissible_anchor_relative,0,0,0,0,0,0,0,0,0,0,0,0,nan,nan,nan,nan,nan,nan,nan,nan,0,0,0,0,0.48148148148148145,0.6666666666666666,0.7777777777777778,0.9629629629629629,nan,nan,nan,nan,nan,nan,1.0,1.0,0.0,0.0,0.6503535509109497,0.7980371713638306
A,5639bd77b5f95b37,0,1,0,8.0,9,9,0,0.0,0.0,0.0,unchanged,9,0,9,adm_inc_to_anchor,9,0,9,adm_inc_to_anchor,1,1,0,0,0,0,0,0,0,0,0,0,nan,nan,nan,nan,nan,nan,nan,nan,0,0,0,0,0.6666666666666666,1.0,0.6666666666666666,1.0,nan,nan,nan,nan,nan,nan,1.0,1.0,1.0,1.0,0.03365250304341316,0.04178031533956528
A,5780f764130e5ee7,0,1,0,8.0,18,18,0,17747.142999872798,17747.142999872798,0.0,unchanged,18,14,18,adm_inc_to_anchor,18,14,18,adm_inc_to_anchor,1,1,1,1,0,0,0,0,0,0,0,0,nan,nan,nan,nan,nan,nan,nan,nan,0,0,1,1,0.5238095238095238,0.7619047619047619,0.7619047619047619,1.0,nan,nan,nan,nan,nan,nan,1.0,1.0,1.0,1.0,0.044432468712329865,0.05449354276061058
A,57d83641cb605ed3,0,0,6,0.0,2,2,0,49768.0475532189,49768.0475532189,0.0,unchanged,9,4,2,direct_alt,9,4,2,direct_alt,1,1,1,1,1,1,0,0,0,0,0,0,-2.483561450658645,-2.483561450658645,0.9399005174636841,0.9399005174636841,0.838957667350769,0.838957667350769,0.47337159514427185,0.47337159514427185,1,1,2,2,0.5714285714285714,0.5714285714285714,1.0,1.0,nan,nan,nan,nan,nan,nan,1.0,1.0,0.0,0.0,0.6919317841529846,0.6919317841529846
A,5819c6ef47f15802,0,1,0,6.0,11,11,0,3.4639603551477194,3.4639603551477194,0.0,unchanged,26,18,11,direct_alt,26,18,11,direct_alt,1,1,1,1,1,1,1,0,1,0,0,0,-0.00014015926718702332,-0.00014015926718702332,4.280152320861816,4.466632843017578,0.6291323900222778,0.8334543108940125,0.8677343130111694,0.25036484003067017,4,2,8,8,0.6363636363636364,0.8181818181818182,0.8181818181818182,1.0,nan,nan,nan,nan,nan,nan,1.0,1.0,0.0,0.0,0.4332311153411865,0.5069905519485474
A,58ecab7ca2405e14,0,1,0,8.0,10,29,1,0.8928212206010357,0.3762823261276935,0.5165388944733422,B24_beneficial,10,18,10,inadmissible_anchor_relative,29,18,29,adm_inc_to_anchor,0,1,0,1,0,0,0,0,0,0,0,0,nan,nan,nan,nan,nan,nan,nan,nan,0,0,0,2,0.5333333333333333,0.8,0.7333333333333333,1.0,nan,nan,nan,nan,nan,nan,0.0,1.0,0.0,1.0,0.021801888942718506,0.02544456161558628
A,59e94717bf755d71,0,1,0,8.0,10,12,1,1.500612698495388,0.5569214448332787,0.9436912536621094,B24_beneficial,10,12,10,adm_inc_to_anchor,10,12,12,keep_incumbent,1,1,1,1,0,0,0,0,0,0,0,0,nan,nan,nan,0.2466048151254654,nan,-2.391235113143921,nan,-7.682740211486816,0,0,3,3,0.5,1.0,0.5,1.0,nan,nan,nan,nan,nan,nan,1.0,1.0,1.0,0.0,0.028139973059296608,0.033974260091781616
A,59ed0b24169e529a,0,0,6,0.0,9,9,0,0.0,0.0,0.0,unchanged,9,0,9,adm_inc_to_anchor,9,0,9,adm_inc_to_anchor,1,1,0,0,0,0,0,0,0,0,0,0,nan,nan,nan,nan,nan,nan,nan,nan,0,0,0,0,0.5,0.5,1.0,1.0,nan,nan,nan,nan,nan,nan,1.0,1.0,1.0,1.0,0.014238517731428146,0.014238517731428146
A,5a092f41872f5791,0,1,0,2.0,9,9,0,0.0,0.0,0.0,unchanged,9,0,9,adm_inc_to_anchor,9,0,9,adm_inc_to_anchor,1,1,0,0,0,0,0,0,0,0,0,0,nan,nan,nan,nan,nan,nan,nan,nan,0,0,0,0,0.6666666666666666,0.6666666666666666,1.0,1.0,nan,nan,nan,nan,nan,nan,1.0,1.0,1.0,1.0,0.04438304528594017,0.047323912382125854
A,5ad0a1b2f1bf54e7,0,1,0,8.0,8,8,0,27179.079899823293,27179.079899823293,0.0,unchanged,8,3,8,inadmissible_anchor_relative,8,3,8,inadmissible_anchor_relative,0,0,0,0,0,0,0,0,0,0,0,0,nan,nan,nan,nan,nan,nan,nan,nan,0,0,0,0,0.7,0.85,0.8,0.95,nan,nan,nan,nan,nan,nan,1.0,1.0,0.0,0.0,0.890592634677887,1.0807013511657715
A,5b8c79d8e8ff5bf1,0,1,0,8.0,17,17,0,0.0,0.0,0.0,unchanged,17,11,17,adm_inc_to_anchor,17,0,17,inadmissible_anchor_relative,1,0,0,0,0,0,0,0,0,0,0,0,nan,nan,nan,nan,nan,nan,nan,nan,0,0,0,0,0.4827586206896552,0.7241379310344828,0.6551724137931034,0.896551724137931,nan,nan,nan,nan,nan,nan,1.0,1.0,0.0,0.0,0.04354597255587578,0.15999355912208557
A,5badc98899c35e10,0,1,0,8.0,3,9,1,7.448828488588333,22343.64983598143,-22336.20100749284,B24_harmful,9,3,3,keep_incumbent,9,10,9,inadmissible_anchor_relative,1,0,1,0,1,0,0,0,0,0,0,0,nan,nan,1.2924489974975586,nan,-0.6266433000564575,nan,-5.109275817871094,nan,0,0,13,0,0.5384615384615384,0.7307692307692307,0.8076923076923077,1.0,nan,nan,nan,nan,nan,nan,1.0,1.0,0.0,0.0,0.07696089148521423,0.19350525736808777
A,5c019f3526d05058,0,1,0,8.0,1,1,0,19787.947058271617,19787.947058271617,0.0,unchanged,1,6,1,inadmissible_anchor_relative,1,6,1,inadmissible_anchor_relative,0,0,0,0,0,0,0,0,0,0,0,0,nan,nan,nan,nan,nan,nan,nan,nan,0,0,0,0,0.5384615384615384,0.7692307692307693,0.7692307692307693,1.0,nan,nan,nan,nan,nan,nan,1.0,1.0,0.0,0.0,0.17948944866657257,0.2230892926454544
A,5cb855af217e55d6,0,1,0,8.0,10,10,0,49314.91195753217,49314.91195753217,0.0,unchanged,10,0,10,inadmissible_anchor_relative,10,6,10,inadmissible_anchor_relative,0,0,0,0,0,0,0,0,0,0,0,0,nan,nan,nan,nan,nan,nan,nan,nan,0,0,0,0,0.6666666666666666,0.8,0.8666666666666667,1.0,nan,nan,nan,nan,nan,nan,1.0,1.0,0.0,0.0,0.8314282894134521,1.0438188314437866
A,5d0a2d85408059a0,0,1,0,8.0,0,0,0,24588.38689172268,24588.38689172268,0.0,unchanged,0,7,0,inadmissible_anchor_relative,0,7,0,inadmissible_anchor_relative,0,0,0,0,0,0,0,0,0,0,0,0,nan,nan,nan,nan,nan,nan,nan,nan,0,0,0,0,0.2777777777777778,0.5,0.7222222222222222,0.9444444444444444,nan,nan,nan,nan,nan,nan,1.0,1.0,0.0,0.0,0.7552288770675659,0.9246989488601685
A,5d3ea69a1e915852,0,1,0,8.0,0,0,0,73931.0761941038,73931.0761941038,0.0,unchanged,0,8,0,inadmissible_anchor_relative,0,8,0,inadmissible_anchor_relative,0,0,0,0,0,0,0,0,0,0,0,0,nan,nan,nan,nan,nan,nan,nan,nan,0,0,0,0,0.5454545454545454,0.6363636363636364,0.9090909090909091,1.0,nan,nan,nan,nan,nan,nan,1.0,1.0,0.0,0.0,0.763451337814331,0.2516610324382782
A,5dc393c070285095,0,1,0,8.0,0,0,0,25772.30296649784,25772.30296649784,0.0,unchanged,7,0,0,keep_incumbent,7,0,0,keep_incumbent,1,1,0,0,0,0,0,0,0,0,0,0,nan,nan,0.32329002022743225,0.29564163088798523,-1.4496996402740479,-2.042447090148926,-6.0287699699401855,-6.342155456542969,0,0,0,0,0.5263157894736842,0.7368421052631579,0.7894736842105263,1.0,nan,nan,nan,nan,nan,nan,1.0,1.0,0.0,0.0,0.18577249348163605,0.22784513235092163
A,5dd56985658c59e3,0,1,0,8.0,26,26,0,30812.894347256282,30812.894347256282,0.0,unchanged,26,0,26,inadmissible_anchor_relative,26,0,26,inadmissible_anchor_relative,0,0,0,0,0,0,0,0,0,0,0,0,nan,nan,nan,nan,nan,nan,nan,nan,0,0,0,0,0.4482758620689655,0.6206896551724138,0.8275862068965517,1.0,nan,nan,nan,nan,nan,nan,1.0,1.0,0.0,0.0,0.13669373095035553,0.16775396466255188
A,5f2c9f52c00b57c3,0,1,0,8.0,10,10,0,0.13015478827583138,0.13015478827583138,0.0,unchanged,10,0,10,adm_inc_to_anchor,10,0,10,inadmissible_anchor_relative,1,0,1,0,0,0,0,0,0,0,0,0,nan,nan,nan,nan,nan,nan,nan,nan,0,0,3,0,0.15384615384615385,0.6923076923076923,0.23076923076923078,0.7692307692307693,nan,nan,nan,nan,nan,nan,1.0,1.0,0.0,0.0,0.04515313357114792,0.1746361255645752
A,5fb8a1c1166f5180,0,1,0,8.0,23,23,0,0.0,0.0,0.0,unchanged,28,23,23,keep_incumbent,28,23,23,keep_incumbent,1,1,0,0,0,0,0,0,0,0,0,0,nan,nan,1.4403001070022583,1.4826455116271973,-0.4572838246822357,-0.5751175880432129,-4.525181770324707,-4.341949462890625,0,0,0,0,0.4827586206896552,0.7241379310344828,0.6896551724137931,0.9310344827586207,nan,nan,nan,nan,nan,nan,1.0,1.0,0.0,0.0,0.15669623017311096,0.19316884875297546
A,601dcccd4f6053e5,0,1,0,8.0,1,2,1,26081.811364093068,24960.602850029914,1121.2085140631534,B24_beneficial,2,1,1,keep_incumbent,2,1,2,inadmissible_anchor_relative,1,0,1,0,0,0,1,0,0,0,0,0,nan,nan,0.24886275827884674,nan,-1.4121304750442505,nan,-5.352838039398193,nan,0,0,1,0,0.5384615384615384,0.6923076923076923,0.8461538461538461,1.0,nan,nan,nan,nan,nan,nan,1.0,1.0,0.0,0.0,0.3434262275695801,0.33945706486701965
A,607780b265cc59fd,0,1,0,8.0,5,5,0,73.44680348222755,73.44680348222755,0.0,unchanged,5,2,5,inadmissible_anchor_relative,5,2,5,inadmissible_anchor_relative,0,0,0,0,0,0,0,0,0,0,0,0,nan,nan,nan,nan,nan,nan,nan,nan,0,0,0,0,0.4,0.56,0.76,0.92,nan,nan,nan,nan,nan,nan,1.0,1.0,0.0,0.0,0.884021520614624,1.0980197191238403
A,61f540abd3b852a1,0,0,6,0.0,17,17,0,0.0,0.0,0.0,unchanged,24,4,17,direct_alt,24,4,17,direct_alt,1,1,1,1,1,1,1,1,1,1,1,1,0.000543939433246851,0.000543939433246851,4.346065998077393,4.346065998077393,1.9628119468688965,1.9628119468688965,2.344243288040161,2.344243288040161,7,7,10,10,0.75,0.75,1.0,1.0,nan,nan,nan,nan,nan,nan,1.0,1.0,0.0,0.0,0.2254401594400406,0.2254401594400406
A,61fb1ecd4f895a0a,0,1,0,8.0,1,1,0,-15466.813053637743,-15466.813053637743,0.0,unchanged,12,1,1,keep_incumbent,12,1,1,keep_incumbent,1,1,0,0,0,0,0,0,0,0,0,0,nan,nan,2.6013450622558594,2.6587038040161133,-2.1229286193847656,-1.4450627565383911,-7.5622382164001465,-7.776607036590576,0,0,0,0,0.3793103448275862,0.6206896551724138,0.6206896551724138,0.8620689655172413,nan,nan,nan,nan,nan,nan,1.0,1.0,0.0,0.0,0.5699644088745117,0.6972894668579102
A,61fba70440be596a,0,1,0,8.0,4,4,0,0.0,0.0,0.0,unchanged,4,1,4,inadmissible_anchor_relative,4,1,4,inadmissible_anchor_relative,0,0,0,0,0,0,0,0,0,0,0,0,nan,nan,nan,nan,nan,nan,nan,nan,0,0,0,0,0.52,0.68,0.84,1.0,nan,nan,nan,nan,nan,nan,1.0,1.0,0.0,0.0,0.14535348117351532,0.1730714738368988
A,63298f5b6d3c5c15,0,1,0,8.0,7,7,0,41566.57531733997,41566.57531733997,0.0,unchanged,17,0,7,direct_alt,17,0,7,direct_alt,1,1,1,1,1,1,0,0,0,0,0,0,-2.0782647717973215,-2.0782647717973215,1.0355719327926636,0.6043504476547241,1.4483219385147095,5.949127197265625,1.300878882408142,2.8908464908599854,2,14,1,1,0.5416666666666666,0.6666666666666666,0.7083333333333334,0.8333333333333334,nan,nan,nan,nan,nan,nan,1.0,1.0,0.0,0.0,0.6945052146911621,0.8615684509277344
A,64314fa2e6ce5f21,0,1,0,8.0,6,6,0,123220.92151494883,123220.92151494883,0.0,unchanged,6,5,6,adm_inc_to_anchor,6,5,6,adm_inc_to_anchor,1,1,1,1,0,0,0,0,0,0,0,0,nan,nan,nan,nan,nan,nan,nan,nan,0,0,1,1,0.42857142857142855,0.6428571428571429,0.7857142857142857,1.0,nan,nan,nan,nan,nan,nan,1.0,1.0,1.0,1.0,0.05012686178088188,0.06234703212976456
A,64d1c2682d775742,0,1,0,8.0,0,5,1,0.8416585922241211,7.0671955943107605,-6.225537002086639,B24_harmful,27,5,0,direct_alt,27,5,5,keep_incumbent,1,1,1,1,1,1,0,0,0,0,1,0,0.0003112768501041252,nan,1.6857484579086304,2.266453742980957,-0.047214575111866,-0.21508638560771942,0.4564686417579651,-4.297868251800537,0,2,9,9,0.6666666666666666,0.7333333333333333,0.9333333333333333,1.0,nan,nan,nan,nan,nan,nan,1.0,1.0,0.0,0.0,0.2765079140663147,0.3420184850692749
A,650872a13f0258f4,1,1,1,0.0,18,18,0,15008.873439013958,15008.873439013958,0.0,unchanged,9,18,18,structural,9,18,18,structural,0,0,0,0,0,0,0,0,0,0,0,0,nan,nan,0.0,0.0,0.0,0.0,0.0,0.0,0,0,0,0,0.34782608695652173,0.34782608695652173,0.6956521739130435,0.6956521739130435,nan,nan,nan,nan,nan,nan,1.0,1.0,0.0,0.0,0.08267783373594284,0.08267783373594284
A,654f94e50de15f78,0,1,0,8.0,0,0,0,0.0,0.0,0.0,unchanged,0,0,0,keep_incumbent,0,0,0,keep_incumbent,0,0,0,0,0,0,0,0,0,0,0,0,nan,nan,nan,nan,nan,nan,nan,nan,0,0,0,0,0.40540540540540543,0.6216216216216216,0.6756756756756757,0.8918918918918919,nan,nan,nan,nan,nan,nan,1.0,1.0,0.0,0.0,0.6046187281608582,0.7381324172019958
A,65d9d0ee9fcc575b,0,1,0,8.0,18,18,0,19.52058255672455,19.52058255672455,0.0,unchanged,9,22,18,direct_alt,9,22,18,direct_alt,1,1,1,1,1,1,1,1,1,1,1,1,0.004571672391891379,0.004571672391891379,1.5897104740142822,2.2852118015289307,0.9742559790611267,1.0962849855422974,1.1706316471099854,1.6311707496643066,10,9,8,8,0.41935483870967744,0.6129032258064516,0.7741935483870968,0.967741935483871,nan,nan,nan,nan,nan,nan,1.0,1.0,0.0,0.0,0.087116539478302,0.10521410405635834
A,6639547b9a8651cf,0,1,0,8.0,9,9,0,3682.231517274631,3682.231517274631,0.0,unchanged,9,13,9,adm_inc_to_anchor,9,4,9,inadmissible_anchor_relative,1,0,0,0,0,0,0,0,0,0,0,0,nan,nan,nan,nan,nan,nan,nan,nan,0,0,0,0,0.5714285714285714,0.9047619047619048,0.6666666666666666,1.0,nan,nan,nan,nan,nan,nan,1.0,1.0,0.0,0.0,0.0995551347732544,0.22131597995758057
A,664a8641cc2f5061,0,1,0,2.0,9,9,0,0.0,0.0,0.0,unchanged,9,9,9,keep_incumbent,9,9,9,keep_incumbent,0,0,0,0,0,0,0,0,0,0,0,0,nan,nan,nan,nan,nan,nan,nan,nan,0,0,0,0,1.0,1.0,1.0,1.0,nan,nan,nan,nan,nan,nan,1.0,1.0,1.0,1.0,0.06371968984603882,0.06790948659181595
A,6671f9957d535d68,0,1,0,8.0,17,17,0,30874.76963860274,30874.76963860274,0.0,unchanged,17,0,17,adm_inc_to_anchor,17,0,17,inadmissible_anchor_relative,1,0,1,0,0,0,0,0,0,0,0,0,nan,nan,nan,nan,nan,nan,nan,nan,0,0,4,0,0.55,0.85,0.7,1.0,nan,nan,nan,nan,nan,nan,1.0,1.0,0.0,0.0,0.04942353814840317,0.18276093900203705
A,69fc322c96525e06,0,1,0,8.0,8,8,0,0.038646697998046875,0.038646697998046875,0.0,unchanged,7,8,8,keep_incumbent,7,8,8,keep_incumbent,1,1,1,1,0,0,0,0,0,0,0,0,nan,nan,0.5478895902633667,0.5611093640327454,-0.7480878233909607,-1.0482953786849976,-4.5041279792785645,-4.573976516723633,0,0,2,2,0.6875,0.875,0.8125,1.0,nan,nan,nan,nan,nan,nan,1.0,1.0,0.0,0.0,0.09714760631322861,0.11870633810758591
A,6a65fb5a103f5faa,0,1,0,8.0,9,9,0,0.0,0.0,0.0,unchanged,9,11,9,adm_inc_to_anchor,9,11,9,adm_inc_to_anchor,1,1,0,0,0,0,0,0,0,0,0,0,nan,nan,nan,nan,nan,nan,nan,nan,0,0,0,0,0.6,0.8,0.8,1.0,nan,nan,nan,nan,nan,nan,1.0,1.0,1.0,1.0,0.01640014350414276,0.020348766818642616
A,6a9487554da5591c,1,1,1,0.0,13,13,0,0.0,0.0,0.0,unchanged,13,21,21,structural,13,21,21,structural,0,0,0,0,0,0,0,0,0,0,0,0,nan,nan,0.0,0.0,0.0,0.0,0.0,0.0,0,0,0,0,0.35,0.35,0.65,0.65,nan,nan,nan,nan,nan,nan,1.0,1.0,1.0,1.0,0.5244964957237244,0.5244964957237244
A,6b486e1ac88f5467,0,1,0,8.0,5,5,0,0.0,0.0,0.0,unchanged,5,12,5,inadmissible_anchor_relative,5,12,5,inadmissible_anchor_relative,0,0,0,0,0,0,0,0,0,0,0,0,nan,nan,nan,nan,nan,nan,nan,nan,0,0,0,0,0.5625,0.75,0.75,0.9375,nan,nan,nan,nan,nan,nan,1.0,1.0,0.0,0.0,0.7267850041389465,0.8915491700172424
A,6b4a072b7f185bed,0,1,0,8.0,9,9,0,5.292513924476225,5.292513924476225,0.0,unchanged,9,0,9,adm_inc_to_anchor,9,0,9,adm_inc_to_anchor,1,1,0,0,0,0,0,0,0,0,0,0,nan,nan,nan,nan,nan,nan,nan,nan,0,0,0,0,0.8333333333333334,0.8333333333333334,1.0,1.0,nan,nan,nan,nan,nan,nan,1.0,1.0,1.0,1.0,0.04638030007481575,0.056854669004678726
A,6cb7eaa658415b2d,0,1,0,8.0,10,10,0,9630.051031456795,9630.051031456795,0.0,unchanged,10,0,10,adm_inc_to_anchor,10,0,10,adm_inc_to_anchor,1,1,0,0,0,0,0,0,0,0,0,0,nan,nan,nan,nan,nan,nan,nan,nan,0,0,0,0,0.52,0.84,0.56,0.88,nan,nan,nan,nan,nan,nan,1.0,1.0,1.0,1.0,0.04243895411491394,0.05119796469807625
A,6cd2f013de7b5ade,0,1,0,8.0,17,10,1,0.0,1.0650451704859734,-1.0650451704859734,B24_harmful,25,19,17,direct_alt,25,10,10,keep_incumbent,1,1,1,1,1,1,1,1,1,1,1,0,3.820249820130073e-05,nan,1.834302306175232,2.1440582275390625,0.279228150844574,-0.6627210974693298,0.24179501831531525,-4.205831527709961,1,10,7,10,0.3333333333333333,0.6666666666666666,0.6666666666666666,1.0,nan,nan,nan,nan,nan,nan,1.0,1.0,0.0,0.0,0.21352273225784302,0.2609550654888153
A,6d49b0529b5b53e2,0,1,0,8.0,16,2,1,19805.278500752524,19809.23453907296,-3.9560383204370737,B24_harmful,23,18,16,direct_alt,23,18,2,direct_alt,1,1,0,0,0,0,0,0,0,0,0,0,-0.9902639250376263,-0.9904617269536482,0.2835422456264496,0.22601047158241272,0.23644086718559265,0.22458405792713165,0.11655589938163757,0.15727995336055756,5,6,0,0,0.5,0.75,0.75,1.0,nan,nan,nan,nan,nan,nan,1.0,1.0,0.0,0.0,0.12096645683050156,0.14991247653961182
A,6d9201a264ec565d,0,1,0,8.0,20,19,1,3.210777208209038,5.950882915407419,-2.7401057071983814,B24_harmful,30,6,20,direct_alt,30,6,19,direct_alt,1,1,1,1,1,1,1,1,1,1,1,0,0.00011171290669587108,-2.5292378663888115e-05,3.4048852920532227,3.4891786575317383,0.9872795939445496,0.8605198860168457,1.0130555629730225,0.273659348487854,10,11,7,7,0.5882352941176471,0.8235294117647058,0.7647058823529411,1.0,nan,nan,nan,nan,nan,nan,1.0,1.0,0.0,0.0,0.242791086435318,0.29903194308280945
A,6d9c03088a0053f2,0,0,6,0.0,1,1,0,0.0,0.0,0.0,unchanged,1,1,1,keep_incumbent,1,1,1,keep_incumbent,0,0,0,0,0,0,0,0,0,0,0,0,nan,nan,nan,nan,nan,nan,nan,nan,0,0,0,0,0.625,0.625,1.0,1.0,nan,nan,nan,nan,nan,nan,1.0,1.0,0.0,0.0,0.3932928740978241,0.3932928740978241
A,6dfe1aa715515ab1,0,1,0,8.0,0,0,0,0.0,0.0,0.0,unchanged,0,11,0,adm_inc_to_anchor,0,11,0,adm_inc_to_anchor,1,1,0,0,0,0,0,0,0,0,0,0,nan,nan,nan,nan,nan,nan,nan,nan,0,0,0,0,0.4411764705882353,0.6764705882352942,0.6764705882352942,0.9117647058823529,nan,nan,nan,nan,nan,nan,1.0,1.0,1.0,1.0,0.03539521247148514,0.04341372847557068
A,6e26767b987e5f83,0,1,0,8.0,1,4,1,3.991373360157013,136.81891290703788,-132.82753954688087,B24_harmful,20,1,1,keep_incumbent,20,1,4,direct_alt,1,1,1,1,1,1,0,0,0,0,0,0,nan,-0.006641376977344127,1.3946281671524048,0.21826747059822083,-2.491495370864868,-0.06549455970525742,-6.797521591186523,0.6370401978492737,0,0,2,2,0.42105263157894735,0.6052631578947368,0.7368421052631579,0.9210526315789473,nan,nan,nan,nan,nan,nan,1.0,1.0,0.0,0.0,0.05659833177924156,0.06690939515829086
A,6f71a7400ac65240,0,1,0,8.0,30,30,0,46.82399029537919,46.82399029537919,0.0,unchanged,30,21,30,inadmissible_anchor_relative,30,21,30,inadmissible_anchor_relative,0,0,0,0,0,0,0,0,0,0,0,0,nan,nan,nan,nan,nan,nan,nan,nan,0,0,0,0,0.625,1.0,0.625,1.0,nan,nan,nan,nan,nan,nan,1.0,1.0,0.0,0.0,0.27403193712234497,0.3264860510826111
A,6f8a5ceb9be657d2,0,1,0,8.0,16,16,0,19793.855110123754,19793.855110123754,0.0,unchanged,1,19,16,direct_alt,1,19,16,direct_alt,1,1,0,0,0,0,0,0,0,0,0,0,-0.9896927555061876,-0.9896927555061876,0.011029019020497799,0.45635679364204407,0.6101293563842773,0.9618284106254578,0.8896796107292175,1.3517262935638428,1,6,0,0,0.6,0.88,0.72,1.0,nan,nan,nan,nan,nan,nan,1.0,1.0,0.0,0.0,0.05746691673994064,0.07293732464313507
A,6fa7920ce4fa54ad,0,1,0,8.0,4,4,0,-47875.20352998655,-47875.20352998655,0.0,unchanged,4,5,4,inadmissible_anchor_relative,4,15,4,inadmissible_anchor_relative,0,0,0,0,0,0,0,0,0,0,0,0,nan,nan,nan,nan,nan,nan,nan,nan,0,0,0,0,0.4444444444444444,0.6666666666666666,0.7777777777777778,1.0,nan,nan,nan,nan,nan,nan,1.0,1.0,0.0,0.0,0.16480958461761475,0.20385313034057617
A,6faab980f19a559e,0,1,0,8.0,0,16,1,0.0,137053.84521480283,-137053.84521480283,B24_harmful,16,0,0,keep_incumbent,16,0,16,adm_inc_to_anchor,1,1,0,0,0,0,0,0,0,0,0,0,nan,nan,0.4162175953388214,nan,-4.18355131149292,nan,-8.046648979187012,nan,0,0,0,0,0.36585365853658536,0.5609756097560976,0.6829268292682927,0.8780487804878049,nan,nan,nan,nan,nan,nan,1.0,1.0,0.0,1.0,0.45168328285217285,0.5526998043060303
A,6fecedd0a7215ae7,0,1,0,8.0,17,17,0,5.021205228171311,5.021205228171311,0.0,unchanged,9,17,17,keep_incumbent,9,17,17,keep_incumbent,1,1,0,0,0,0,0,0,0,0,0,0,nan,nan,1.475905179977417,1.8084840774536133,-0.6682789325714111,-1.1059707403182983,-5.097403526306152,-5.3233513832092285,0,0,0,0,0.6190476190476191,0.8095238095238095,0.8095238095238095,1.0,nan,nan,nan,nan,nan,nan,1.0,1.0,0.0,0.0,0.1283889263868332,0.1558239459991455
A,7052be5d6afa590c,0,1,0,8.0,20,20,0,12.312461360357702,12.312461360357702,0.0,unchanged,26,20,20,keep_incumbent,26,20,20,keep_incumbent,1,1,1,1,1,1,0,0,0,0,0,0,nan,nan,2.7280287742614746,2.705204963684082,-0.00578280771151185,-1.3527356386184692,-5.402437210083008,-6.140539646148682,2,0,1,1,0.45454545454545453,0.7272727272727273,0.6818181818181818,0.9545454545454546,nan,nan,nan,nan,nan,nan,1.0,1.0,0.0,0.0,0.4013073146343231,0.4836214780807495
A,7062b451ec12586d,0,1,0,8.0,16,16,0,0.09963226318359375,0.09963226318359375,0.0,unchanged,16,12,16,adm_inc_to_anchor,16,12,16,adm_inc_to_anchor,1,1,0,0,0,0,0,0,0,0,0,0,nan,nan,nan,nan,nan,nan,nan,nan,0,0,0,0,0.0,0.5,0.5,1.0,nan,nan,nan,nan,nan,nan,1.0,1.0,1.0,1.0,0.021313313394784927,0.0266365148127079
A,70e1977f27f05314,0,1,0,8.0,10,10,0,0.0,0.0,0.0,unchanged,10,10,10,keep_incumbent,10,10,10,keep_incumbent,0,0,0,0,0,0,0,0,0,0,0,0,nan,nan,nan,nan,nan,nan,nan,nan,0,0,0,0,0.5217391304347826,0.5217391304347826,1.0,1.0,nan,nan,nan,nan,nan,nan,1.0,1.0,1.0,1.0,0.059277914464473724,0.06905317306518555
A,7242746a7ee05ed3,0,1,0,8.0,9,9,0,0.0,0.0,0.0,unchanged,9,0,9,adm_inc_to_anchor,9,0,9,adm_inc_to_anchor,1,1,0,0,0,0,0,0,0,0,0,0,nan,nan,nan,nan,nan,nan,nan,nan,0,0,0,0,0.3333333333333333,0.6666666666666666,0.6666666666666666,1.0,nan,nan,nan,nan,nan,nan,1.0,1.0,1.0,1.0,0.046147577464580536,0.056850336492061615
A,72ee2829b2095841,0,1,0,2.0,5,5,0,1.4678643038714654,1.4678643038714654,0.0,unchanged,5,0,5,inadmissible_anchor_relative,5,0,5,inadmissible_anchor_relative,0,0,0,0,0,0,0,0,0,0,0,0,nan,nan,nan,nan,nan,nan,nan,nan,0,0,0,0,1.0,1.0,1.0,1.0,nan,nan,nan,nan,nan,nan,1.0,1.0,1.0,1.0,0.013361162506043911,0.014079771004617214
A,7373555adcf25b91,0,1,0,8.0,9,9,0,37035.54743569344,37035.54743569344,0.0,unchanged,9,1,9,inadmissible_anchor_relative,9,1,9,inadmissible_anchor_relative,0,0,0,0,0,0,0,0,0,0,0,0,nan,nan,nan,nan,nan,nan,nan,nan,0,0,0,0,0.3,0.5,0.8,1.0,nan,nan,nan,nan,nan,nan,1.0,1.0,0.0,0.0,0.20892097055912018,0.2615683674812317
A,73981199ec7958ad,0,1,0,8.0,10,10,0,0.0,0.0,0.0,unchanged,22,10,10,keep_incumbent,22,10,10,keep_incumbent,1,1,0,0,0,0,0,0,0,0,0,0,nan,nan,0.16115736961364746,0.4525076746940613,-1.803694486618042,-1.4776109457015991,-5.752009391784668,-5.490553855895996,0,0,0,0,0.5789473684210527,0.7368421052631579,0.8421052631578947,1.0,nan,nan,nan,nan,nan,nan,1.0,1.0,0.0,0.0,0.05250677466392517,0.06629922986030579
A,740d44ba4ee559b1,0,0,6,0.0,5,5,0,2.066843755543232,2.066843755543232,0.0,unchanged,5,1,5,inadmissible_anchor_relative,5,1,5,inadmissible_anchor_relative,0,0,0,0,0,0,0,0,0,0,0,0,nan,nan,nan,nan,nan,nan,nan,nan,0,0,0,0,0.6666666666666666,0.6666666666666666,1.0,1.0,nan,nan,nan,nan,nan,nan,1.0,1.0,0.0,0.0,0.6245719194412231,0.6245719194412231
A,756408b7e48f5f9d,0,1,0,8.0,7,7,0,0.0,0.0,0.0,unchanged,7,6,7,inadmissible_anchor_relative,7,6,7,inadmissible_anchor_relative,0,0,0,0,0,0,0,0,0,0,0,0,nan,nan,nan,nan,nan,nan,nan,nan,0,0,0,0,0.625,0.625,1.0,1.0,nan,nan,nan,nan,nan,nan,1.0,1.0,0.0,0.0,0.042653895914554596,0.052312858402729034
A,75a1acca4add51e1,0,1,0,8.0,0,0,0,3.1374795243609697,3.1374795243609697,0.0,unchanged,0,6,0,inadmissible_anchor_relative,0,6,0,inadmissible_anchor_relative,0,0,0,0,0,0,0,0,0,0,0,0,nan,nan,nan,nan,nan,nan,nan,nan,0,0,0,0,0.5714285714285714,0.75,0.7142857142857143,0.8928571428571429,nan,nan,nan,nan,nan,nan,1.0,1.0,0.0,0.0,0.656088650226593,0.8148258328437805
A,75a7e23d846950ee,0,1,0,8.0,4,4,0,20.62031109444797,20.62031109444797,0.0,unchanged,17,4,4,keep_incumbent,17,4,4,keep_incumbent,1,1,1,1,1,1,0,0,0,0,0,0,nan,nan,4.681440353393555,4.732210636138916,-1.0116146802902222,-1.6418920755386353,-6.1632161140441895,-6.844102382659912,0,0,1,1,0.5,0.7142857142857143,0.7857142857142857,1.0,nan,nan,nan,nan,nan,nan,1.0,1.0,0.0,0.0,0.49862879514694214,0.6092211008071899
A,760f8a84ef81598f,0,1,0,4.0,7,7,0,99035.79729809822,99035.79729809822,0.0,unchanged,7,0,7,inadmissible_anchor_relative,7,4,7,inadmissible_anchor_relative,0,0,0,0,0,0,0,0,0,0,0,0,nan,nan,nan,nan,nan,nan,nan,nan,0,0,0,0,0.4444444444444444,0.5555555555555556,0.8888888888888888,1.0,nan,nan,nan,nan,nan,nan,1.0,1.0,1.0,1.0,0.02136516384780407,0.024431684985756874
A,762089c28c5c5704,0,0,6,0.0,13,13,0,49281.86072854232,49281.86072854232,0.0,unchanged,0,17,13,direct_alt,0,17,13,direct_alt,1,1,1,1,1,1,0,0,0,0,0,0,-2.4614028322221246,-2.4614028322221246,1.6069282293319702,1.6069282293319702,0.11433211714029312,0.11433211714029312,0.7916479110717773,0.7916479110717773,1,1,1,1,0.6,0.6,1.0,1.0,nan,nan,nan,nan,nan,nan,1.0,1.0,0.0,0.0,0.20473499596118927,0.20473499596118927
A,767b99cfafdf558f,0,1,0,8.0,9,4,1,3.5960762144532055,67807.05218400061,-67803.45610778616,B24_harmful,19,7,9,direct_alt,19,7,4,direct_alt,1,1,1,1,1,1,1,1,1,1,1,0,0.004837618102424557,-3.3853351872868838,4.643441677093506,1.7596914768218994,1.6006357669830322,5.9910149574279785,1.2034000158309937,1.5061777830123901,8,17,8,8,0.4444444444444444,0.6666666666666666,0.7037037037037037,0.9259259259259259,nan,nan,nan,nan,nan,nan,1.0,1.0,0.0,0.0,0.8357217907905579,1.0372061729431152
A,76c7eeb79bc356f1,0,1,0,4.0,23,10,1,76898.50808786694,0.6997099213767797,76897.80837794556,B24_beneficial,23,7,23,inadmissible_anchor_relative,10,7,10,inadmissible_anchor_relative,0,0,0,0,0,0,0,0,0,0,0,0,nan,nan,nan,nan,nan,nan,nan,nan,0,0,0,0,0.5555555555555556,0.6666666666666666,0.8888888888888888,1.0,nan,nan,nan,nan,nan,nan,0.0,1.0,0.0,1.0,0.614626407623291,0.25960275530815125
A,77aeba8010ce52b0,0,1,0,8.0,3,17,1,0.17988181114196777,0.0,0.17988181114196777,B24_beneficial,9,18,3,direct_alt,9,18,17,direct_alt,1,1,1,1,1,1,1,1,1,1,1,1,0.00023749301508058096,0.00024648710563779375,2.0736348628997803,2.9696009159088135,1.7084680795669556,2.5984034538269043,1.3772469758987427,2.449690580368042,9,9,6,6,0.6111111111111112,0.9444444444444444,0.6666666666666666,1.0,nan,nan,nan,nan,nan,nan,1.0,1.0,0.0,0.0,0.06922634690999985,0.08611670136451721
A,77d5f8852d0c5bfe,0,1,0,8.0,7,3,1,31810.564687783626,57494.15190425562,-25683.58721647199,B24_harmful,7,3,7,inadmissible_anchor_relative,3,3,3,keep_incumbent,0,0,0,0,0,0,0,0,0,0,0,0,nan,nan,nan,nan,nan,nan,nan,nan,0,0,0,0,0.48148148148148145,0.7407407407407407,0.6666666666666666,0.9259259259259259,nan,nan,nan,nan,nan,nan,0.0,1.0,0.0,0.0,0.17161016166210175,0.2104802280664444
A,77e8f09667c15d6e,0,1,0,8.0,9,9,0,0.0,0.0,0.0,unchanged,9,0,9,adm_inc_to_anchor,9,0,9,adm_inc_to_anchor,1,1,0,0,0,0,0,0,0,0,0,0,nan,nan,nan,nan,nan,nan,nan,nan,0,0,0,0,0.3333333333333333,0.4444444444444444,0.6666666666666666,0.7777777777777778,nan,nan,nan,nan,nan,nan,1.0,1.0,1.0,1.0,0.05110475420951843,0.06367234140634537
A,77e9e7a71cc157e6,0,1,0,8.0,21,20,1,19794.23868212104,19793.88605722785,0.35262489318847656,B24_beneficial,9,22,21,direct_alt,9,22,20,direct_alt,1,1,1,1,1,1,0,1,0,1,0,0,-0.00017864556759594752,-0.00016101432293658124,1.0280141830444336,1.1364893913269043,0.25579944252967834,0.3556169867515564,0.08161734789609909,0.14231503009796143,2,7,10,10,0.5714285714285714,0.8571428571428571,0.6428571428571429,0.9285714285714286,nan,nan,nan,nan,nan,nan,1.0,1.0,0.0,0.0,0.1411227583885193,0.17174778878688812
A,780af07dd31352e7,0,1,0,8.0,4,4,0,26.673657201230526,26.673657201230526,0.0,unchanged,14,4,4,keep_incumbent,14,4,4,keep_incumbent,1,1,1,1,1,1,0,0,0,0,0,0,nan,nan,1.2970097064971924,1.705897331237793,-0.3769093453884125,-0.5580755472183228,-4.3613152503967285,-4.652797698974609,0,0,2,2,0.5,0.625,0.875,1.0,nan,nan,nan,nan,nan,nan,1.0,1.0,0.0,0.0,0.1676115095615387,0.2090827226638794
A,7ac9f3d2eaa55cd8,0,0,6,0.0,9,9,0,0.0,0.0,0.0,unchanged,9,29,9,adm_inc_to_anchor,9,29,9,adm_inc_to_anchor,1,1,0,0,0,0,0,0,0,0,0,0,nan,nan,nan,nan,nan,nan,nan,nan,0,0,0,0,0.8,0.8,1.0,1.0,nan,nan,nan,nan,nan,nan,1.0,1.0,1.0,1.0,0.04205954447388649,0.04205954447388649
A,7c022e6e8ad75793,0,1,0,8.0,18,18,0,174.16977212112397,174.16977212112397,0.0,unchanged,8,22,18,direct_alt,8,22,18,direct_alt,1,1,1,1,1,1,0,0,0,0,0,0,-0.0034334704957902362,-0.0034334704957902362,0.43947505950927734,0.6438755989074707,0.24446658790111542,0.4068048298358917,0.12565471231937408,0.3348328471183777,5,6,5,5,0.5789473684210527,0.9473684210526315,0.631578947368421,1.0,nan,nan,nan,nan,nan,nan,1.0,1.0,0.0,0.0,0.09815211594104767,0.12036806344985962
A,7d7a3f1c1c5f5fee,0,1,0,8.0,15,15,0,0.0,0.0,0.0,unchanged,15,0,15,inadmissible_anchor_relative,15,0,15,inadmissible_anchor_relative,0,0,0,0,0,0,0,0,0,0,0,0,nan,nan,nan,nan,nan,nan,nan,nan,0,0,0,0,0.6086956521739131,0.8695652173913043,0.7391304347826086,1.0,nan,nan,nan,nan,nan,nan,1.0,1.0,0.0,0.0,0.14047178626060486,0.17223942279815674
A,7e8a632e56f85686,0,1,0,8.0,6,6,0,98575.14742616388,98575.14742616388,0.0,unchanged,12,4,6,direct_alt,12,4,6,direct_alt,1,1,0,0,0,0,0,0,0,0,0,0,-4.928757371308194,-4.928757371308194,0.6414017081260681,0.5891661643981934,1.0604009628295898,0.9038214087486267,0.8111042976379395,1.8482041358947754,6,1,0,0,0.375,0.5,0.875,1.0,nan,nan,nan,nan,nan,nan,1.0,1.0,0.0,0.0,0.2848622798919678,0.3494935631752014
A,7f1911db0c0858f9,0,1,0,8.0,19,19,0,29.458749894052744,29.458749894052744,0.0,unchanged,25,19,19,keep_incumbent,25,19,19,keep_incumbent,1,1,1,1,1,1,0,0,0,0,0,0,nan,nan,3.18746280670166,2.9447996616363525,-0.7296833395957947,-1.694556713104248,-6.358652591705322,-6.899662494659424,0,0,1,1,0.43478260869565216,0.6956521739130435,0.6521739130434783,0.9130434782608695,nan,nan,nan,nan,nan,nan,1.0,1.0,0.0,0.0,0.47670042514801025,0.5923011302947998
A,7fc7afe6749c5e14,0,1,0,8.0,20,20,0,12543.793979756534,12543.793979756534,0.0,unchanged,20,14,20,inadmissible_anchor_relative,20,14,20,inadmissible_anchor_relative,0,0,0,0,0,0,0,0,0,0,0,0,nan,nan,nan,nan,nan,nan,nan,nan,0,0,0,0,0.38095238095238093,0.6666666666666666,0.7142857142857143,1.0,nan,nan,nan,nan,nan,nan,1.0,1.0,0.0,0.0,0.35193365812301636,0.4367613196372986
A,8055e099173c5806,0,1,0,8.0,4,4,0,31.93705901398789,31.93705901398789,0.0,unchanged,4,3,4,inadmissible_anchor_relative,4,3,4,inadmissible_anchor_relative,0,0,0,0,0,0,0,0,0,0,0,0,nan,nan,nan,nan,nan,nan,nan,nan,0,0,0,0,0.5555555555555556,0.7777777777777778,0.7222222222222222,0.9444444444444444,nan,nan,nan,nan,nan,nan,1.0,1.0,0.0,0.0,0.7760924696922302,0.9522373080253601
A,813e67fb708d58d8,0,1,0,8.0,16,16,0,0.099246978759993,0.099246978759993,0.0,unchanged,16,12,16,adm_inc_to_anchor,16,12,16,adm_inc_to_anchor,1,1,0,0,0,0,0,0,0,0,0,0,nan,nan,nan,nan,nan,nan,nan,nan,0,0,0,0,0.5,0.5,1.0,1.0,nan,nan,nan,nan,nan,nan,1.0,1.0,1.0,1.0,0.021152490749955177,0.026852408424019814
A,8183ae303aae5d1c,0,1,0,8.0,9,9,0,0.32057592482306063,0.32057592482306063,0.0,unchanged,9,0,9,adm_inc_to_anchor,9,0,9,adm_inc_to_anchor,1,1,0,1,0,0,0,0,0,0,0,0,nan,nan,nan,nan,nan,nan,nan,nan,0,0,0,1,1.0,1.0,1.0,1.0,nan,nan,nan,nan,nan,nan,1.0,1.0,1.0,1.0,0.03011910617351532,0.03741007670760155
A,81db527ead1e5c4a,0,1,0,2.0,9,9,0,0.0,0.0,0.0,unchanged,9,9,9,keep_incumbent,9,9,9,keep_incumbent,0,0,0,0,0,0,0,0,0,0,0,0,nan,nan,nan,nan,nan,nan,nan,nan,0,0,0,0,1.0,1.0,1.0,1.0,nan,nan,nan,nan,nan,nan,1.0,1.0,1.0,1.0,0.05306955426931381,0.05656645819544792
A,8293bf347d505832,0,1,0,8.0,16,16,0,24644.126743867993,24644.126743867993,0.0,unchanged,16,9,16,inadmissible_anchor_relative,16,9,16,inadmissible_anchor_relative,0,0,0,0,0,0,0,0,0,0,0,0,nan,nan,nan,nan,nan,nan,nan,nan,0,0,0,0,0.6666666666666666,0.6666666666666666,1.0,1.0,nan,nan,nan,nan,nan,nan,1.0,1.0,1.0,1.0,0.04239147529006004,0.05202507600188255
A,82aa577799895c13,0,0,6,0.0,0,0,0,0.0,0.0,0.0,unchanged,15,0,0,keep_incumbent,15,0,0,keep_incumbent,1,1,0,0,0,0,0,0,0,0,0,0,nan,nan,1.216659426689148,1.216659426689148,-0.09917479008436203,-0.09917479008436203,-5.7163896560668945,-5.7163896560668945,1,1,0,0,0.8,0.8,1.0,1.0,nan,nan,nan,nan,nan,nan,1.0,1.0,0.0,0.0,0.15054196119308472,0.15054196119308472
A,847ddbbcac4a5cc1,0,1,0,8.0,3,13,1,1.9531931718811393,5.046269514597952,-3.093076342716813,B24_harmful,18,3,3,keep_incumbent,18,3,13,direct_alt,1,1,1,1,1,1,0,0,0,0,0,0,nan,-0.00015465381713583581,2.3507654666900635,0.7354871034622192,-0.9131580591201782,0.6828228235244751,-5.53401517868042,0.11785125732421875,0,4,6,6,0.5714285714285714,1.0,0.5714285714285714,1.0,nan,nan,nan,nan,nan,nan,1.0,1.0,0.0,0.0,0.3421532213687897,0.43151363730430603
A,84d6ab72ee635de4,1,1,1,0.0,11,11,0,29952.982127096504,29952.982127096504,0.0,unchanged,11,5,5,structural,11,5,5,structural,0,0,0,0,0,0,0,0,0,0,0,0,nan,nan,0.0,0.0,0.0,0.0,0.0,0.0,0,0,0,0,0.39285714285714285,0.39285714285714285,0.75,0.75,nan,nan,nan,nan,nan,nan,1.0,1.0,1.0,1.0,0.22346903383731842,0.22346903383731842
A,85b89e6bbf67549b,0,1,0,8.0,18,18,0,52908.83682870248,52908.83682870248,0.0,unchanged,18,9,18,inadmissible_anchor_relative,18,9,18,inadmissible_anchor_relative,0,0,0,0,0,0,0,0,0,0,0,0,nan,nan,nan,nan,nan,nan,nan,nan,0,0,0,0,0.3333333333333333,0.6666666666666666,0.5416666666666666,0.875,nan,nan,nan,nan,nan,nan,1.0,1.0,0.0,0.0,0.524766743183136,0.6599031090736389
A,85dd21317be75171,0,1,0,8.0,27,21,1,9645.726175453514,9645.4749696285,0.2512058250140399,B24_beneficial,27,0,27,inadmissible_anchor_relative,21,0,21,adm_inc_to_anchor,0,1,0,1,0,0,0,0,0,0,0,0,nan,nan,nan,nan,nan,nan,nan,nan,0,0,0,2,0.6666666666666666,0.8666666666666667,0.8,1.0,nan,nan,nan,nan,nan,nan,0.0,1.0,0.0,1.0,0.03355557471513748,0.03785575181245804
A,85e919de33245a43,0,1,0,8.0,26,26,0,34745.85661313355,34745.85661313355,0.0,unchanged,7,26,26,keep_incumbent,7,26,26,keep_incumbent,1,1,0,0,0,0,0,0,0,0,0,0,nan,nan,0.0328693762421608,0.09004753828048706,-0.9175865054130554,-1.2022217512130737,-5.490208625793457,-5.636089324951172,0,0,0,0,0.2857142857142857,0.7142857142857143,0.5714285714285714,1.0,nan,nan,nan,nan,nan,nan,1.0,1.0,0.0,0.0,0.052958808839321136,0.06496920436620712
A,86dabc00318e535c,0,0,6,0.0,28,28,0,24667.73481183144,24667.73481183144,0.0,unchanged,1,20,28,direct_alt,1,20,28,direct_alt,1,1,1,1,1,1,0,0,0,0,0,0,-1.2333617951907216,-1.2333617951907216,0.3866848349571228,0.3866848349571228,0.6666464805603027,0.6666464805603027,1.1722784042358398,1.1722784042358398,3,3,1,1,0.7777777777777778,0.7777777777777778,1.0,1.0,nan,nan,nan,nan,nan,nan,1.0,1.0,0.0,0.0,0.22330987453460693,0.22330987453460693
A,876cd32f9acc51ff,0,1,0,8.0,3,3,0,49.08276200480759,49.08276200480759,0.0,unchanged,18,3,3,keep_incumbent,18,3,3,keep_incumbent,1,1,1,1,1,1,0,1,0,1,0,0,nan,nan,1.9918519258499146,1.1146548986434937,-0.6821964979171753,-0.33786192536354065,-5.474387168884277,-5.611921310424805,0,3,2,2,0.42857142857142855,0.7142857142857143,0.7142857142857143,1.0,nan,nan,nan,nan,nan,nan,1.0,1.0,0.0,0.0,0.6104725003242493,0.7576398849487305
A,8880819410895d76,0,1,0,8.0,1,11,1,12.697658135914935,64456.94902744343,-64444.251369307516,B24_harmful,11,16,1,direct_alt,11,16,11,inadmissible_anchor_relative,1,0,1,0,1,0,1,0,1,0,1,0,3.455113900106028,nan,0.5067426562309265,nan,3.580950975418091,nan,3.064786911010742,nan,11,0,10,0,0.6,0.6666666666666666,0.8666666666666667,0.9333333333333333,nan,nan,nan,nan,nan,nan,1.0,1.0,0.0,0.0,0.9133495092391968,0.30296042561531067
A,8881482aff7557f4,0,1,0,8.0,23,24,1,0.3866836577653885,1.5020249113440514,-1.1153412535786629,B24_harmful,10,24,23,direct_alt,10,24,24,keep_incumbent,1,1,1,1,1,1,1,0,1,0,1,0,5.576706267884646e-05,nan,1.3095957040786743,2.5458672046661377,0.19888240098953247,-1.1069939136505127,0.09920856356620789,-4.916996955871582,1,0,7,7,0.4230769230769231,0.6923076923076923,0.6923076923076923,0.9615384615384616,nan,nan,nan,nan,nan,nan,1.0,1.0,0.0,0.0,0.2382814884185791,0.3005172908306122
A,88b01323dc905007,0,1,0,8.0,20,0,1,1.0142151108011603,6.181444350630045,-5.167229239828885,B24_harmful,12,7,20,direct_alt,12,7,0,direct_alt,1,1,1,1,1,1,1,1,1,1,1,0,2.5141003215685756e-05,-0.0002332204587757584,2.5975916385650635,2.7274842262268066,0.8131520748138428,0.6248563528060913,0.9261330366134644,0.18926501274108887,12,12,4,4,0.5555555555555556,0.8888888888888888,0.6666666666666666,1.0,nan,nan,nan,nan,nan,nan,1.0,1.0,0.0,0.0,0.22453323006629944,0.27895161509513855
A,8986ab2ea0205184,0,1,0,4.0,11,14,1,0.0,1.1162276364921127,-1.1162276364921127,B24_harmful,21,18,11,direct_alt,21,18,14,direct_alt,1,1,1,1,1,1,1,1,1,1,1,1,0.9294080200797716,0.9293522086979471,0.6364157795906067,0.06937060505151749,0.15394143760204315,0.41223621368408203,0.1743064820766449,0.3473420739173889,3,5,24,24,0.6153846153846154,0.7692307692307693,0.8461538461538461,1.0,nan,nan,nan,nan,nan,nan,1.0,1.0,0.0,0.0,0.12449710071086884,0.1406709998846054
A,89ce6943ec1159ed,0,1,0,8.0,9,9,0,40273.56295960862,40273.56295960862,0.0,unchanged,9,10,9,adm_inc_to_anchor,9,10,9,adm_inc_to_anchor,1,1,0,0,0,0,0,0,0,0,0,0,nan,nan,nan,nan,nan,nan,nan,nan,0,0,0,0,0.5714285714285714,0.8571428571428571,0.7142857142857143,1.0,nan,nan,nan,nan,nan,nan,1.0,1.0,1.0,1.0,0.01717161014676094,0.021321749314665794
A,8b7bdd87fd8d5680,0,1,0,8.0,11,11,0,3.773882146924734,3.773882146924734,0.0,unchanged,11,3,11,inadmissible_anchor_relative,11,3,11,inadmissible_anchor_relative,0,0,0,0,0,0,0,0,0,0,0,0,nan,nan,nan,nan,nan,nan,nan,nan,0,0,0,0,0.5333333333333333,0.7333333333333333,0.6666666666666666,0.8666666666666667,nan,nan,nan,nan,nan,nan,1.0,1.0,0.0,0.0,0.6290807127952576,0.7811634540557861
A,8bf28d2a02a857af,0,1,0,8.0,3,6,1,0.9862712807953358,36.47240277379751,-35.486131493002176,B24_harmful,18,3,3,keep_incumbent,18,3,6,direct_alt,1,1,1,1,1,1,0,1,0,1,0,0,nan,-0.0017743065746501085,3.3871593475341797,0.2502117455005646,-0.0367482490837574,3.3916451930999756,-4.576098918914795,1.0614885091781616,0,15,5,5,0.6923076923076923,0.8461538461538461,0.8461538461538461,1.0,nan,nan,nan,nan,nan,nan,1.0,1.0,0.0,0.0,0.6250969171524048,0.7758831977844238
A,8c326e5a4eda544c,0,1,0,6.0,1,0,1,67.9707031417638,3.093341888859868,64.87736125290394,B24_beneficial,0,1,1,keep_incumbent,0,1,0,inadmissible_anchor_relative,1,0,0,0,0,0,0,0,0,0,0,0,nan,nan,4.419222831726074,nan,-1.5869553089141846,nan,-7.060491561889648,nan,0,0,0,0,0.6,0.7,0.9,1.0,nan,nan,nan,nan,nan,nan,1.0,1.0,0.0,0.0,0.3735741972923279,0.2795742154121399
A,8c77dc78ca8359ac,0,1,0,8.0,3,3,0,6.821100801229477,6.821100801229477,0.0,unchanged,18,3,3,keep_incumbent,18,3,3,keep_incumbent,1,1,1,1,1,1,0,1,0,1,0,0,nan,nan,2.3241167068481445,2.4022676944732666,-0.8705838918685913,-1.0362000465393066,-5.473872661590576,-5.8793840408325195,0,8,9,9,0.42857142857142855,0.7619047619047619,0.6666666666666666,1.0,nan,nan,nan,nan,nan,nan,1.0,1.0,0.0,0.0,0.3804641366004944,0.4795270562171936
A,8c9f988f9a0e56d3,0,1,0,8.0,17,17,0,23432.161952295806,23432.161952295806,0.0,unchanged,24,2,17,direct_alt,24,2,17,direct_alt,1,1,1,1,1,1,1,1,1,1,0,0,-1.1715144828458084,-1.1715144828458084,1.6947083473205566,1.7285919189453125,0.3523554801940918,0.473239541053772,0.2696487009525299,0.2360648363828659,7,7,5,5,0.5384615384615384,0.7307692307692307,0.8076923076923077,1.0,nan,nan,nan,nan,nan,nan,1.0,1.0,0.0,0.0,0.1826389580965042,0.21947774291038513
A,8ce3772118c2550b,0,1,0,8.0,6,21,1,8873.971923382138,8873.554102247232,0.41782113490626216,B24_beneficial,14,4,6,direct_alt,14,4,21,direct_alt,1,1,0,0,0,0,0,0,0,0,0,0,-0.4436985961691069,-0.44367770511236154,0.12876059114933014,0.1289600431919098,0.5177717804908752,1.0312374830245972,0.24470064043998718,2.2368195056915283,3,8,0,0,0.4166666666666667,0.75,0.6666666666666666,1.0,nan,nan,nan,nan,nan,nan,1.0,1.0,0.0,0.0,0.0857304036617279,0.10668410360813141
A,8df56c541c8b5c2a,0,1,0,8.0,9,9,0,24630.360694956034,24630.360694956034,0.0,unchanged,9,7,9,adm_inc_to_anchor,9,7,9,adm_inc_to_anchor,1,1,1,1,0,0,0,0,0,0,0,0,nan,nan,nan,nan,nan,nan,nan,nan,0,0,1,1,0.3333333333333333,0.3333333333333333,0.6666666666666666,0.6666666666666666,nan,nan,nan,nan,nan,nan,1.0,1.0,1.0,1.0,0.04282630980014801,0.052161041647195816
A,8e67dd92ffb95969,0,1,0,8.0,17,17,0,0.0,0.0,0.0,unchanged,17,12,17,adm_inc_to_anchor,17,12,17,adm_inc_to_anchor,1,1,0,0,0,0,0,0,0,0,0,0,nan,nan,nan,nan,nan,nan,nan,nan,0,0,0,0,0.5,0.5,1.0,1.0,nan,nan,nan,nan,nan,nan,1.0,1.0,1.0,1.0,0.035013601183891296,0.04355974867939949
A,8f30814a7d225a2a,0,1,0,8.0,9,9,0,0.0,0.0,0.0,unchanged,9,9,9,keep_incumbent,9,9,9,keep_incumbent,0,0,0,0,0,0,0,0,0,0,0,0,nan,nan,nan,nan,nan,nan,nan,nan,0,0,0,0,1.0,1.0,1.0,1.0,nan,nan,nan,nan,nan,nan,1.0,1.0,1.0,1.0,0.047857772558927536,0.05803559347987175
A,8f86a2afa93b5822,0,1,0,8.0,1,1,0,2.219017803668976,2.219017803668976,0.0,unchanged,9,21,1,direct_alt,9,21,1,direct_alt,1,1,1,1,1,1,1,1,1,1,1,1,0.00026608076356371413,0.00026608076356371413,0.8728476762771606,1.3238686323165894,1.1829373836517334,1.5211105346679688,1.0794042348861694,1.417777419090271,11,12,8,8,0.5652173913043478,0.782608695652174,0.6086956521739131,0.8260869565217391,nan,nan,nan,nan,nan,nan,1.0,1.0,0.0,0.0,0.08478512614965439,0.10070645809173584
A,910ea7658cd455d6,0,1,0,8.0,5,9,1,443.7701318114996,0.0,443.7701318114996,B24_beneficial,5,9,5,inadmissible_anchor_relative,9,9,9,keep_incumbent,0,0,0,0,0,0,0,0,0,0,0,0,nan,nan,nan,nan,nan,nan,nan,nan,0,0,0,0,0.5,0.5,1.0,1.0,nan,nan,nan,nan,nan,nan,0.0,1.0,0.0,1.0,0.033134255558252335,0.034636240452528
A,9184f183ba1c580e,0,1,0,8.0,24,28,1,0.42288927733898163,24664.82065834105,-24664.39776906371,B24_harmful,28,24,24,keep_incumbent,28,24,28,inadmissible_anchor_relative,1,0,1,0,1,0,0,0,0,0,0,0,nan,nan,1.408186674118042,nan,-0.6695932745933533,nan,-4.346613883972168,nan,0,0,1,0,0.43478260869565216,0.7391304347826086,0.5217391304347826,0.8260869565217391,nan,nan,nan,nan,nan,nan,1.0,1.0,0.0,0.0,0.12908092141151428,0.1636594533920288
A,92b4f167dbf35b04,0,0,6,0.0,18,18,0,0.0,0.0,0.0,unchanged,2,1,18,direct_alt,2,1,18,direct_alt,1,1,1,1,1,1,0,0,0,0,1,1,0.0001108281551860271,0.0001108281551860271,1.2804337739944458,1.2804337739944458,-0.07049097120761871,-0.07049097120761871,0.02369976043701172,0.02369976043701172,0,0,6,6,0.875,0.875,1.0,1.0,nan,nan,nan,nan,nan,nan,1.0,1.0,0.0,0.0,0.12425775825977325,0.12425775825977325
A,92d0945ea13555c3,0,1,0,2.0,7,7,0,8.190906208241358,8.190906208241358,0.0,unchanged,18,9,7,direct_alt,18,9,7,direct_alt,1,1,1,1,1,1,0,0,0,0,1,1,1.9833106366995423e-05,1.9833106366995423e-05,0.8303055167198181,0.6226734519004822,-0.35486963391304016,-0.2582913339138031,0.5077323913574219,0.36407411098480225,0,0,8,8,0.625,0.625,1.0,1.0,nan,nan,nan,nan,nan,nan,1.0,1.0,0.0,0.0,0.551909327507019,0.5882312655448914
A,9311ae0f59f65cbe,0,1,0,8.0,11,14,1,10.663494162261486,9.615531906485558,1.0479622557759285,B24_beneficial,4,11,11,keep_incumbent,4,11,14,direct_alt,1,1,1,1,1,1,1,1,1,1,0,1,nan,5.239811278879604e-05,1.8593811988830566,1.126570701599121,0.04272102937102318,0.4071752727031708,-3.6312804222106934,0.010093600489199162,1,1,8,8,0.7,1.0,0.7,1.0,nan,nan,nan,nan,nan,nan,1.0,1.0,0.0,0.0,0.19547231495380402,0.2427961677312851
A,93892305b8655110,0,1,0,8.0,30,30,0,0.2568875532015227,0.2568875532015227,0.0,unchanged,30,0,30,adm_inc_to_anchor,30,11,30,inadmissible_anchor_relative,1,0,1,0,0,0,0,0,0,0,0,0,nan,nan,nan,nan,nan,nan,nan,nan,0,0,2,0,0.5,0.75,0.75,1.0,nan,nan,nan,nan,nan,nan,1.0,1.0,0.0,0.0,0.04164007678627968,0.15715789794921875
A,948aca56eabe5b78,0,0,6,0.0,24,24,0,13.382319651544094,13.382319651544094,0.0,unchanged,9,20,24,direct_alt,9,20,24,direct_alt,1,1,1,1,1,1,1,1,1,1,0,0,-0.0006182019975036384,-0.0006182019975036384,0.5265472531318665,0.5265472531318665,-6.529555320739746,-6.529555320739746,0.1674777865409851,0.1674777865409851,2,2,7,7,0.7333333333333333,0.7333333333333333,1.0,1.0,nan,nan,nan,nan,nan,nan,1.0,1.0,0.0,0.0,0.1286504864692688,0.1286504864692688
A,955436c3cedb5852,0,1,0,8.0,24,24,0,19800.329305267427,19800.329305267427,0.0,unchanged,24,11,24,inadmissible_anchor_relative,24,11,24,inadmissible_anchor_relative,0,0,0,0,0,0,0,0,0,0,0,0,nan,nan,nan,nan,nan,nan,nan,nan,0,0,0,0,0.36363636363636365,0.5757575757575758,0.6666666666666666,0.8787878787878788,nan,nan,nan,nan,nan,nan,1.0,1.0,0.0,0.0,0.5403174161911011,0.6626289486885071
A,955a893243cd559c,0,1,0,8.0,9,9,0,19599.875794922933,19599.875794922933,0.0,unchanged,9,0,9,adm_inc_to_anchor,9,0,9,adm_inc_to_anchor,1,1,0,0,0,0,0,0,0,0,0,0,nan,nan,nan,nan,nan,nan,nan,nan,0,0,0,0,0.5625,0.875,0.6875,1.0,nan,nan,nan,nan,nan,nan,1.0,1.0,1.0,1.0,0.035984575748443604,0.04469864442944527
A,95d07f20c4a752af,0,1,0,8.0,4,4,0,-11852.433054947294,-11852.433054947294,0.0,unchanged,4,4,4,keep_incumbent,4,4,4,keep_incumbent,0,0,0,0,0,0,0,0,0,0,0,0,nan,nan,nan,nan,nan,nan,nan,nan,0,0,0,0,0.3902439024390244,0.5853658536585366,0.7073170731707317,0.9024390243902439,nan,nan,nan,nan,nan,nan,1.0,1.0,0.0,0.0,0.1404040902853012,0.17133675515651703
A,9645d30298ee54c2,0,1,0,8.0,7,7,0,1054.692396994993,1054.692396994993,0.0,unchanged,7,5,7,adm_inc_to_anchor,7,5,7,adm_inc_to_anchor,1,1,0,0,0,0,0,0,0,0,0,0,nan,nan,nan,nan,nan,nan,nan,nan,0,0,0,0,0.6153846153846154,0.7692307692307693,0.7692307692307693,0.9230769230769231,nan,nan,nan,nan,nan,nan,1.0,1.0,1.0,1.0,0.02677692472934723,0.032833755016326904
A,96feff0119b259f3,0,1,0,8.0,10,4,1,4.009352315639262,3.5454337875926285,0.4639185280466336,B24_beneficial,10,18,10,inadmissible_anchor_relative,4,18,4,adm_inc_to_anchor,0,1,0,1,0,0,0,0,0,0,0,0,nan,nan,nan,nan,nan,nan,nan,nan,0,0,0,6,0.6923076923076923,0.9230769230769231,0.7692307692307693,1.0,nan,nan,nan,nan,nan,nan,0.0,1.0,0.0,1.0,0.02351926825940609,0.02941618300974369
A,9752c9d0f50152b5,0,1,0,8.0,21,21,0,16160.739973908989,16160.739973908989,0.0,unchanged,21,21,21,keep_incumbent,21,10,21,inadmissible_anchor_relative,0,0,0,0,0,0,0,0,0,0,0,0,nan,nan,nan,nan,nan,nan,nan,nan,0,0,0,0,0.42857142857142855,0.7142857142857143,0.7142857142857143,1.0,nan,nan,nan,nan,nan,nan,1.0,1.0,0.0,0.0,0.21249167621135712,0.2640661895275116
A,97f51be1d3975ed1,0,0,6,0.0,17,17,0,0.0,0.0,0.0,unchanged,22,6,17,direct_alt,22,6,17,direct_alt,1,1,1,1,1,1,1,1,1,1,1,1,0.001973308093893955,0.001973308093893955,1.8505160808563232,1.8505160808563232,0.7642778754234314,0.7642778754234314,0.5629615187644958,0.5629615187644958,4,4,25,25,0.75,0.75,1.0,1.0,nan,nan,nan,nan,nan,nan,1.0,1.0,0.0,0.0,0.16835585236549377,0.16835585236549377
A,981d216aa77c57c0,0,1,0,2.0,9,9,0,0.0,0.0,0.0,unchanged,9,9,9,keep_incumbent,9,9,9,keep_incumbent,0,0,0,0,0,0,0,0,0,0,0,0,nan,nan,nan,nan,nan,nan,nan,nan,0,0,0,0,0.5,0.6666666666666666,0.8333333333333334,1.0,nan,nan,nan,nan,nan,nan,1.0,1.0,1.0,1.0,0.027740998193621635,0.0295756496489048
A,983da450ade35061,1,1,1,0.0,8,8,0,10.377175456960686,10.377175456960686,0.0,unchanged,18,5,5,structural,18,5,5,structural,0,0,0,0,0,0,0,0,0,0,0,0,nan,nan,0.0,0.0,0.0,0.0,0.0,0.0,0,0,0,0,0.3333333333333333,0.3333333333333333,0.4444444444444444,0.4444444444444444,nan,nan,nan,nan,nan,nan,1.0,1.0,0.0,0.0,0.9010234475135803,0.9010234475135803
A,98cd68329a08585a,0,1,0,8.0,21,21,0,19795.917714855284,19795.917714855284,0.0,unchanged,21,5,21,inadmissible_anchor_relative,21,5,21,inadmissible_anchor_relative,0,0,0,0,0,0,0,0,0,0,0,0,nan,nan,nan,nan,nan,nan,nan,nan,0,0,0,0,0.56,0.84,0.68,0.96,nan,nan,nan,nan,nan,nan,1.0,1.0,0.0,0.0,0.14281152188777924,0.1777188777923584
A,993b14add9b3537a,1,1,1,0.0,9,9,0,0.0,0.0,0.0,unchanged,9,0,0,structural,9,0,0,structural,0,0,0,0,0,0,0,0,0,0,0,0,nan,nan,0.0,0.0,0.0,0.0,0.0,0.0,0,0,0,0,0.6666666666666666,0.6666666666666666,0.6666666666666666,0.6666666666666666,nan,nan,nan,nan,nan,nan,1.0,1.0,1.0,1.0,0.012354903854429722,0.012354903854429722
A,999c1581d9a353b0,0,1,0,6.0,20,20,0,0.0,0.0,0.0,unchanged,27,24,20,direct_alt,27,24,20,direct_alt,1,1,1,1,1,1,1,1,1,1,1,1,0.0008302704234606217,0.0008302704234606217,0.11361229419708252,0.20764727890491486,1.126487374305725,1.3135114908218384,1.0550631284713745,1.172722339630127,6,7,7,7,0.5,0.6666666666666666,0.8333333333333334,1.0,nan,nan,nan,nan,nan,nan,1.0,1.0,0.0,0.0,0.12229686975479126,0.14540085196495056
A,9aa6916c84db53ed,0,0,6,0.0,22,22,0,1.859175443649292,1.859175443649292,0.0,unchanged,29,6,22,direct_alt,29,6,22,direct_alt,1,1,1,1,1,1,1,1,1,1,1,1,0.002165187320113182,0.002165187320113182,1.88149893283844,1.88149893283844,0.5475873947143555,0.5475873947143555,1.1748039722442627,1.1748039722442627,7,7,26,26,0.75,0.75,1.0,1.0,nan,nan,nan,nan,nan,nan,1.0,1.0,0.0,0.0,0.1249014139175415,0.1249014139175415
A,9b0a7e62dd425620,0,1,0,8.0,5,0,1,29.964549803981527,1.7360276268798316,28.228522177101695,B24_beneficial,21,0,5,direct_alt,21,0,0,keep_incumbent,1,1,1,1,1,1,1,1,1,1,0,0,-0.001411426108855085,nan,2.997990131378174,3.7250211238861084,0.44919073581695557,0.11867155879735947,0.3315405249595642,-3.997244119644165,3,4,1,1,0.5,0.7,0.8,1.0,nan,nan,nan,nan,nan,nan,1.0,1.0,0.0,0.0,0.26950451731681824,0.3283712863922119
A,9c655c1cf9cf51bc,0,1,0,8.0,14,13,1,3.336104803252965,1.6697957622818649,1.6663090409711003,B24_beneficial,18,9,14,direct_alt,18,9,13,direct_alt,1,1,1,1,1,1,1,1,1,1,1,1,0.0017505277785359041,0.001833843230584442,0.1139427199959755,0.344376802444458,0.1339729279279709,1.1638118028640747,0.22580142319202423,1.2473928928375244,3,12,12,12,0.47619047619047616,0.7142857142857143,0.7142857142857143,0.9523809523809523,nan,nan,nan,nan,nan,nan,1.0,1.0,0.0,0.0,0.19043254852294922,0.2375139743089676
A,9d3214ae02d9535f,0,1,0,8.0,18,18,0,-5357.78411943838,-5357.78411943838,0.0,unchanged,18,17,18,adm_inc_to_anchor,18,17,18,inadmissible_anchor_relative,1,0,0,0,0,0,0,0,0,0,0,0,nan,nan,nan,nan,nan,nan,nan,nan,0,0,0,0,0.5,0.5,1.0,1.0,nan,nan,nan,nan,nan,nan,1.0,1.0,0.0,0.0,0.019565319642424583,0.07501247525215149
A,9d9ed79dc1225481,0,1,0,8.0,13,13,0,8881.740877301432,8881.740877301432,0.0,unchanged,13,1,13,adm_inc_to_anchor,13,1,13,adm_inc_to_anchor,1,1,0,0,0,0,0,0,0,0,0,0,nan,nan,nan,nan,nan,nan,nan,nan,0,0,0,0,0.5357142857142857,0.75,0.7857142857142857,1.0,nan,nan,nan,nan,nan,nan,1.0,1.0,1.0,1.0,0.6519779562950134,0.8090135455131531
A,9db9c693216f5a36,0,1,0,8.0,18,12,1,0.0,19810.561754763068,-19810.561754763068,B24_harmful,22,17,18,direct_alt,22,17,12,direct_alt,1,1,0,0,0,0,0,0,0,0,0,0,0.0,-0.9905280877381535,3.244218111038208,1.0289441347122192,0.7887605428695679,0.8727794289588928,0.57379549741745,0.11980905383825302,5,14,0,0,0.5555555555555556,0.8333333333333334,0.7222222222222222,1.0,nan,nan,nan,nan,nan,nan,1.0,1.0,0.0,0.0,0.37653636932373047,0.47252580523490906
A,9de9d904c85456f4,0,1,0,8.0,9,9,0,0.0,0.0,0.0,unchanged,9,0,9,adm_inc_to_anchor,9,0,9,adm_inc_to_anchor,1,1,0,0,0,0,0,0,0,0,0,0,nan,nan,nan,nan,nan,nan,nan,nan,0,0,0,0,0.6666666666666666,1.0,0.6666666666666666,1.0,nan,nan,nan,nan,nan,nan,1.0,1.0,1.0,1.0,0.04826072230935097,0.05796763673424721
A,9e34c7706b1d5ef6,0,1,0,8.0,0,0,0,0.19479432329535484,0.19479432329535484,0.0,unchanged,0,5,0,inadmissible_anchor_relative,0,5,0,inadmissible_anchor_relative,0,0,0,0,0,0,0,0,0,0,0,0,nan,nan,nan,nan,nan,nan,nan,nan,0,0,0,0,0.3,0.5,0.8,1.0,nan,nan,nan,nan,nan,nan,1.0,1.0,0.0,0.0,0.548374354839325,0.6783832907676697
A,9e91992e2377569a,0,0,6,0.0,17,17,0,207.72059351205826,207.72059351205826,0.0,unchanged,2,15,17,direct_alt,2,15,17,direct_alt,1,1,1,1,1,1,0,0,0,0,0,0,-0.007748275871761079,-0.007748275871761079,1.431431770324707,1.431431770324707,0.4160824120044708,0.4160824120044708,0.7950557470321655,0.7950557470321655,3,3,12,12,0.7142857142857143,0.7142857142857143,1.0,1.0,nan,nan,nan,nan,nan,nan,1.0,1.0,0.0,0.0,0.10918917506933212,0.10918917506933212
A,9eb45b77b1ae5bd5,0,0,6,0.0,0,0,0,0.5243635382503271,0.5243635382503271,0.0,unchanged,22,11,0,direct_alt,22,11,0,direct_alt,1,1,1,1,1,1,0,0,0,0,0,0,-2.4140166398138076e-05,-2.4140166398138076e-05,1.8032827377319336,1.8032827377319336,0.12208040803670883,0.12208040803670883,0.07253266870975494,0.07253266870975494,2,2,1,1,1.0,1.0,1.0,1.0,nan,nan,nan,nan,nan,nan,1.0,1.0,0.0,0.0,0.16583742201328278,0.16583742201328278
A,9ec3b36cbc92508c,0,1,0,8.0,19,19,0,4.784550930678961,4.784550930678961,0.0,unchanged,26,22,19,direct_alt,26,22,19,direct_alt,1,1,1,1,1,1,1,1,1,1,1,1,8.260726962472376e-05,8.260726962472376e-05,0.8328111171722412,1.021815538406372,0.7075209617614746,1.0184303522109985,0.5973834991455078,0.8228627443313599,8,10,4,4,0.4074074074074074,0.6666666666666666,0.7407407407407407,1.0,nan,nan,nan,nan,nan,nan,1.0,1.0,0.0,0.0,0.12226909399032593,0.1540151834487915
A,9f4100bbd9675f76,0,1,0,8.0,16,2,1,19792.682599848136,0.0,19792.682599848136,B24_beneficial,0,3,16,direct_alt,0,3,2,direct_alt,1,1,1,1,1,1,1,1,1,1,1,1,0.00011851162322584763,0.9897526416156326,2.4127094745635986,2.0499320030212402,0.26047825813293457,0.41580259799957275,0.1925443410873413,0.3523668050765991,2,4,20,20,0.6111111111111112,0.8333333333333334,0.7777777777777778,1.0,nan,nan,nan,nan,nan,nan,1.0,1.0,0.0,0.0,0.14765025675296783,0.18362046778202057
A,9f5fef19072a5d55,0,1,0,8.0,1,1,0,356.89733283477835,356.89733283477835,0.0,unchanged,16,1,1,keep_incumbent,16,1,1,keep_incumbent,1,1,0,0,0,0,0,0,0,0,0,0,nan,nan,2.1425812244415283,1.7676268815994263,-2.3386178016662598,-2.693695306777954,-8.219450950622559,-8.81110954284668,0,0,0,0,0.5185185185185185,0.7037037037037037,0.7407407407407407,0.9259259259259259,nan,nan,nan,nan,nan,nan,1.0,1.0,0.0,0.0,0.5931946635246277,0.7363814115524292
A,9f746202717e5ca1,0,1,0,8.0,4,29,1,3.2320951633155346,0.018322311341762543,3.213772851973772,B24_beneficial,4,18,4,inadmissible_anchor_relative,29,18,29,adm_inc_to_anchor,0,1,0,1,0,0,0,0,0,0,0,0,nan,nan,nan,nan,nan,nan,nan,nan,0,0,0,1,0.35714285714285715,0.5714285714285714,0.6428571428571429,0.8571428571428571,nan,nan,nan,nan,nan,nan,0.0,1.0,0.0,1.0,0.026231402531266212,0.03137129172682762
A,9f9042a5f94b5bd6,0,1,0,8.0,20,20,0,19782.347081248183,19782.347081248183,0.0,unchanged,20,7,20,inadmissible_anchor_relative,20,7,20,inadmissible_anchor_relative,0,0,0,0,0,0,0,0,0,0,0,0,nan,nan,nan,nan,nan,nan,nan,nan,0,0,0,0,0.5172413793103449,0.7931034482758621,0.6896551724137931,0.9655172413793104,nan,nan,nan,nan,nan,nan,1.0,1.0,0.0,0.0,0.09632819145917892,0.11576051265001297
A,9fa32c5cd6f85cc8,0,1,0,8.0,19,19,0,46026.557295979,46026.557295979,0.0,unchanged,19,4,19,adm_inc_to_anchor,19,4,19,adm_inc_to_anchor,1,1,0,0,0,0,0,0,0,0,0,0,nan,nan,nan,nan,nan,nan,nan,nan,0,0,0,0,0.5384615384615384,0.5384615384615384,1.0,1.0,nan,nan,nan,nan,nan,nan,1.0,1.0,1.0,1.0,0.01619548164308071,0.02013619802892208
A,a031a61cb63552a7,0,1,0,8.0,17,17,0,0.0,0.0,0.0,unchanged,17,0,17,inadmissible_anchor_relative,17,0,17,inadmissible_anchor_relative,0,0,0,0,0,0,0,0,0,0,0,0,nan,nan,nan,nan,nan,nan,nan,nan,0,0,0,0,0.5384615384615384,0.8076923076923077,0.7307692307692307,1.0,nan,nan,nan,nan,nan,nan,1.0,1.0,0.0,0.0,0.14250065386295319,0.1772046685218811
A,a040d7b7b6b05d66,0,1,0,4.0,22,23,1,0.8544748201966286,3.6798581296461634,-2.825383309449535,B24_harmful,26,23,22,direct_alt,26,23,23,keep_incumbent,1,1,1,1,1,1,1,1,1,1,1,0,0.000141269165472524,nan,1.7343685626983643,2.5847718715667725,0.19415199756622314,0.04964929446578026,0.056022658944129944,-3.8918797969818115,2,1,7,7,0.6428571428571429,0.6428571428571429,1.0,1.0,nan,nan,nan,nan,nan,nan,1.0,1.0,0.0,0.0,0.23121832311153412,0.2608581781387329
A,a28b124a45525c84,0,1,0,8.0,20,19,1,-15560.080626936804,-15559.33224211447,-0.7483848223346286,B24_harmful,12,10,20,direct_alt,12,10,19,direct_alt,1,1,1,1,1,1,1,1,1,1,1,1,0.00019195265985039178,0.0001545334187336156,0.8674173355102539,0.8581864833831787,0.1387004852294922,0.2740589380264282,0.11957508325576782,0.1389356255531311,5,6,8,8,0.55,0.8,0.75,1.0,nan,nan,nan,nan,nan,nan,1.0,1.0,0.0,0.0,0.15085290372371674,0.18770405650138855
A,a3121a07d5865c3e,0,0,6,0.0,11,11,0,0.0,0.0,0.0,unchanged,24,19,11,direct_alt,24,19,11,direct_alt,1,1,1,1,1,1,1,1,1,1,1,1,6.735150640597553e-05,6.735150640597553e-05,1.3975428342819214,1.3975428342819214,0.03386896103620529,0.03386896103620529,0.09840137511491776,0.09840137511491776,1,1,3,3,0.875,0.875,1.0,1.0,nan,nan,nan,nan,nan,nan,1.0,1.0,0.0,0.0,0.11428441107273102,0.11428441107273102
A,a32daf5775515830,0,1,0,8.0,4,4,0,451.06142362684477,451.06142362684477,0.0,unchanged,4,15,4,inadmissible_anchor_relative,4,15,4,inadmissible_anchor_relative,0,0,0,0,0,0,0,0,0,0,0,0,nan,nan,nan,nan,nan,nan,nan,nan,0,0,0,0,0.6842105263157895,0.8421052631578947,0.8421052631578947,1.0,nan,nan,nan,nan,nan,nan,1.0,1.0,0.0,0.0,0.13359715044498444,0.16609534621238708
A,a47f3e4b19ef50c8,0,1,0,8.0,3,3,0,31824.321473642194,31824.321473642194,0.0,unchanged,3,4,3,adm_inc_to_anchor,3,4,3,adm_inc_to_anchor,1,1,0,0,0,0,0,0,0,0,0,0,nan,nan,nan,nan,nan,nan,nan,nan,0,0,0,0,0.47619047619047616,0.6666666666666666,0.8095238095238095,1.0,nan,nan,nan,nan,nan,nan,1.0,1.0,1.0,1.0,0.49663567543029785,0.6169376969337463
A,a4ad4f9e82b553b9,0,1,0,8.0,19,20,1,0.0,0.2885648239753209,-0.2885648239753209,B24_harmful,0,20,19,direct_alt,0,20,20,keep_incumbent,1,1,1,1,1,1,1,1,1,1,1,0,1.4428241198682912e-05,nan,2.784433603286743,3.9388492107391357,0.4428270757198334,-0.025489458814263344,0.4340040385723114,-3.9762985706329346,6,5,1,1,0.5625,0.8125,0.75,1.0,nan,nan,nan,nan,nan,nan,1.0,1.0,0.0,0.0,0.22353146970272064,0.2780034840106964
A,a54dea4e45b35202,0,1,0,8.0,9,9,0,80003.10074997265,80003.10074997265,0.0,unchanged,9,4,9,inadmissible_anchor_relative,9,7,9,inadmissible_anchor_relative,0,0,0,0,0,0,0,0,0,0,0,0,nan,nan,nan,nan,nan,nan,nan,nan,0,0,0,0,0.5217391304347826,0.7391304347826086,0.7391304347826086,0.9565217391304348,nan,nan,nan,nan,nan,nan,1.0,1.0,0.0,0.0,0.22398637235164642,0.2747056484222412
A,a674c7cfcd625043,0,1,0,8.0,5,5,0,70.91235020756721,70.91235020756721,0.0,unchanged,5,3,5,inadmissible_anchor_relative,5,3,5,inadmissible_anchor_relative,0,0,0,0,0,0,0,0,0,0,0,0,nan,nan,nan,nan,nan,nan,nan,nan,0,0,0,0,0.5882352941176471,0.8235294117647058,0.6470588235294118,0.8823529411764706,nan,nan,nan,nan,nan,nan,1.0,1.0,0.0,0.0,0.5215470194816589,0.6396150588989258
A,a6780247a3b75d84,0,1,0,8.0,4,2,1,42288.73806938529,43269.22160118818,-980.4835318028927,B24_harmful,1,2,4,direct_alt,1,2,2,keep_incumbent,1,1,1,1,1,1,1,0,1,0,1,0,0.04902417659014491,nan,1.327347755432129,1.832485318183899,2.1868062019348145,-0.9560691118240356,1.5489439964294434,-7.2356343269348145,1,0,2,2,0.45454545454545453,0.7272727272727273,0.7272727272727273,1.0,nan,nan,nan,nan,nan,nan,1.0,1.0,0.0,0.0,0.5466079711914062,0.6757150292396545
A,a75a843a573d5d2a,0,1,0,8.0,9,9,0,10762.831936829723,10762.831936829723,0.0,unchanged,9,5,9,inadmissible_anchor_relative,9,5,9,inadmissible_anchor_relative,0,0,0,0,0,0,0,0,0,0,0,0,nan,nan,nan,nan,nan,nan,nan,nan,0,0,0,0,0.7142857142857143,0.9047619047619048,0.8095238095238095,1.0,nan,nan,nan,nan,nan,nan,1.0,1.0,0.0,0.0,0.18441420793533325,0.22618509829044342
A,a77e6d758bc451ad,0,1,0,6.0,6,6,0,0.0,0.0,0.0,unchanged,13,6,6,keep_incumbent,13,6,6,keep_incumbent,1,1,0,0,0,0,0,0,0,0,0,0,nan,nan,0.7061094045639038,0.719598650932312,-1.083689570426941,-1.0475049018859863,-6.104598045349121,-5.92894983291626,0,0,0,0,0.3333333333333333,0.6666666666666666,0.6666666666666666,1.0,nan,nan,nan,nan,nan,nan,1.0,1.0,0.0,0.0,0.07847291976213455,0.08932551741600037
A,a79ccd4657d25e84,0,1,0,8.0,2,7,1,0.0,72806.97311092168,-72806.97311092168,B24_harmful,7,2,2,keep_incumbent,7,2,7,inadmissible_anchor_relative,1,0,0,0,0,0,0,0,0,0,0,0,nan,nan,0.5680739283561707,nan,-0.777489423751831,nan,-4.011836051940918,nan,0,0,0,0,0.4074074074074074,0.6666666666666666,0.6666666666666666,0.9259259259259259,nan,nan,nan,nan,nan,nan,1.0,1.0,0.0,0.0,0.12175633758306503,0.5572690963745117
A,a83489eecce657ae,1,1,1,0.0,21,21,0,47001.829503389774,47001.829503389774,0.0,unchanged,21,6,6,structural,21,6,6,structural,0,0,0,0,0,0,0,0,0,0,0,0,nan,nan,0.0,0.0,0.0,0.0,0.0,0.0,0,0,0,0,0.5172413793103449,0.5172413793103449,0.5862068965517241,0.5862068965517241,nan,nan,nan,nan,nan,nan,1.0,1.0,1.0,1.0,0.7209848165512085,0.7209848165512085
A,a84d6c601b0953fc,0,1,0,6.0,5,5,0,5146.151216883911,5146.151216883911,0.0,unchanged,5,0,5,inadmissible_anchor_relative,5,0,5,inadmissible_anchor_relative,0,0,0,0,0,0,0,0,0,0,0,0,nan,nan,nan,nan,nan,nan,nan,nan,0,0,0,0,0.5714285714285714,0.5714285714285714,1.0,1.0,nan,nan,nan,nan,nan,nan,1.0,1.0,0.0,0.0,0.18198247253894806,0.2133714258670807
A,a8b3401e52045019,0,1,0,8.0,18,20,1,0.30239908769726753,1.3297185264527798,-1.0273194387555122,B24_harmful,0,21,18,direct_alt,0,21,20,direct_alt,1,1,1,1,1,1,1,1,1,1,1,0,5.13659719376669e-05,0.0,1.8971879482269287,2.1129887104034424,0.3856591582298279,-0.23379108309745789,0.2546072006225586,0.1839027851819992,6,6,4,4,0.6875,0.9375,0.75,1.0,nan,nan,nan,nan,nan,nan,1.0,1.0,0.0,0.0,0.2534712255001068,0.3150722086429596
A,a9a4f417457c59d6,0,1,0,8.0,7,7,0,0.0,0.0,0.0,unchanged,22,7,7,keep_incumbent,22,7,7,keep_incumbent,1,1,0,0,0,0,0,0,0,0,0,0,nan,nan,0.4731232523918152,1.2285674810409546,-1.4683412313461304,-0.6662638187408447,-6.4256720542907715,-5.628477573394775,0,0,0,0,0.5789473684210527,0.8947368421052632,0.6842105263157895,1.0,nan,nan,nan,nan,nan,nan,1.0,1.0,0.0,0.0,0.12297064810991287,0.15455852448940277
A,a9af7ee6e8775c2b,0,1,0,4.0,1,1,0,0.7322039131540805,0.7322039131540805,0.0,unchanged,1,21,1,inadmissible_anchor_relative,1,21,1,inadmissible_anchor_relative,0,0,0,0,0,0,0,0,0,0,0,0,nan,nan,nan,nan,nan,nan,nan,nan,0,0,0,0,0.6,0.7,0.9,1.0,nan,nan,nan,nan,nan,nan,1.0,1.0,0.0,0.0,0.33155038952827454,0.37433329224586487
A,aa4c80f95f685001,1,1,1,0.0,9,9,0,15627.228808939457,15627.228808939457,0.0,unchanged,9,0,0,structural,9,0,0,structural,0,0,0,0,0,0,0,0,0,0,0,0,nan,nan,0.0,0.0,0.0,0.0,0.0,0.0,0,0,0,0,0.7,0.7,0.9,0.9,nan,nan,nan,nan,nan,nan,1.0,1.0,1.0,1.0,0.018213709816336632,0.018213709816336632
A,abb28ef0176f5a50,0,1,0,8.0,17,17,0,0.0,0.0,0.0,unchanged,17,11,17,adm_inc_to_anchor,17,0,17,inadmissible_anchor_relative,1,0,0,0,0,0,0,0,0,0,0,0,nan,nan,nan,nan,nan,nan,nan,nan,0,0,0,0,0.5,0.7333333333333333,0.6666666666666666,0.9,nan,nan,nan,nan,nan,nan,1.0,1.0,0.0,0.0,0.04651850834488869,0.17638570070266724
A,acb8b30ee25c54a0,0,1,0,8.0,17,19,1,0.02317490056157112,3.0714775770902634,-3.0483026765286922,B24_harmful,25,6,17,direct_alt,25,6,19,direct_alt,1,1,1,1,1,1,1,1,1,1,1,1,0.0002562610261143128,0.00010384589228795704,3.944108486175537,2.611422300338745,1.3235548734664917,1.0925551652908325,0.6622748970985413,0.8123189210891724,16,18,16,16,0.7272727272727273,0.7272727272727273,1.0,1.0,nan,nan,nan,nan,nan,nan,1.0,1.0,0.0,0.0,0.3006230294704437,0.3687054216861725
A,ad514f2eaabb50b6,0,1,0,8.0,9,9,0,7.8297352906665765,7.8297352906665765,0.0,unchanged,18,9,9,keep_incumbent,18,9,9,keep_incumbent,1,1,1,1,1,1,0,1,0,0,0,0,nan,nan,1.5084645748138428,0.9897968173027039,-0.635327935218811,-1.1504881381988525,-5.031999111175537,-5.544524669647217,0,0,9,9,0.46153846153846156,0.7307692307692307,0.7307692307692307,1.0,nan,nan,nan,nan,nan,nan,1.0,1.0,0.0,0.0,0.5049064755439758,0.6274842619895935
A,ad6a0a8a542f5270,0,1,0,8.0,19,17,1,0.4759627040475607,0.08198234438896179,0.3939803596585989,B24_beneficial,24,20,19,direct_alt,24,20,17,direct_alt,1,1,1,1,1,1,1,1,1,1,1,1,0.0003825833315960203,0.00040228234957906395,1.139743685722351,0.6187345385551453,0.5704107284545898,0.573310136795044,0.49267467856407166,0.40902501344680786,6,7,14,14,0.5555555555555556,0.7222222222222222,0.8333333333333334,1.0,nan,nan,nan,nan,nan,nan,1.0,1.0,0.0,0.0,0.16034476459026337,0.19252394139766693
A,afa2725abcff51b0,0,0,6,0.0,2,2,0,2.940054565668106,2.940054565668106,0.0,unchanged,27,2,2,keep_incumbent,27,2,2,keep_incumbent,1,1,1,1,1,1,0,0,0,0,0,0,nan,nan,2.036578416824341,2.036578416824341,-0.06034129858016968,-0.06034129858016968,-4.862995624542236,-4.862995624542236,0,0,6,6,1.0,1.0,1.0,1.0,nan,nan,nan,nan,nan,nan,1.0,1.0,0.0,0.0,0.17055156826972961,0.17055156826972961
A,b026a0c476b35753,0,1,0,8.0,18,18,0,0.0,0.0,0.0,unchanged,9,18,18,keep_incumbent,9,18,18,keep_incumbent,1,1,0,0,0,0,0,0,0,0,0,0,nan,nan,2.5836009979248047,2.6479108333587646,-0.14062415063381195,-0.49779725074768066,-4.391810894012451,-4.2716851234436035,0,0,0,0,0.6363636363636364,0.7272727272727273,0.9090909090909091,1.0,nan,nan,nan,nan,nan,nan,1.0,1.0,0.0,0.0,0.13923421502113342,0.1669224351644516
A,b04c939895a558e8,0,0,6,0.0,11,11,0,997.0044809281826,997.0044809281826,0.0,unchanged,11,1,11,adm_inc_to_anchor,11,1,11,adm_inc_to_anchor,1,1,1,1,0,0,0,0,0,0,0,0,nan,nan,nan,nan,nan,nan,nan,nan,0,0,1,1,0.8,0.8,1.0,1.0,nan,nan,nan,nan,nan,nan,1.0,1.0,1.0,1.0,0.0916319265961647,0.0916319265961647
A,b086da3a11cf574a,0,1,0,8.0,28,28,0,4.977580592036247,4.977580592036247,0.0,unchanged,28,0,28,adm_inc_to_anchor,28,0,28,adm_inc_to_anchor,1,1,1,1,0,0,0,0,0,0,0,0,nan,nan,nan,nan,nan,nan,nan,nan,0,0,3,3,0.2727272727272727,0.7272727272727273,0.45454545454545453,0.9090909090909091,nan,nan,nan,nan,nan,nan,1.0,1.0,1.0,1.0,0.03864985331892967,0.04679308459162712
A,b0e9ed07588d523b,0,1,0,8.0,19,19,0,0.4407087042927742,0.4407087042927742,0.0,unchanged,26,19,19,keep_incumbent,26,19,19,keep_incumbent,1,1,1,1,1,1,0,0,0,0,0,0,nan,nan,3.448598861694336,3.5105254650115967,0.013515227474272251,-0.16120468080043793,-5.100924015045166,-4.848417282104492,0,0,1,1,0.5263157894736842,0.8421052631578947,0.6842105263157895,1.0,nan,nan,nan,nan,nan,nan,1.0,1.0,0.0,0.0,0.30667126178741455,0.3853051960468292
A,b0f8c5af88b1573d,0,1,0,8.0,6,6,0,61.54010383784771,61.54010383784771,0.0,unchanged,6,1,6,inadmissible_anchor_relative,6,1,6,inadmissible_anchor_relative,0,0,0,0,0,0,0,0,0,0,0,0,nan,nan,nan,nan,nan,nan,nan,nan,0,0,0,0,0.30303030303030304,0.5454545454545454,0.6363636363636364,0.8787878787878788,nan,nan,nan,nan,nan,nan,1.0,1.0,0.0,0.0,0.19672136008739471,0.24401584267616272
A,b11a32a89c2d552d,0,1,0,8.0,0,0,0,29720.82650901936,29720.82650901936,0.0,unchanged,0,16,0,inadmissible_anchor_relative,0,16,0,adm_inc_to_anchor,0,1,0,0,0,0,0,0,0,0,0,0,nan,nan,nan,nan,nan,nan,nan,nan,0,0,0,0,0.4411764705882353,0.6176470588235294,0.6764705882352942,0.8529411764705882,nan,nan,nan,nan,nan,nan,1.0,1.0,1.0,1.0,0.02812277153134346,0.0338689461350441
A,b1d2414cd0d653de,0,1,0,8.0,0,0,0,48931.83636565134,48931.83636565134,0.0,unchanged,0,10,0,inadmissible_anchor_relative,0,2,0,inadmissible_anchor_relative,0,0,0,0,0,0,0,0,0,0,0,0,nan,nan,nan,nan,nan,nan,nan,nan,0,0,0,0,0.4,0.7,0.7,1.0,nan,nan,nan,nan,nan,nan,1.0,1.0,0.0,0.0,0.6857169270515442,0.83428955078125
A,b2b46926077a5536,0,1,0,8.0,9,9,0,149.72148009762168,149.72148009762168,0.0,unchanged,9,0,9,adm_inc_to_anchor,9,0,9,adm_inc_to_anchor,1,1,1,1,0,0,0,0,0,0,0,0,nan,nan,nan,nan,nan,nan,nan,nan,0,0,1,1,0.5333333333333333,0.8666666666666667,0.6666666666666666,1.0,nan,nan,nan,nan,nan,nan,1.0,1.0,1.0,1.0,0.09070131927728653,0.1124517098069191
A,b2d1c39a8914595d,0,1,0,8.0,17,0,1,0.017072468996047974,0.12129127979278564,-0.10421881079673767,B24_harmful,17,0,17,adm_inc_to_anchor,17,0,0,keep_incumbent,1,1,0,0,0,0,0,0,0,0,0,0,nan,nan,nan,0.09241379052400589,nan,-1.816259503364563,nan,-6.504655361175537,0,0,0,0,0.7272727272727273,0.7272727272727273,1.0,1.0,nan,nan,nan,nan,nan,nan,1.0,1.0,1.0,0.0,0.03942384198307991,0.0477270670235157
A,b2fc89a9590c56df,0,1,0,8.0,18,18,0,0.0,0.0,0.0,unchanged,9,18,18,keep_incumbent,9,18,18,keep_incumbent,1,1,0,0,0,0,0,0,0,0,0,0,nan,nan,1.8586540222167969,2.1483216285705566,-0.3259653151035309,-0.7952187657356262,-4.209737300872803,-4.252439975738525,0,0,0,0,0.4074074074074074,0.5555555555555556,0.8518518518518519,1.0,nan,nan,nan,nan,nan,nan,1.0,1.0,0.0,0.0,0.15191763639450073,0.18649612367153168
A,b3b3903771825722,0,0,6,0.0,3,3,0,0.5069503784179688,0.5069503784179688,0.0,unchanged,25,7,3,direct_alt,25,7,3,direct_alt,1,1,1,1,1,1,1,1,1,1,1,1,0.0001508599597963567,0.0001508599597963567,2.173353672027588,2.173353672027588,0.8845902681350708,0.8845902681350708,1.6067100763320923,1.6067100763320923,9,9,7,7,0.8,0.8,1.0,1.0,nan,nan,nan,nan,nan,nan,1.0,1.0,0.0,0.0,0.16008023917675018,0.16008023917675018
A,b3b6b83dbac65c5a,0,1,0,8.0,1,1,0,0.0,0.0,0.0,unchanged,14,1,1,keep_incumbent,14,1,1,keep_incumbent,1,1,0,0,0,0,0,0,0,0,0,0,nan,nan,4.902259349822998,4.409267902374268,-0.7553479075431824,0.07278649508953094,-7.932682991027832,-8.382965087890625,0,0,0,0,0.5,0.7142857142857143,0.6785714285714286,0.8928571428571429,nan,nan,nan,nan,nan,nan,1.0,1.0,0.0,0.0,0.8493773937225342,1.0544097423553467
A,b4568fce663a54f5,0,1,0,8.0,9,9,0,0.0,0.0,0.0,unchanged,9,0,9,adm_inc_to_anchor,9,0,9,adm_inc_to_anchor,1,1,0,0,0,0,0,0,0,0,0,0,nan,nan,nan,nan,nan,nan,nan,nan,0,0,0,0,1.0,1.0,1.0,1.0,nan,nan,nan,nan,nan,nan,1.0,1.0,1.0,1.0,0.0374629981815815,0.045923296362161636
A,b467d2a9f00b5989,0,1,0,8.0,6,6,0,-20354.94999765791,-20354.94999765791,0.0,unchanged,6,4,6,adm_inc_to_anchor,6,4,6,adm_inc_to_anchor,1,1,1,1,0,0,0,0,0,0,0,0,nan,nan,nan,nan,nan,nan,nan,nan,0,0,3,3,0.375,0.5,0.875,1.0,nan,nan,nan,nan,nan,nan,1.0,1.0,1.0,1.0,0.047003112733364105,0.059281785041093826
A,b48582df9ae65d35,0,1,0,8.0,9,9,0,3.796880179915888,3.796880179915888,0.0,unchanged,9,0,9,adm_inc_to_anchor,9,0,9,adm_inc_to_anchor,1,1,1,1,0,0,0,0,0,0,0,0,nan,nan,nan,nan,nan,nan,nan,nan,0,0,3,3,0.6666666666666666,1.0,0.6666666666666666,1.0,nan,nan,nan,nan,nan,nan,1.0,1.0,1.0,1.0,0.03695797920227051,0.045946333557367325
A,b4e343bc40f15405,0,0,6,0.0,2,2,0,36367.00470709801,36367.00470709801,0.0,unchanged,4,0,2,direct_alt,4,0,2,direct_alt,1,1,0,0,0,0,0,0,0,0,0,0,-1.8183502353549001,-1.8183502353549001,0.16387483477592468,0.16387483477592468,0.27792370319366455,0.27792370319366455,0.04173758998513222,0.04173758998513222,1,1,0,0,0.6666666666666666,0.6666666666666666,1.0,1.0,nan,nan,nan,nan,nan,nan,1.0,1.0,0.0,0.0,0.10949818789958954,0.10949818789958954
A,b50468986eb25b3b,0,1,0,8.0,4,4,0,0.0,0.0,0.0,unchanged,4,0,4,inadmissible_anchor_relative,4,0,4,inadmissible_anchor_relative,0,0,0,0,0,0,0,0,0,0,0,0,nan,nan,nan,nan,nan,nan,nan,nan,0,0,0,0,0.48148148148148145,0.7407407407407407,0.6296296296296297,0.8888888888888888,nan,nan,nan,nan,nan,nan,1.0,1.0,0.0,0.0,0.08766095340251923,0.2764725983142853
A,b5cad0c6b38852e9,0,1,0,6.0,10,29,1,0.24653583765029907,243.93034228682518,-243.68380644917488,B24_harmful,10,0,10,inadmissible_anchor_relative,29,0,29,adm_inc_to_anchor,0,1,0,1,0,0,0,0,0,0,0,0,nan,nan,nan,nan,nan,nan,nan,nan,0,0,0,2,0.6,0.6,1.0,1.0,nan,nan,nan,nan,nan,nan,0.0,1.0,0.0,1.0,0.024589037522673607,0.026630328968167305
A,b62ef3cac83c5789,0,1,0,8.0,14,14,0,12.486244030296803,12.486244030296803,0.0,unchanged,9,14,14,keep_incumbent,9,14,14,keep_incumbent,1,1,0,0,0,0,0,0,0,0,0,0,nan,nan,1.2913249731063843,1.5436819791793823,-1.2432231903076172,-1.6733763217926025,-4.8917012214660645,-5.250513553619385,0,0,0,0,0.6363636363636364,0.7727272727272727,0.8636363636363636,1.0,nan,nan,nan,nan,nan,nan,1.0,1.0,0.0,0.0,0.07058732956647873,0.08450618386268616
A,b6c8be717e455dff,0,1,0,2.0,10,29,1,0.5389526858925819,0.5573954284191132,-0.01844274252653122,B24_harmful,10,0,10,inadmissible_anchor_relative,29,0,29,adm_inc_to_anchor,0,1,0,1,0,0,0,0,0,0,0,0,nan,nan,nan,nan,nan,nan,nan,nan,0,0,0,2,0.75,0.75,1.0,1.0,nan,nan,nan,nan,nan,nan,0.0,1.0,0.0,1.0,0.025918221101164818,0.02832285314798355
A,b6fc752dcd1f51d6,0,1,0,8.0,18,17,1,0.0,0.6407792139798403,-0.6407792139798403,B24_harmful,29,1,18,direct_alt,29,7,17,direct_alt,1,1,1,1,1,1,1,1,1,1,1,1,0.0005082748202607235,0.00021681260797201674,1.3039186000823975,1.8716191053390503,0.9794014096260071,0.4090351164340973,0.9072989821434021,0.3436306118965149,7,3,11,6,0.75,0.875,0.875,1.0,nan,nan,nan,nan,nan,nan,1.0,1.0,0.0,0.0,0.11543367058038712,0.14571039378643036
A,b6ff06b661105c19,0,1,0,8.0,7,6,1,19849.812958358787,19816.034476578236,33.778481780551374,B24_beneficial,7,6,7,inadmissible_anchor_relative,6,6,6,keep_incumbent,0,0,0,0,0,0,0,0,0,0,0,0,nan,nan,nan,nan,nan,nan,nan,nan,0,0,0,0,0.4117647058823529,0.7058823529411765,0.7058823529411765,1.0,nan,nan,nan,nan,nan,nan,0.0,1.0,0.0,0.0,0.3000860810279846,0.3679874837398529
A,b73b38a9823054c6,0,1,0,8.0,4,21,1,34284.69335252489,34289.299658593955,-4.606306069064885,B24_harmful,4,0,4,inadmissible_anchor_relative,21,13,21,adm_inc_to_anchor,0,1,0,1,0,0,0,0,0,0,0,0,nan,nan,nan,nan,nan,nan,nan,nan,0,0,0,13,0.45454545454545453,0.7272727272727273,0.7272727272727273,1.0,nan,nan,nan,nan,nan,nan,0.0,1.0,0.0,1.0,0.02547883428633213,0.04086381196975708
A,b8e9d365879c5f96,0,1,0,8.0,22,22,0,0.0,0.0,0.0,unchanged,22,7,22,inadmissible_anchor_relative,22,7,22,inadmissible_anchor_relative,0,0,0,0,0,0,0,0,0,0,0,0,nan,nan,nan,nan,nan,nan,nan,nan,0,0,0,0,0.45,0.7,0.75,1.0,nan,nan,nan,nan,nan,nan,1.0,1.0,0.0,0.0,0.15146496891975403,0.1857103556394577
A,b8ea7bb237555fb7,0,1,0,8.0,25,25,0,30766.91238037111,30766.91238037111,0.0,unchanged,25,13,25,inadmissible_anchor_relative,25,13,25,inadmissible_anchor_relative,0,0,0,0,0,0,0,0,0,0,0,0,nan,nan,nan,nan,nan,nan,nan,nan,0,0,0,0,0.56,0.88,0.68,1.0,nan,nan,nan,nan,nan,nan,1.0,1.0,0.0,0.0,0.1890774518251419,0.23192404210567474
A,b93a582f5f6854f0,0,1,0,8.0,9,9,0,0.0,0.0,0.0,unchanged,18,9,9,keep_incumbent,18,9,9,keep_incumbent,1,1,0,0,0,0,0,0,0,0,0,0,nan,nan,2.3966305255889893,2.1726925373077393,-0.5059008002281189,-0.6293308734893799,-5.025833606719971,-5.507875442504883,0,14,0,0,0.6190476190476191,0.9047619047619048,0.7142857142857143,1.0,nan,nan,nan,nan,nan,nan,1.0,1.0,0.0,0.0,0.4539952576160431,0.564220666885376
A,b95eb69beeca5cb1,0,1,0,8.0,15,15,0,0.0,0.0,0.0,unchanged,15,11,15,adm_inc_to_anchor,15,11,15,adm_inc_to_anchor,1,1,0,0,0,0,0,0,0,0,0,0,nan,nan,nan,nan,nan,nan,nan,nan,0,0,0,0,0.45161290322580644,0.7096774193548387,0.6451612903225806,0.9032258064516129,nan,nan,nan,nan,nan,nan,1.0,1.0,1.0,1.0,0.05522238463163376,0.06734670698642731
A,b9c70e8eb7f35ef5,0,1,0,8.0,9,9,0,49273.14292611927,49273.14292611927,0.0,unchanged,9,7,9,adm_inc_to_anchor,9,7,9,adm_inc_to_anchor,1,1,0,0,0,0,0,0,0,0,0,0,nan,nan,nan,nan,nan,nan,nan,nan,0,0,0,0,0.6,0.6,1.0,1.0,nan,nan,nan,nan,nan,nan,1.0,1.0,1.0,1.0,0.037373363971710205,0.04638485237956047
A,b9f2787b09de5e7b,0,1,0,8.0,27,27,0,2.034282694803551,2.034282694803551,0.0,unchanged,21,28,27,direct_alt,21,28,27,direct_alt,1,1,1,1,1,1,1,1,1,1,0,0,-8.786688277018229e-05,-8.786688277018229e-05,3.0335922241210938,3.931891918182373,0.4233681559562683,0.8501502275466919,0.3753598928451538,0.45496654510498047,9,9,1,1,0.6,0.9,0.7,1.0,nan,nan,nan,nan,nan,nan,1.0,1.0,0.0,0.0,0.27579209208488464,0.34662526845932007
A,ba3e4e6df834541f,0,1,0,8.0,11,11,0,73933.7885196954,73933.7885196954,0.0,unchanged,11,4,11,inadmissible_anchor_relative,11,4,11,inadmissible_anchor_relative,0,0,0,0,0,0,0,0,0,0,0,0,nan,nan,nan,nan,nan,nan,nan,nan,0,0,0,0,0.42857142857142855,0.5714285714285714,0.8571428571428571,1.0,nan,nan,nan,nan,nan,nan,1.0,1.0,0.0,0.0,0.1639682650566101,0.20453616976737976
A,bc599701cf1a56f0,0,1,0,8.0,5,27,1,34576.81899961829,21003.04961207509,13573.769387543201,B24_beneficial,5,0,5,inadmissible_anchor_relative,27,0,27,inadmissible_anchor_relative,0,0,0,0,0,0,0,0,0,0,0,0,nan,nan,nan,nan,nan,nan,nan,nan,0,0,0,0,0.2857142857142857,0.7142857142857143,0.5714285714285714,1.0,nan,nan,nan,nan,nan,nan,0.0,1.0,0.0,0.0,0.023815767839550972,0.02895885892212391
A,bcb46399b6085179,0,1,0,8.0,3,6,1,0.0,3.37832900788635,-3.37832900788635,B24_harmful,21,6,3,direct_alt,21,6,6,keep_incumbent,1,1,1,1,1,1,1,1,1,1,1,0,0.00016891645039462944,nan,4.767854690551758,5.519135475158691,-0.24554574489593506,-0.7469586730003357,0.1077347993850708,-5.34395694732666,1,1,7,7,0.6111111111111112,0.9444444444444444,0.6666666666666666,1.0,nan,nan,nan,nan,nan,nan,1.0,1.0,0.0,0.0,0.5402486324310303,0.6714317202568054
A,bd2bf68ab4db5798,0,1,0,8.0,10,10,0,3962.5346221849322,3962.5346221849322,0.0,unchanged,7,10,10,keep_incumbent,7,10,10,keep_incumbent,1,1,1,1,0,0,0,0,0,0,0,0,nan,nan,0.49523255228996277,0.29545554518699646,-0.0714830756187439,-1.3689385652542114,-2.8212509155273438,-3.703009605407715,0,0,6,6,0.34615384615384615,0.6538461538461539,0.5769230769230769,0.8846153846153846,nan,nan,nan,nan,nan,nan,1.0,1.0,0.0,0.0,0.23977532982826233,0.2974066138267517
A,bd3fe71833795c0b,0,1,0,8.0,16,16,0,0.0838761180639267,0.0838761180639267,0.0,unchanged,16,4,16,adm_inc_to_anchor,16,4,16,adm_inc_to_anchor,1,1,0,0,0,0,0,0,0,0,0,0,nan,nan,nan,nan,nan,nan,nan,nan,0,0,0,0,1.0,1.0,1.0,1.0,nan,nan,nan,nan,nan,nan,1.0,1.0,1.0,1.0,0.01443058904260397,0.017973637208342552
A,bd766b356da95b14,0,1,0,8.0,2,2,0,45637.781008510705,45637.781008510705,0.0,unchanged,5,2,2,keep_incumbent,5,2,2,keep_incumbent,1,1,1,1,0,0,0,0,0,0,0,0,nan,nan,1.6216835975646973,1.847095251083374,-1.332148790359497,-2.05938458442688,-4.7166056632995605,-5.193345546722412,0,0,2,2,0.4642857142857143,0.7142857142857143,0.7142857142857143,0.9642857142857143,nan,nan,nan,nan,nan,nan,1.0,1.0,0.0,0.0,0.1608038693666458,0.19956271350383759
A,bd857bada8f25d84,0,1,0,8.0,8,8,0,43344.92834211886,43344.92834211886,0.0,unchanged,8,4,8,inadmissible_anchor_relative,8,4,8,inadmissible_anchor_relative,0,0,0,0,0,0,0,0,0,0,0,0,nan,nan,nan,nan,nan,nan,nan,nan,0,0,0,0,0.4375,0.6875,0.625,0.875,nan,nan,nan,nan,nan,nan,1.0,1.0,0.0,0.0,0.230081707239151,0.2821628153324127
A,bda41ce413ff57c1,0,0,6,0.0,20,20,0,0.615347858518362,0.615347858518362,0.0,unchanged,26,6,20,direct_alt,26,6,20,direct_alt,1,1,1,1,1,1,1,1,1,1,1,1,0.0010315228542313037,0.0010315228542313037,3.1870064735412598,3.1870064735412598,2.0269908905029297,2.0269908905029297,2.061401128768921,2.061401128768921,14,14,20,20,0.75,0.75,1.0,1.0,nan,nan,nan,nan,nan,nan,1.0,1.0,0.0,0.0,0.2628577649593353,0.2628577649593353
A,bda7829e35c0512a,0,1,0,8.0,9,9,0,24644.797623423394,24644.797623423394,0.0,unchanged,9,14,9,adm_inc_to_anchor,9,14,9,adm_inc_to_anchor,1,1,1,1,0,0,0,0,0,0,0,0,nan,nan,nan,nan,nan,nan,nan,nan,0,0,2,2,0.625,0.625,0.875,0.875,nan,nan,nan,nan,nan,nan,1.0,1.0,1.0,1.0,0.02919621951878071,0.03579750284552574
A,be7fff71cfaf5159,0,1,0,8.0,5,5,0,61807.84189462029,61807.84189462029,0.0,unchanged,5,23,5,adm_inc_to_anchor,5,23,5,adm_inc_to_anchor,1,1,1,1,0,0,0,0,0,0,0,0,nan,nan,nan,nan,nan,nan,nan,nan,0,0,1,1,0.23076923076923078,0.7692307692307693,0.46153846153846156,1.0,nan,nan,nan,nan,nan,nan,1.0,1.0,1.0,1.0,0.033393826335668564,0.041489001363515854
A,bf4a1df6758a5139,0,1,0,8.0,20,20,0,23.96187674999237,23.96187674999237,0.0,unchanged,20,19,20,inadmissible_anchor_relative,20,19,20,inadmissible_anchor_relative,0,0,0,0,0,0,0,0,0,0,0,0,nan,nan,nan,nan,nan,nan,nan,nan,0,0,0,0,0.6,0.85,0.75,1.0,nan,nan,nan,nan,nan,nan,1.0,1.0,0.0,0.0,0.14901377260684967,0.18530964851379395
A,bfa2dad3fc5f530f,0,1,0,8.0,0,0,0,24667.755692624953,24667.755692624953,0.0,unchanged,0,11,0,inadmissible_anchor_relative,0,11,0,inadmissible_anchor_relative,0,0,0,0,0,0,0,0,0,0,0,0,nan,nan,nan,nan,nan,nan,nan,nan,0,0,0,0,0.6111111111111112,0.8888888888888888,0.7222222222222222,1.0,nan,nan,nan,nan,nan,nan,1.0,1.0,0.0,0.0,0.42970675230026245,0.5338169932365417
A,bff00229f2f15dae,0,1,0,8.0,7,7,0,18587.19897760637,18587.19897760637,0.0,unchanged,7,12,7,adm_inc_to_anchor,7,0,7,inadmissible_anchor_relative,1,0,0,0,0,0,0,0,0,0,0,0,nan,nan,nan,nan,nan,nan,nan,nan,0,0,0,0,0.5,0.7,0.8,1.0,nan,nan,nan,nan,nan,nan,1.0,1.0,0.0,0.0,0.04465271160006523,0.03167391195893288
A,c011935bff7756d4,0,1,0,8.0,10,10,0,123216.5449848366,123216.5449848366,0.0,unchanged,10,9,10,adm_inc_to_anchor,10,9,10,adm_inc_to_anchor,1,1,0,0,0,0,0,0,0,0,0,0,nan,nan,nan,nan,nan,nan,nan,nan,0,0,0,0,0.46153846153846156,0.5384615384615384,0.9230769230769231,1.0,nan,nan,nan,nan,nan,nan,1.0,1.0,1.0,1.0,0.046825870871543884,0.056625038385391235
A,c0645243ca89598b,0,1,0,8.0,9,5,1,0.0,18.351742796599865,-18.351742796599865,B24_harmful,9,0,9,inadmissible_anchor_relative,5,9,5,adm_inc_to_anchor,0,1,0,0,0,0,0,0,0,0,0,0,nan,nan,nan,nan,nan,nan,nan,nan,0,0,0,0,0.75,0.75,1.0,1.0,nan,nan,nan,nan,nan,nan,0.0,1.0,0.0,1.0,0.016780072823166847,0.03285665810108185
A,c07d855cf41051e0,0,1,0,8.0,17,17,0,9604.717671671337,9604.717671671337,0.0,unchanged,17,0,17,inadmissible_anchor_relative,17,0,17,inadmissible_anchor_relative,0,0,0,0,0,0,0,0,0,0,0,0,nan,nan,nan,nan,nan,nan,nan,nan,0,0,0,0,0.6363636363636364,0.9090909090909091,0.7272727272727273,1.0,nan,nan,nan,nan,nan,nan,1.0,1.0,0.0,0.0,0.16353678703308105,0.20058177411556244
A,c0a29105aa815161,0,1,0,8.0,3,3,0,0.31310932712312933,0.31310932712312933,0.0,unchanged,18,3,3,keep_incumbent,18,3,3,keep_incumbent,1,1,1,1,1,1,0,1,0,1,0,0,nan,nan,3.125405788421631,2.824138641357422,-0.391935259103775,-0.4122631847858429,-5.096269130706787,-5.71588659286499,0,15,1,1,0.3333333333333333,0.6111111111111112,0.7222222222222222,1.0,nan,nan,nan,nan,nan,nan,1.0,1.0,0.0,0.0,0.5505583882331848,0.689389705657959
A,c0d0a85d7a605bda,0,1,0,8.0,18,18,0,19856.297762666363,19856.297762666363,0.0,unchanged,18,9,18,inadmissible_anchor_relative,18,9,18,inadmissible_anchor_relative,0,0,0,0,0,0,0,0,0,0,0,0,nan,nan,nan,nan,nan,nan,nan,nan,0,0,0,0,0.36363636363636365,0.5757575757575758,0.6666666666666666,0.8787878787878788,nan,nan,nan,nan,nan,nan,1.0,1.0,0.0,0.0,0.3946473300457001,0.48417726159095764
A,c18aafd8f1475608,0,0,6,0.0,19,19,0,0.0,0.0,0.0,unchanged,25,19,19,keep_incumbent,25,19,19,keep_incumbent,1,1,0,0,0,0,0,0,0,0,0,0,nan,nan,2.1296441555023193,2.1296441555023193,0.3959932029247284,0.3959932029247284,-4.203319072723389,-4.203319072723389,1,1,0,0,0.7142857142857143,0.7142857142857143,1.0,1.0,nan,nan,nan,nan,nan,nan,1.0,1.0,0.0,0.0,0.2142796516418457,0.2142796516418457
A,c1f2cc81969a5d36,0,1,0,8.0,10,25,1,40523.844639122486,124.06796683371067,40399.776672288775,B24_beneficial,10,7,10,inadmissible_anchor_relative,25,7,25,inadmissible_anchor_relative,0,0,0,0,0,0,0,0,0,0,0,0,nan,nan,nan,nan,nan,nan,nan,nan,0,0,0,0,0.5,0.5,1.0,1.0,nan,nan,nan,nan,nan,nan,0.0,1.0,0.0,0.0,0.03509092703461647,0.04180433973670006
A,c28734501a01508a,0,1,0,8.0,3,3,0,0.0,0.0,0.0,unchanged,18,3,3,keep_incumbent,18,3,3,keep_incumbent,1,1,0,0,0,0,0,0,0,0,0,0,nan,nan,1.3799388408660889,1.7650576829910278,-1.0541480779647827,-2.646658420562744,-5.240118980407715,-6.2409234046936035,0,0,0,0,0.5,0.7916666666666666,0.7083333333333334,1.0,nan,nan,nan,nan,nan,nan,1.0,1.0,0.0,0.0,0.31147053837776184,0.3982589840888977
A,c4ea122fc7ff5120,0,1,0,8.0,3,3,0,0.6879003047943115,0.6879003047943115,0.0,unchanged,9,22,3,direct_alt,9,22,3,direct_alt,1,1,1,1,1,1,1,1,1,1,1,1,9.930981993666599e-05,9.930981993666599e-05,1.0578184127807617,1.9651366472244263,1.1042042970657349,1.4307091236114502,0.9292358756065369,1.1905643939971924,12,10,5,5,0.631578947368421,0.9473684210526315,0.6842105263157895,1.0,nan,nan,nan,nan,nan,nan,1.0,1.0,0.0,0.0,0.09900268912315369,0.1214248463511467
A,c54e15a9e1bd5f98,0,1,0,8.0,10,10,0,49331.29203175563,49331.29203175563,0.0,unchanged,10,0,10,inadmissible_anchor_relative,10,4,10,inadmissible_anchor_relative,0,0,0,0,0,0,0,0,0,0,0,0,nan,nan,nan,nan,nan,nan,nan,nan,0,0,0,0,0.41379310344827586,0.6551724137931034,0.6896551724137931,0.9310344827586207,nan,nan,nan,nan,nan,nan,1.0,1.0,0.0,0.0,0.43271350860595703,0.535876452922821
A,c6b77084dc865e43,0,1,0,8.0,7,7,0,0.0,0.0,0.0,unchanged,7,7,7,keep_incumbent,7,7,7,keep_incumbent,0,0,0,0,0,0,0,0,0,0,0,0,nan,nan,nan,nan,nan,nan,nan,nan,0,0,0,0,0.25,0.625,0.625,1.0,nan,nan,nan,nan,nan,nan,1.0,1.0,1.0,1.0,0.061397355049848557,0.07630674540996552
A,c6fd914f6053560f,0,1,0,8.0,18,17,1,2.4378792624775087,8492.710601618513,-8490.272722356036,B24_harmful,24,20,18,direct_alt,24,20,17,direct_alt,1,1,1,1,0,1,0,1,0,1,0,0,-1.0220671065042097e-06,-0.4245146581849082,0.13113006949424744,0.15480750799179077,-0.09500738233327866,0.5638416409492493,0.12110498547554016,0.7763960361480713,0,4,1,1,0.5185185185185185,0.8148148148148148,0.6666666666666666,0.9629629629629629,nan,nan,nan,nan,nan,nan,1.0,1.0,0.0,0.0,0.06661120802164078,0.0830298438668251
A,c7eaf1b815e75d5e,0,1,0,8.0,3,3,0,17334.099655416794,17334.099655416794,0.0,unchanged,9,3,3,keep_incumbent,9,3,3,keep_incumbent,1,1,0,1,0,0,0,0,0,0,0,0,nan,nan,1.180542230606079,1.670074701309204,-0.9839988946914673,-1.4999772310256958,-5.053194046020508,-5.407321929931641,0,0,0,1,0.52,0.84,0.68,1.0,nan,nan,nan,nan,nan,nan,1.0,1.0,0.0,0.0,0.09456472098827362,0.11891381442546844
A,c85916d8e4985930,0,0,6,0.0,0,0,0,39.705475866794586,39.705475866794586,0.0,unchanged,0,7,0,inadmissible_anchor_relative,0,7,0,inadmissible_anchor_relative,0,0,0,0,0,0,0,0,0,0,0,0,nan,nan,nan,nan,nan,nan,nan,nan,0,0,0,0,0.7272727272727273,0.7272727272727273,1.0,1.0,nan,nan,nan,nan,nan,nan,1.0,1.0,0.0,0.0,0.2019258588552475,0.2019258588552475
A,c8d68a1bc88b5d5d,0,1,0,8.0,4,4,0,701.6033091247082,701.6033091247082,0.0,unchanged,4,12,4,adm_inc_to_anchor,4,0,4,inadmissible_anchor_relative,1,0,0,0,0,0,0,0,0,0,0,0,nan,nan,nan,nan,nan,nan,nan,nan,0,0,0,0,0.5,0.7,0.8,1.0,nan,nan,nan,nan,nan,nan,1.0,1.0,0.0,0.0,0.04050210863351822,0.04989258944988251
A,c93cb12c4fa45a7d,0,1,0,8.0,25,19,1,49227.22679316497,165.9031805495033,49061.323612615466,B24_beneficial,25,19,25,inadmissible_anchor_relative,22,19,19,keep_incumbent,0,1,0,1,0,1,0,1,0,1,0,0,nan,nan,nan,1.7221814393997192,nan,-0.5499507188796997,nan,-4.251795291900635,0,2,0,15,0.5,0.75,0.75,1.0,nan,nan,nan,nan,nan,nan,0.0,1.0,0.0,0.0,0.21066121757030487,0.20230762660503387
A,c940a7c5a3845d27,0,1,0,8.0,10,10,0,37.71838834974915,37.71838834974915,0.0,unchanged,10,16,10,inadmissible_anchor_relative,10,16,10,inadmissible_anchor_relative,0,0,0,0,0,0,0,0,0,0,0,0,nan,nan,nan,nan,nan,nan,nan,nan,0,0,0,0,0.5333333333333333,1.0,0.5333333333333333,1.0,nan,nan,nan,nan,nan,nan,1.0,1.0,0.0,0.0,0.3394598364830017,0.4353134036064148
A,c963b442d7075084,0,1,0,8.0,10,10,0,25854.124563689344,25854.124563689344,0.0,unchanged,10,9,10,inadmissible_anchor_relative,10,9,10,inadmissible_anchor_relative,0,0,0,0,0,0,0,0,0,0,0,0,nan,nan,nan,nan,nan,nan,nan,nan,0,0,0,0,0.5416666666666666,0.875,0.5833333333333334,0.9166666666666666,nan,nan,nan,nan,nan,nan,1.0,1.0,0.0,0.0,0.36535435914993286,0.4543938636779785
A,c984b7695d995f1b,0,0,6,0.0,17,17,0,19794.09702282399,19794.09702282399,0.0,unchanged,27,20,17,direct_alt,27,20,17,direct_alt,1,1,0,0,0,0,0,0,0,0,0,0,-0.9897048511411994,-0.9897048511411994,2.5168371200561523,2.5168371200561523,0.7117581367492676,0.7117581367492676,0.5334035754203796,0.5334035754203796,7,7,0,0,0.7333333333333333,0.7333333333333333,1.0,1.0,nan,nan,nan,nan,nan,nan,1.0,1.0,0.0,0.0,0.3091135621070862,0.3091135621070862
A,c9b7641e54125bc9,0,1,0,8.0,10,10,0,31.455387994647026,31.455387994647026,0.0,unchanged,9,19,10,direct_alt,9,19,10,direct_alt,1,1,0,0,0,0,0,0,0,0,0,0,-0.0015727693997323513,-0.0015727693997323513,0.7626349925994873,1.0885967016220093,0.8936898112297058,1.0108562707901,0.8449714779853821,1.0823211669921875,5,6,0,0,0.5789473684210527,0.8421052631578947,0.6842105263157895,0.9473684210526315,nan,nan,nan,nan,nan,nan,1.0,1.0,0.0,0.0,0.07778842747211456,0.09541742503643036
A,ca925f42451d5ddf,0,1,0,8.0,9,9,0,0.0,0.0,0.0,unchanged,9,0,9,adm_inc_to_anchor,9,0,9,adm_inc_to_anchor,1,1,0,0,0,0,0,0,0,0,0,0,nan,nan,nan,nan,nan,nan,nan,nan,0,0,0,0,0.6666666666666666,1.0,0.6666666666666666,1.0,nan,nan,nan,nan,nan,nan,1.0,1.0,1.0,1.0,0.03856972977519035,0.04728221520781517
A,cc1bb63e13205537,0,1,0,4.0,22,22,0,0.0,0.0,0.0,unchanged,28,1,22,direct_alt,28,1,22,direct_alt,1,1,1,1,1,1,1,1,1,1,1,1,0.00010061329153820964,0.00010061329153820964,2.5195748805999756,2.4834561347961426,0.33842262625694275,0.26334506273269653,0.25779053568840027,0.03598976880311966,6,8,2,2,0.5625,0.6875,0.875,1.0,nan,nan,nan,nan,nan,nan,1.0,1.0,0.0,0.0,0.24240446090698242,0.26810675859451294
A,ce12ec80bbf95417,0,1,0,2.0,10,4,1,123.67780015617609,79.81095347553492,43.866846680641174,B24_beneficial,19,4,10,direct_alt,19,4,4,keep_incumbent,1,1,1,1,1,1,0,0,0,0,0,0,-0.0021933423340319003,nan,3.3966503143310547,4.545925617218018,-0.3494116961956024,-0.29332274198532104,0.13390739262104034,-4.972690105438232,0,0,5,5,0.625,0.625,1.0,1.0,nan,nan,nan,nan,nan,nan,1.0,1.0,0.0,0.0,0.442175030708313,0.4715721309185028
A,ce6b91ba736d572b,0,1,0,8.0,0,0,0,98535.7087768875,98535.7087768875,0.0,unchanged,0,5,0,inadmissible_anchor_relative,0,5,0,inadmissible_anchor_relative,0,0,0,0,0,0,0,0,0,0,0,0,nan,nan,nan,nan,nan,nan,nan,nan,0,0,0,0,0.6,0.7,0.9,1.0,nan,nan,nan,nan,nan,nan,1.0,1.0,0.0,0.0,0.7958247065544128,0.9761925339698792
A,ceb39009d70a5067,0,1,0,8.0,0,7,1,0.0,0.06090667156968266,-0.06090667156968266,B24_harmful,0,24,0,inadmissible_anchor_relative,7,24,7,inadmissible_anchor_relative,0,0,0,0,0,0,0,0,0,0,0,0,nan,nan,nan,nan,nan,nan,nan,nan,0,0,0,0,0.5357142857142857,0.75,0.6785714285714286,0.8928571428571429,nan,nan,nan,nan,nan,nan,0.0,1.0,0.0,0.0,0.05249816179275513,0.06253574788570404
A,d0e80e175fbd5683,0,1,0,4.0,9,9,0,0.0,0.0,0.0,unchanged,9,0,9,adm_inc_to_anchor,9,0,9,adm_inc_to_anchor,1,1,0,0,0,0,0,0,0,0,0,0,nan,nan,nan,nan,nan,nan,nan,nan,0,0,0,0,0.4,0.8,0.6,1.0,nan,nan,nan,nan,nan,nan,1.0,1.0,1.0,1.0,0.025510992854833603,0.02875307947397232
A,d108fe4f44435e0f,0,1,0,8.0,9,9,0,27.141941742505878,27.141941742505878,0.0,unchanged,9,3,9,inadmissible_anchor_relative,9,3,9,inadmissible_anchor_relative,0,0,0,0,0,0,0,0,0,0,0,0,nan,nan,nan,nan,nan,nan,nan,nan,0,0,0,0,0.5238095238095238,0.7619047619047619,0.7619047619047619,1.0,nan,nan,nan,nan,nan,nan,1.0,1.0,0.0,0.0,0.5047944784164429,0.6272355914115906
A,d1dbdc3e0f7b5e0e,1,1,1,0.0,5,5,0,80085.12811602652,80085.12811602652,0.0,unchanged,6,1,1,structural,6,1,1,structural,0,0,0,0,0,0,0,0,0,0,0,0,nan,nan,0.0,0.0,0.0,0.0,0.0,0.0,0,0,0,0,0.4583333333333333,0.4583333333333333,0.75,0.75,nan,nan,nan,nan,nan,nan,1.0,1.0,0.0,0.0,0.15039782226085663,0.15039782226085663
A,d2361658b4545ff1,0,1,0,8.0,18,18,0,0.0,0.0,0.0,unchanged,18,11,18,adm_inc_to_anchor,18,11,18,adm_inc_to_anchor,1,1,0,0,0,0,0,0,0,0,0,0,nan,nan,nan,nan,nan,nan,nan,nan,0,0,0,0,0.4,0.6,0.8,1.0,nan,nan,nan,nan,nan,nan,1.0,1.0,1.0,1.0,0.04371830075979233,0.053112808614969254
A,d23e4529f7d95389,0,0,6,0.0,17,17,0,25828.212462577045,25828.212462577045,0.0,unchanged,17,11,17,inadmissible_anchor_relative,17,11,17,inadmissible_anchor_relative,0,0,0,0,0,0,0,0,0,0,0,0,nan,nan,nan,nan,nan,nan,nan,nan,0,0,0,0,0.8888888888888888,0.8888888888888888,1.0,1.0,nan,nan,nan,nan,nan,nan,1.0,1.0,0.0,0.0,0.18768616020679474,0.18768616020679474
A,d24a893ead1e5296,0,1,0,8.0,9,9,0,0.0,0.0,0.0,unchanged,9,11,9,inadmissible_anchor_relative,9,11,9,inadmissible_anchor_relative,0,0,0,0,0,0,0,0,0,0,0,0,nan,nan,nan,nan,nan,nan,nan,nan,0,0,0,0,0.5882352941176471,0.7647058823529411,0.8235294117647058,1.0,nan,nan,nan,nan,nan,nan,1.0,1.0,0.0,0.0,0.20674830675125122,0.2507275640964508
A,d3150aaa3080523e,0,0,6,0.0,19,19,0,0.9323937739245594,0.9323937739245594,0.0,unchanged,24,19,19,keep_incumbent,24,19,19,keep_incumbent,1,1,1,1,1,1,1,1,1,1,0,0,nan,nan,2.5539612770080566,2.5539612770080566,0.6437059640884399,0.6437059640884399,-4.860063552856445,-4.860063552856445,2,2,3,3,0.75,0.75,1.0,1.0,nan,nan,nan,nan,nan,nan,1.0,1.0,0.0,0.0,0.24225175380706787,0.24225175380706787
A,d534756cd1565a4c,0,1,0,4.0,28,28,0,80809.81190107716,80809.81190107716,0.0,unchanged,28,28,28,keep_incumbent,28,28,28,keep_incumbent,0,0,0,0,0,0,0,0,0,0,0,0,nan,nan,nan,nan,nan,nan,nan,nan,0,0,0,0,0.6153846153846154,0.6923076923076923,0.9230769230769231,1.0,nan,nan,nan,nan,nan,nan,1.0,1.0,0.0,0.0,0.112327441573143,0.12519660592079163
A,d577cff42b0e5095,0,1,0,8.0,0,0,0,128254.5223350944,128254.5223350944,0.0,unchanged,0,1,0,inadmissible_anchor_relative,0,4,0,inadmissible_anchor_relative,0,0,0,0,0,0,0,0,0,0,0,0,nan,nan,nan,nan,nan,nan,nan,nan,0,0,0,0,0.41935483870967744,0.6129032258064516,0.7741935483870968,0.967741935483871,nan,nan,nan,nan,nan,nan,1.0,1.0,0.0,0.0,0.8911250829696655,1.1060676574707031
A,d5e512780b0058d9,0,1,0,8.0,28,28,0,0.9075287419836968,0.9075287419836968,0.0,unchanged,28,0,28,adm_inc_to_anchor,28,0,28,adm_inc_to_anchor,1,1,1,1,0,0,0,0,0,0,0,0,nan,nan,nan,nan,nan,nan,nan,nan,0,0,2,2,0.2,0.6,0.6,1.0,nan,nan,nan,nan,nan,nan,1.0,1.0,1.0,1.0,0.037465404719114304,0.0465877428650856
A,d61f83c7ce6a5760,0,1,0,8.0,16,17,1,0.0,0.16654771416506264,-0.16654771416506264,B24_harmful,9,20,16,direct_alt,9,20,17,direct_alt,1,1,1,1,1,1,1,1,1,1,1,1,0.0003142333395778074,0.00030590595386970065,1.2203935384750366,2.60016131401062,0.3616909086704254,0.7937006950378418,0.5035858750343323,1.0792326927185059,5,5,5,5,0.52,0.84,0.64,0.96,nan,nan,nan,nan,nan,nan,1.0,1.0,0.0,0.0,0.07679041475057602,0.09420932084321976
A,d6e98e7bcf5f526c,0,1,0,8.0,31,31,0,4.103563392534852,4.103563392534852,0.0,unchanged,31,11,31,inadmissible_anchor_relative,31,11,31,inadmissible_anchor_relative,0,0,0,0,0,0,0,0,0,0,0,0,nan,nan,nan,nan,nan,nan,nan,nan,0,0,0,0,0.2727272727272727,0.6363636363636364,0.45454545454545453,0.8181818181818182,nan,nan,nan,nan,nan,nan,1.0,1.0,0.0,0.0,0.038881950080394745,0.04745450243353844
A,d7eaa3f709a45fb5,0,1,0,8.0,10,7,1,49350.76504068263,0.6917390967719257,49350.07330158586,B24_beneficial,10,11,10,adm_inc_to_anchor,10,7,7,keep_incumbent,1,1,1,1,0,0,1,1,0,0,0,0,nan,nan,nan,0.45260173082351685,nan,0.10843896120786667,nan,-3.223804473876953,0,0,10,1,0.5294117647058824,0.8235294117647058,0.6470588235294118,0.9411764705882353,nan,nan,nan,nan,nan,nan,1.0,1.0,1.0,0.0,0.04360157251358032,0.05452502891421318
A,d8c083f426d85142,0,1,0,8.0,17,17,0,49.96053863450652,49.96053863450652,0.0,unchanged,17,2,17,adm_inc_to_anchor,17,2,17,adm_inc_to_anchor,1,1,1,1,0,0,1,1,0,0,0,0,nan,nan,nan,nan,nan,nan,nan,nan,0,0,3,3,0.5333333333333333,1.0,0.5333333333333333,1.0,nan,nan,nan,nan,nan,nan,1.0,1.0,1.0,1.0,0.04036813601851463,0.05185109004378319
A,d9b25186ab9e5340,0,1,0,8.0,15,15,0,0.0,0.0,0.0,unchanged,15,11,15,inadmissible_anchor_relative,15,11,15,inadmissible_anchor_relative,0,0,0,0,0,0,0,0,0,0,0,0,nan,nan,nan,nan,nan,nan,nan,nan,0,0,0,0,0.5,0.85,0.65,1.0,nan,nan,nan,nan,nan,nan,1.0,1.0,0.0,0.0,0.11689294874668121,0.1452227234840393
A,d9ce213174355d0f,0,1,0,8.0,12,18,1,25.179977824911475,18583.41109867394,-18558.23112084903,B24_harmful,12,18,12,inadmissible_anchor_relative,18,18,18,keep_incumbent,0,0,0,0,0,0,0,0,0,0,0,0,nan,nan,nan,nan,nan,nan,nan,nan,0,0,0,0,0.7368421052631579,0.8947368421052632,0.8421052631578947,1.0,nan,nan,nan,nan,nan,nan,0.0,1.0,0.0,0.0,0.08365248143672943,0.10133954882621765
A,dcd51d3eb02b59ae,0,0,6,0.0,17,17,0,0.0,0.0,0.0,unchanged,20,4,17,direct_alt,20,4,17,direct_alt,1,1,1,1,1,1,1,1,1,1,1,1,0.00017681284307036194,0.00017681284307036194,1.8006995916366577,1.8006995916366577,0.5547950863838196,0.5547950863838196,0.7690439820289612,0.7690439820289612,11,11,10,10,0.6,0.6,1.0,1.0,nan,nan,nan,nan,nan,nan,1.0,1.0,0.0,0.0,0.2013302892446518,0.2013302892446518
A,dd7fc9e5acab5ae2,0,1,0,8.0,23,23,0,8.603436946868896,8.603436946868896,0.0,unchanged,10,23,23,keep_incumbent,10,23,23,keep_incumbent,1,1,1,1,0,1,1,1,0,0,0,0,nan,nan,0.6654918789863586,0.8421218395233154,-1.984093189239502,-1.4805752038955688,-5.921686172485352,-5.297095775604248,0,0,10,10,0.55,0.9,0.6,0.95,nan,nan,nan,nan,nan,nan,1.0,1.0,0.0,0.0,0.06163083389401436,0.07600855827331543
A,de0110b0f9875736,0,1,0,8.0,10,10,0,0.0,0.0,0.0,unchanged,10,0,10,adm_inc_to_anchor,10,0,10,adm_inc_to_anchor,1,1,0,0,0,0,0,0,0,0,0,0,nan,nan,nan,nan,nan,nan,nan,nan,0,0,0,0,0.16666666666666666,0.75,0.25,0.8333333333333334,nan,nan,nan,nan,nan,nan,1.0,1.0,1.0,1.0,0.047202110290527344,0.05701214447617531
A,de30b55ee148555c,0,1,0,8.0,7,7,0,49285.88082458309,49285.88082458309,0.0,unchanged,7,12,7,adm_inc_to_anchor,7,12,7,adm_inc_to_anchor,1,1,1,1,0,0,0,0,0,0,0,0,nan,nan,nan,nan,nan,nan,nan,nan,0,0,13,13,0.2727272727272727,0.8181818181818182,0.36363636363636365,0.9090909090909091,nan,nan,nan,nan,nan,nan,1.0,1.0,1.0,1.0,0.05579700693488121,0.06844772398471832
A,de5a282f20c95a0e,0,1,0,8.0,3,5,1,24900.602277487516,35073.64971087237,-10173.047433384854,B24_harmful,17,3,3,keep_incumbent,17,3,5,direct_alt,1,1,1,1,1,1,0,1,0,1,0,0,nan,-0.508652371669243,2.6859898567199707,0.39002084732055664,-0.8863319158554077,1.986378788948059,-5.281961441040039,0.8041557669639587,0,9,7,7,0.48148148148148145,0.6666666666666666,0.7777777777777778,0.9629629629629629,nan,nan,nan,nan,nan,nan,1.0,1.0,0.0,0.0,0.482149213552475,0.6073160171508789
A,df52bfb445bc59e1,0,1,0,8.0,18,18,0,0.0,0.0,0.0,unchanged,18,12,18,adm_inc_to_anchor,18,0,18,inadmissible_anchor_relative,1,0,0,0,0,0,0,0,0,0,0,0,nan,nan,nan,nan,nan,nan,nan,nan,0,0,0,0,0.4,0.8,0.6,1.0,nan,nan,nan,nan,nan,nan,1.0,1.0,0.0,0.0,0.0397338941693306,0.15685445070266724
A,e0786e1b3e955280,0,1,0,8.0,5,5,0,2431.495153351687,2431.495153351687,0.0,unchanged,5,25,5,inadmissible_anchor_relative,5,25,5,inadmissible_anchor_relative,0,0,0,0,0,0,0,0,0,0,0,0,nan,nan,nan,nan,nan,nan,nan,nan,0,0,0,0,0.6875,0.9375,0.75,1.0,nan,nan,nan,nan,nan,nan,1.0,1.0,0.0,0.0,0.035709381103515625,0.043885596096515656
A,e14688ee877c5840,0,1,0,8.0,9,9,0,0.0,0.0,0.0,unchanged,9,0,9,adm_inc_to_anchor,9,0,9,adm_inc_to_anchor,1,1,0,0,0,0,0,0,0,0,0,0,nan,nan,nan,nan,nan,nan,nan,nan,0,0,0,0,1.0,1.0,1.0,1.0,nan,nan,nan,nan,nan,nan,1.0,1.0,1.0,1.0,0.04995289072394371,0.06096671521663666
A,e2e86047050a5012,0,1,0,8.0,12,12,0,49288.19865179155,49288.19865179155,0.0,unchanged,12,0,12,adm_inc_to_anchor,12,0,12,adm_inc_to_anchor,1,1,1,1,0,0,0,0,0,0,0,0,nan,nan,nan,nan,nan,nan,nan,nan,0,0,2,2,0.65,0.75,0.85,0.95,nan,nan,nan,nan,nan,nan,1.0,1.0,1.0,1.0,0.027622023597359657,0.033382344990968704
A,e3591aced7875fe1,0,1,0,8.0,17,17,0,0.004844188690185547,0.004844188690185547,0.0,unchanged,17,11,17,adm_inc_to_anchor,17,11,17,adm_inc_to_anchor,1,1,0,0,0,0,0,0,0,0,0,0,nan,nan,nan,nan,nan,nan,nan,nan,0,0,0,0,0.5384615384615384,0.8461538461538461,0.6538461538461539,0.9615384615384616,nan,nan,nan,nan,nan,nan,1.0,1.0,1.0,1.0,0.05101919546723366,0.06293604522943497
A,e43d6b8f7a1a5732,0,1,0,8.0,20,20,0,0.0,0.0,0.0,unchanged,27,22,20,direct_alt,27,22,20,direct_alt,1,1,1,1,1,1,1,1,1,1,1,1,0.000872785543650334,0.000872785543650334,1.457462191581726,2.3013412952423096,1.4721108675003052,1.7835451364517212,1.451769471168518,2.1638987064361572,8,10,10,10,0.5454545454545454,0.8636363636363636,0.6818181818181818,1.0,nan,nan,nan,nan,nan,nan,1.0,1.0,0.0,0.0,0.08219342678785324,0.10081624239683151
A,e5806cd135e55960,0,1,0,8.0,27,27,0,30835.438319027424,30835.438319027424,0.0,unchanged,27,25,27,inadmissible_anchor_relative,27,24,27,inadmissible_anchor_relative,0,0,0,0,0,0,0,0,0,0,0,0,nan,nan,nan,nan,nan,nan,nan,nan,0,0,0,0,0.6190476190476191,0.9523809523809523,0.6666666666666666,1.0,nan,nan,nan,nan,nan,nan,1.0,1.0,0.0,0.0,0.08529643714427948,0.10301673412322998
A,e6719af0fe205503,0,1,0,8.0,2,2,0,0.0,0.0,0.0,unchanged,19,2,2,keep_incumbent,19,2,2,keep_incumbent,1,1,0,0,0,0,0,0,0,0,0,0,nan,nan,2.1712543964385986,2.2113966941833496,-0.21242748200893402,-0.4543010890483856,-4.85589599609375,-4.855197906494141,0,0,0,0,0.4375,0.5625,0.875,1.0,nan,nan,nan,nan,nan,nan,1.0,1.0,0.0,0.0,0.1703609675168991,0.20903603732585907
A,e67dd59d1873580d,0,1,0,8.0,17,17,0,198129.93986430205,198129.93986430205,0.0,unchanged,17,7,17,inadmissible_anchor_relative,17,7,17,inadmissible_anchor_relative,0,0,0,0,0,0,0,0,0,0,0,0,nan,nan,nan,nan,nan,nan,nan,nan,0,0,0,0,0.2916666666666667,0.5416666666666666,0.6666666666666666,0.9166666666666666,nan,nan,nan,nan,nan,nan,1.0,1.0,0.0,0.0,0.7741945385932922,0.9621526598930359
A,e702f47eb47a5ff0,0,1,0,8.0,4,4,0,0.0,0.0,0.0,unchanged,4,0,4,adm_inc_to_anchor,4,0,4,adm_inc_to_anchor,1,1,0,0,0,0,0,0,0,0,0,0,nan,nan,nan,nan,nan,nan,nan,nan,0,0,0,0,0.47619047619047616,0.7142857142857143,0.7619047619047619,1.0,nan,nan,nan,nan,nan,nan,1.0,1.0,1.0,1.0,0.04238201305270195,0.052705612033605576
A,e706881a0fb55c6a,0,1,0,8.0,19,17,1,212.85907286347356,212.3586860889336,0.5003867745399475,B24_beneficial,26,17,19,direct_alt,26,17,17,keep_incumbent,1,1,0,0,0,0,0,0,0,0,0,0,-2.5019338727005902e-05,nan,3.059691905975342,3.5628812313079834,0.4316433370113373,0.2174123227596283,0.6901082992553711,-3.563600778579712,4,1,0,0,0.5882352941176471,0.6470588235294118,0.9411764705882353,1.0,nan,nan,nan,nan,nan,nan,1.0,1.0,0.0,0.0,0.33101916313171387,0.40602052211761475
A,e7c9b075e92c5ad0,0,1,0,8.0,17,17,0,0.0,0.0,0.0,unchanged,17,11,17,adm_inc_to_anchor,17,11,17,adm_inc_to_anchor,1,1,0,0,0,0,0,0,0,0,0,0,nan,nan,nan,nan,nan,nan,nan,nan,0,0,0,0,0.52,0.84,0.64,0.96,nan,nan,nan,nan,nan,nan,1.0,1.0,1.0,1.0,0.03768315538764,0.0467800609767437
A,e82ea2eadb4750be,0,1,0,8.0,5,5,0,5079.4162126238225,5079.4162126238225,0.0,unchanged,5,20,5,inadmissible_anchor_relative,5,21,5,inadmissible_anchor_relative,0,0,0,0,0,0,0,0,0,0,0,0,nan,nan,nan,nan,nan,nan,nan,nan,0,0,0,0,0.4666666666666667,0.6,0.8,0.9333333333333333,nan,nan,nan,nan,nan,nan,1.0,1.0,0.0,0.0,0.1508944034576416,0.1875658482313156
A,e86c3e1217965c0e,0,1,0,8.0,25,25,0,0.0,0.0,0.0,unchanged,17,25,25,keep_incumbent,17,25,25,keep_incumbent,1,1,0,0,0,0,0,0,0,0,0,0,nan,nan,4.893759250640869,5.022831439971924,-0.9549981951713562,-1.2164666652679443,-5.443782806396484,-5.351572036743164,0,0,0,0,0.6,0.75,0.85,1.0,nan,nan,nan,nan,nan,nan,1.0,1.0,0.0,0.0,0.22553016245365143,0.26870524883270264
A,e913c929a5215b5d,0,1,0,8.0,0,0,0,143.54377712868154,143.54377712868154,0.0,unchanged,3,0,0,keep_incumbent,3,0,0,keep_incumbent,1,1,1,1,1,1,0,0,0,0,0,0,nan,nan,5.750940322875977,5.679196834564209,-0.3328406810760498,-0.6460533142089844,-4.282336711883545,-4.356777667999268,0,0,2,2,0.375,0.4375,0.875,0.9375,nan,nan,nan,nan,nan,nan,1.0,1.0,0.0,0.0,0.38556423783302307,0.46574828028678894
A,e9b63c8e3fb65ac1,0,1,0,6.0,10,29,1,0.45813896507024765,0.0,0.45813896507024765,B24_beneficial,10,0,10,inadmissible_anchor_relative,29,0,29,adm_inc_to_anchor,0,1,0,0,0,0,0,0,0,0,0,0,nan,nan,nan,nan,nan,nan,nan,nan,0,0,0,0,0.5714285714285714,0.5714285714285714,1.0,1.0,nan,nan,nan,nan,nan,nan,0.0,1.0,0.0,1.0,0.023322541266679764,0.023897450417280197
A,ea3ce00894315712,0,1,0,8.0,1,5,1,0.8568093553185463,22514.361638613045,-22513.504829257727,B24_harmful,5,19,1,direct_alt,5,17,5,inadmissible_anchor_relative,1,0,1,0,1,0,1,0,1,0,1,0,0.00019029719864493977,nan,1.3454393148422241,nan,0.5390527248382568,nan,0.31415408849716187,nan,8,0,10,0,0.6,0.8,0.8,1.0,nan,nan,nan,nan,nan,nan,1.0,1.0,0.0,0.0,0.10763998329639435,0.11335834860801697
A,eab38664db475363,1,1,1,0.0,30,30,0,221840.14960625768,221840.14960625768,0.0,unchanged,30,7,7,structural,30,7,7,structural,0,0,0,0,0,0,0,0,0,0,0,0,nan,nan,0.0,0.0,0.0,0.0,0.0,0.0,0,0,0,0,0.391304347826087,0.391304347826087,0.8260869565217391,0.8260869565217391,nan,nan,nan,nan,nan,nan,1.0,1.0,1.0,1.0,0.11972752213478088,0.11972752213478088
A,eaf5bec209705e7b,0,1,0,8.0,9,16,1,0.0,24644.243513584137,-24644.243513584137,B24_harmful,9,9,9,keep_incumbent,16,9,16,inadmissible_anchor_relative,0,0,0,0,0,0,0,0,0,0,0,0,nan,nan,nan,nan,nan,nan,nan,nan,0,0,0,0,0.6666666666666666,0.6666666666666666,1.0,1.0,nan,nan,nan,nan,nan,nan,0.0,1.0,0.0,1.0,0.04027094691991806,0.03785329684615135
A,eb10292ec79e5a07,0,0,6,0.0,16,16,0,0.0,0.0,0.0,unchanged,22,19,16,direct_alt,22,19,16,direct_alt,1,1,1,1,1,1,1,1,1,1,1,1,0.0002995510101317933,0.0002995510101317933,1.7989873886108398,1.7989873886108398,0.7554202079772949,0.7554202079772949,0.6797385215759277,0.6797385215759277,7,7,13,13,0.9090909090909091,0.9090909090909091,1.0,1.0,nan,nan,nan,nan,nan,nan,1.0,1.0,0.0,0.0,0.2261769324541092,0.2261769324541092
A,ecae278a2bc65be0,0,1,0,8.0,1,1,0,-102407.80492947972,-102407.80492947972,0.0,unchanged,1,9,1,inadmissible_anchor_relative,1,2,1,inadmissible_anchor_relative,0,0,0,0,0,0,0,0,0,0,0,0,nan,nan,nan,nan,nan,nan,nan,nan,0,0,0,0,0.4444444444444444,0.6666666666666666,0.7777777777777778,1.0,nan,nan,nan,nan,nan,nan,1.0,1.0,0.0,0.0,0.6462758779525757,0.251478910446167
A,ed3567645220529f,0,1,0,8.0,18,18,0,3503.3093125112355,3503.3093125112355,0.0,unchanged,18,3,18,inadmissible_anchor_relative,18,3,18,inadmissible_anchor_relative,0,0,0,0,0,0,0,0,0,0,0,0,nan,nan,nan,nan,nan,nan,nan,nan,0,0,0,0,0.55,0.75,0.7,0.9,nan,nan,nan,nan,nan,nan,1.0,1.0,0.0,0.0,0.6738121509552002,0.8300690054893494
A,ef1e759546b158ad,0,1,0,8.0,19,19,0,1.6556421369314194,1.6556421369314194,0.0,unchanged,9,19,19,keep_incumbent,9,19,19,keep_incumbent,1,1,0,0,0,0,0,0,0,0,0,0,nan,nan,1.0323258638381958,1.3869218826293945,-0.7198786735534668,-0.8133417963981628,-5.242838382720947,-5.173584461212158,0,0,0,0,0.5238095238095238,0.8571428571428571,0.6190476190476191,0.9523809523809523,nan,nan,nan,nan,nan,nan,1.0,1.0,0.0,0.0,0.1166248470544815,0.1430116891860962
A,ef88a2416dc05e46,0,1,0,8.0,11,11,0,0.12729734927415848,0.12729734927415848,0.0,unchanged,9,18,11,direct_alt,9,18,11,direct_alt,1,1,0,0,0,0,0,0,0,0,0,0,-6.364867463708526e-06,-6.364867463708526e-06,1.5901079177856445,2.352628469467163,1.1076363325119019,1.5818017721176147,0.7527446150779724,1.1980644464492798,9,6,0,0,0.7222222222222222,0.9444444444444444,0.7777777777777778,1.0,nan,nan,nan,nan,nan,nan,1.0,1.0,0.0,0.0,0.06645896285772324,0.0804014652967453
A,efaa0d8dfdc45253,0,1,0,8.0,14,13,1,233.04821160249412,244.1484109889716,-11.10019938647747,B24_harmful,22,31,14,direct_alt,22,31,13,direct_alt,1,1,1,1,1,1,1,1,1,1,1,0,0.00031114840246715403,-0.0002438615668567401,3.978813886642456,3.114259719848633,1.3802571296691895,1.5489920377731323,0.8029969334602356,0.8534429669380188,17,19,16,16,0.5,0.75,0.75,1.0,nan,nan,nan,nan,nan,nan,1.0,1.0,0.0,0.0,0.30342087149620056,0.37834981083869934
A,f03d05763efc5438,0,1,0,8.0,22,24,1,15.984018337680027,56.13778561423533,-40.1537672765553,B24_harmful,24,22,22,keep_incumbent,24,22,24,inadmissible_anchor_relative,1,0,1,0,1,0,1,0,0,0,0,0,nan,nan,0.9029250144958496,nan,-1.8870456218719482,nan,-5.986599922180176,nan,0,0,15,0,0.6875,0.9375,0.75,1.0,nan,nan,nan,nan,nan,nan,1.0,1.0,0.0,0.0,0.06394685059785843,0.10858391225337982
A,f06d229fc13b5388,0,1,0,8.0,9,17,1,64.67454700637609,3.9175843000411987,60.75696270633489,B24_beneficial,9,17,9,adm_inc_to_anchor,9,17,17,keep_incumbent,1,1,1,1,0,1,0,0,0,0,0,0,nan,nan,nan,0.0029236094560474157,nan,1.9775276184082031,nan,-5.622299671173096,0,0,5,5,0.6666666666666666,1.0,0.6666666666666666,1.0,nan,nan,nan,nan,nan,nan,1.0,1.0,1.0,0.0,0.023628003895282745,0.028980813920497894
A,f077577498bf5e52,0,1,0,8.0,1,1,0,61063.3125166933,61063.3125166933,0.0,unchanged,1,0,1,adm_inc_to_anchor,1,0,1,adm_inc_to_anchor,1,1,0,0,0,0,0,0,0,0,0,0,nan,nan,nan,nan,nan,nan,nan,nan,0,0,0,0,0.3793103448275862,0.6551724137931034,0.6206896551724138,0.896551724137931,nan,nan,nan,nan,nan,nan,1.0,1.0,1.0,1.0,0.2195120006799698,0.27076128125190735
A,f17e2640d97c5918,0,0,6,0.0,0,0,0,0.0,0.0,0.0,unchanged,0,0,0,keep_incumbent,0,0,0,keep_incumbent,0,0,0,0,0,0,0,0,0,0,0,0,nan,nan,nan,nan,nan,nan,nan,nan,0,0,0,0,0.3333333333333333,0.3333333333333333,1.0,1.0,nan,nan,nan,nan,nan,nan,1.0,1.0,0.0,0.0,0.12475103884935379,0.12475103884935379
A,f1e031d4d13855af,0,0,6,0.0,3,3,0,0.0,0.0,0.0,unchanged,25,11,3,direct_alt,25,11,3,direct_alt,1,1,1,1,1,1,1,1,1,1,1,1,9.7642170824086e-05,9.7642170824086e-05,2.2199509143829346,2.2199509143829346,0.5177505016326904,0.5177505016326904,0.27930858731269836,0.27930858731269836,5,5,4,4,0.7142857142857143,0.7142857142857143,1.0,1.0,nan,nan,nan,nan,nan,nan,1.0,1.0,0.0,0.0,0.18652614951133728,0.18652614951133728
A,f21cd33b43775489,0,1,0,8.0,9,9,0,1.6746947700157762,1.6746947700157762,0.0,unchanged,9,12,9,inadmissible_anchor_relative,9,0,9,inadmissible_anchor_relative,0,0,0,0,0,0,0,0,0,0,0,0,nan,nan,nan,nan,nan,nan,nan,nan,0,0,0,0,0.42857142857142855,0.5714285714285714,0.8571428571428571,1.0,nan,nan,nan,nan,nan,nan,1.0,1.0,0.0,0.0,0.040015675127506256,0.1372421830892563
A,f2da87abfbab54be,0,1,0,4.0,6,6,0,20.079906187951565,20.079906187951565,0.0,unchanged,6,12,6,inadmissible_anchor_relative,6,12,6,inadmissible_anchor_relative,0,0,0,0,0,0,0,0,0,0,0,0,nan,nan,nan,nan,nan,nan,nan,nan,0,0,0,0,0.631578947368421,0.6842105263157895,0.9473684210526315,1.0,nan,nan,nan,nan,nan,nan,1.0,1.0,0.0,0.0,0.4355802536010742,0.48546308279037476
A,f36faeba8a525a66,0,1,0,2.0,21,7,1,1.5905774489510804,4.326883872709004,-2.7363064237579238,B24_harmful,9,21,21,keep_incumbent,9,21,7,direct_alt,1,1,1,1,1,1,0,0,0,0,0,0,nan,-0.00013681532118789614,1.4698961973190308,0.5924565196037292,-0.5163652300834656,-0.14112639427185059,-4.264535903930664,0.021015753969550133,0,0,13,13,0.7142857142857143,0.8571428571428571,0.8571428571428571,1.0,nan,nan,nan,nan,nan,nan,1.0,1.0,0.0,0.0,0.12004905194044113,0.12792636454105377
A,f39c3181e92259a4,0,1,0,8.0,9,9,0,25866.13744564557,25866.13744564557,0.0,unchanged,9,3,9,inadmissible_anchor_relative,9,3,9,inadmissible_anchor_relative,0,0,0,0,0,0,0,0,0,0,0,0,nan,nan,nan,nan,nan,nan,nan,nan,0,0,0,0,0.5217391304347826,0.6956521739130435,0.782608695652174,0.9565217391304348,nan,nan,nan,nan,nan,nan,1.0,1.0,0.0,0.0,0.5906115174293518,0.7246502637863159
A,f3ea80e72dde5002,0,0,6,0.0,4,4,0,14170.973683614284,14170.973683614284,0.0,unchanged,2,1,4,direct_alt,2,1,4,direct_alt,1,1,1,1,1,1,0,0,0,0,0,0,-0.7085486841807142,-0.7085486841807142,1.4450254440307617,1.4450254440307617,2.908939838409424,2.908939838409424,1.6913158893585205,1.6913158893585205,1,1,1,1,0.625,0.625,1.0,1.0,nan,nan,nan,nan,nan,nan,1.0,1.0,0.0,0.0,0.3150748014450073,0.3150748014450073
A,f4ee0c85344a5993,0,1,0,8.0,3,21,1,59.769306750036776,117.73728162050247,-57.967974870465696,B24_harmful,3,1,3,inadmissible_anchor_relative,21,1,21,inadmissible_anchor_relative,0,0,0,0,0,0,0,0,0,0,0,0,nan,nan,nan,nan,nan,nan,nan,nan,0,0,0,0,0.8125,0.9375,0.8125,0.9375,nan,nan,nan,nan,nan,nan,0.0,1.0,0.0,0.0,0.06511981785297394,0.07755310833454132
A,f4efe988cfde55d6,0,1,0,2.0,22,22,0,34369.44837220758,34369.44837220758,0.0,unchanged,22,7,22,inadmissible_anchor_relative,22,7,22,inadmissible_anchor_relative,0,0,0,0,0,0,0,0,0,0,0,0,nan,nan,nan,nan,nan,nan,nan,nan,0,0,0,0,0.5454545454545454,0.6363636363636364,0.9090909090909091,1.0,nan,nan,nan,nan,nan,nan,1.0,1.0,0.0,0.0,0.24067944288253784,0.2565338909626007
A,f74217a5fb9e5607,0,1,0,8.0,14,14,0,50871.44844913483,50871.44844913483,0.0,unchanged,14,4,14,adm_inc_to_anchor,14,4,14,adm_inc_to_anchor,1,1,0,0,0,0,0,0,0,0,0,0,nan,nan,nan,nan,nan,nan,nan,nan,0,0,0,0,0.5217391304347826,0.7391304347826086,0.7391304347826086,0.9565217391304348,nan,nan,nan,nan,nan,nan,1.0,1.0,1.0,1.0,0.040609341114759445,0.04789676144719124
A,f751a47653d6507c,0,1,0,8.0,2,2,0,19608.62144428864,19608.62144428864,0.0,unchanged,2,2,2,keep_incumbent,2,2,2,keep_incumbent,0,0,0,0,0,0,0,0,0,0,0,0,nan,nan,nan,nan,nan,nan,nan,nan,0,0,0,0,0.4074074074074074,0.6296296296296297,0.7037037037037037,0.9259259259259259,nan,nan,nan,nan,nan,nan,1.0,1.0,0.0,0.0,0.8308453559875488,1.006927251815796
A,f767f8674e5d5caa,0,1,0,8.0,18,18,0,0.0,0.0,0.0,unchanged,18,0,18,inadmissible_anchor_relative,18,0,18,inadmissible_anchor_relative,0,0,0,0,0,0,0,0,0,0,0,0,nan,nan,nan,nan,nan,nan,nan,nan,0,0,0,0,0.6521739130434783,0.8695652173913043,0.782608695652174,1.0,nan,nan,nan,nan,nan,nan,1.0,1.0,0.0,0.0,0.15257109701633453,0.18710845708847046
A,f84a5f6e69aa5c72,1,0,1,0.0,9,9,0,7266.539544247091,7266.539544247091,0.0,unchanged,9,0,0,structural,9,0,0,structural,0,0,0,0,0,0,0,0,0,0,0,0,nan,nan,0.0,0.0,0.0,0.0,0.0,0.0,0,0,0,0,0.75,0.75,1.0,1.0,nan,nan,nan,nan,nan,nan,1.0,1.0,1.0,1.0,0.026800062507390976,0.026800062507390976
A,f88c8a93a9205a70,0,1,0,8.0,15,15,0,123273.64696259145,123273.64696259145,0.0,unchanged,15,10,15,inadmissible_anchor_relative,15,10,15,inadmissible_anchor_relative,0,0,0,0,0,0,0,0,0,0,0,0,nan,nan,nan,nan,nan,nan,nan,nan,0,0,0,0,0.5,0.7,0.75,0.95,nan,nan,nan,nan,nan,nan,1.0,1.0,0.0,0.0,0.6694344878196716,0.8312029838562012
A,f9020b0971865a2f,0,1,0,8.0,4,4,0,5.24197478685528,5.24197478685528,0.0,unchanged,4,1,4,inadmissible_anchor_relative,4,1,4,inadmissible_anchor_relative,0,0,0,0,0,0,0,0,0,0,0,0,nan,nan,nan,nan,nan,nan,nan,nan,0,0,0,0,0.5909090909090909,0.7727272727272727,0.8181818181818182,1.0,nan,nan,nan,nan,nan,nan,1.0,1.0,0.0,0.0,0.6615980863571167,0.7893351316452026
A,f98676e074bf526a,0,1,0,8.0,16,16,0,0.0,0.0,0.0,unchanged,16,0,16,inadmissible_anchor_relative,16,0,16,inadmissible_anchor_relative,0,0,0,0,0,0,0,0,0,0,0,0,nan,nan,nan,nan,nan,nan,nan,nan,0,0,0,0,0.47058823529411764,0.7647058823529411,0.7058823529411765,1.0,nan,nan,nan,nan,nan,nan,1.0,1.0,0.0,0.0,0.09776054322719574,0.11978636682033539
A,f9933a65083953e2,0,1,0,8.0,9,9,0,19815.80658588611,19815.80658588611,0.0,unchanged,7,9,9,keep_incumbent,7,9,9,keep_incumbent,1,1,1,1,1,1,1,0,1,0,0,0,nan,nan,1.6874663829803467,2.0195107460021973,-0.006994417402893305,-0.19202877581119537,-3.41084361076355,-3.42341685295105,1,0,14,14,0.43478260869565216,0.6521739130434783,0.7391304347826086,0.9565217391304348,nan,nan,nan,nan,nan,nan,1.0,1.0,0.0,0.0,0.19030168652534485,0.23637525737285614
A,f9ec1f061b3458ea,0,1,0,8.0,31,31,0,3.216705775819719,3.216705775819719,0.0,unchanged,31,27,31,inadmissible_anchor_relative,31,27,31,inadmissible_anchor_relative,0,0,0,0,0,0,0,0,0,0,0,0,nan,nan,nan,nan,nan,nan,nan,nan,0,0,0,0,0.4666666666666667,0.7333333333333333,0.5333333333333333,0.8,nan,nan,nan,nan,nan,nan,1.0,1.0,0.0,0.0,0.07271666824817657,0.0890655592083931
A,f9f73760d10e561b,0,1,0,8.0,10,10,0,0.5153836417011917,0.5153836417011917,0.0,unchanged,10,0,10,adm_inc_to_anchor,10,0,10,adm_inc_to_anchor,1,1,1,1,0,0,0,0,0,0,0,0,nan,nan,nan,nan,nan,nan,nan,nan,0,0,4,4,0.4,0.6285714285714286,0.6857142857142857,0.9142857142857143,nan,nan,nan,nan,nan,nan,1.0,1.0,1.0,1.0,0.046924930065870285,0.05663364753127098
A,faca4a75f9645173,0,1,0,8.0,19,19,0,2.6163304476067424,2.6163304476067424,0.0,unchanged,19,7,19,adm_inc_to_anchor,19,7,19,adm_inc_to_anchor,1,1,1,1,0,0,0,0,0,0,0,0,nan,nan,nan,nan,nan,nan,nan,nan,0,0,2,2,0.375,0.375,1.0,1.0,nan,nan,nan,nan,nan,nan,1.0,1.0,1.0,1.0,0.036657869815826416,0.04497343301773071
A,fbc1578f2dbe5bab,0,1,0,8.0,1,2,1,1.5178872895194218,3.7757558503653854,-2.2578685608459637,B24_harmful,3,2,1,direct_alt,3,2,2,keep_incumbent,1,1,1,1,1,1,1,0,1,0,1,0,0.0001128934280423266,nan,2.0702199935913086,2.9681544303894043,0.09191010892391205,-0.2247827798128128,0.09841319173574448,-3.9170098304748535,1,0,6,6,0.5,0.7083333333333334,0.7916666666666666,1.0,nan,nan,nan,nan,nan,nan,1.0,1.0,0.0,0.0,0.1899176388978958,0.235142320394516
A,fcb2ad627b8653d9,0,1,0,8.0,9,9,0,0.01714501529932022,0.01714501529932022,0.0,unchanged,9,0,9,adm_inc_to_anchor,9,0,9,adm_inc_to_anchor,1,1,1,1,0,0,0,0,0,0,0,0,nan,nan,nan,nan,nan,nan,nan,nan,0,0,1,1,0.6,0.8,0.8,1.0,nan,nan,nan,nan,nan,nan,1.0,1.0,1.0,1.0,0.023877155035734177,0.03005390241742134
A,fcf9c13e778e51f5,0,1,0,8.0,16,16,0,14.94496488571167,14.94496488571167,0.0,unchanged,18,16,16,keep_incumbent,18,16,16,keep_incumbent,1,1,1,1,0,0,1,1,0,0,0,0,nan,nan,0.08652476221323013,0.4087373912334442,-1.9776782989501953,-1.024316668510437,-7.001606464385986,-5.994686126708984,0,0,7,7,0.5882352941176471,1.0,0.5882352941176471,1.0,nan,nan,nan,nan,nan,nan,1.0,1.0,0.0,0.0,0.04190059378743172,0.05304454267024994
A,fd36dd979a495802,0,1,0,8.0,18,18,0,77779.87814250588,77779.87814250588,0.0,unchanged,18,9,18,inadmissible_anchor_relative,18,9,18,inadmissible_anchor_relative,0,0,0,0,0,0,0,0,0,0,0,0,nan,nan,nan,nan,nan,nan,nan,nan,0,0,0,0,0.3888888888888889,0.6666666666666666,0.7222222222222222,1.0,nan,nan,nan,nan,nan,nan,1.0,1.0,0.0,0.0,0.7591508030891418,0.9430080652236938
A,fd4b79716ee35a94,0,0,6,0.0,9,9,0,32.22018128633499,32.22018128633499,0.0,unchanged,9,22,9,inadmissible_anchor_relative,9,22,9,inadmissible_anchor_relative,0,0,0,0,0,0,0,0,0,0,0,0,nan,nan,nan,nan,nan,nan,nan,nan,0,0,0,0,0.7142857142857143,0.7142857142857143,1.0,1.0,nan,nan,nan,nan,nan,nan,1.0,1.0,0.0,0.0,0.34585291147232056,0.34585291147232056
A,fd976c39bde259df,0,1,0,8.0,17,17,0,0.0,0.0,0.0,unchanged,17,0,17,inadmissible_anchor_relative,17,0,17,inadmissible_anchor_relative,0,0,0,0,0,0,0,0,0,0,0,0,nan,nan,nan,nan,nan,nan,nan,nan,0,0,0,0,0.6190476190476191,0.8571428571428571,0.7619047619047619,1.0,nan,nan,nan,nan,nan,nan,1.0,1.0,0.0,0.0,0.16212110221385956,0.20168599486351013
A,fe1fbd3e1c2d5ab6,0,1,0,8.0,7,13,1,0.0,1.7782578755868599,-1.7782578755868599,B24_harmful,10,7,7,keep_incumbent,10,7,13,direct_alt,1,1,0,0,0,0,0,0,0,0,0,0,nan,-8.891289377954692e-05,0.5006097555160522,0.032714832574129105,-0.3734613060951233,0.47680041193962097,-4.149729251861572,0.3182730972766876,0,5,0,0,0.8,0.8,1.0,1.0,nan,nan,nan,nan,nan,nan,1.0,1.0,0.0,0.0,0.15172788500785828,0.19191063940525055
A,fea6037ebbe95e94,0,1,0,8.0,1,1,0,1.9765546564012766,1.9765546564012766,0.0,unchanged,1,6,1,adm_inc_to_anchor,1,6,1,adm_inc_to_anchor,1,1,0,0,0,0,0,0,0,0,0,0,nan,nan,nan,nan,nan,nan,nan,nan,0,0,0,0,0.4,0.6,0.6,0.8,nan,nan,nan,nan,nan,nan,1.0,1.0,1.0,1.0,0.029972760006785393,0.036935873329639435
A,febdc58e3fac5504,0,1,0,8.0,1,1,0,0.0,0.0,0.0,unchanged,1,7,1,inadmissible_anchor_relative,1,7,1,inadmissible_anchor_relative,0,0,0,0,0,0,0,0,0,0,0,0,nan,nan,nan,nan,nan,nan,nan,nan,0,0,0,0,0.41935483870967744,0.6451612903225806,0.7096774193548387,0.9354838709677419,nan,nan,nan,nan,nan,nan,1.0,1.0,0.0,0.0,0.9297834634780884,1.1403487920761108
A,fec9072e2cbb5751,0,0,6,0.0,0,0,0,24615.97495397553,24615.97495397553,0.0,unchanged,0,2,0,inadmissible_anchor_relative,0,2,0,inadmissible_anchor_relative,0,0,0,0,0,0,0,0,0,0,0,0,nan,nan,nan,nan,nan,nan,nan,nan,0,0,0,0,0.6666666666666666,0.6666666666666666,1.0,1.0,nan,nan,nan,nan,nan,nan,1.0,1.0,0.0,0.0,0.40836116671562195,0.40836116671562195
A,fef347225c0a5044,0,1,0,8.0,15,15,0,187.08643854176626,187.08643854176626,0.0,unchanged,0,15,15,keep_incumbent,0,15,15,keep_incumbent,1,1,0,0,0,0,0,0,0,0,0,0,nan,nan,0.14385035634040833,0.04115932434797287,-0.7007133364677429,-1.4318842887878418,-4.24360466003418,-4.6729044914245605,0,0,0,0,0.4,0.6,0.8,1.0,nan,nan,nan,nan,nan,nan,1.0,1.0,0.0,0.0,0.16140028834342957,0.19786643981933594
A,fef6752beb0f5279,0,1,0,8.0,10,29,1,1.0097300650377292,0.00969867644016631,1.000031388597563,B24_beneficial,10,0,10,inadmissible_anchor_relative,29,0,29,adm_inc_to_anchor,0,1,0,0,0,0,0,0,0,0,0,0,nan,nan,nan,nan,nan,nan,nan,nan,0,0,0,0,0.4,0.8,0.5,0.9,nan,nan,nan,nan,nan,nan,0.0,1.0,0.0,1.0,0.04429832845926285,0.052571218460798264
A,ff47c0cefcd35e75,0,1,0,8.0,19,27,1,1.2915263096801937,24675.63290279871,-24674.34137648903,B24_harmful,27,19,19,keep_incumbent,27,21,27,inadmissible_anchor_relative,1,0,1,0,1,0,0,0,0,0,0,0,nan,nan,1.6591624021530151,nan,-0.1851024478673935,nan,-3.986185073852539,nan,0,0,11,0,0.5172413793103449,0.7241379310344828,0.6896551724137931,0.896551724137931,nan,nan,nan,nan,nan,nan,1.0,1.0,0.0,0.0,0.16779658198356628,0.13822431862354279
A,ffe75682f3745188,0,1,0,8.0,5,29,1,2.6810732188066595,1.5933647155761719,1.0877085032304876,B24_beneficial,5,0,5,inadmissible_anchor_relative,29,0,29,adm_inc_to_anchor,0,1,0,1,0,0,0,0,0,0,0,0,nan,nan,nan,nan,nan,nan,nan,nan,0,0,0,3,0.0,0.0,0.0,0.0,nan,nan,nan,nan,nan,nan,0.0,1.0,0.0,1.0,0.02716011181473732,0.039378128945827484
B,00467a00671859b7,0,1,0,8.0,1,6,1,0.0,41.307541836751625,-41.307541836751625,B24_harmful,21,6,1,direct_alt,21,6,6,keep_incumbent,1,1,1,1,1,1,0,1,0,1,1,0,0.0020653770918375725,nan,4.185665130615234,5.164752960205078,-0.0465051643550396,-0.6599330306053162,0.3849451243877411,-5.42909049987793,0,1,12,12,0.5555555555555556,0.8148148148148148,0.7037037037037037,0.9629629629629629,nan,nan,nan,nan,nan,nan,1.0,1.0,0.0,0.0,0.41945841908454895,0.5211330056190491
B,0065062ca70d5602,0,1,0,8.0,21,21,0,24646.185891686007,24646.185891686007,0.0,unchanged,21,0,21,adm_inc_to_anchor,21,0,21,adm_inc_to_anchor,1,1,1,1,0,0,0,0,0,0,0,0,nan,nan,nan,nan,nan,nan,nan,nan,0,0,4,4,0.75,0.875,0.875,1.0,nan,nan,nan,nan,nan,nan,1.0,1.0,1.0,1.0,0.029676971957087517,0.036259446293115616
B,0088f72267a45a12,0,1,0,8.0,0,0,0,49165.919181286125,49165.919181286125,0.0,unchanged,0,4,0,inadmissible_anchor_relative,0,4,0,inadmissible_anchor_relative,0,0,0,0,0,0,0,0,0,0,0,0,nan,nan,nan,nan,nan,nan,nan,nan,0,0,0,0,0.4666666666666667,0.6666666666666666,0.6666666666666666,0.8666666666666667,nan,nan,nan,nan,nan,nan,1.0,1.0,0.0,0.0,0.7084900736808777,0.8687484860420227
B,00a282ff32045193,0,1,0,8.0,28,28,0,34276.86231742427,34276.86231742427,0.0,unchanged,28,17,28,inadmissible_anchor_relative,28,17,28,inadmissible_anchor_relative,0,0,0,0,0,0,0,0,0,0,0,0,nan,nan,nan,nan,nan,nan,nan,nan,0,0,0,0,0.6111111111111112,0.7222222222222222,0.8888888888888888,1.0,nan,nan,nan,nan,nan,nan,1.0,1.0,0.0,0.0,0.07343965768814087,0.09108580648899078
B,01bd25d8943b57d7,0,1,0,8.0,3,3,0,0.0,0.0,0.0,unchanged,14,3,3,keep_incumbent,14,3,3,keep_incumbent,1,1,0,0,0,0,0,0,0,0,0,0,nan,nan,2.298109292984009,2.0928235054016113,-0.7485453486442566,-0.8454878330230713,-5.235299110412598,-5.611998081207275,0,12,0,0,0.5384615384615384,0.7692307692307693,0.7692307692307693,1.0,nan,nan,nan,nan,nan,nan,1.0,1.0,0.0,0.0,0.43542569875717163,0.5411680340766907
B,0205ad01b7b755b3,0,1,0,8.0,2,10,1,193.1247528898557,19805.059654245735,-19611.93490135588,B24_harmful,27,26,2,direct_alt,27,26,10,direct_alt,1,1,1,1,1,1,1,1,1,1,1,0,0.9800075191024473,-0.0005892259653470511,3.155956983566284,2.763482093811035,1.458988070487976,2.2225236892700195,1.0557503700256348,0.6031357049942017,21,23,4,4,0.5,0.7777777777777778,0.7222222222222222,1.0,nan,nan,nan,nan,nan,nan,1.0,1.0,0.0,0.0,0.3862357437610626,0.47988012433052063
B,048ba07b123d5460,0,1,0,8.0,28,28,0,19796.584629330784,19796.584629330784,0.0,unchanged,28,22,28,adm_inc_to_anchor,28,22,28,adm_inc_to_anchor,1,1,1,1,0,0,0,0,0,0,0,0,nan,nan,nan,nan,nan,nan,nan,nan,0,0,14,14,0.25,0.8333333333333334,0.4166666666666667,1.0,nan,nan,nan,nan,nan,nan,1.0,1.0,1.0,1.0,0.0479142889380455,0.05905234068632126
B,0515558d39125c05,0,1,0,6.0,8,3,1,0.0,0.5767300464212894,-0.5767300464212894,B24_harmful,1,3,8,direct_alt,1,3,3,keep_incumbent,1,1,1,1,1,1,1,1,1,1,1,0,2.8836502321105684e-05,nan,1.6655681133270264,2.68642258644104,0.03756023198366165,-0.1948438584804535,0.0073254466988146305,-4.46864652633667,1,1,2,2,0.7272727272727273,0.7272727272727273,1.0,1.0,nan,nan,nan,nan,nan,nan,1.0,1.0,0.0,0.0,0.16834639012813568,0.1999930590391159
B,051b8d86f75e5be2,0,1,0,8.0,2,0,1,124474.95559617504,73412.86136618396,51062.09422999108,B24_beneficial,2,1,2,inadmissible_anchor_relative,0,1,0,inadmissible_anchor_relative,0,0,0,0,0,0,0,0,0,0,0,0,nan,nan,nan,nan,nan,nan,nan,nan,0,0,0,0,0.42857142857142855,0.6190476190476191,0.7619047619047619,0.9523809523809523,nan,nan,nan,nan,nan,nan,0.0,1.0,0.0,0.0,0.7973917722702026,0.9905034303665161
B,053a0130bc3c5f6f,0,1,0,2.0,16,16,0,24.098264396190643,24.098264396190643,0.0,unchanged,9,15,16,direct_alt,9,15,16,direct_alt,1,1,1,1,1,1,1,1,1,1,0,0,-0.0010690645762719215,-0.0010690645762719215,1.275113582611084,1.7248140573501587,-3.3831920623779297,-4.671207427978516,13.826533317565918,16.425100326538086,2,2,4,4,0.6428571428571429,0.6428571428571429,1.0,1.0,nan,nan,nan,nan,nan,nan,1.0,1.0,0.0,0.0,0.10238581150770187,0.10782495141029358
B,0542875bc0615ee2,0,0,6,0.0,5,5,0,1.26580810546875,1.26580810546875,0.0,unchanged,28,5,5,keep_incumbent,28,5,5,keep_incumbent,1,1,1,1,1,1,1,1,1,1,0,0,nan,nan,2.621518850326538,2.621518850326538,0.8518622517585754,0.8518622517585754,-4.157482624053955,-4.157482624053955,14,14,12,12,1.0,1.0,1.0,1.0,nan,nan,nan,nan,nan,nan,1.0,1.0,0.0,0.0,0.16197086870670319,0.16197086870670319
B,0637a6ca7efa571d,0,0,6,0.0,5,5,0,2.0506821237504482,2.0506821237504482,0.0,unchanged,23,11,5,direct_alt,23,11,5,direct_alt,1,1,0,0,0,0,0,0,0,0,0,0,-0.00010253410618754621,-0.00010253410618754621,1.7266335487365723,1.7266335487365723,0.53925621509552,0.53925621509552,0.532988429069519,0.532988429069519,4,4,0,0,0.6666666666666666,0.6666666666666666,1.0,1.0,nan,nan,nan,nan,nan,nan,1.0,1.0,0.0,0.0,0.16342872381210327,0.16342872381210327
B,06f1ac346bac5224,0,1,0,2.0,4,4,0,24652.999653400504,24652.999653400504,0.0,unchanged,4,5,4,adm_inc_to_anchor,4,5,4,adm_inc_to_anchor,1,1,1,1,0,0,0,0,0,0,0,0,nan,nan,nan,nan,nan,nan,nan,nan,0,0,8,8,0.5,0.7,0.8,1.0,nan,nan,nan,nan,nan,nan,1.0,1.0,1.0,1.0,0.05549170821905136,0.05916648358106613
B,06f42a1b1f655970,0,1,0,8.0,9,9,0,0.0,0.0,0.0,unchanged,9,0,9,adm_inc_to_anchor,9,0,9,adm_inc_to_anchor,1,1,0,0,0,0,0,0,0,0,0,0,nan,nan,nan,nan,nan,nan,nan,nan,0,0,0,0,0.42857142857142855,0.7142857142857143,0.7142857142857143,1.0,nan,nan,nan,nan,nan,nan,1.0,1.0,1.0,1.0,0.1488649547100067,0.18256394565105438
B,08cae08c31005f23,0,1,0,8.0,7,7,0,65440.72825637972,65440.72825637972,0.0,unchanged,7,6,7,inadmissible_anchor_relative,7,6,7,inadmissible_anchor_relative,0,0,0,0,0,0,0,0,0,0,0,0,nan,nan,nan,nan,nan,nan,nan,nan,0,0,0,0,0.3,0.55,0.65,0.9,nan,nan,nan,nan,nan,nan,1.0,1.0,0.0,0.0,0.8208028674125671,1.004629135131836
B,08e7c424be92517a,0,1,0,8.0,10,10,0,24448.55886937678,24448.55886937678,0.0,unchanged,10,0,10,adm_inc_to_anchor,10,18,10,inadmissible_anchor_relative,1,0,1,0,0,0,0,0,0,0,0,0,nan,nan,nan,nan,nan,nan,nan,nan,0,0,10,0,0.2727272727272727,0.7272727272727273,0.5454545454545454,1.0,nan,nan,nan,nan,nan,nan,1.0,1.0,0.0,0.0,0.04119892790913582,0.1394432932138443
B,0aa459292e6c50d2,0,1,0,8.0,9,9,0,0.15508564561605453,0.15508564561605453,0.0,unchanged,9,9,9,keep_incumbent,9,9,9,keep_incumbent,0,0,0,0,0,0,0,0,0,0,0,0,nan,nan,nan,nan,nan,nan,nan,nan,0,0,0,0,0.7,0.8,0.9,1.0,nan,nan,nan,nan,nan,nan,1.0,1.0,1.0,1.0,0.06760963052511215,0.08296340703964233
B,0b2ff308294d524e,0,1,0,8.0,2,20,1,0.0,1.0768483665306121,-1.0768483665306121,B24_harmful,27,20,2,direct_alt,27,20,20,keep_incumbent,1,1,1,1,1,1,1,1,1,1,1,0,5.384241832651071e-05,nan,2.550286054611206,3.5385308265686035,0.474046915769577,0.0204764511436224,0.41196295619010925,-4.016229152679443,4,8,3,3,0.6,0.6666666666666666,0.9333333333333333,1.0,nan,nan,nan,nan,nan,nan,1.0,1.0,0.0,0.0,0.2545039653778076,0.3187583088874817
B,0bbf42eacbaf5330,0,1,0,8.0,2,2,0,70310.89318628423,70310.89318628423,0.0,unchanged,2,1,2,inadmissible_anchor_relative,2,1,2,inadmissible_anchor_relative,0,0,0,0,0,0,0,0,0,0,0,0,nan,nan,nan,nan,nan,nan,nan,nan,0,0,0,0,0.47619047619047616,0.8095238095238095,0.6666666666666666,1.0,nan,nan,nan,nan,nan,nan,1.0,1.0,0.0,0.0,0.6758923530578613,0.8519248366355896
B,0c23137cba555362,0,1,0,8.0,16,16,0,3.8361875414848328,3.8361875414848328,0.0,unchanged,16,0,16,inadmissible_anchor_relative,16,0,16,inadmissible_anchor_relative,0,0,0,0,0,0,0,0,0,0,0,0,nan,nan,nan,nan,nan,nan,nan,nan,0,0,0,0,0.8461538461538461,0.9230769230769231,0.9230769230769231,1.0,nan,nan,nan,nan,nan,nan,1.0,1.0,0.0,0.0,0.15908117592334747,0.19508832693099976
B,0c4d6b257fb75a05,0,1,0,8.0,15,15,0,0.8862107511333761,0.8862107511333761,0.0,unchanged,15,11,15,adm_inc_to_anchor,15,0,15,inadmissible_anchor_relative,1,0,0,0,0,0,0,0,0,0,0,0,nan,nan,nan,nan,nan,nan,nan,nan,0,0,0,0,0.5172413793103449,0.7586206896551724,0.6896551724137931,0.9310344827586207,nan,nan,nan,nan,nan,nan,1.0,1.0,0.0,0.0,0.04807712510228157,0.16141924262046814
B,0d1686ef6865530f,0,1,0,6.0,20,20,0,0.6734099444001913,0.6734099444001913,0.0,unchanged,8,20,20,keep_incumbent,8,20,20,keep_incumbent,1,1,1,1,1,1,0,0,0,0,0,0,nan,nan,1.2725659608840942,1.2653809785842896,-0.4262133240699768,-0.4977536201477051,-4.526056289672852,-4.469497203826904,0,0,11,11,0.4444444444444444,0.5555555555555556,0.8888888888888888,1.0,nan,nan,nan,nan,nan,nan,1.0,1.0,0.0,0.0,0.14242389798164368,0.16502662003040314
B,0d55bc7d7ece5f3d,0,0,6,0.0,19,19,0,1.9536083713173866,1.9536083713173866,0.0,unchanged,2,21,19,direct_alt,2,21,19,direct_alt,1,1,0,0,0,0,0,0,0,0,0,0,-9.768041856572651e-05,-9.768041856572651e-05,2.5989716053009033,2.5989716053009033,0.7380101680755615,0.7380101680755615,0.7693330645561218,0.7693330645561218,6,6,0,0,0.7272727272727273,0.7272727272727273,1.0,1.0,nan,nan,nan,nan,nan,nan,1.0,1.0,0.0,0.0,0.2321460247039795,0.2321460247039795
B,0d94745fd429527a,0,1,0,8.0,18,18,0,4.410837411880493,4.410837411880493,0.0,unchanged,18,0,18,inadmissible_anchor_relative,18,0,18,inadmissible_anchor_relative,0,0,0,0,0,0,0,0,0,0,0,0,nan,nan,nan,nan,nan,nan,nan,nan,0,0,0,0,0.631578947368421,0.8947368421052632,0.7368421052631579,1.0,nan,nan,nan,nan,nan,nan,1.0,1.0,0.0,0.0,0.14871038496494293,0.1824016571044922
B,0e18181b997b5239,0,1,0,6.0,19,1,1,1.270663179922849,0.4658653140068054,0.8047978659160435,B24_beneficial,31,7,19,direct_alt,31,7,1,direct_alt,1,1,1,1,1,1,1,1,1,1,1,1,7.19918135085873e-05,0.00011223170680452199,2.760038375854492,2.906949758529663,0.5729550719261169,0.5549168586730957,0.6412865519523621,0.1959305703639984,14,15,13,13,0.8181818181818182,0.8181818181818182,1.0,1.0,nan,nan,nan,nan,nan,nan,1.0,1.0,0.0,0.0,0.2211548089981079,0.2626725733280182
B,0ee3fb66c21e5552,0,1,0,8.0,18,0,1,1.8747442397288978,2.0683678480563685,-0.19362360832747072,B24_harmful,3,18,18,keep_incumbent,3,18,0,direct_alt,1,1,0,0,0,0,0,0,0,0,0,0,nan,-9.681180416373347e-06,1.574142575263977,1.2133687734603882,-1.4063507318496704,-0.06251378357410431,-6.191802501678467,0.28635144233703613,0,0,0,0,0.4,0.6,0.7,0.9,nan,nan,nan,nan,nan,nan,1.0,1.0,0.0,0.0,0.08700507879257202,0.10727512836456299
B,0f29defe7b16561b,1,1,1,0.0,0,0,0,67882.93000694015,67882.93000694015,0.0,unchanged,0,15,15,structural,0,15,15,structural,0,0,0,0,0,0,0,0,0,0,0,0,nan,nan,0.0,0.0,0.0,0.0,0.0,0.0,0,0,0,0,0.48484848484848486,0.48484848484848486,0.6666666666666666,0.6666666666666666,nan,nan,nan,nan,nan,nan,1.0,1.0,0.0,0.0,0.05655953660607338,0.05655953660607338
B,0febd3917ae35d74,0,0,6,0.0,4,4,0,8.809516362845898,8.809516362845898,0.0,unchanged,25,21,4,direct_alt,25,21,4,direct_alt,1,1,1,1,1,1,1,1,1,1,0,0,-0.000424664470180869,-0.000424664470180869,1.0519051551818848,1.0519051551818848,0.8223788738250732,0.8223788738250732,0.8447828888893127,0.8447828888893127,7,7,3,3,0.6666666666666666,0.6666666666666666,1.0,1.0,nan,nan,nan,nan,nan,nan,1.0,1.0,0.0,0.0,0.09473598003387451,0.09473598003387451
B,0ff47841c5c55465,0,0,6,0.0,15,15,0,0.0,0.0,0.0,unchanged,26,17,15,direct_alt,26,17,15,direct_alt,1,1,1,1,1,1,1,1,1,1,1,1,3.06387484073639e-05,3.06387484073639e-05,2.6806280612945557,2.6806280612945557,0.5043322443962097,0.5043322443962097,0.36228126287460327,0.36228126287460327,4,4,8,8,0.8571428571428571,0.8571428571428571,1.0,1.0,nan,nan,nan,nan,nan,nan,1.0,1.0,0.0,0.0,0.2536700665950775,0.2536700665950775
B,105aba6cf71e5a88,0,1,0,8.0,17,17,0,0.0,0.0,0.0,unchanged,17,0,17,adm_inc_to_anchor,17,0,17,inadmissible_anchor_relative,1,0,0,0,0,0,0,0,0,0,0,0,nan,nan,nan,nan,nan,nan,nan,nan,0,0,0,0,0.5357142857142857,0.75,0.7142857142857143,0.9285714285714286,nan,nan,nan,nan,nan,nan,1.0,1.0,0.0,0.0,0.053136035799980164,0.19999513030052185
B,10d353b57e7754ba,0,1,0,4.0,2,5,1,0.0,22263.30270437477,-22263.30270437477,B24_harmful,18,2,2,keep_incumbent,18,2,5,direct_alt,1,1,0,0,0,0,0,0,0,0,0,0,nan,-1.1131651352187384,3.269137382507324,0.4764280915260315,-0.19849896430969238,0.9613263010978699,-4.87700891494751,0.17521043121814728,0,8,0,0,0.5625,0.6875,0.875,1.0,nan,nan,nan,nan,nan,nan,1.0,1.0,0.0,0.0,0.586687445640564,0.6614393591880798
B,114d83705d5a5edb,0,1,0,6.0,30,20,1,49381.79057879647,0.0,49381.79057879647,B24_beneficial,30,23,30,inadmissible_anchor_relative,3,5,20,direct_alt,0,1,0,1,0,1,0,1,0,1,0,1,nan,0.001639621222042642,nan,1.0158441066741943,nan,0.006394082214683294,nan,0.4033346474170685,0,5,0,10,0.47619047619047616,0.6666666666666666,0.8095238095238095,1.0,nan,nan,nan,nan,nan,nan,0.0,1.0,0.0,0.0,0.13224749267101288,0.14021141827106476
B,11609d1b53d256e8,0,1,0,8.0,20,20,0,24980.085120350122,24980.085120350122,0.0,unchanged,20,19,20,adm_inc_to_anchor,20,19,20,adm_inc_to_anchor,1,1,1,1,0,0,1,1,0,0,0,0,nan,nan,nan,nan,nan,nan,nan,nan,0,0,5,5,0.43243243243243246,0.6486486486486487,0.6756756756756757,0.8918918918918919,nan,nan,nan,nan,nan,nan,1.0,1.0,1.0,1.0,0.05045192688703537,0.05999210104346275
B,11b7727c9c0e5a8d,0,1,0,8.0,16,16,0,53830.36765298247,53830.36765298247,0.0,unchanged,16,9,16,inadmissible_anchor_relative,16,9,16,inadmissible_anchor_relative,0,0,0,0,0,0,0,0,0,0,0,0,nan,nan,nan,nan,nan,nan,nan,nan,0,0,0,0,0.43333333333333335,0.5666666666666667,0.7,0.8333333333333334,nan,nan,nan,nan,nan,nan,1.0,1.0,0.0,0.0,0.8748598098754883,1.099643588066101
B,12329b4f56465a82,0,1,0,8.0,1,2,1,100306.68697251193,0.0,100306.68697251193,B24_beneficial,12,2,1,direct_alt,12,2,2,keep_incumbent,1,1,0,0,0,0,0,0,0,0,0,0,-5.015334348625597,nan,1.8274648189544678,3.493849039077759,0.021894747391343117,-0.3795148730278015,0.053530726581811905,-7.4133734703063965,1,2,0,0,0.4,0.68,0.72,1.0,nan,nan,nan,nan,nan,nan,1.0,1.0,0.0,0.0,0.7211634516716003,0.9103271961212158
B,1249a710db725b56,0,1,0,8.0,9,9,0,0.0,0.0,0.0,unchanged,9,0,9,adm_inc_to_anchor,9,0,9,adm_inc_to_anchor,1,1,0,0,0,0,0,0,0,0,0,0,nan,nan,nan,nan,nan,nan,nan,nan,0,0,0,0,0.75,0.875,0.875,1.0,nan,nan,nan,nan,nan,nan,1.0,1.0,1.0,1.0,0.040900688618421555,0.05014216527342796
B,126418a292bc5ac2,0,1,0,8.0,11,3,1,26.467409224715084,19.590856310445815,6.8765529142692685,B24_beneficial,26,19,11,direct_alt,26,19,3,direct_alt,1,1,1,1,1,1,1,1,1,1,1,1,0.001173871507868185,0.0015176991535814643,2.579573631286621,2.4538285732269287,0.38429856300354004,0.46156129240989685,0.35663068294525146,0.1424991488456726,3,5,13,13,0.45454545454545453,0.6363636363636364,0.8181818181818182,1.0,nan,nan,nan,nan,nan,nan,1.0,1.0,0.0,0.0,0.19494396448135376,0.2421128749847412
B,1459a9de52805627,1,1,1,0.0,20,20,0,50104.92885457771,50104.92885457771,0.0,unchanged,9,6,6,structural,9,6,6,structural,0,0,0,0,0,0,0,0,0,0,0,0,nan,nan,0.0,0.0,0.0,0.0,0.0,0.0,0,0,0,0,0.5185185185185185,0.5185185185185185,0.7407407407407407,0.7407407407407407,nan,nan,nan,nan,nan,nan,0.0,0.0,0.0,0.0,0.16929320991039276,0.16929320991039276
B,15ef8da34217563c,0,1,0,8.0,3,2,1,19785.22430309397,19787.021887601586,-1.7975845076143742,B24_harmful,24,21,3,direct_alt,24,21,2,direct_alt,1,1,1,1,1,1,1,1,1,1,1,0,2.287833504380221e-05,-6.70008903369268e-05,0.7881217002868652,0.38355621695518494,0.6022502779960632,0.5877005457878113,0.32565394043922424,0.056545622646808624,7,8,5,5,0.5909090909090909,0.8181818181818182,0.7272727272727273,0.9545454545454546,nan,nan,nan,nan,nan,nan,1.0,1.0,0.0,0.0,0.22535042464733124,0.27995699644088745
B,1666ae39b3eb5054,0,1,0,8.0,7,10,1,24646.86734912852,0.6660946235060692,24646.201254505013,B24_beneficial,7,18,7,inadmissible_anchor_relative,10,18,10,adm_inc_to_anchor,0,1,0,1,0,0,0,0,0,0,0,0,nan,nan,nan,nan,nan,nan,nan,nan,0,0,0,2,0.5185185185185185,0.7777777777777778,0.7407407407407407,1.0,nan,nan,nan,nan,nan,nan,0.0,1.0,0.0,1.0,0.04307101294398308,0.040702421218156815
B,16982832b7fe5d7e,0,1,0,8.0,7,19,1,102749.11911710352,26774.795304941013,75974.3238121625,B24_beneficial,7,6,7,inadmissible_anchor_relative,19,6,19,adm_inc_to_anchor,0,1,0,0,0,0,0,0,0,0,0,0,nan,nan,nan,nan,nan,nan,nan,nan,0,0,0,0,0.45454545454545453,0.6818181818181818,0.7272727272727273,0.9545454545454546,nan,nan,nan,nan,nan,nan,0.0,1.0,0.0,1.0,0.024144209921360016,0.026512036100029945
B,17317c546b855013,0,1,0,8.0,9,9,0,4.9417502880096436,4.9417502880096436,0.0,unchanged,9,0,9,adm_inc_to_anchor,9,0,9,adm_inc_to_anchor,1,1,0,0,0,0,0,0,0,0,0,0,nan,nan,nan,nan,nan,nan,nan,nan,0,0,0,0,0.5714285714285714,1.0,0.5714285714285714,1.0,nan,nan,nan,nan,nan,nan,1.0,1.0,1.0,1.0,0.04571108520030975,0.055612895637750626
B,1791ec311b70503c,0,1,0,8.0,6,6,0,24401.223905778024,24401.223905778024,0.0,unchanged,9,21,6,direct_alt,9,21,6,direct_alt,1,1,1,1,1,1,1,1,1,1,0,0,6.077843278182171e-05,6.077843278182171e-05,0.6335197687149048,1.1068624258041382,0.858661949634552,1.71841299533844,0.8015523552894592,1.4807987213134766,12,14,14,14,0.6,0.8,0.8,1.0,nan,nan,nan,nan,nan,nan,1.0,1.0,0.0,0.0,0.1303076148033142,0.1597786694765091
B,17d03bdc1b3b5564,0,1,0,8.0,27,26,1,4.1826184400124475,2.503308513725642,1.6793099262868054,B24_beneficial,17,26,27,direct_alt,17,26,26,keep_incumbent,1,1,1,1,1,1,1,0,1,0,0,0,-8.396549631450867e-05,nan,3.3275668621063232,3.8845202922821045,0.3311591148376465,0.042977552860975266,0.38113874197006226,-3.6414248943328857,4,1,11,11,0.5,0.6666666666666666,0.8333333333333334,1.0,nan,nan,nan,nan,nan,nan,1.0,1.0,0.0,0.0,0.33176231384277344,0.40525662899017334
B,18ce965e06735b15,0,1,0,8.0,1,0,1,125453.1253411374,24133.866922294255,101319.25841884315,B24_beneficial,1,2,1,inadmissible_anchor_relative,0,2,0,inadmissible_anchor_relative,0,0,0,0,0,0,0,0,0,0,0,0,nan,nan,nan,nan,nan,nan,nan,nan,0,0,0,0,0.3333333333333333,0.6,0.7333333333333333,1.0,nan,nan,nan,nan,nan,nan,0.0,1.0,0.0,0.0,0.2908342480659485,0.119588702917099
B,192479ab888c5a6b,0,1,0,8.0,9,9,0,0.0,0.0,0.0,unchanged,9,0,9,adm_inc_to_anchor,9,0,9,adm_inc_to_anchor,1,1,0,0,0,0,0,0,0,0,0,0,nan,nan,nan,nan,nan,nan,nan,nan,0,0,0,0,0.18181818181818182,0.5454545454545454,0.6363636363636364,1.0,nan,nan,nan,nan,nan,nan,1.0,1.0,1.0,1.0,0.0432480052113533,0.05302031338214874
B,193360ae65f95669,1,1,1,0.0,9,9,0,11.023726888000965,11.023726888000965,0.0,unchanged,9,0,0,structural,9,0,0,structural,0,0,0,0,0,0,0,0,0,0,0,0,nan,nan,0.0,0.0,0.0,0.0,0.0,0.0,0,0,0,0,0.7,0.7,0.7,0.7,nan,nan,nan,nan,nan,nan,1.0,1.0,1.0,1.0,0.041662897914648056,0.041662897914648056
B,198b82abea7a520c,0,0,6,0.0,18,18,0,0.0,0.0,0.0,unchanged,18,0,18,adm_inc_to_anchor,18,0,18,adm_inc_to_anchor,1,1,0,0,0,0,0,0,0,0,0,0,nan,nan,nan,nan,nan,nan,nan,nan,0,0,0,0,0.75,0.75,1.0,1.0,nan,nan,nan,nan,nan,nan,1.0,1.0,1.0,1.0,0.022552089765667915,0.022552089765667915
B,19df4d7dbdd45b80,0,0,6,0.0,1,1,0,73948.52000347269,73948.52000347269,0.0,unchanged,1,27,1,inadmissible_anchor_relative,1,27,1,inadmissible_anchor_relative,0,0,0,0,0,0,0,0,0,0,0,0,nan,nan,nan,nan,nan,nan,nan,nan,0,0,0,0,0.7142857142857143,0.7142857142857143,1.0,1.0,nan,nan,nan,nan,nan,nan,1.0,1.0,1.0,1.0,0.2507513463497162,0.2507513463497162
B,19e2bd19a3675bb2,0,1,0,8.0,5,15,1,392.4796716446581,0.0,392.4796716446581,B24_beneficial,5,11,5,inadmissible_anchor_relative,15,15,15,keep_incumbent,0,0,0,0,0,0,0,0,0,0,0,0,nan,nan,nan,nan,nan,nan,nan,nan,0,0,0,0,0.5714285714285714,0.8095238095238095,0.7619047619047619,1.0,nan,nan,nan,nan,nan,nan,0.0,1.0,0.0,0.0,0.03035883419215679,0.12767834961414337
B,1a05151bf416542d,0,1,0,6.0,9,9,0,0.0,0.0,0.0,unchanged,9,10,9,adm_inc_to_anchor,9,10,9,adm_inc_to_anchor,1,1,0,0,0,0,0,0,0,0,0,0,nan,nan,nan,nan,nan,nan,nan,nan,0,0,0,0,0.875,1.0,0.875,1.0,nan,nan,nan,nan,nan,nan,1.0,1.0,1.0,1.0,0.0308879092335701,0.03668948635458946
B,1a440d53f13a55c2,0,1,0,8.0,0,0,0,49278.513689061045,49278.513689061045,0.0,unchanged,0,0,0,keep_incumbent,0,0,0,keep_incumbent,0,0,0,0,0,0,0,0,0,0,0,0,nan,nan,nan,nan,nan,nan,nan,nan,0,0,0,0,0.5555555555555556,0.8333333333333334,0.6666666666666666,0.9444444444444444,nan,nan,nan,nan,nan,nan,1.0,1.0,0.0,0.0,0.028096185997128487,0.0347488634288311
B,1a55936939fb58f3,0,1,0,8.0,4,1,1,2961.8448650147766,0.0,2961.8448650147766,B24_beneficial,2,1,4,direct_alt,2,1,1,keep_incumbent,1,1,0,0,0,0,0,0,0,0,0,0,-0.14809224325073878,nan,0.9695107936859131,1.449897289276123,1.9910739660263062,-1.6669692993164062,1.5822733640670776,-6.63707971572876,1,0,0,0,0.5555555555555556,0.7222222222222222,0.8333333333333334,1.0,nan,nan,nan,nan,nan,nan,1.0,1.0,0.0,0.0,0.4522239565849304,0.562014639377594
B,1a8487bd17bf5da5,0,1,0,8.0,9,9,0,0.0,0.0,0.0,unchanged,9,9,9,keep_incumbent,9,9,9,keep_incumbent,0,0,0,0,0,0,0,0,0,0,0,0,nan,nan,nan,nan,nan,nan,nan,nan,0,0,0,0,0.8,1.0,0.8,1.0,nan,nan,nan,nan,nan,nan,1.0,1.0,1.0,1.0,0.026199601590633392,0.03210492432117462
B,1b0573ca2dd95641,0,1,0,8.0,4,4,0,28.24108763039112,28.24108763039112,0.0,unchanged,4,9,4,inadmissible_anchor_relative,4,9,4,inadmissible_anchor_relative,0,0,0,0,0,0,0,0,0,0,0,0,nan,nan,nan,nan,nan,nan,nan,nan,0,0,0,0,0.8666666666666667,0.9333333333333333,0.8666666666666667,0.9333333333333333,nan,nan,nan,nan,nan,nan,1.0,1.0,0.0,0.0,0.11059320718050003,0.13040101528167725
B,1b0881404a395d9f,0,1,0,8.0,18,18,0,25928.36646891199,25928.36646891199,0.0,unchanged,18,1,18,inadmissible_anchor_relative,18,1,18,inadmissible_anchor_relative,0,0,0,0,0,0,0,0,0,0,0,0,nan,nan,nan,nan,nan,nan,nan,nan,0,0,0,0,0.5555555555555556,0.7777777777777778,0.7777777777777778,1.0,nan,nan,nan,nan,nan,nan,1.0,1.0,0.0,0.0,0.7612789869308472,0.2580913007259369
B,1b2e9ba964c75a62,0,0,6,0.0,21,21,0,2.6963623691990506,2.6963623691990506,0.0,unchanged,8,21,21,keep_incumbent,8,21,21,keep_incumbent,1,1,1,1,1,1,0,0,0,0,0,0,nan,nan,0.8045941591262817,0.8045941591262817,-0.6576564311981201,-0.6576564311981201,-4.631896018981934,-4.631896018981934,0,0,16,16,0.8333333333333334,0.8333333333333334,1.0,1.0,nan,nan,nan,nan,nan,nan,1.0,1.0,0.0,0.0,0.11071409285068512,0.11071409285068512
B,1ba97fe929d15258,0,1,0,8.0,0,4,1,6015.181272018701,0.0,6015.181272018701,B24_beneficial,4,0,0,keep_incumbent,4,0,4,inadmissible_anchor_relative,1,0,0,0,0,0,0,0,0,0,0,0,nan,nan,0.6452159285545349,nan,-1.9000126123428345,nan,-6.34963321685791,nan,0,0,0,0,0.6,0.85,0.75,1.0,nan,nan,nan,nan,nan,nan,1.0,1.0,0.0,0.0,0.16687597334384918,0.7650381922721863
B,1bcedd23e2645252,0,1,0,8.0,9,9,0,0.0,0.0,0.0,unchanged,9,0,9,adm_inc_to_anchor,9,0,9,adm_inc_to_anchor,1,1,0,0,0,0,0,0,0,0,0,0,nan,nan,nan,nan,nan,nan,nan,nan,0,0,0,0,0.8,0.8,1.0,1.0,nan,nan,nan,nan,nan,nan,1.0,1.0,1.0,1.0,0.047347716987133026,0.058051250874996185
B,1bf83dabfe575482,0,1,0,8.0,9,9,0,0.0,0.0,0.0,unchanged,9,0,9,adm_inc_to_anchor,9,0,9,adm_inc_to_anchor,1,1,0,0,0,0,0,0,0,0,0,0,nan,nan,nan,nan,nan,nan,nan,nan,0,0,0,0,0.5714285714285714,1.0,0.5714285714285714,1.0,nan,nan,nan,nan,nan,nan,1.0,1.0,1.0,1.0,0.02054796926677227,0.025811120867729187
B,1e4e213a0b865e8c,0,1,0,8.0,10,10,0,74204.51182894409,74204.51182894409,0.0,unchanged,10,3,10,inadmissible_anchor_relative,10,7,10,inadmissible_anchor_relative,0,0,0,0,0,0,0,0,0,0,0,0,nan,nan,nan,nan,nan,nan,nan,nan,0,0,0,0,0.47368421052631576,0.6842105263157895,0.7894736842105263,1.0,nan,nan,nan,nan,nan,nan,1.0,1.0,0.0,0.0,0.8939034938812256,1.1096737384796143
B,1e65457c324e5e12,0,1,0,8.0,9,9,0,0.0,0.0,0.0,unchanged,9,0,9,adm_inc_to_anchor,9,0,9,adm_inc_to_anchor,1,1,0,0,0,0,0,0,0,0,0,0,nan,nan,nan,nan,nan,nan,nan,nan,0,0,0,0,0.6363636363636364,0.8181818181818182,0.8181818181818182,1.0,nan,nan,nan,nan,nan,nan,1.0,1.0,1.0,1.0,0.02327180653810501,0.028888173401355743
B,1e94c76ba51d509e,0,1,0,8.0,0,5,1,4.813475044444203,0.0,4.813475044444203,B24_beneficial,0,5,0,adm_inc_to_anchor,0,5,5,keep_incumbent,1,1,0,0,0,0,0,0,0,0,0,0,nan,nan,nan,0.041390370577573776,nan,-2.304938793182373,nan,-6.43860387802124,0,0,0,0,0.5,0.7333333333333333,0.6333333333333333,0.8666666666666667,nan,nan,nan,nan,nan,nan,1.0,1.0,1.0,0.0,0.03642026335000992,0.04495628923177719
B,200c3c1d63d65aba,0,1,0,8.0,18,18,0,0.010859832167625427,0.010859832167625427,0.0,unchanged,18,14,18,adm_inc_to_anchor,18,14,18,adm_inc_to_anchor,1,1,1,1,0,0,0,0,0,0,0,0,nan,nan,nan,nan,nan,nan,nan,nan,0,0,1,1,0.55,0.85,0.7,1.0,nan,nan,nan,nan,nan,nan,1.0,1.0,1.0,1.0,0.04064497724175453,0.050518136471509933
B,2085ce3adfb25fc1,0,1,0,8.0,28,28,0,61473.88173014484,61473.88173014484,0.0,unchanged,28,19,28,inadmissible_anchor_relative,28,19,28,inadmissible_anchor_relative,0,0,0,0,0,0,0,0,0,0,0,0,nan,nan,nan,nan,nan,nan,nan,nan,0,0,0,0,0.4827586206896552,0.6896551724137931,0.7931034482758621,1.0,nan,nan,nan,nan,nan,nan,1.0,1.0,0.0,0.0,0.09483642876148224,0.11484497040510178
B,21156bf0ce2e56d5,0,1,0,8.0,9,9,0,3.3077811039984226,3.3077811039984226,0.0,unchanged,9,9,9,keep_incumbent,9,9,9,keep_incumbent,0,0,0,0,0,0,0,0,0,0,0,0,nan,nan,nan,nan,nan,nan,nan,nan,0,0,0,0,0.8,1.0,0.8,1.0,nan,nan,nan,nan,nan,nan,1.0,1.0,1.0,1.0,0.016596907749772072,0.020339295268058777
B,211f5146c9195284,0,0,6,0.0,9,9,0,147.91244888305664,147.91244888305664,0.0,unchanged,9,24,9,adm_inc_to_anchor,9,24,9,adm_inc_to_anchor,1,1,0,0,0,0,0,0,0,0,0,0,nan,nan,nan,nan,nan,nan,nan,nan,0,0,0,0,1.0,1.0,1.0,1.0,nan,nan,nan,nan,nan,nan,1.0,1.0,1.0,1.0,0.028654368594288826,0.028654368594288826
B,2149a5a544a95322,0,1,0,8.0,9,9,0,4.417897418141365,4.417897418141365,0.0,unchanged,9,0,9,adm_inc_to_anchor,9,0,9,adm_inc_to_anchor,1,1,0,1,0,0,0,0,0,0,0,0,nan,nan,nan,nan,nan,nan,nan,nan,0,0,0,3,1.0,1.0,1.0,1.0,nan,nan,nan,nan,nan,nan,1.0,1.0,1.0,1.0,0.04379541799426079,0.05367722362279892
B,21b83335246958eb,0,1,0,8.0,18,18,0,151280.3280556634,151280.3280556634,0.0,unchanged,18,9,18,inadmissible_anchor_relative,18,9,18,inadmissible_anchor_relative,0,0,0,0,0,0,0,0,0,0,0,0,nan,nan,nan,nan,nan,nan,nan,nan,0,0,0,0,0.5,0.7083333333333334,0.7916666666666666,1.0,nan,nan,nan,nan,nan,nan,1.0,1.0,0.0,0.0,0.7099710702896118,0.8820735812187195
B,21d31c992ad15ada,0,1,0,8.0,18,20,1,22208.66566395799,22209.926167203128,-1.2605032451392617,B24_harmful,1,20,18,direct_alt,1,20,20,keep_incumbent,1,1,1,1,1,1,1,1,1,1,1,0,6.30251622569522e-05,nan,2.1075222492218018,3.200086832046509,0.320199191570282,-0.190012589097023,0.29230648279190063,-4.186911582946777,4,6,5,5,0.6,0.85,0.75,1.0,nan,nan,nan,nan,nan,nan,1.0,1.0,0.0,0.0,0.19783362746238708,0.24928966164588928
B,2206b0cce2dd5215,0,1,0,8.0,9,9,0,0.0,0.0,0.0,unchanged,9,0,9,adm_inc_to_anchor,9,0,9,adm_inc_to_anchor,1,1,0,0,0,0,0,0,0,0,0,0,nan,nan,nan,nan,nan,nan,nan,nan,0,0,0,0,1.0,1.0,1.0,1.0,nan,nan,nan,nan,nan,nan,1.0,1.0,1.0,1.0,0.04563620314002037,0.0559425987303257
B,2234f22163ea5e14,0,1,0,8.0,10,10,0,79.9741889773868,79.9741889773868,0.0,unchanged,10,5,10,adm_inc_to_anchor,10,5,10,adm_inc_to_anchor,1,1,0,0,0,0,0,0,0,0,0,0,nan,nan,nan,nan,nan,nan,nan,nan,0,0,0,0,0.6,0.8,0.8,1.0,nan,nan,nan,nan,nan,nan,1.0,1.0,1.0,1.0,0.07401645183563232,0.09081635624170303
B,22a409fea3a35e9e,0,1,0,8.0,22,22,0,73.3559196293354,73.3559196293354,0.0,unchanged,22,20,22,adm_inc_to_anchor,22,20,22,adm_inc_to_anchor,1,1,1,1,0,0,1,1,0,0,0,0,nan,nan,nan,nan,nan,nan,nan,nan,0,0,8,8,0.4166666666666667,0.6388888888888888,0.6388888888888888,0.8611111111111112,nan,nan,nan,nan,nan,nan,1.0,1.0,1.0,1.0,0.04922871291637421,0.05917660892009735
B,230ddfac25bd5cd6,0,1,0,8.0,10,10,0,23426.093597964966,23426.093597964966,0.0,unchanged,10,7,10,inadmissible_anchor_relative,10,7,10,inadmissible_anchor_relative,0,0,0,0,0,0,0,0,0,0,0,0,nan,nan,nan,nan,nan,nan,nan,nan,0,0,0,0,0.38461538461538464,0.7692307692307693,0.6153846153846154,1.0,nan,nan,nan,nan,nan,nan,1.0,1.0,0.0,0.0,0.941239058971405,1.1545151472091675
B,23a5601ebd185e9c,0,1,0,8.0,9,9,0,5.455174691102002,5.455174691102002,0.0,unchanged,9,0,9,adm_inc_to_anchor,9,0,9,adm_inc_to_anchor,1,1,1,1,0,0,0,0,0,0,0,0,nan,nan,nan,nan,nan,nan,nan,nan,0,0,4,4,0.6,1.0,0.6,1.0,nan,nan,nan,nan,nan,nan,1.0,1.0,1.0,1.0,0.049978550523519516,0.061266034841537476
B,25b18b036e185e14,0,1,0,8.0,3,3,0,18586.436221644282,18586.436221644282,0.0,unchanged,7,3,3,keep_incumbent,7,3,3,keep_incumbent,1,1,0,0,0,0,0,0,0,0,0,0,nan,nan,1.2712334394454956,1.347304105758667,-0.8484838604927063,-1.690428376197815,-4.5826311111450195,-5.006142616271973,0,0,0,0,0.5909090909090909,0.8636363636363636,0.7272727272727273,1.0,nan,nan,nan,nan,nan,nan,1.0,1.0,0.0,0.0,0.20736470818519592,0.2543124854564667
B,2619a60b69d15bea,0,1,0,8.0,0,0,0,38668.35806594044,38668.35806594044,0.0,unchanged,3,0,0,keep_incumbent,3,0,0,keep_incumbent,1,1,0,0,0,0,0,0,0,0,0,0,nan,nan,0.672866940498352,0.23694336414337158,-3.6768901348114014,-5.5026679039001465,-5.326146125793457,-5.9261393547058105,0,0,0,0,0.5217391304347826,0.6521739130434783,0.782608695652174,0.9130434782608695,nan,nan,nan,nan,nan,nan,1.0,1.0,0.0,0.0,0.3379814624786377,0.4146413803100586
B,268628678b6751d7,0,1,0,8.0,26,15,1,5.114922306500375,25794.311276614666,-25789.196354308166,B24_harmful,26,10,26,inadmissible_anchor_relative,15,10,15,inadmissible_anchor_relative,0,0,0,0,0,0,0,0,0,0,0,0,nan,nan,nan,nan,nan,nan,nan,nan,0,0,0,0,0.5,0.7857142857142857,0.6785714285714286,0.9642857142857143,nan,nan,nan,nan,nan,nan,0.0,1.0,0.0,0.0,0.26555222272872925,0.3165314495563507
B,288dba6782fb5b01,0,1,0,8.0,5,5,0,2.746797774452716,2.746797774452716,0.0,unchanged,17,5,5,keep_incumbent,17,5,5,keep_incumbent,1,1,1,1,1,1,0,0,0,0,0,0,nan,nan,0.7370958924293518,0.42256325483322144,-2.1416025161743164,-3.2767016887664795,-5.972323417663574,-6.210241317749023,0,0,1,1,0.5882352941176471,0.7058823529411765,0.8235294117647058,0.9411764705882353,nan,nan,nan,nan,nan,nan,1.0,1.0,0.0,0.0,0.3167044520378113,0.3937719464302063
B,298644657b2a5a39,0,1,0,8.0,18,18,0,0.0,0.0,0.0,unchanged,18,0,18,adm_inc_to_anchor,18,0,18,inadmissible_anchor_relative,1,0,0,0,0,0,0,0,0,0,0,0,nan,nan,nan,nan,nan,nan,nan,nan,0,0,0,0,0.6363636363636364,0.8636363636363636,0.7727272727272727,1.0,nan,nan,nan,nan,nan,nan,1.0,1.0,0.0,0.0,0.0524960458278656,0.19706588983535767
B,29fa834442645bad,1,1,1,0.0,8,8,0,3508.178993180394,3508.178993180394,0.0,unchanged,3,2,2,structural,3,2,2,structural,0,0,0,0,0,0,0,0,0,0,0,0,nan,nan,0.0,0.0,0.0,0.0,0.0,0.0,0,0,0,0,0.375,0.375,0.65625,0.65625,nan,nan,nan,nan,nan,nan,1.0,1.0,0.0,0.0,0.5425660610198975,0.5425660610198975
B,2a25cfa3901157ab,0,1,0,8.0,0,0,0,0.0,0.0,0.0,unchanged,0,1,0,inadmissible_anchor_relative,0,1,0,inadmissible_anchor_relative,0,0,0,0,0,0,0,0,0,0,0,0,nan,nan,nan,nan,nan,nan,nan,nan,0,0,0,0,0.5,0.7142857142857143,0.7142857142857143,0.9285714285714286,nan,nan,nan,nan,nan,nan,1.0,1.0,0.0,0.0,0.5969106554985046,0.7424988150596619
B,2b148489ed3a525d,0,0,6,0.0,17,17,0,0.0,0.0,0.0,unchanged,22,11,17,direct_alt,22,11,17,direct_alt,1,1,1,1,1,1,1,1,1,1,1,1,0.989884757223725,0.989884757223725,3.146113395690918,3.146113395690918,1.3627601861953735,1.3627601861953735,1.2363091707229614,1.2363091707229614,6,6,22,22,0.625,0.625,1.0,1.0,nan,nan,nan,nan,nan,nan,1.0,1.0,0.0,0.0,0.2918524444103241,0.2918524444103241
B,2beea99def42570c,0,1,0,8.0,9,9,0,3.2933486588299274,3.2933486588299274,0.0,unchanged,9,9,9,keep_incumbent,9,9,9,keep_incumbent,0,0,0,0,0,0,0,0,0,0,0,0,nan,nan,nan,nan,nan,nan,nan,nan,0,0,0,0,0.8,1.0,0.8,1.0,nan,nan,nan,nan,nan,nan,1.0,1.0,1.0,1.0,0.016485612839460373,0.020201873034238815
B,2cf8e8d7b4eb566a,0,1,0,8.0,16,16,0,0.0,0.0,0.0,unchanged,16,11,16,adm_inc_to_anchor,16,11,16,adm_inc_to_anchor,1,1,0,0,0,0,0,0,0,0,0,0,nan,nan,nan,nan,nan,nan,nan,nan,0,0,0,0,0.5172413793103449,0.7931034482758621,0.6551724137931034,0.9310344827586207,nan,nan,nan,nan,nan,nan,1.0,1.0,1.0,1.0,0.04984349384903908,0.060840457677841187
B,2d21131046665cf3,0,1,0,8.0,6,6,0,37.36968657374382,37.36968657374382,0.0,unchanged,0,6,6,keep_incumbent,0,6,6,keep_incumbent,1,1,1,1,0,1,0,1,0,0,0,0,nan,nan,0.602729082107544,1.1475273370742798,-0.5883824229240417,-0.5312173962593079,-4.794459819793701,-4.7436747550964355,0,0,14,14,0.3333333333333333,0.3333333333333333,0.6666666666666666,0.6666666666666666,nan,nan,nan,nan,nan,nan,1.0,1.0,0.0,0.0,0.12593205273151398,0.1565268486738205
B,2d29444547a150e8,0,1,0,8.0,9,9,0,0.0,0.0,0.0,unchanged,1,9,9,keep_incumbent,1,9,9,keep_incumbent,1,1,0,0,0,0,0,0,0,0,0,0,nan,nan,3.0794777870178223,4.039448261260986,-0.20798400044441223,-0.09820135682821274,-4.889265060424805,-4.6604156494140625,0,0,0,0,0.5555555555555556,0.8888888888888888,0.6666666666666666,1.0,nan,nan,nan,nan,nan,nan,1.0,1.0,0.0,0.0,0.14362239837646484,0.18120071291923523
B,2d3bb2917ab756ed,0,1,0,8.0,17,17,0,0.0,0.0,0.0,unchanged,17,11,17,adm_inc_to_anchor,17,0,17,inadmissible_anchor_relative,1,0,0,0,0,0,0,0,0,0,0,0,nan,nan,nan,nan,nan,nan,nan,nan,0,0,0,0,0.5263157894736842,0.6842105263157895,0.8421052631578947,1.0,nan,nan,nan,nan,nan,nan,1.0,1.0,0.0,0.0,0.04495248943567276,0.16148197650909424
B,2de951c4cdbf5c83,0,1,0,8.0,15,15,0,13335.676423306431,13335.676423306431,0.0,unchanged,15,19,15,inadmissible_anchor_relative,15,19,15,inadmissible_anchor_relative,0,0,0,0,0,0,0,0,0,0,0,0,nan,nan,nan,nan,nan,nan,nan,nan,0,0,0,0,0.43478260869565216,0.5652173913043478,0.782608695652174,0.9130434782608695,nan,nan,nan,nan,nan,nan,1.0,1.0,0.0,0.0,0.5439655184745789,0.6585749983787537
B,2e2ebe6c612b5a61,0,1,0,8.0,14,14,0,4845.736456025392,4845.736456025392,0.0,unchanged,14,25,14,inadmissible_anchor_relative,14,25,14,inadmissible_anchor_relative,0,0,0,0,0,0,0,0,0,0,0,0,nan,nan,nan,nan,nan,nan,nan,nan,0,0,0,0,0.5517241379310345,0.8275862068965517,0.7241379310344828,1.0,nan,nan,nan,nan,nan,nan,1.0,1.0,0.0,0.0,0.11895186454057693,0.14840106666088104
B,2ebd5bab0ecd55c4,0,1,0,2.0,25,13,1,3.615930676460266,7.215845048427582,-3.5999143719673157,B24_harmful,19,26,25,direct_alt,19,26,13,direct_alt,1,1,1,1,1,1,1,1,1,1,1,1,1.2197810719460254,1.219601076227427,2.2937333583831787,2.0934746265411377,0.6657283902168274,0.5767558217048645,0.5030243396759033,0.29824402928352356,7,6,27,27,0.6,0.6666666666666666,0.9333333333333333,1.0,nan,nan,nan,nan,nan,nan,1.0,1.0,0.0,0.0,0.30546802282333374,0.31991124153137207
B,2fb76a39d8a95abd,0,1,0,8.0,9,9,0,4.417746499180794,4.417746499180794,0.0,unchanged,9,0,9,adm_inc_to_anchor,9,0,9,adm_inc_to_anchor,1,1,1,1,0,0,0,0,0,0,0,0,nan,nan,nan,nan,nan,nan,nan,nan,0,0,2,2,1.0,1.0,1.0,1.0,nan,nan,nan,nan,nan,nan,1.0,1.0,1.0,1.0,0.0473102331161499,0.05798840895295143
B,2fddc916643b5679,0,1,0,8.0,2,13,1,19857.128093690528,25875.6247295714,-6018.496635880871,B24_harmful,13,2,2,keep_incumbent,13,2,13,inadmissible_anchor_relative,1,0,1,0,0,0,0,0,0,0,0,0,nan,nan,0.0379050187766552,nan,-1.3241249322891235,nan,-5.454751968383789,nan,0,0,4,0,0.631578947368421,0.8421052631578947,0.7894736842105263,1.0,nan,nan,nan,nan,nan,nan,1.0,1.0,0.0,0.0,0.3579026758670807,0.1848764568567276
B,30300d8dca6851cd,0,1,0,8.0,17,17,0,11.250044461339712,11.250044461339712,0.0,unchanged,17,4,17,adm_inc_to_anchor,17,4,17,adm_inc_to_anchor,1,1,0,0,0,0,0,0,0,0,0,0,nan,nan,nan,nan,nan,nan,nan,nan,0,0,0,0,0.6666666666666666,0.6666666666666666,1.0,1.0,nan,nan,nan,nan,nan,nan,1.0,1.0,1.0,1.0,0.03530658781528473,0.04277412220835686
B,3044512eb5865ef2,0,1,0,8.0,17,17,0,0.0,0.0,0.0,unchanged,17,0,17,adm_inc_to_anchor,17,0,17,inadmissible_anchor_relative,1,0,0,0,0,0,0,0,0,0,0,0,nan,nan,nan,nan,nan,nan,nan,nan,0,0,0,0,0.5172413793103449,0.7586206896551724,0.6896551724137931,0.9310344827586207,nan,nan,nan,nan,nan,nan,1.0,1.0,0.0,0.0,0.04596729204058647,0.16553345322608948
B,30585a8a5cf158a8,0,1,0,6.0,11,0,1,0.17632567882537842,0.0,0.17632567882537842,B24_beneficial,1,0,11,direct_alt,1,0,0,keep_incumbent,1,1,0,0,0,0,0,0,0,0,0,0,-8.816283941337488e-06,nan,2.7269158363342285,3.5327837467193604,0.2814634144306183,0.0847531259059906,0.24460825324058533,-3.965498924255371,1,1,0,0,0.6666666666666666,0.9166666666666666,0.75,1.0,nan,nan,nan,nan,nan,nan,1.0,1.0,0.0,0.0,0.23646317422389984,0.28056612610816956
B,30bf34fa56c85a70,0,1,0,8.0,8,8,0,19822.55314373225,19822.55314373225,0.0,unchanged,8,5,8,inadmissible_anchor_relative,8,5,8,inadmissible_anchor_relative,0,0,0,0,0,0,0,0,0,0,0,0,nan,nan,nan,nan,nan,nan,nan,nan,0,0,0,0,0.5217391304347826,0.782608695652174,0.7391304347826086,1.0,nan,nan,nan,nan,nan,nan,1.0,1.0,0.0,0.0,0.7572789788246155,0.9286742806434631
B,30f1ceae35fb5f8c,0,1,0,8.0,3,11,1,3.446703713387251,9.60285995900631,-6.156156245619059,B24_harmful,18,3,3,keep_incumbent,18,3,11,direct_alt,1,1,1,1,1,1,0,0,0,0,0,0,nan,-0.000307807812280958,2.8194823265075684,1.0047438144683838,-0.8275321125984192,0.5964933037757874,-5.471962928771973,0.017472973093390465,0,2,3,3,0.6,0.9333333333333333,0.6,0.9333333333333333,nan,nan,nan,nan,nan,nan,1.0,1.0,0.0,0.0,0.38492146134376526,0.47821512818336487
B,31843fa21dbd5c22,0,1,0,8.0,4,16,1,0.0,-9838.397653598804,9838.397653598804,B24_beneficial,4,20,4,inadmissible_anchor_relative,16,20,16,inadmissible_anchor_relative,0,0,0,0,0,0,0,0,0,0,0,0,nan,nan,nan,nan,nan,nan,nan,nan,0,0,0,0,0.5333333333333333,0.8,0.7333333333333333,1.0,nan,nan,nan,nan,nan,nan,0.0,1.0,0.0,0.0,0.19410806894302368,0.2380490005016327
B,328db09828fd59be,0,1,0,8.0,18,18,0,3.969498574733734,3.969498574733734,0.0,unchanged,18,18,18,keep_incumbent,18,18,18,keep_incumbent,0,0,0,0,0,0,0,0,0,0,0,0,nan,nan,nan,nan,nan,nan,nan,nan,0,0,0,0,0.6923076923076923,0.8461538461538461,0.8461538461538461,1.0,nan,nan,nan,nan,nan,nan,1.0,1.0,0.0,0.0,0.07242660224437714,0.08977733552455902
B,334f5616164b5f39,0,0,6,0.0,22,22,0,24690.349963198336,24690.349963198336,0.0,unchanged,22,24,22,adm_inc_to_anchor,22,24,22,adm_inc_to_anchor,1,1,0,0,0,0,0,0,0,0,0,0,nan,nan,nan,nan,nan,nan,nan,nan,0,0,0,0,0.7777777777777778,0.7777777777777778,1.0,1.0,nan,nan,nan,nan,nan,nan,1.0,1.0,1.0,1.0,0.2106192409992218,0.2106192409992218
B,33b2fd671ec15451,0,1,0,8.0,12,10,1,243.99129639938474,24643.991070752963,-24399.99977435358,B24_harmful,10,12,12,keep_incumbent,10,12,10,adm_inc_to_anchor,1,1,0,1,0,0,0,0,0,0,0,0,nan,nan,0.13042116165161133,nan,-0.6214908361434937,nan,-5.01769495010376,nan,0,0,0,1,0.7142857142857143,0.8571428571428571,0.8571428571428571,1.0,nan,nan,nan,nan,nan,nan,1.0,1.0,0.0,1.0,0.04522298276424408,0.05635715648531914
B,33d1e6a68deb5f0a,0,1,0,8.0,18,18,0,2809.568373459624,2809.568373459624,0.0,unchanged,18,3,18,inadmissible_anchor_relative,18,3,18,inadmissible_anchor_relative,0,0,0,0,0,0,0,0,0,0,0,0,nan,nan,nan,nan,nan,nan,nan,nan,0,0,0,0,0.5925925925925926,0.7407407407407407,0.7407407407407407,0.8888888888888888,nan,nan,nan,nan,nan,nan,1.0,1.0,0.0,0.0,0.5600486397743225,0.6903338432312012
B,34e11984505653ac,0,1,0,8.0,1,1,0,49430.19474772888,49430.19474772888,0.0,unchanged,1,0,1,inadmissible_anchor_relative,1,4,1,inadmissible_anchor_relative,0,0,0,0,0,0,0,0,0,0,0,0,nan,nan,nan,nan,nan,nan,nan,nan,0,0,0,0,0.4642857142857143,0.7142857142857143,0.7142857142857143,0.9642857142857143,nan,nan,nan,nan,nan,nan,1.0,1.0,0.0,0.0,0.3130466043949127,0.3892117440700531
B,35008ab7150c5c85,0,1,0,8.0,8,8,0,30814.470872737467,30814.470872737467,0.0,unchanged,8,0,8,inadmissible_anchor_relative,8,0,8,inadmissible_anchor_relative,0,0,0,0,0,0,0,0,0,0,0,0,nan,nan,nan,nan,nan,nan,nan,nan,0,0,0,0,0.625,0.8333333333333334,0.75,0.9583333333333334,nan,nan,nan,nan,nan,nan,1.0,1.0,0.0,0.0,0.15171484649181366,0.18609170615673065
B,356c5d2f16b75215,0,1,0,8.0,20,8,1,0.4844886113423854,7.696649206802249,-7.2121605954598635,B24_harmful,3,21,20,direct_alt,3,7,8,direct_alt,1,1,1,0,1,0,1,0,1,0,1,0,0.00017758132864242882,-0.0003848324603401565,1.0555363893508911,1.3415164947509766,0.5713299512863159,0.29808786511421204,0.532448947429657,0.23187799751758575,8,8,4,0,0.5238095238095238,0.8095238095238095,0.7142857142857143,1.0,nan,nan,nan,nan,nan,nan,1.0,1.0,0.0,0.0,0.11864981055259705,0.14845658838748932
B,35a605dae8435be6,0,1,0,8.0,9,9,0,6.938425660133362,6.938425660133362,0.0,unchanged,9,0,9,adm_inc_to_anchor,9,0,9,adm_inc_to_anchor,1,1,0,0,0,0,0,0,0,0,0,0,nan,nan,nan,nan,nan,nan,nan,nan,0,0,0,0,0.6363636363636364,1.0,0.6363636363636364,1.0,nan,nan,nan,nan,nan,nan,1.0,1.0,1.0,1.0,0.045788612216711044,0.05613682046532631
B,35baaafabe155d46,0,1,0,8.0,20,20,0,0.35238233651034534,0.35238233651034534,0.0,unchanged,8,20,20,keep_incumbent,8,20,20,keep_incumbent,1,1,1,1,0,0,0,0,0,0,0,0,nan,nan,0.20124807953834534,0.17287421226501465,-0.5869275331497192,-0.8488375544548035,-4.53501558303833,-4.611488342285156,0,0,4,4,0.35714285714285715,0.5357142857142857,0.8214285714285714,1.0,nan,nan,nan,nan,nan,nan,1.0,1.0,0.0,0.0,0.11601246148347855,0.14228810369968414
B,35c9d5b6a6a35511,0,1,0,8.0,5,5,0,2230.095953660086,2230.095953660086,0.0,unchanged,5,3,5,adm_inc_to_anchor,5,3,5,inadmissible_anchor_relative,1,0,0,0,0,0,0,0,0,0,0,0,nan,nan,nan,nan,nan,nan,nan,nan,0,0,0,0,0.3793103448275862,0.5862068965517241,0.7241379310344828,0.9310344827586207,nan,nan,nan,nan,nan,nan,1.0,1.0,0.0,0.0,0.10053382068872452,0.5258305072784424
B,3663299b3975544d,0,1,0,8.0,23,23,0,30777.882345601916,30777.882345601916,0.0,unchanged,23,19,23,inadmissible_anchor_relative,23,19,23,inadmissible_anchor_relative,0,0,0,0,0,0,0,0,0,0,0,0,nan,nan,nan,nan,nan,nan,nan,nan,0,0,0,0,0.55,0.8,0.75,1.0,nan,nan,nan,nan,nan,nan,1.0,1.0,0.0,0.0,0.15398088097572327,0.18707981705665588
B,36913b512f255165,0,1,0,8.0,5,5,0,0.0016640426890717208,0.0016640426890717208,0.0,unchanged,5,0,5,inadmissible_anchor_relative,5,0,5,inadmissible_anchor_relative,0,0,0,0,0,0,0,0,0,0,0,0,nan,nan,nan,nan,nan,nan,nan,nan,0,0,0,0,0.5161290322580645,0.7096774193548387,0.7096774193548387,0.9032258064516129,nan,nan,nan,nan,nan,nan,1.0,1.0,0.0,0.0,0.04113240912556648,0.04938095062971115
B,3700f38362d4525b,0,1,0,8.0,18,18,0,0.08134145592339337,0.08134145592339337,0.0,unchanged,18,18,18,keep_incumbent,18,18,18,keep_incumbent,0,0,0,0,0,0,0,0,0,0,0,0,nan,nan,nan,nan,nan,nan,nan,nan,0,0,0,0,0.48484848484848486,0.7272727272727273,0.6666666666666666,0.9090909090909091,nan,nan,nan,nan,nan,nan,1.0,1.0,0.0,0.0,0.3361295163631439,0.4161391854286194
B,37b1a05ad0c25817,0,1,0,8.0,9,9,0,0.0,0.0,0.0,unchanged,9,10,9,adm_inc_to_anchor,9,10,9,adm_inc_to_anchor,1,1,0,0,0,0,0,0,0,0,0,0,nan,nan,nan,nan,nan,nan,nan,nan,0,0,0,0,0.4444444444444444,0.7777777777777778,0.6666666666666666,1.0,nan,nan,nan,nan,nan,nan,1.0,1.0,1.0,1.0,0.014691179618239403,0.018234560266137123
B,37bcb3c55ac05f36,0,0,6,0.0,18,18,0,0.0,0.0,0.0,unchanged,26,6,18,direct_alt,26,6,18,direct_alt,1,1,1,1,1,1,1,1,1,1,1,1,0.0005510985232889652,0.0005510985232889652,2.785590887069702,2.785590887069702,1.299900770187378,1.299900770187378,1.8394031524658203,1.8394031524658203,13,13,17,17,1.0,1.0,1.0,1.0,nan,nan,nan,nan,nan,nan,1.0,1.0,0.0,0.0,0.21062463521957397,0.21062463521957397
B,3800012970ea5102,0,1,0,8.0,17,17,0,0.0,0.0,0.0,unchanged,17,17,17,keep_incumbent,17,17,17,keep_incumbent,0,0,0,0,0,0,0,0,0,0,0,0,nan,nan,nan,nan,nan,nan,nan,nan,0,0,0,0,0.5,0.7857142857142857,0.6785714285714286,0.9642857142857143,nan,nan,nan,nan,nan,nan,1.0,1.0,0.0,0.0,0.07908875495195389,0.09853789210319519
B,38eea5d28fa052fc,0,1,0,8.0,4,4,0,0.0,0.0,0.0,unchanged,4,9,4,inadmissible_anchor_relative,4,14,4,inadmissible_anchor_relative,0,0,0,0,0,0,0,0,0,0,0,0,nan,nan,nan,nan,nan,nan,nan,nan,0,0,0,0,0.42105263157894735,0.6842105263157895,0.5789473684210527,0.8421052631578947,nan,nan,nan,nan,nan,nan,1.0,1.0,0.0,0.0,0.23369921743869781,0.28666460514068604
B,38fc5583b2be57f7,0,0,6,0.0,17,17,0,0.0,0.0,0.0,unchanged,19,6,17,direct_alt,19,6,17,direct_alt,1,1,1,1,1,1,1,1,1,1,1,1,0.0036271060347556894,0.0036271060347556894,2.495957136154175,2.495957136154175,1.0297622680664062,1.0297622680664062,2.3781840801239014,2.3781840801239014,8,8,26,26,0.8,0.8,1.0,1.0,nan,nan,nan,nan,nan,nan,1.0,1.0,0.0,0.0,0.1868859827518463,0.1868859827518463
B,3992dc6e9f6d5a37,0,1,0,8.0,4,4,0,30741.55160151422,30741.55160151422,0.0,unchanged,4,14,4,inadmissible_anchor_relative,4,14,4,inadmissible_anchor_relative,0,0,0,0,0,0,0,0,0,0,0,0,nan,nan,nan,nan,nan,nan,nan,nan,0,0,0,0,0.11764705882352941,0.5882352941176471,0.4117647058823529,0.8823529411764706,nan,nan,nan,nan,nan,nan,1.0,1.0,0.0,0.0,0.21591618657112122,0.2649289667606354
B,3a1e2a6272295c25,0,1,0,8.0,30,30,0,3.7928859895318965,3.7928859895318965,0.0,unchanged,30,0,30,inadmissible_anchor_relative,30,0,30,inadmissible_anchor_relative,0,0,0,0,0,0,0,0,0,0,0,0,nan,nan,nan,nan,nan,nan,nan,nan,0,0,0,0,0.6521739130434783,0.8695652173913043,0.782608695652174,1.0,nan,nan,nan,nan,nan,nan,1.0,1.0,0.0,0.0,0.12453224509954453,0.15038059651851654
B,3a2ad6fafa0f5393,0,1,0,8.0,2,2,0,0.0,0.0,0.0,unchanged,18,2,2,keep_incumbent,18,2,2,keep_incumbent,1,1,0,0,0,0,0,0,0,0,0,0,nan,nan,2.5267512798309326,2.4149208068847656,-0.7921619415283203,-1.1265544891357422,-5.349666118621826,-5.67909574508667,0,1,0,0,0.5,0.8333333333333334,0.6666666666666666,1.0,nan,nan,nan,nan,nan,nan,1.0,1.0,0.0,0.0,0.3886685073375702,0.48319318890571594
B,3aad9e4d4df95f4b,0,1,0,8.0,4,4,0,25854.416170513257,25854.416170513257,0.0,unchanged,4,4,4,keep_incumbent,4,4,4,keep_incumbent,0,0,0,0,0,0,0,0,0,0,0,0,nan,nan,nan,nan,nan,nan,nan,nan,0,0,0,0,0.7,0.7,1.0,1.0,nan,nan,nan,nan,nan,nan,1.0,1.0,0.0,0.0,0.11258132010698318,0.14037665724754333
B,3af07adf4e885db7,0,1,0,8.0,15,15,0,0.0,0.0,0.0,unchanged,15,0,15,adm_inc_to_anchor,15,0,15,inadmissible_anchor_relative,1,0,0,0,0,0,0,0,0,0,0,0,nan,nan,nan,nan,nan,nan,nan,nan,0,0,0,0,0.5,0.7692307692307693,0.6923076923076923,0.9615384615384616,nan,nan,nan,nan,nan,nan,1.0,1.0,0.0,0.0,0.06101273000240326,0.23504723608493805
B,3b59301b56015d3a,0,0,6,0.0,16,16,0,4.38281112909317,4.38281112909317,0.0,unchanged,1,19,16,direct_alt,1,19,16,direct_alt,1,1,0,0,0,0,0,0,0,0,0,0,-0.00021914055645465866,-0.00021914055645465866,2.599175453186035,2.599175453186035,0.38530272245407104,0.38530272245407104,0.3342953026294708,0.3342953026294708,4,4,0,0,0.75,0.75,1.0,1.0,nan,nan,nan,nan,nan,nan,1.0,1.0,0.0,0.0,0.1637006253004074,0.1637006253004074
B,3cc6e30b864a5664,0,0,6,0.0,5,5,0,71798.42910847068,71798.42910847068,0.0,unchanged,3,1,5,direct_alt,3,1,5,direct_alt,1,1,1,1,1,1,0,0,0,0,0,0,-1.7347081471189858,-1.7347081471189858,1.833859920501709,1.833859920501709,0.7457106709480286,0.7457106709480286,0.8486607670783997,0.8486607670783997,1,1,1,1,0.6,0.6,1.0,1.0,nan,nan,nan,nan,nan,nan,1.0,1.0,0.0,0.0,0.3304552733898163,0.3304552733898163
B,3de021e10d0e5997,0,1,0,8.0,20,20,0,5.81190409976989,5.81190409976989,0.0,unchanged,25,20,20,keep_incumbent,25,20,20,keep_incumbent,1,1,1,1,0,1,0,0,0,0,0,0,nan,nan,0.6327495574951172,0.9200589656829834,-1.80838942527771,-1.2806205749511719,-6.135137557983398,-5.6033782958984375,0,0,3,3,0.5555555555555556,0.8518518518518519,0.6666666666666666,0.9629629629629629,nan,nan,nan,nan,nan,nan,1.0,1.0,0.0,0.0,0.05450230464339256,0.06760965287685394
B,3e18b749a28356f8,0,0,6,0.0,6,6,0,59.006529823323945,59.006529823323945,0.0,unchanged,9,22,6,direct_alt,9,22,6,direct_alt,1,1,1,1,1,1,1,1,1,1,0,0,-0.0028886890538226,-0.0028886890538226,0.6162506937980652,0.6162506937980652,0.3684071898460388,0.3684071898460388,0.7223442792892456,0.7223442792892456,11,11,10,10,1.0,1.0,1.0,1.0,nan,nan,nan,nan,nan,nan,1.0,1.0,0.0,0.0,0.10307034850120544,0.10307034850120544
B,3e838317d41f55a0,0,1,0,8.0,9,9,0,172544.58716116706,172544.58716116706,0.0,unchanged,9,2,9,inadmissible_anchor_relative,9,2,9,inadmissible_anchor_relative,0,0,0,0,0,0,0,0,0,0,0,0,nan,nan,nan,nan,nan,nan,nan,nan,0,0,0,0,0.4411764705882353,0.5882352941176471,0.7352941176470589,0.8823529411764706,nan,nan,nan,nan,nan,nan,1.0,1.0,0.0,0.0,0.15230236947536469,0.07911317050457001
B,3f836ff641b851b0,0,0,6,0.0,3,3,0,0.017695248126983643,0.017695248126983643,0.0,unchanged,26,7,3,direct_alt,26,7,3,direct_alt,1,1,1,1,1,1,1,1,1,1,1,1,0.00015195038691162566,0.00015195038691162566,2.2090725898742676,2.2090725898742676,1.20572829246521,1.20572829246521,0.7681562304496765,0.7681562304496765,10,10,5,5,0.8333333333333334,0.8333333333333334,1.0,1.0,nan,nan,nan,nan,nan,nan,1.0,1.0,0.0,0.0,0.13897663354873657,0.13897663354873657
B,4015f95850b251b3,0,1,0,8.0,2,2,0,18580.968991807837,18580.968991807837,0.0,unchanged,2,2,2,keep_incumbent,2,2,2,keep_incumbent,0,0,0,0,0,0,0,0,0,0,0,0,nan,nan,nan,nan,nan,nan,nan,nan,0,0,0,0,0.4166666666666667,0.6388888888888888,0.6944444444444444,0.9166666666666666,nan,nan,nan,nan,nan,nan,1.0,1.0,0.0,0.0,0.5461828112602234,0.6698103547096252
B,4102837201875f62,0,1,0,8.0,18,18,0,4026.425905846554,4026.425905846554,0.0,unchanged,18,0,18,adm_inc_to_anchor,18,0,18,inadmissible_anchor_relative,1,0,1,0,0,0,0,0,0,0,0,0,nan,nan,nan,nan,nan,nan,nan,nan,0,0,1,0,0.631578947368421,0.9473684210526315,0.6842105263157895,1.0,nan,nan,nan,nan,nan,nan,1.0,1.0,0.0,0.0,0.030425285920500755,0.1090739518404007
B,426348a551ee581e,0,1,0,8.0,6,6,0,15011.12440917734,15011.12440917734,0.0,unchanged,19,6,6,keep_incumbent,19,6,6,keep_incumbent,1,1,1,1,0,1,0,1,0,1,0,0,nan,nan,0.69301438331604,1.2771327495574951,-0.6236222982406616,-0.4561426043510437,-5.027188301086426,-4.937585353851318,0,1,4,5,0.6666666666666666,0.7777777777777778,0.8888888888888888,1.0,nan,nan,nan,nan,nan,nan,1.0,1.0,0.0,0.0,0.14186683297157288,0.1796288639307022
B,42cb72cff88352cd,0,1,0,8.0,6,6,0,364.9922515488797,364.9922515488797,0.0,unchanged,6,1,6,adm_inc_to_anchor,6,1,6,adm_inc_to_anchor,1,1,1,1,0,0,0,0,0,0,0,0,nan,nan,nan,nan,nan,nan,nan,nan,0,0,2,2,0.35294117647058826,0.5294117647058824,0.6470588235294118,0.8235294117647058,nan,nan,nan,nan,nan,nan,1.0,1.0,1.0,1.0,0.31559398770332336,0.3874025046825409
B,43b5cb42c9cc5f21,0,1,0,8.0,9,9,0,40405.577728420496,40405.577728420496,0.0,unchanged,9,9,9,keep_incumbent,9,9,9,keep_incumbent,0,0,0,0,0,0,0,0,0,0,0,0,nan,nan,nan,nan,nan,nan,nan,nan,0,0,0,0,0.2857142857142857,0.7142857142857143,0.5714285714285714,1.0,nan,nan,nan,nan,nan,nan,1.0,1.0,1.0,1.0,0.03892739117145538,0.04753820225596428
B,43e1c53a82dc5175,0,1,0,4.0,16,16,0,0.02612222731113434,0.02612222731113434,0.0,unchanged,16,12,16,adm_inc_to_anchor,16,12,16,adm_inc_to_anchor,1,1,0,0,0,0,0,0,0,0,0,0,nan,nan,nan,nan,nan,nan,nan,nan,0,0,0,0,0.6,0.8,0.8,1.0,nan,nan,nan,nan,nan,nan,1.0,1.0,1.0,1.0,0.024961119517683983,0.02819017693400383
B,44def17102d459e7,0,1,0,6.0,10,10,0,0.0,0.0,0.0,unchanged,10,28,10,inadmissible_anchor_relative,10,28,10,inadmissible_anchor_relative,0,0,0,0,0,0,0,0,0,0,0,0,nan,nan,nan,nan,nan,nan,nan,nan,0,0,0,0,0.5,0.5714285714285714,0.9285714285714286,1.0,nan,nan,nan,nan,nan,nan,1.0,1.0,0.0,0.0,0.04753149673342705,0.05439925193786621
B,4569318654d55403,1,1,1,0.0,0,0,0,0.0,0.0,0.0,unchanged,9,0,0,structural,9,0,0,structural,0,0,0,0,0,0,0,0,0,0,0,0,nan,nan,0.0,0.0,0.0,0.0,0.0,0.0,0,0,0,0,0.7142857142857143,0.7142857142857143,0.9285714285714286,0.9285714285714286,nan,nan,nan,nan,nan,nan,1.0,1.0,0.0,0.0,0.034447286278009415,0.034447286278009415
B,45982dd7447657a6,0,1,0,8.0,13,13,0,20853.450514305383,20853.450514305383,0.0,unchanged,9,13,13,keep_incumbent,9,13,13,keep_incumbent,1,1,0,0,0,0,0,0,0,0,0,0,nan,nan,0.5877640247344971,0.9400831460952759,-1.9157814979553223,-3.2645673751831055,-5.56908655166626,-6.6390886306762695,0,0,0,0,0.75,0.875,0.875,1.0,nan,nan,nan,nan,nan,nan,1.0,1.0,0.0,0.0,0.09490605443716049,0.11557535827159882
B,46971a47cf2450fa,0,1,0,8.0,11,11,0,7.474209077336127,7.474209077336127,0.0,unchanged,11,13,11,inadmissible_anchor_relative,11,13,11,inadmissible_anchor_relative,0,0,0,0,0,0,0,0,0,0,0,0,nan,nan,nan,nan,nan,nan,nan,nan,0,0,0,0,0.6,0.8,0.8,1.0,nan,nan,nan,nan,nan,nan,1.0,1.0,0.0,0.0,0.5770553350448608,0.7171863317489624
B,46c415785e3655e8,0,1,0,8.0,12,12,0,4.783109870473709,4.783109870473709,0.0,unchanged,0,15,12,direct_alt,0,15,12,direct_alt,1,1,1,1,1,1,1,1,1,1,0,0,-0.00010512363660808433,-0.00010512363660808433,1.927078127861023,2.0265121459960938,0.9154167771339417,0.9514942765235901,0.7801205515861511,0.5721495747566223,4,5,2,2,0.5,0.7727272727272727,0.6818181818181818,0.9545454545454546,nan,nan,nan,nan,nan,nan,1.0,1.0,0.0,0.0,0.1804555356502533,0.22142131626605988
B,46d6321c1cc5573b,0,1,0,8.0,9,9,0,0.0,0.0,0.0,unchanged,9,6,9,inadmissible_anchor_relative,9,6,9,inadmissible_anchor_relative,0,0,0,0,0,0,0,0,0,0,0,0,nan,nan,nan,nan,nan,nan,nan,nan,0,0,0,0,0.5909090909090909,0.6818181818181818,0.8636363636363636,0.9545454545454546,nan,nan,nan,nan,nan,nan,1.0,1.0,0.0,0.0,0.4525485336780548,0.5622255802154541
B,4712f33161035964,0,1,0,4.0,4,4,0,24572.148266784847,24572.148266784847,0.0,unchanged,9,4,4,keep_incumbent,9,4,4,keep_incumbent,1,1,0,0,0,0,0,0,0,0,0,0,nan,nan,0.4277615547180176,0.4754413962364197,-1.000732183456421,-1.098810076713562,-5.383588790893555,-5.4122724533081055,0,0,0,0,0.4,0.6,0.8,1.0,nan,nan,nan,nan,nan,nan,1.0,1.0,0.0,0.0,0.08012691140174866,0.09029664844274521
B,472b82cdadbc57ab,0,1,0,8.0,22,22,0,0.40873003751039505,0.40873003751039505,0.0,unchanged,22,0,22,adm_inc_to_anchor,22,0,22,adm_inc_to_anchor,1,1,1,1,0,0,0,0,0,0,0,0,nan,nan,nan,nan,nan,nan,nan,nan,0,0,2,2,0.5,0.75,0.75,1.0,nan,nan,nan,nan,nan,nan,1.0,1.0,1.0,1.0,0.04517972096800804,0.05448246747255325
B,4735691f95b8504a,0,1,0,8.0,7,9,1,18639.52151151374,1.2922160364687443,18638.22929547727,B24_beneficial,7,9,7,inadmissible_anchor_relative,9,9,9,keep_incumbent,0,0,0,0,0,0,0,0,0,0,0,0,nan,nan,nan,nan,nan,nan,nan,nan,0,0,0,0,0.5238095238095238,0.7619047619047619,0.7619047619047619,1.0,nan,nan,nan,nan,nan,nan,0.0,1.0,0.0,0.0,0.5825732350349426,0.7142844796180725
B,4763a37e904951ee,0,0,6,0.0,4,4,0,0.6748896650969982,0.6748896650969982,0.0,unchanged,26,4,4,keep_incumbent,26,4,4,keep_incumbent,1,1,1,1,1,1,0,0,0,0,0,0,nan,nan,1.5624804496765137,1.5624804496765137,-0.5424614548683167,-0.5424614548683167,-4.6457200050354,-4.6457200050354,5,5,3,3,0.6,0.6,1.0,1.0,nan,nan,nan,nan,nan,nan,1.0,1.0,0.0,0.0,0.17426617443561554,0.17426617443561554
B,47ea6b1ca0555de6,0,1,0,8.0,17,17,0,0.0,0.0,0.0,unchanged,17,0,17,inadmissible_anchor_relative,17,0,17,inadmissible_anchor_relative,0,0,0,0,0,0,0,0,0,0,0,0,nan,nan,nan,nan,nan,nan,nan,nan,0,0,0,0,0.5652173913043478,0.782608695652174,0.7391304347826086,0.9565217391304348,nan,nan,nan,nan,nan,nan,1.0,1.0,0.0,0.0,0.13000570237636566,0.16144201159477234
B,4805971965f55224,0,1,0,8.0,7,7,0,74779.47549790214,74779.47549790214,0.0,unchanged,7,6,7,adm_inc_to_anchor,7,6,7,inadmissible_anchor_relative,1,0,1,0,0,0,0,0,0,0,0,0,nan,nan,nan,nan,nan,nan,nan,nan,0,0,1,0,0.4090909090909091,0.6818181818181818,0.5909090909090909,0.8636363636363636,nan,nan,nan,nan,nan,nan,1.0,1.0,0.0,0.0,0.07888688892126083,0.05426517501473427
B,480d3e8bd3f1557f,0,1,0,8.0,6,6,0,2.1515268724069756,2.1515268724069756,0.0,unchanged,6,1,6,inadmissible_anchor_relative,6,5,6,inadmissible_anchor_relative,0,0,0,0,0,0,0,0,0,0,0,0,nan,nan,nan,nan,nan,nan,nan,nan,0,0,0,0,0.4838709677419355,0.7419354838709677,0.6129032258064516,0.8709677419354839,nan,nan,nan,nan,nan,nan,1.0,1.0,0.0,0.0,0.08741755783557892,0.10820017755031586
B,482c3ec9f8125bb7,0,1,0,8.0,1,1,0,0.0,0.0,0.0,unchanged,9,1,1,keep_incumbent,9,1,1,keep_incumbent,1,1,0,0,0,0,0,0,0,0,0,0,nan,nan,0.43038123846054077,0.3741343319416046,-1.1609795093536377,-0.9653963446617126,-4.932793617248535,-4.4684224128723145,0,0,0,0,0.5416666666666666,0.7083333333333334,0.7916666666666666,0.9583333333333334,nan,nan,nan,nan,nan,nan,1.0,1.0,0.0,0.0,0.20566874742507935,0.25876402854919434
B,48587ef03f8a5185,0,1,0,8.0,28,28,0,0.4253881499171257,0.4253881499171257,0.0,unchanged,28,0,28,inadmissible_anchor_relative,28,0,28,inadmissible_anchor_relative,0,0,0,0,0,0,0,0,0,0,0,0,nan,nan,nan,nan,nan,nan,nan,nan,0,0,0,0,0.45454545454545453,0.7727272727272727,0.5454545454545454,0.8636363636363636,nan,nan,nan,nan,nan,nan,1.0,1.0,0.0,0.0,0.1512240618467331,0.18555083870887756
B,48d6eddf0e405bb3,0,0,6,0.0,3,3,0,0.0,0.0,0.0,unchanged,23,11,3,direct_alt,23,11,3,direct_alt,1,1,1,1,1,1,1,1,1,1,1,1,0.00024261159300804132,0.00024261159300804132,1.5738791227340698,1.5738791227340698,0.5766120553016663,0.5766120553016663,0.5749265551567078,0.5749265551567078,2,2,5,5,1.0,1.0,1.0,1.0,nan,nan,nan,nan,nan,nan,1.0,1.0,0.0,0.0,0.11236739158630371,0.11236739158630371
B,49380903f9485462,0,0,6,0.0,14,14,0,0.0,0.0,0.0,unchanged,5,14,14,keep_incumbent,5,14,14,keep_incumbent,1,1,0,0,0,0,0,0,0,0,0,0,nan,nan,3.4810471534729004,3.4810471534729004,-1.4531612396240234,-1.4531612396240234,-7.050528049468994,-7.050528049468994,0,0,0,0,0.8571428571428571,0.8571428571428571,1.0,1.0,nan,nan,nan,nan,nan,nan,1.0,1.0,0.0,0.0,0.07692337781190872,0.07692337781190872
B,49e15015065c586f,0,1,0,8.0,6,6,0,36442.030633164104,36442.030633164104,0.0,unchanged,6,4,6,inadmissible_anchor_relative,6,4,6,inadmissible_anchor_relative,0,0,0,0,0,0,0,0,0,0,0,0,nan,nan,nan,nan,nan,nan,nan,nan,0,0,0,0,0.6666666666666666,0.75,0.8333333333333334,0.9166666666666666,nan,nan,nan,nan,nan,nan,1.0,1.0,0.0,0.0,0.9634398818016052,1.1675163507461548
B,4a480de0ff655290,0,1,0,8.0,4,4,0,19822.186773909838,19822.186773909838,0.0,unchanged,4,21,4,inadmissible_anchor_relative,4,21,4,inadmissible_anchor_relative,0,0,0,0,0,0,0,0,0,0,0,0,nan,nan,nan,nan,nan,nan,nan,nan,0,0,0,0,0.41935483870967744,0.6129032258064516,0.6774193548387096,0.8709677419354839,nan,nan,nan,nan,nan,nan,1.0,1.0,0.0,0.0,0.21921096742153168,0.27016082406044006
B,4a55cdfda7e65c69,0,1,0,8.0,18,17,1,0.0,0.654730386682786,-0.654730386682786,B24_harmful,26,1,18,direct_alt,26,4,17,direct_alt,1,1,1,1,1,1,1,1,1,1,1,1,0.00026859795364453376,0.00021281466015654615,1.4422495365142822,1.9979586601257324,0.4663037657737732,0.7967738509178162,0.347680002450943,0.17161151766777039,6,8,9,8,0.5789473684210527,0.7368421052631579,0.8421052631578947,1.0,nan,nan,nan,nan,nan,nan,1.0,1.0,0.0,0.0,0.20609648525714874,0.25625014305114746
B,4ac4fb4e39d35508,0,1,0,8.0,15,15,0,244.05296685546637,244.05296685546637,0.0,unchanged,15,11,15,inadmissible_anchor_relative,15,5,15,inadmissible_anchor_relative,0,0,0,0,0,0,0,0,0,0,0,0,nan,nan,nan,nan,nan,nan,nan,nan,0,0,0,0,0.625,0.625,1.0,1.0,nan,nan,nan,nan,nan,nan,1.0,1.0,1.0,1.0,0.015869485214352608,0.019727125763893127
B,4ba443da7551578c,0,1,0,8.0,1,1,0,2428.131765404134,2428.131765404134,0.0,unchanged,19,1,1,keep_incumbent,19,1,1,keep_incumbent,1,1,1,1,0,1,0,0,0,0,0,0,nan,nan,0.5720745325088501,0.8695216178894043,-2.605196475982666,-1.7864408493041992,-6.95403528213501,-6.099763870239258,0,0,1,1,0.5384615384615384,0.8461538461538461,0.6538461538461539,0.9615384615384616,nan,nan,nan,nan,nan,nan,1.0,1.0,0.0,0.0,0.03983008489012718,0.04969577118754387
B,4bfc974dc4245992,0,1,0,8.0,9,9,0,0.0,0.0,0.0,unchanged,9,9,9,keep_incumbent,9,9,9,keep_incumbent,0,0,0,0,0,0,0,0,0,0,0,0,nan,nan,nan,nan,nan,nan,nan,nan,0,0,0,0,0.7142857142857143,0.8571428571428571,0.8571428571428571,1.0,nan,nan,nan,nan,nan,nan,1.0,1.0,1.0,1.0,0.024504395201802254,0.030430059880018234
B,4c8a632a999c544c,0,1,0,8.0,29,29,0,0.0,0.0,0.0,unchanged,29,0,29,adm_inc_to_anchor,29,0,29,adm_inc_to_anchor,1,1,0,0,0,0,0,0,0,0,0,0,nan,nan,nan,nan,nan,nan,nan,nan,0,0,0,0,0.45454545454545453,0.7272727272727273,0.7272727272727273,1.0,nan,nan,nan,nan,nan,nan,1.0,1.0,1.0,1.0,0.04759473353624344,0.05781417712569237
B,4d1ddf23f89a5d99,0,1,0,8.0,14,9,1,181.88336821086705,5102.761588875204,-4920.878220664337,B24_harmful,0,9,14,direct_alt,0,9,9,keep_incumbent,1,1,1,1,1,1,1,1,1,1,1,0,0.2460439110332171,nan,3.5552496910095215,4.924045562744141,0.16831369698047638,0.05002156272530556,0.5693390369415283,-4.037296295166016,3,1,5,5,0.4782608695652174,0.7391304347826086,0.6956521739130435,0.9565217391304348,nan,nan,nan,nan,nan,nan,1.0,1.0,0.0,0.0,0.2696969211101532,0.3349255621433258
B,4d8adef95dd25958,0,1,0,8.0,4,5,1,40413.34181299526,40.112588378600776,40373.22922461666,B24_beneficial,15,4,4,keep_incumbent,15,6,5,direct_alt,1,1,1,1,1,1,1,1,1,1,0,1,nan,0.00296472779606205,1.8747522830963135,0.7379665970802307,-0.7241216897964478,1.0258604288101196,-5.408608436584473,0.7773926258087158,1,5,18,14,0.47058823529411764,0.7647058823529411,0.6470588235294118,0.9411764705882353,nan,nan,nan,nan,nan,nan,1.0,1.0,0.0,0.0,0.21156242489814758,0.2630767822265625
B,4d956f8ac4cc5cf9,0,1,0,8.0,10,10,0,0.006282021524384618,0.006282021524384618,0.0,unchanged,10,0,10,adm_inc_to_anchor,10,0,10,adm_inc_to_anchor,1,1,1,1,0,0,0,0,0,0,0,0,nan,nan,nan,nan,nan,nan,nan,nan,0,0,1,1,0.42424242424242425,0.6666666666666666,0.6666666666666666,0.9090909090909091,nan,nan,nan,nan,nan,nan,1.0,1.0,1.0,1.0,0.044604361057281494,0.05381752923130989
B,4dde92a97f875381,0,0,6,0.0,1,1,0,175.5626385807991,175.5626385807991,0.0,unchanged,8,1,1,keep_incumbent,8,1,1,keep_incumbent,1,1,1,1,1,1,0,0,0,0,0,0,nan,nan,0.8138540387153625,0.8138540387153625,1.0693477392196655,1.0693477392196655,-6.166460990905762,-6.166460990905762,1,1,1,1,0.5454545454545454,0.5454545454545454,1.0,1.0,nan,nan,nan,nan,nan,nan,1.0,1.0,0.0,0.0,0.3444474935531616,0.3444474935531616
B,4ecad40a66de5fb8,0,0,6,0.0,3,3,0,3.467999428510666,3.467999428510666,0.0,unchanged,3,5,3,inadmissible_anchor_relative,3,5,3,inadmissible_anchor_relative,0,0,0,0,0,0,0,0,0,0,0,0,nan,nan,nan,nan,nan,nan,nan,nan,0,0,0,0,0.6666666666666666,0.6666666666666666,1.0,1.0,nan,nan,nan,nan,nan,nan,1.0,1.0,0.0,0.0,0.6616249680519104,0.6616249680519104
B,4f5a78cf531d5e51,0,1,0,8.0,11,11,0,24655.965220239013,24655.965220239013,0.0,unchanged,11,13,11,inadmissible_anchor_relative,11,13,11,inadmissible_anchor_relative,0,0,0,0,0,0,0,0,0,0,0,0,nan,nan,nan,nan,nan,nan,nan,nan,0,0,0,0,0.5882352941176471,0.8235294117647058,0.7647058823529411,1.0,nan,nan,nan,nan,nan,nan,1.0,1.0,0.0,0.0,0.6795769929885864,0.8546152114868164
B,4fb1e6f693a452be,0,1,0,8.0,17,17,0,0.0,0.0,0.0,unchanged,17,11,17,adm_inc_to_anchor,17,0,17,inadmissible_anchor_relative,1,0,0,0,0,0,0,0,0,0,0,0,nan,nan,nan,nan,nan,nan,nan,nan,0,0,0,0,0.5833333333333334,0.8333333333333334,0.75,1.0,nan,nan,nan,nan,nan,nan,1.0,1.0,0.0,0.0,0.04437103495001793,0.1725514829158783
B,506b6010224a529a,0,1,0,8.0,12,12,0,0.0,0.0,0.0,unchanged,12,20,12,inadmissible_anchor_relative,12,16,12,inadmissible_anchor_relative,0,0,0,0,0,0,0,0,0,0,0,0,nan,nan,nan,nan,nan,nan,nan,nan,0,0,0,0,0.40625,0.625,0.6875,0.90625,nan,nan,nan,nan,nan,nan,1.0,1.0,0.0,0.0,0.5997870564460754,0.7357540726661682
B,5073f2bbdd585aec,0,1,0,8.0,3,3,0,50.28394889704214,50.28394889704214,0.0,unchanged,3,21,3,adm_inc_to_anchor,3,21,3,adm_inc_to_anchor,1,1,1,1,0,0,1,1,0,0,0,0,nan,nan,nan,nan,nan,nan,nan,nan,0,0,9,9,0.6190476190476191,0.9523809523809523,0.6666666666666666,1.0,nan,nan,nan,nan,nan,nan,1.0,1.0,1.0,1.0,0.0435347855091095,0.05516250804066658
B,50a63cabcc105290,0,1,0,8.0,9,9,0,61547.77013413226,61547.77013413226,0.0,unchanged,9,21,9,inadmissible_anchor_relative,9,23,9,inadmissible_anchor_relative,0,0,0,0,0,0,0,0,0,0,0,0,nan,nan,nan,nan,nan,nan,nan,nan,0,0,0,0,0.65,0.9,0.75,1.0,nan,nan,nan,nan,nan,nan,1.0,1.0,0.0,0.0,0.2544372081756592,0.31770068407058716
B,50ef557e64545883,0,0,6,0.0,24,24,0,65.47480491548777,65.47480491548777,0.0,unchanged,9,11,24,direct_alt,9,11,24,direct_alt,1,1,1,1,1,1,0,0,0,0,0,0,-0.001913268654793501,-0.001913268654793501,0.4178425371646881,0.4178425371646881,-1.6300610303878784,-1.6300610303878784,0.5178479552268982,0.5178479552268982,6,6,7,7,0.625,0.625,1.0,1.0,nan,nan,nan,nan,nan,nan,1.0,1.0,0.0,0.0,0.10954709351062775,0.10954709351062775
B,5155a06d1c9850f1,0,1,0,8.0,16,16,0,0.14531216025352478,0.14531216025352478,0.0,unchanged,16,0,16,inadmissible_anchor_relative,16,0,16,inadmissible_anchor_relative,0,0,0,0,0,0,0,0,0,0,0,0,nan,nan,nan,nan,nan,nan,nan,nan,0,0,0,0,0.7692307692307693,0.9230769230769231,0.8461538461538461,1.0,nan,nan,nan,nan,nan,nan,1.0,1.0,0.0,0.0,0.12500974535942078,0.15509144961833954
B,526756890bb05652,0,1,0,8.0,9,9,0,33.23769210278988,33.23769210278988,0.0,unchanged,9,9,9,keep_incumbent,9,14,9,inadmissible_anchor_relative,0,0,0,0,0,0,0,0,0,0,0,0,nan,nan,nan,nan,nan,nan,nan,nan,0,0,0,0,0.4827586206896552,0.7586206896551724,0.7241379310344828,1.0,nan,nan,nan,nan,nan,nan,1.0,1.0,0.0,0.0,0.15080980956554413,0.46037527918815613
B,5400167dcc5658a5,0,1,0,8.0,8,7,1,3.4908676207996905,2.8489377945661545,0.641929826233536,B24_beneficial,17,8,8,keep_incumbent,17,8,7,direct_alt,1,1,1,1,1,1,0,1,0,1,0,1,nan,3.20964913116395e-05,2.2887089252471924,0.22058752179145813,-0.5890092849731445,1.274938702583313,-5.015791893005371,0.0393247976899147,0,12,9,9,0.5714285714285714,0.8095238095238095,0.7619047619047619,1.0,nan,nan,nan,nan,nan,nan,1.0,1.0,0.0,0.0,0.4742160737514496,0.5891345739364624
B,547dd9322c415c0f,0,1,0,8.0,26,26,0,18642.744470555335,18642.744470555335,0.0,unchanged,26,11,26,inadmissible_anchor_relative,26,11,26,inadmissible_anchor_relative,0,0,0,0,0,0,0,0,0,0,0,0,nan,nan,nan,nan,nan,nan,nan,nan,0,0,0,0,0.5769230769230769,0.7692307692307693,0.8076923076923077,1.0,nan,nan,nan,nan,nan,nan,1.0,1.0,0.0,0.0,0.10620970278978348,0.12864422798156738
B,5491bb7bd34b5ab5,1,1,1,0.0,7,7,0,61853.910423125606,61853.910423125606,0.0,unchanged,16,7,7,structural,16,7,7,structural,0,0,0,0,0,0,0,0,0,0,0,0,nan,nan,0.0,0.0,0.0,0.0,0.0,0.0,0,0,0,0,0.5882352941176471,0.5882352941176471,0.9411764705882353,0.9411764705882353,nan,nan,nan,nan,nan,nan,1.0,1.0,0.0,0.0,0.42382821440696716,0.42382821440696716
B,557bafae869955fd,0,1,0,2.0,9,9,0,0.0,0.0,0.0,unchanged,9,0,9,inadmissible_anchor_relative,9,0,9,inadmissible_anchor_relative,0,0,0,0,0,0,0,0,0,0,0,0,nan,nan,nan,nan,nan,nan,nan,nan,0,0,0,0,0.5,0.75,0.75,1.0,nan,nan,nan,nan,nan,nan,1.0,1.0,1.0,1.0,0.019196631386876106,0.020447587594389915
B,55f35f4f86f3544e,0,0,6,0.0,2,2,0,34346.93430829048,34346.93430829048,0.0,unchanged,2,22,2,inadmissible_anchor_relative,2,22,2,inadmissible_anchor_relative,0,0,0,0,0,0,0,0,0,0,0,0,nan,nan,nan,nan,nan,nan,nan,nan,0,0,0,0,0.6666666666666666,0.6666666666666666,1.0,1.0,nan,nan,nan,nan,nan,nan,1.0,1.0,0.0,0.0,0.27906811237335205,0.27906811237335205
B,56c62e10eb4b5662,0,1,0,8.0,2,4,1,1.9150414722971618,61.30494134296896,-59.3898998706718,B24_harmful,19,6,2,direct_alt,19,6,4,direct_alt,1,1,1,1,1,1,1,1,1,1,1,0,0.000993484226963215,-0.0019760107665702797,3.831153392791748,1.0282037258148193,1.0276871919631958,7.095860958099365,0.8467087745666504,2.972071886062622,5,16,12,12,0.6,0.85,0.75,1.0,nan,nan,nan,nan,nan,nan,1.0,1.0,0.0,0.0,0.7612696290016174,0.9566234350204468
B,57254c0856af5529,0,1,0,8.0,9,9,0,0.0,0.0,0.0,unchanged,9,0,9,adm_inc_to_anchor,9,0,9,adm_inc_to_anchor,1,1,0,0,0,0,0,0,0,0,0,0,nan,nan,nan,nan,nan,nan,nan,nan,0,0,0,0,0.5,1.0,0.5,1.0,nan,nan,nan,nan,nan,nan,1.0,1.0,1.0,1.0,0.04967302829027176,0.06176581233739853
B,57254c28982150f6,0,1,0,8.0,2,2,0,5.815726272761822,5.815726272761822,0.0,unchanged,9,15,2,direct_alt,9,15,2,direct_alt,1,1,0,0,0,0,0,0,0,0,0,0,-0.00029078631363809154,-0.00029078631363809154,2.259103775024414,2.9027984142303467,0.689724326133728,0.7046353220939636,0.5837057828903198,0.9871707558631897,6,7,0,0,0.6111111111111112,0.8333333333333334,0.6666666666666666,0.8888888888888888,nan,nan,nan,nan,nan,nan,1.0,1.0,0.0,0.0,0.06385694444179535,0.07794369757175446
B,572f3b81d30955c3,0,1,0,8.0,9,9,0,0.0,0.0,0.0,unchanged,9,0,9,adm_inc_to_anchor,9,0,9,adm_inc_to_anchor,1,1,0,0,0,0,0,0,0,0,0,0,nan,nan,nan,nan,nan,nan,nan,nan,0,0,0,0,0.2,0.8,0.4,1.0,nan,nan,nan,nan,nan,nan,1.0,1.0,1.0,1.0,0.04807167872786522,0.05978359282016754
B,58af4bdad98253e2,0,1,0,8.0,9,9,0,4.3322422984056175,4.3322422984056175,0.0,unchanged,9,0,9,adm_inc_to_anchor,9,0,9,adm_inc_to_anchor,1,1,0,0,0,0,0,0,0,0,0,0,nan,nan,nan,nan,nan,nan,nan,nan,0,0,0,0,1.0,1.0,1.0,1.0,nan,nan,nan,nan,nan,nan,1.0,1.0,1.0,1.0,0.04438021406531334,0.05510719493031502
B,59589de50b1c514b,0,1,0,8.0,21,21,0,2.15914099701331,2.15914099701331,0.0,unchanged,9,21,21,keep_incumbent,9,21,21,keep_incumbent,1,1,1,1,1,1,0,0,0,0,0,0,nan,nan,1.9429140090942383,2.098435163497925,-0.9489745497703552,-1.0239453315734863,-4.731156349182129,-4.592337131500244,0,0,4,4,0.6666666666666666,0.6666666666666666,1.0,1.0,nan,nan,nan,nan,nan,nan,1.0,1.0,0.0,0.0,0.1269063800573349,0.1558079719543457
B,599aaacbc2f45cf0,1,1,1,0.0,9,9,0,0.0,0.0,0.0,unchanged,0,4,4,structural,0,4,4,structural,0,0,0,0,0,0,0,0,0,0,0,0,nan,nan,0.0,0.0,0.0,0.0,0.0,0.0,0,0,0,0,0.5882352941176471,0.5882352941176471,0.8235294117647058,0.8235294117647058,nan,nan,nan,nan,nan,nan,1.0,1.0,0.0,0.0,0.05302354693412781,0.05302354693412781
B,59ca0c6a60505a69,0,1,0,8.0,17,18,1,19770.13189427927,19770.85946745053,-0.7275731712579727,B24_harmful,26,18,17,direct_alt,26,18,18,keep_incumbent,1,1,1,1,1,1,1,0,1,0,1,0,3.637865856287448e-05,nan,1.416669487953186,2.245743989944458,0.0920172706246376,-0.32726946473121643,0.11242798715829849,-3.987290859222412,1,0,6,6,0.4166666666666667,0.6666666666666666,0.7083333333333334,0.9583333333333334,nan,nan,nan,nan,nan,nan,1.0,1.0,0.0,0.0,0.19671525061130524,0.2447182685136795
B,59f49494db5155a2,0,1,0,8.0,25,25,0,49394.00022548158,49394.00022548158,0.0,unchanged,25,1,25,inadmissible_anchor_relative,25,1,25,inadmissible_anchor_relative,0,0,0,0,0,0,0,0,0,0,0,0,nan,nan,nan,nan,nan,nan,nan,nan,0,0,0,0,0.42857142857142855,0.6071428571428571,0.8214285714285714,1.0,nan,nan,nan,nan,nan,nan,1.0,1.0,0.0,0.0,0.1049075722694397,0.13037148118019104
B,5a59aa94ccec5b8a,1,0,1,0.0,10,10,0,9597.832377025432,9597.832377025432,0.0,unchanged,10,10,10,structural,10,10,10,structural,0,0,0,0,0,0,0,0,0,0,0,0,nan,nan,nan,nan,nan,nan,nan,nan,0,0,0,0,0.75,0.75,1.0,1.0,nan,nan,nan,nan,nan,nan,1.0,1.0,0.0,0.0,0.07401669025421143,0.07401669025421143
B,5a80d0bc944a535b,0,1,0,4.0,9,9,0,5.613525390636369,5.613525390636369,0.0,unchanged,9,12,9,inadmissible_anchor_relative,9,12,9,inadmissible_anchor_relative,0,0,0,0,0,0,0,0,0,0,0,0,nan,nan,nan,nan,nan,nan,nan,nan,0,0,0,0,0.4,0.6,0.8,1.0,nan,nan,nan,nan,nan,nan,1.0,1.0,1.0,1.0,0.014702331274747849,0.01624317467212677
B,5ad4bbcf97145545,0,1,0,8.0,5,5,0,474.8744390755892,474.8744390755892,0.0,unchanged,5,2,5,inadmissible_anchor_relative,5,2,5,inadmissible_anchor_relative,0,0,0,0,0,0,0,0,0,0,0,0,nan,nan,nan,nan,nan,nan,nan,nan,0,0,0,0,0.6666666666666666,0.7777777777777778,0.8888888888888888,1.0,nan,nan,nan,nan,nan,nan,1.0,1.0,0.0,0.0,0.16855692863464355,0.20676782727241516
B,5b03117a10a95c29,0,1,0,8.0,3,3,0,1.3937742859125137,1.3937742859125137,0.0,unchanged,3,3,3,keep_incumbent,3,3,3,keep_incumbent,0,0,0,0,0,0,0,0,0,0,0,0,nan,nan,nan,nan,nan,nan,nan,nan,0,0,0,0,0.45454545454545453,0.6363636363636364,0.8181818181818182,1.0,nan,nan,nan,nan,nan,nan,1.0,1.0,0.0,0.0,0.18972861766815186,0.19199946522712708
B,5ce3ebf21e0f5445,0,1,0,8.0,19,19,0,24658.346072186716,24658.346072186716,0.0,unchanged,19,1,19,adm_inc_to_anchor,19,1,19,adm_inc_to_anchor,1,1,0,0,0,0,0,0,0,0,0,0,nan,nan,nan,nan,nan,nan,nan,nan,0,0,0,0,0.7142857142857143,0.9047619047619048,0.8095238095238095,1.0,nan,nan,nan,nan,nan,nan,1.0,1.0,1.0,1.0,0.036537885665893555,0.04482998326420784
B,5e1d37b1fe235e92,0,1,0,8.0,9,9,0,0.0,0.0,0.0,unchanged,9,12,9,inadmissible_anchor_relative,9,9,9,keep_incumbent,0,0,0,0,0,0,0,0,0,0,0,0,nan,nan,nan,nan,nan,nan,nan,nan,0,0,0,0,0.8333333333333334,0.8333333333333334,1.0,1.0,nan,nan,nan,nan,nan,nan,1.0,1.0,1.0,1.0,0.0288043562322855,0.036213960498571396
B,5e3c999b141e51ef,0,1,0,8.0,14,14,0,35338.3568052171,35338.3568052171,0.0,unchanged,14,2,14,adm_inc_to_anchor,14,2,14,adm_inc_to_anchor,1,1,0,0,0,0,0,0,0,0,0,0,nan,nan,nan,nan,nan,nan,nan,nan,0,0,0,0,0.4090909090909091,0.6818181818181818,0.6363636363636364,0.9090909090909091,nan,nan,nan,nan,nan,nan,1.0,1.0,1.0,1.0,0.37607160210609436,0.46771058440208435
B,5f6d53d8120c56dd,0,1,0,8.0,7,7,0,24647.162891144726,24647.162891144726,0.0,unchanged,7,13,7,adm_inc_to_anchor,7,4,7,adm_inc_to_anchor,1,1,1,1,0,0,0,0,0,0,0,0,nan,nan,nan,nan,nan,nan,nan,nan,0,0,7,2,0.3333333333333333,0.6666666666666666,0.6666666666666666,1.0,nan,nan,nan,nan,nan,nan,1.0,1.0,1.0,1.0,0.036677658557891846,0.04574697092175484
B,5fef390044685a7f,0,1,0,8.0,16,16,0,2.6790084838867188,2.6790084838867188,0.0,unchanged,23,16,16,keep_incumbent,23,16,16,keep_incumbent,1,1,1,1,0,0,0,0,0,0,0,0,nan,nan,0.63852459192276,0.2876499891281128,-0.9136477112770081,-1.3226405382156372,-4.943514347076416,-4.827291011810303,0,0,13,13,0.3902439024390244,0.5853658536585366,0.7073170731707317,0.9024390243902439,nan,nan,nan,nan,nan,nan,1.0,1.0,0.0,0.0,0.07074783742427826,0.08172595500946045
B,603227a51b605bfc,0,1,0,8.0,20,19,1,0.0,195.5911920964718,-195.5911920964718,B24_harmful,2,6,20,direct_alt,2,6,19,direct_alt,1,1,1,1,1,1,1,1,1,1,1,0,0.0017234921295194994,-0.008056067475304074,2.739443302154541,3.1856231689453125,0.7281042337417603,0.6189724802970886,1.0487192869186401,0.08681853860616684,8,13,9,9,0.55,0.75,0.8,1.0,nan,nan,nan,nan,nan,nan,1.0,1.0,0.0,0.0,0.23609884083271027,0.294943243265152
B,607a7b8df0be5d94,0,1,0,8.0,24,9,1,49538.107457658276,236.38935747928917,49301.71810017899,B24_beneficial,24,19,24,inadmissible_anchor_relative,9,19,9,inadmissible_anchor_relative,0,0,0,0,0,0,0,0,0,0,0,0,nan,nan,nan,nan,nan,nan,nan,nan,0,0,0,0,0.5238095238095238,0.8095238095238095,0.7142857142857143,1.0,nan,nan,nan,nan,nan,nan,0.0,1.0,0.0,0.0,0.12085391581058502,0.14814594388008118
B,61b60335c8a95556,0,1,0,4.0,2,2,0,34792.29629035294,34792.29629035294,0.0,unchanged,0,2,2,keep_incumbent,0,2,2,keep_incumbent,1,1,0,0,0,0,0,0,0,0,0,0,nan,nan,0.5699315071105957,0.6221034526824951,-0.7489548325538635,-0.4912044405937195,-5.807342529296875,-5.4439311027526855,0,1,0,0,0.38461538461538464,0.6153846153846154,0.7692307692307693,1.0,nan,nan,nan,nan,nan,nan,1.0,1.0,0.0,0.0,0.10069417953491211,0.11113586276769638
B,6249432a1a925241,0,1,0,8.0,16,16,0,1.325505018234253,1.325505018234253,0.0,unchanged,5,16,16,keep_incumbent,5,16,16,keep_incumbent,1,1,0,0,0,0,0,0,0,0,0,0,nan,nan,1.1936311721801758,1.5206403732299805,-0.9521527886390686,-1.448838710784912,-5.062133312225342,-5.361640930175781,0,0,0,0,0.7333333333333333,0.8666666666666667,0.8666666666666667,1.0,nan,nan,nan,nan,nan,nan,1.0,1.0,0.0,0.0,0.11565103381872177,0.14425522089004517
B,62b760a2b8b95f4a,0,1,0,4.0,5,3,1,237.9123264849186,256.84628604352474,-18.933959558606148,B24_harmful,11,5,5,keep_incumbent,11,5,3,direct_alt,1,1,1,1,0,0,1,1,0,0,0,0,nan,-0.0009466979779304552,0.6586974859237671,0.054517872631549835,-1.0915154218673706,-0.7194814085960388,-5.2758073806762695,0.7549508213996887,0,0,1,1,0.6,0.6666666666666666,0.9333333333333333,1.0,nan,nan,nan,nan,nan,nan,1.0,1.0,0.0,0.0,0.0972270667552948,0.10768253356218338
B,62bdd5b0809352b7,0,1,0,8.0,9,9,0,0.0,0.0,0.0,unchanged,9,0,9,adm_inc_to_anchor,9,0,9,adm_inc_to_anchor,1,1,0,0,0,0,0,0,0,0,0,0,nan,nan,nan,nan,nan,nan,nan,nan,0,0,0,0,0.4444444444444444,0.7777777777777778,0.6666666666666666,1.0,nan,nan,nan,nan,nan,nan,1.0,1.0,1.0,1.0,0.04309077188372612,0.05430574715137482
B,63a102e4698252b2,0,1,0,8.0,1,1,0,0.0,0.0,0.0,unchanged,1,6,1,inadmissible_anchor_relative,1,6,1,inadmissible_anchor_relative,0,0,0,0,0,0,0,0,0,0,0,0,nan,nan,nan,nan,nan,nan,nan,nan,0,0,0,0,0.5833333333333334,0.7916666666666666,0.7916666666666666,1.0,nan,nan,nan,nan,nan,nan,1.0,1.0,0.0,0.0,0.13523869216442108,0.1659051477909088
B,6556e0065bb253cf,0,1,0,8.0,1,1,0,31.512503910482337,31.512503910482337,0.0,unchanged,3,21,1,direct_alt,3,21,1,direct_alt,1,1,1,1,1,1,1,1,1,1,1,1,0.004981995924512739,0.004981995924512739,0.26589053869247437,0.1425761729478836,2.2953689098358154,2.371276378631592,2.2893970012664795,2.8316047191619873,3,2,6,6,0.375,0.575,0.675,0.875,nan,nan,nan,nan,nan,nan,1.0,1.0,0.0,0.0,0.043302323669195175,0.04953416436910629
B,658d8c216c175799,0,1,0,8.0,17,9,1,51696.48018208635,18626.658083709364,33069.822098376986,B24_beneficial,9,17,17,keep_incumbent,9,17,9,inadmissible_anchor_relative,1,0,1,0,0,0,0,0,0,0,0,0,nan,nan,1.6652233600616455,nan,-0.6540737152099609,nan,-4.9911417961120605,nan,0,0,7,0,0.52,0.64,0.88,1.0,nan,nan,nan,nan,nan,nan,1.0,1.0,0.0,0.0,0.12751708924770355,0.33267223834991455
B,663cd13ef2df5470,0,1,0,8.0,16,16,0,0.0,0.0,0.0,unchanged,16,11,16,adm_inc_to_anchor,16,11,16,adm_inc_to_anchor,1,1,0,0,0,0,0,0,0,0,0,0,nan,nan,nan,nan,nan,nan,nan,nan,0,0,0,0,0.5454545454545454,0.8636363636363636,0.5909090909090909,0.9090909090909091,nan,nan,nan,nan,nan,nan,1.0,1.0,1.0,1.0,0.03935602307319641,0.047819845378398895
B,679adb6c8ee4507f,0,1,0,8.0,9,9,0,680.6596529223025,680.6596529223025,0.0,unchanged,9,0,9,inadmissible_anchor_relative,9,0,9,inadmissible_anchor_relative,0,0,0,0,0,0,0,0,0,0,0,0,nan,nan,nan,nan,nan,nan,nan,nan,0,0,0,0,0.7777777777777778,0.8888888888888888,0.8888888888888888,1.0,nan,nan,nan,nan,nan,nan,1.0,1.0,1.0,1.0,0.018463967368006706,0.02289419434964657
B,679b4231b8495804,0,1,0,8.0,19,20,1,0.0,0.0,0.0,equal,3,7,19,direct_alt,3,7,20,direct_alt,1,1,1,1,1,1,1,1,1,1,1,1,0.0010309470874716453,0.0010309470874716453,1.864815354347229,2.6979820728302,0.29489144682884216,0.5300265550613403,0.6010221242904663,0.2674970030784607,5,7,20,20,0.5294117647058824,0.7058823529411765,0.8235294117647058,1.0,nan,nan,nan,nan,nan,nan,1.0,1.0,0.0,0.0,0.17480814456939697,0.21669994294643402
B,68245845fdbd5426,0,1,0,8.0,19,19,0,6.596154943108559,6.596154943108559,0.0,unchanged,3,7,19,direct_alt,3,7,19,direct_alt,1,1,1,1,1,1,1,1,1,1,0,0,-3.3482906618155484e-05,-3.3482906618155484e-05,3.380995988845825,4.314932823181152,1.10398268699646,0.9275191426277161,1.4718059301376343,0.13172905147075653,8,10,5,5,0.5789473684210527,0.9473684210526315,0.5789473684210527,0.9473684210526315,nan,nan,nan,nan,nan,nan,1.0,1.0,0.0,0.0,0.2574775815010071,0.3239581882953644
B,685225fc31155885,0,1,0,8.0,1,1,0,0.0,0.0,0.0,unchanged,1,9,1,inadmissible_anchor_relative,1,9,1,inadmissible_anchor_relative,0,0,0,0,0,0,0,0,0,0,0,0,nan,nan,nan,nan,nan,nan,nan,nan,0,0,0,0,0.25,0.4166666666666667,0.625,0.7916666666666666,nan,nan,nan,nan,nan,nan,1.0,1.0,0.0,0.0,0.7202107906341553,0.2391778528690338
B,68b5ba1f87b65a5b,0,1,0,8.0,14,14,0,24713.478066248237,24713.478066248237,0.0,unchanged,14,6,14,inadmissible_anchor_relative,14,4,14,inadmissible_anchor_relative,0,0,0,0,0,0,0,0,0,0,0,0,nan,nan,nan,nan,nan,nan,nan,nan,0,0,0,0,0.41025641025641024,0.6153846153846154,0.6923076923076923,0.8974358974358975,nan,nan,nan,nan,nan,nan,1.0,1.0,0.0,0.0,0.20454850792884827,0.8375562429428101
B,69078aebd46a55c9,0,1,0,4.0,4,4,0,24698.26619705558,24698.26619705558,0.0,unchanged,4,2,4,inadmissible_anchor_relative,4,2,4,inadmissible_anchor_relative,0,0,0,0,0,0,0,0,0,0,0,0,nan,nan,nan,nan,nan,nan,nan,nan,0,0,0,0,0.5,0.625,0.875,1.0,nan,nan,nan,nan,nan,nan,1.0,1.0,0.0,0.0,0.4625740349292755,0.5154880285263062
B,693905f4b0ba5c55,0,0,6,0.0,19,19,0,0.7108135223388672,0.7108135223388672,0.0,unchanged,27,22,19,direct_alt,27,22,19,direct_alt,1,1,1,1,1,1,1,1,1,1,1,1,0.00023352880477905263,0.00023352880477905263,1.0478664636611938,1.0478664636611938,0.4407481551170349,0.4407481551170349,0.6239485144615173,0.6239485144615173,3,3,17,17,1.0,1.0,1.0,1.0,nan,nan,nan,nan,nan,nan,1.0,1.0,0.0,0.0,0.16143345832824707,0.16143345832824707
B,694ced7d3ebd52b8,0,1,0,8.0,20,20,0,1.9927122723311186,1.9927122723311186,0.0,unchanged,9,20,20,keep_incumbent,9,20,20,keep_incumbent,1,1,1,1,1,1,0,0,0,0,0,0,nan,nan,1.8435393571853638,2.158311367034912,-0.696246325969696,-0.554246187210083,-4.787724494934082,-4.532315254211426,0,0,3,3,0.5454545454545454,0.6818181818181818,0.8636363636363636,1.0,nan,nan,nan,nan,nan,nan,1.0,1.0,0.0,0.0,0.11768978834152222,0.14279696345329285
B,69dbf39e46f5561e,0,1,0,8.0,9,9,0,0.0,0.0,0.0,unchanged,9,12,9,adm_inc_to_anchor,9,12,9,adm_inc_to_anchor,1,1,0,0,0,0,0,0,0,0,0,0,nan,nan,nan,nan,nan,nan,nan,nan,0,0,0,0,0.42857142857142855,0.7142857142857143,0.7142857142857143,1.0,nan,nan,nan,nan,nan,nan,1.0,1.0,1.0,1.0,0.012639671564102173,0.015804585069417953
B,6ae2e49c392b58b2,0,1,0,6.0,2,2,0,0.44282862873478734,0.44282862873478734,0.0,unchanged,9,18,2,direct_alt,9,19,2,direct_alt,1,1,1,1,1,1,1,1,1,1,0,1,-2.206974499495114e-05,0.00017656904675895924,1.6954700946807861,1.9772266149520874,0.2397940456867218,1.5128958225250244,0.07871946692466736,1.4687042236328125,4,9,1,7,0.8461538461538461,0.9230769230769231,0.9230769230769231,1.0,nan,nan,nan,nan,nan,nan,1.0,1.0,0.0,0.0,0.09374063462018967,0.10844919085502625
B,6aea723729305cb2,0,1,0,8.0,18,18,0,2.9438277867157012,2.9438277867157012,0.0,unchanged,9,18,18,keep_incumbent,9,18,18,keep_incumbent,1,1,1,1,1,1,0,0,0,0,0,0,nan,nan,1.7049628496170044,1.721015453338623,-0.7878589630126953,-1.2702398300170898,-4.300572395324707,-4.491452217102051,0,0,8,8,0.5185185185185185,0.6666666666666666,0.7777777777777778,0.9259259259259259,nan,nan,nan,nan,nan,nan,1.0,1.0,0.0,0.0,0.1418023258447647,0.17192260921001434
B,6b15239ddd2056d2,0,1,0,8.0,16,16,0,0.0,0.0,0.0,unchanged,16,0,16,inadmissible_anchor_relative,16,0,16,inadmissible_anchor_relative,0,0,0,0,0,0,0,0,0,0,0,0,nan,nan,nan,nan,nan,nan,nan,nan,0,0,0,0,0.5652173913043478,0.8260869565217391,0.7391304347826086,1.0,nan,nan,nan,nan,nan,nan,1.0,1.0,0.0,0.0,0.13533486425876617,0.16789555549621582
B,6bd9cb37347c5ea1,0,1,0,8.0,1,14,1,7.418013523565605,41983.2061852254,-41975.78817170183,B24_harmful,1,14,1,inadmissible_anchor_relative,1,14,14,keep_incumbent,0,1,0,1,0,1,0,0,0,0,0,0,nan,nan,nan,2.3002982139587402,nan,-1.3106220960617065,nan,-5.7534308433532715,0,2,0,2,0.4090909090909091,0.6818181818181818,0.7272727272727273,1.0,nan,nan,nan,nan,nan,nan,1.0,1.0,1.0,0.0,0.5786725282669067,0.3300186097621918
B,6bdbf94bb0b15a1c,0,0,6,0.0,10,10,0,0.0,0.0,0.0,unchanged,24,17,10,direct_alt,24,17,10,direct_alt,1,1,1,1,1,1,1,1,1,1,1,1,0.00014039453104475186,0.00014039453104475186,3.918041944503784,3.918041944503784,0.4026535451412201,0.4026535451412201,0.42947471141815186,0.42947471141815186,3,3,5,5,0.7272727272727273,0.7272727272727273,1.0,1.0,nan,nan,nan,nan,nan,nan,1.0,1.0,0.0,0.0,0.2830764055252075,0.2830764055252075
B,6c00cbbdd4d850ca,0,1,0,8.0,0,0,0,0.0,0.0,0.0,unchanged,0,7,0,inadmissible_anchor_relative,0,5,0,inadmissible_anchor_relative,0,0,0,0,0,0,0,0,0,0,0,0,nan,nan,nan,nan,nan,nan,nan,nan,0,0,0,0,0.5416666666666666,0.7083333333333334,0.75,0.9166666666666666,nan,nan,nan,nan,nan,nan,1.0,1.0,0.0,0.0,0.7396235466003418,0.918525218963623
B,6d76abe335d55334,0,1,0,8.0,4,11,1,19796.42397506535,28285.01984825544,-8488.59587319009,B24_harmful,14,4,4,keep_incumbent,14,4,11,direct_alt,1,1,0,0,0,0,0,0,0,0,0,0,nan,-0.4244297936595045,1.723416805267334,1.1459182500839233,-0.8717153668403625,0.22653445601463318,-6.180544376373291,0.21146655082702637,0,3,0,0,0.42857142857142855,0.7619047619047619,0.6666666666666666,1.0,nan,nan,nan,nan,nan,nan,1.0,1.0,0.0,0.0,0.07899397611618042,0.09833674877882004
B,6dc0d983bb705bf3,0,1,0,8.0,3,3,0,40359.56797661306,40359.56797661306,0.0,unchanged,9,3,3,keep_incumbent,9,3,3,keep_incumbent,1,1,1,1,1,1,0,0,0,0,0,0,nan,nan,1.2835674285888672,1.8198212385177612,-0.46984586119651794,-0.11162800341844559,-4.91166877746582,-4.47452449798584,0,0,3,3,0.5789473684210527,0.8421052631578947,0.7368421052631579,1.0,nan,nan,nan,nan,nan,nan,1.0,1.0,0.0,0.0,0.09994113445281982,0.12268664687871933
B,6e7c503602b45327,0,0,6,0.0,25,25,0,0.0,0.0,0.0,unchanged,3,0,25,direct_alt,3,0,25,direct_alt,1,1,1,1,1,1,0,0,0,0,1,1,0.00018789199350867413,0.00018789199350867413,1.8766756057739258,1.8766756057739258,-0.004682948812842369,-0.004682948812842369,0.13945242762565613,0.13945242762565613,1,1,3,3,0.875,0.875,1.0,1.0,nan,nan,nan,nan,nan,nan,1.0,1.0,0.0,0.0,0.13410751521587372,0.13410751521587372
B,701f32a9ea8a5af6,0,1,0,8.0,24,24,0,98890.22166232287,98890.22166232287,0.0,unchanged,24,2,24,adm_inc_to_anchor,24,2,24,adm_inc_to_anchor,1,1,1,1,0,0,1,1,0,0,0,0,nan,nan,nan,nan,nan,nan,nan,nan,0,0,7,7,0.44,0.68,0.72,0.96,nan,nan,nan,nan,nan,nan,1.0,1.0,1.0,1.0,0.04471439868211746,0.05575188994407654
B,70fd1b6ab2ae57f8,0,1,0,8.0,16,17,1,0.11551102995872498,1.8646007999777794,-1.7490897700190544,B24_harmful,16,9,16,inadmissible_anchor_relative,17,9,17,adm_inc_to_anchor,0,1,0,0,0,0,0,0,0,0,0,0,nan,nan,nan,nan,nan,nan,nan,nan,0,0,0,0,1.0,1.0,1.0,1.0,nan,nan,nan,nan,nan,nan,0.0,1.0,0.0,1.0,0.028967004269361496,0.03266218677163124
B,710c1a3529425044,0,1,0,8.0,10,29,1,9593.38145613296,9594.317091366258,-0.9356352332979441,B24_harmful,10,0,10,inadmissible_anchor_relative,29,0,29,adm_inc_to_anchor,0,1,0,1,0,0,0,0,0,0,0,0,nan,nan,nan,nan,nan,nan,nan,nan,0,0,0,2,0.6086956521739131,0.8260869565217391,0.6521739130434783,0.8695652173913043,nan,nan,nan,nan,nan,nan,0.0,1.0,0.0,1.0,0.04304278641939163,0.0511324368417263
B,7134817448d452f5,0,0,6,0.0,1,1,0,0.0,0.0,0.0,unchanged,24,19,1,direct_alt,24,19,1,direct_alt,1,1,1,1,1,1,1,1,1,1,1,1,6.488453270869776e-05,6.488453270869776e-05,2.8871328830718994,2.8871328830718994,0.5668240189552307,0.5668240189552307,0.5083354711532593,0.5083354711532593,6,6,1,1,0.75,0.75,1.0,1.0,nan,nan,nan,nan,nan,nan,1.0,1.0,0.0,0.0,0.2201279103755951,0.2201279103755951
B,71f50fc2576f5a4e,0,1,0,8.0,10,29,1,0.7580178380012512,0.40957449935376644,0.3484433386474848,B24_beneficial,10,18,10,inadmissible_anchor_relative,29,18,29,inadmissible_anchor_relative,0,0,0,0,0,0,0,0,0,0,0,0,nan,nan,nan,nan,nan,nan,nan,nan,0,0,0,0,0.6666666666666666,0.75,0.9166666666666666,1.0,nan,nan,nan,nan,nan,nan,0.0,1.0,0.0,0.0,0.07496219128370285,0.08968525379896164
B,72a982f0a1c75d2c,0,1,0,8.0,4,4,0,16189.460473735817,16189.460473735817,0.0,unchanged,4,1,4,inadmissible_anchor_relative,4,1,4,inadmissible_anchor_relative,0,0,0,0,0,0,0,0,0,0,0,0,nan,nan,nan,nan,nan,nan,nan,nan,0,0,0,0,0.5,0.6923076923076923,0.7307692307692307,0.9230769230769231,nan,nan,nan,nan,nan,nan,1.0,1.0,0.0,0.0,0.4874023497104645,0.5977320671081543
B,73314911302152ed,0,1,0,8.0,9,9,0,52954.08946433361,52954.08946433361,0.0,unchanged,9,4,9,inadmissible_anchor_relative,9,4,9,inadmissible_anchor_relative,0,0,0,0,0,0,0,0,0,0,0,0,nan,nan,nan,nan,nan,nan,nan,nan,0,0,0,0,0.6666666666666666,0.8095238095238095,0.8571428571428571,1.0,nan,nan,nan,nan,nan,nan,1.0,1.0,0.0,0.0,0.18057385087013245,0.22149890661239624
B,7343014b4498561f,0,0,6,0.0,0,0,0,20.94481624662876,20.94481624662876,0.0,unchanged,0,11,0,inadmissible_anchor_relative,0,11,0,inadmissible_anchor_relative,0,0,0,0,0,0,0,0,0,0,0,0,nan,nan,nan,nan,nan,nan,nan,nan,0,0,0,0,0.75,0.75,1.0,1.0,nan,nan,nan,nan,nan,nan,1.0,1.0,0.0,0.0,0.42149028182029724,0.42149028182029724
B,7378bb2d960e5288,0,1,0,8.0,21,21,0,98605.30975536117,98605.30975536117,0.0,unchanged,21,12,21,inadmissible_anchor_relative,21,12,21,inadmissible_anchor_relative,0,0,0,0,0,0,0,0,0,0,0,0,nan,nan,nan,nan,nan,nan,nan,nan,0,0,0,0,0.5,0.6666666666666666,0.8333333333333334,1.0,nan,nan,nan,nan,nan,nan,1.0,1.0,0.0,0.0,0.42638811469078064,0.5276973843574524
B,74147a49c6405b74,0,1,0,8.0,10,10,0,6.333819226485502,6.333819226485502,0.0,unchanged,10,12,10,inadmissible_anchor_relative,10,12,10,inadmissible_anchor_relative,0,0,0,0,0,0,0,0,0,0,0,0,nan,nan,nan,nan,nan,nan,nan,nan,0,0,0,0,0.5555555555555556,0.8518518518518519,0.5925925925925926,0.8888888888888888,nan,nan,nan,nan,nan,nan,1.0,1.0,0.0,0.0,0.1356860250234604,0.16644103825092316
B,756fee5f380c54e1,0,1,0,8.0,15,15,0,49288.06772882305,49288.06772882305,0.0,unchanged,15,11,15,adm_inc_to_anchor,15,11,15,adm_inc_to_anchor,1,1,0,0,0,0,0,0,0,0,0,0,nan,nan,nan,nan,nan,nan,nan,nan,0,0,0,0,0.6,0.6,1.0,1.0,nan,nan,nan,nan,nan,nan,1.0,1.0,1.0,1.0,0.0092328991740942,0.011394909583032131
B,75ee9a8ba9135ace,0,1,0,8.0,4,4,0,47010.0395076056,47010.0395076056,0.0,unchanged,4,14,4,inadmissible_anchor_relative,4,14,4,inadmissible_anchor_relative,0,0,0,0,0,0,0,0,0,0,0,0,nan,nan,nan,nan,nan,nan,nan,nan,0,0,0,0,0.52,0.76,0.76,1.0,nan,nan,nan,nan,nan,nan,1.0,1.0,0.0,0.0,0.09170868992805481,0.21907731890678406
B,76765ad00be55444,0,1,0,8.0,19,19,0,73.9521129867062,73.9521129867062,0.0,unchanged,19,1,19,adm_inc_to_anchor,19,1,19,adm_inc_to_anchor,1,1,1,1,0,0,1,1,0,0,0,0,nan,nan,nan,nan,nan,nan,nan,nan,0,0,7,7,0.6666666666666666,0.8333333333333334,0.7222222222222222,0.8888888888888888,nan,nan,nan,nan,nan,nan,1.0,1.0,1.0,1.0,0.042052727192640305,0.05105743557214737
B,76a9ab996e5a542f,0,1,0,8.0,0,0,0,1.8856616616249084,1.8856616616249084,0.0,unchanged,9,1,0,direct_alt,9,1,0,direct_alt,1,1,1,1,1,1,1,1,1,1,1,1,0.00026055805683133926,0.00026055805683133926,1.2184638977050781,1.5246158838272095,1.3123648166656494,1.710176706314087,1.1041737794876099,1.529152750968933,10,10,4,4,0.6190476190476191,0.8571428571428571,0.7619047619047619,1.0,nan,nan,nan,nan,nan,nan,1.0,1.0,0.0,0.0,0.09159199893474579,0.11087370663881302
B,76c5f51320005032,0,1,0,8.0,7,7,0,1.773183662793599,1.773183662793599,0.0,unchanged,7,11,7,adm_inc_to_anchor,7,11,7,adm_inc_to_anchor,1,1,0,0,0,0,0,0,0,0,0,0,nan,nan,nan,nan,nan,nan,nan,nan,0,0,0,0,0.5555555555555556,0.8518518518518519,0.7037037037037037,1.0,nan,nan,nan,nan,nan,nan,1.0,1.0,1.0,1.0,0.041494257748126984,0.051612820476293564
B,781e9ff595f951f5,0,1,0,8.0,16,16,0,5.286112143890932,5.286112143890932,0.0,unchanged,16,0,16,inadmissible_anchor_relative,16,0,16,inadmissible_anchor_relative,0,0,0,0,0,0,0,0,0,0,0,0,nan,nan,nan,nan,nan,nan,nan,nan,0,0,0,0,0.6,0.8666666666666667,0.6,0.8666666666666667,nan,nan,nan,nan,nan,nan,1.0,1.0,0.0,0.0,0.050504956394433975,0.06163576990365982
B,78dc4daef9105f9d,0,0,6,0.0,10,10,0,24646.252226123586,24646.252226123586,0.0,unchanged,10,9,10,adm_inc_to_anchor,10,9,10,adm_inc_to_anchor,1,1,0,0,0,0,0,0,0,0,0,0,nan,nan,nan,nan,nan,nan,nan,nan,0,0,0,0,0.6,0.6,1.0,1.0,nan,nan,nan,nan,nan,nan,1.0,1.0,1.0,1.0,0.014586584642529488,0.014586584642529488
B,78ffd580abf55027,0,1,0,8.0,3,4,1,711.0933056774084,22919.568716740818,-22208.47541106341,B24_harmful,4,3,3,keep_incumbent,4,3,4,inadmissible_anchor_relative,1,0,0,0,0,0,0,0,0,0,0,0,nan,nan,0.6815025210380554,nan,-0.7131354212760925,nan,-4.022162437438965,nan,0,0,0,0,0.4074074074074074,0.5925925925925926,0.7037037037037037,0.8888888888888888,nan,nan,nan,nan,nan,nan,1.0,1.0,0.0,0.0,0.13371343910694122,0.599003255367279
B,793142112fea5187,0,1,0,8.0,6,6,0,3967.367639883887,3967.367639883887,0.0,unchanged,6,0,6,inadmissible_anchor_relative,6,0,6,inadmissible_anchor_relative,0,0,0,0,0,0,0,0,0,0,0,0,nan,nan,nan,nan,nan,nan,nan,nan,0,0,0,0,0.5,0.7727272727272727,0.7272727272727273,1.0,nan,nan,nan,nan,nan,nan,1.0,1.0,0.0,0.0,0.3524298369884491,0.43220609426498413
B,7a0dea99062c5e63,0,1,0,8.0,3,3,0,1.8164542466402054,1.8164542466402054,0.0,unchanged,31,3,3,keep_incumbent,31,3,3,keep_incumbent,1,1,1,1,1,1,0,0,0,0,0,0,nan,nan,1.308720350265503,1.494540810585022,-0.239684596657753,-0.3124682903289795,-4.3564581871032715,-4.398802280426025,0,0,9,9,0.5555555555555556,0.8333333333333334,0.7222222222222222,1.0,nan,nan,nan,nan,nan,nan,1.0,1.0,0.0,0.0,0.18824535608291626,0.22669483721256256
B,7a4cb18d87d7508f,0,1,0,8.0,16,16,0,32.55557719618082,32.55557719618082,0.0,unchanged,16,0,16,inadmissible_anchor_relative,16,12,16,inadmissible_anchor_relative,0,0,0,0,0,0,0,0,0,0,0,0,nan,nan,nan,nan,nan,nan,nan,nan,0,0,0,0,0.4666666666666667,0.8,0.6666666666666666,1.0,nan,nan,nan,nan,nan,nan,1.0,1.0,0.0,0.0,0.13838398456573486,0.1697239875793457
B,7ba6c86dc0f05767,0,0,6,0.0,9,9,0,0.0,0.0,0.0,unchanged,9,29,9,adm_inc_to_anchor,9,29,9,adm_inc_to_anchor,1,1,0,0,0,0,0,0,0,0,0,0,nan,nan,nan,nan,nan,nan,nan,nan,0,0,0,0,0.5,0.5,1.0,1.0,nan,nan,nan,nan,nan,nan,1.0,1.0,1.0,1.0,0.012979123741388321,0.012979123741388321
B,7c115df98e105323,0,1,0,8.0,16,16,0,0.0,0.0,0.0,unchanged,16,0,16,adm_inc_to_anchor,16,0,16,inadmissible_anchor_relative,1,0,0,0,0,0,0,0,0,0,0,0,nan,nan,nan,nan,nan,nan,nan,nan,0,0,0,0,0.6086956521739131,0.9130434782608695,0.6956521739130435,1.0,nan,nan,nan,nan,nan,nan,1.0,1.0,0.0,0.0,0.05298427864909172,0.1816052794456482
B,7c5eb36b21b95a22,0,1,0,8.0,17,17,0,25095.241013955325,25095.241013955325,0.0,unchanged,17,6,17,adm_inc_to_anchor,17,6,17,adm_inc_to_anchor,1,1,1,1,0,0,0,1,0,0,0,0,nan,nan,nan,nan,nan,nan,nan,nan,0,0,1,1,0.5217391304347826,0.782608695652174,0.6956521739130435,0.9565217391304348,nan,nan,nan,nan,nan,nan,1.0,1.0,1.0,1.0,0.0692111998796463,0.08647629618644714
B,7c8be92084cf5470,0,1,0,8.0,1,1,0,4.290038098581135,4.290038098581135,0.0,unchanged,3,1,1,keep_incumbent,3,1,1,keep_incumbent,1,1,1,1,0,0,0,0,0,0,0,0,nan,nan,0.005506992805749178,0.26791393756866455,-2.5277881622314453,-1.8574635982513428,-6.812925338745117,-6.121185779571533,0,0,2,2,0.5357142857142857,0.8214285714285714,0.6428571428571429,0.9285714285714286,nan,nan,nan,nan,nan,nan,1.0,1.0,0.0,0.0,0.038469620048999786,0.048023778945207596
B,7d4b4824ef0159c8,0,1,0,8.0,9,9,0,3.6904438342899084,3.6904438342899084,0.0,unchanged,9,10,9,adm_inc_to_anchor,9,10,9,adm_inc_to_anchor,1,1,0,0,0,0,0,0,0,0,0,0,nan,nan,nan,nan,nan,nan,nan,nan,0,0,0,0,0.6363636363636364,0.9090909090909091,0.7272727272727273,1.0,nan,nan,nan,nan,nan,nan,1.0,1.0,1.0,1.0,0.02315944992005825,0.028752708807587624
B,7dff757286635f34,0,0,6,0.0,9,9,0,0.0,0.0,0.0,unchanged,9,0,9,adm_inc_to_anchor,9,0,9,adm_inc_to_anchor,1,1,0,0,0,0,0,0,0,0,0,0,nan,nan,nan,nan,nan,nan,nan,nan,0,0,0,0,1.0,1.0,1.0,1.0,nan,nan,nan,nan,nan,nan,1.0,1.0,1.0,1.0,0.04700155183672905,0.04700155183672905
B,7e485c7745de5778,0,1,0,8.0,0,0,0,0.7615015711635351,0.7615015711635351,0.0,unchanged,0,0,0,keep_incumbent,0,0,0,keep_incumbent,0,0,0,0,0,0,0,0,0,0,0,0,nan,nan,nan,nan,nan,nan,nan,nan,0,0,0,0,0.2857142857142857,0.7142857142857143,0.5714285714285714,1.0,nan,nan,nan,nan,nan,nan,1.0,1.0,1.0,1.0,0.14846430718898773,0.18213580548763275
B,7e4a0295db245b23,0,1,0,8.0,6,6,0,77525.16634619211,77525.16634619211,0.0,unchanged,6,6,6,keep_incumbent,6,6,6,keep_incumbent,0,0,0,0,0,0,0,0,0,0,0,0,nan,nan,nan,nan,nan,nan,nan,nan,0,0,0,0,0.39473684210526316,0.6052631578947368,0.7105263157894737,0.9210526315789473,nan,nan,nan,nan,nan,nan,1.0,1.0,0.0,0.0,0.13410979509353638,0.1668791025876999
B,7fa78e85389251e1,0,1,0,8.0,2,1,1,54671.06035871245,98637.95650179684,-43966.89614308439,B24_harmful,2,4,2,inadmissible_anchor_relative,1,4,1,adm_inc_to_anchor,0,1,0,1,0,0,0,0,0,0,0,0,nan,nan,nan,nan,nan,nan,nan,nan,0,0,0,1,0.38461538461538464,0.5384615384615384,0.8461538461538461,1.0,nan,nan,nan,nan,nan,nan,0.0,1.0,0.0,1.0,0.5921017527580261,0.3272721767425537
B,812b513e9075514f,0,1,0,8.0,21,20,1,1.9256866872310638,0.5821409448981285,1.3435457423329353,B24_beneficial,21,17,21,inadmissible_anchor_relative,20,17,20,inadmissible_anchor_relative,0,0,0,0,0,0,0,0,0,0,0,0,nan,nan,nan,nan,nan,nan,nan,nan,0,0,0,0,0.6521739130434783,0.8695652173913043,0.7391304347826086,0.9565217391304348,nan,nan,nan,nan,nan,nan,0.0,1.0,0.0,0.0,0.0380357950925827,0.0887986570596695
B,818277f92cd65835,0,0,6,0.0,18,18,0,0.0,0.0,0.0,unchanged,18,12,18,adm_inc_to_anchor,18,12,18,adm_inc_to_anchor,1,1,0,0,0,0,0,0,0,0,0,0,nan,nan,nan,nan,nan,nan,nan,nan,0,0,0,0,0.6,0.6,1.0,1.0,nan,nan,nan,nan,nan,nan,1.0,1.0,1.0,1.0,0.02047952264547348,0.02047952264547348
B,818cdcc237e556a6,0,1,0,8.0,4,4,0,6488.275235809386,6488.275235809386,0.0,unchanged,4,11,4,inadmissible_anchor_relative,4,12,4,inadmissible_anchor_relative,0,0,0,0,0,0,0,0,0,0,0,0,nan,nan,nan,nan,nan,nan,nan,nan,0,0,0,0,0.375,0.625,0.75,1.0,nan,nan,nan,nan,nan,nan,1.0,1.0,0.0,0.0,0.7828543186187744,0.9718264937400818
B,819e7ec4f7535a33,1,1,1,0.0,17,17,0,0.061197276547318324,0.061197276547318324,0.0,unchanged,9,0,0,structural,9,0,0,structural,0,0,0,0,0,0,0,0,0,0,0,0,nan,nan,0.0,0.0,0.0,0.0,0.0,0.0,0,0,0,0,0.5,0.5,0.75,0.75,nan,nan,nan,nan,nan,nan,1.0,1.0,0.0,0.0,0.1578950136899948,0.1578950136899948
B,81a464c1767752b1,0,0,6,0.0,3,3,0,0.0,0.0,0.0,unchanged,20,11,3,direct_alt,20,11,3,direct_alt,1,1,1,1,1,1,0,0,0,0,1,1,0.00040903375595808026,0.00040903375595808026,0.42209911346435547,0.42209911346435547,-0.06270133703947067,-0.06270133703947067,0.5375360250473022,0.5375360250473022,0,0,10,10,0.75,0.75,1.0,1.0,nan,nan,nan,nan,nan,nan,1.0,1.0,0.0,0.0,0.06094181537628174,0.06094181537628174
B,81c541c7e1ec50a0,0,1,0,8.0,9,9,0,0.0,0.0,0.0,unchanged,9,0,9,adm_inc_to_anchor,9,0,9,adm_inc_to_anchor,1,1,0,0,0,0,0,0,0,0,0,0,nan,nan,nan,nan,nan,nan,nan,nan,0,0,0,0,0.6,0.8,0.8,1.0,nan,nan,nan,nan,nan,nan,1.0,1.0,1.0,1.0,0.057010166347026825,0.06964933127164841
B,81cc38594395546a,0,1,0,8.0,9,9,0,0.0,0.0,0.0,unchanged,9,0,9,adm_inc_to_anchor,9,0,9,adm_inc_to_anchor,1,1,0,0,0,0,0,0,0,0,0,0,nan,nan,nan,nan,nan,nan,nan,nan,0,0,0,0,1.0,1.0,1.0,1.0,nan,nan,nan,nan,nan,nan,1.0,1.0,1.0,1.0,0.043710846453905106,0.054976705461740494
B,820c3fe353d95ad3,0,1,0,8.0,11,11,0,98133.48402435891,98133.48402435891,0.0,unchanged,11,6,11,inadmissible_anchor_relative,11,6,11,inadmissible_anchor_relative,0,0,0,0,0,0,0,0,0,0,0,0,nan,nan,nan,nan,nan,nan,nan,nan,0,0,0,0,0.47058823529411764,0.7058823529411765,0.7647058823529411,1.0,nan,nan,nan,nan,nan,nan,1.0,1.0,0.0,0.0,0.23721686005592346,0.2903650104999542
B,8269b93323e3535f,0,1,0,8.0,0,9,1,18638.195748162892,21370.662989449687,-2732.467241286795,B24_harmful,9,0,0,keep_incumbent,9,31,9,inadmissible_anchor_relative,1,0,1,0,0,0,0,0,0,0,0,0,nan,nan,0.3025691509246826,nan,-1.1741214990615845,nan,-5.432058811187744,nan,0,0,6,0,0.5217391304347826,0.8260869565217391,0.6956521739130435,1.0,nan,nan,nan,nan,nan,nan,1.0,1.0,0.0,0.0,0.10802316665649414,0.38532406091690063
B,82cb78f32e305c96,0,1,0,8.0,11,11,0,49555.13614200195,49555.13614200195,0.0,unchanged,11,10,11,inadmissible_anchor_relative,11,10,11,inadmissible_anchor_relative,0,0,0,0,0,0,0,0,0,0,0,0,nan,nan,nan,nan,nan,nan,nan,nan,0,0,0,0,0.45,0.7,0.6,0.85,nan,nan,nan,nan,nan,nan,1.0,1.0,0.0,0.0,0.7130227088928223,0.8855618238449097
B,838906b7e18752e6,0,0,6,0.0,3,3,0,19795.95555971563,19795.95555971563,0.0,unchanged,28,11,3,direct_alt,28,11,3,direct_alt,1,1,1,1,1,1,1,1,1,1,1,1,7.271731197810993e-05,7.271731197810993e-05,2.2955856323242188,2.2955856323242188,0.42441999912261963,0.42441999912261963,0.2945288419723511,0.2945288419723511,6,6,24,24,0.5833333333333334,0.5833333333333334,1.0,1.0,nan,nan,nan,nan,nan,nan,1.0,1.0,0.0,0.0,0.2536000609397888,0.2536000609397888
B,83a8fcf587fb53e3,0,1,0,8.0,7,7,0,19796.098065264523,19796.098065264523,0.0,unchanged,28,7,7,keep_incumbent,28,7,7,keep_incumbent,1,1,1,1,1,1,0,0,0,0,0,0,nan,nan,2.4006099700927734,2.1944854259490967,-0.9945939183235168,-1.1400914192199707,-5.497646331787109,-5.035073280334473,0,0,9,9,0.5384615384615384,0.7692307692307693,0.7307692307692307,0.9615384615384616,nan,nan,nan,nan,nan,nan,1.0,1.0,0.0,0.0,0.09112277626991272,0.1100870743393898
B,83b23bb505ce5607,0,1,0,8.0,20,17,1,18583.96365466155,27071.606271890923,-8487.642617229372,B24_harmful,9,20,20,keep_incumbent,9,20,17,direct_alt,1,1,1,1,1,1,0,0,0,0,0,0,nan,-0.4243821308614686,2.207974433898926,1.394194483757019,-1.1189334392547607,-0.632178783416748,-5.485504150390625,0.06492479145526886,0,0,9,9,0.6190476190476191,0.9047619047619048,0.7142857142857143,1.0,nan,nan,nan,nan,nan,nan,1.0,1.0,0.0,0.0,0.07893097400665283,0.09685157239437103
B,84607c4f1465536b,0,0,6,0.0,9,9,0,0.0,0.0,0.0,unchanged,9,10,9,inadmissible_anchor_relative,9,10,9,inadmissible_anchor_relative,0,0,0,0,0,0,0,0,0,0,0,0,nan,nan,nan,nan,nan,nan,nan,nan,0,0,0,0,1.0,1.0,1.0,1.0,nan,nan,nan,nan,nan,nan,1.0,1.0,1.0,1.0,0.029605824500322342,0.029605824500322342
B,84dff2ca466054c1,0,1,0,8.0,16,10,1,19788.70322289178,19789.29416625807,-0.5909433662891388,B24_harmful,22,18,16,direct_alt,22,18,10,direct_alt,1,1,0,0,0,0,0,0,0,0,0,0,-0.9894351611445895,-0.9894647083129033,1.108797311782837,1.0271246433258057,0.9867666959762573,1.2567222118377686,0.959255576133728,1.3079357147216797,9,9,0,0,0.4827586206896552,0.6551724137931034,0.7931034482758621,0.9655172413793104,nan,nan,nan,nan,nan,nan,1.0,1.0,0.0,0.0,0.07619321346282959,0.09503490477800369
B,8540c00319e1523a,0,1,0,8.0,18,18,0,0.0,0.0,0.0,unchanged,18,12,18,adm_inc_to_anchor,18,0,18,inadmissible_anchor_relative,1,0,0,0,0,0,0,0,0,0,0,0,nan,nan,nan,nan,nan,nan,nan,nan,0,0,0,0,0.2,0.8,0.4,1.0,nan,nan,nan,nan,nan,nan,1.0,1.0,0.0,0.0,0.046393029391765594,0.177362859249115
B,8576f91e0ec55dba,0,1,0,8.0,15,4,1,24566.334239656164,24566.320379447192,0.013860208971891552,B24_beneficial,15,4,15,adm_inc_to_anchor,15,4,4,keep_incumbent,1,1,0,0,0,0,0,0,0,0,0,0,nan,nan,nan,0.47342759370803833,nan,-0.5021358132362366,nan,-4.122092247009277,0,0,0,0,0.6,0.8,0.8,1.0,nan,nan,nan,nan,nan,nan,1.0,1.0,1.0,0.0,0.02396838180720806,0.029776230454444885
B,85ca5f337d0857e9,0,1,0,8.0,5,4,1,74456.86619850993,25276.724975556135,49180.1412229538,B24_beneficial,5,12,5,inadmissible_anchor_relative,4,9,4,adm_inc_to_anchor,0,1,0,0,0,0,0,0,0,0,0,0,nan,nan,nan,nan,nan,nan,nan,nan,0,0,0,0,0.4,0.6,0.8,1.0,nan,nan,nan,nan,nan,nan,0.0,1.0,0.0,1.0,0.02508070506155491,0.027337366715073586
B,870b651a06b458d3,0,1,0,8.0,9,9,0,0.0,0.0,0.0,unchanged,9,0,9,adm_inc_to_anchor,9,0,9,adm_inc_to_anchor,1,1,0,0,0,0,0,0,0,0,0,0,nan,nan,nan,nan,nan,nan,nan,nan,0,0,0,0,0.5,0.7857142857142857,0.7142857142857143,1.0,nan,nan,nan,nan,nan,nan,1.0,1.0,1.0,1.0,0.055621080100536346,0.06912929564714432
B,889bfc90491e559c,0,1,0,8.0,16,16,0,0.16791318252217025,0.16791318252217025,0.0,unchanged,16,9,16,inadmissible_anchor_relative,16,9,16,inadmissible_anchor_relative,0,0,0,0,0,0,0,0,0,0,0,0,nan,nan,nan,nan,nan,nan,nan,nan,0,0,0,0,0.5714285714285714,0.5714285714285714,1.0,1.0,nan,nan,nan,nan,nan,nan,1.0,1.0,1.0,1.0,0.03736945986747742,0.04585350304841995
B,896ba620715f59bf,0,1,0,8.0,9,13,1,6.369626662693918,0.3863092715619132,5.983317391132005,B24_beneficial,18,9,9,keep_incumbent,18,9,13,direct_alt,1,1,1,1,1,1,0,1,0,1,0,1,nan,0.0002991658695568056,1.9487266540527344,0.15362665057182312,-0.6643651127815247,1.667831540107727,-5.022862911224365,0.5463422536849976,0,11,12,12,0.5294117647058824,0.8235294117647058,0.7058823529411765,1.0,nan,nan,nan,nan,nan,nan,1.0,1.0,0.0,0.0,0.380107045173645,0.47271695733070374
B,89753221794f5998,0,1,0,8.0,4,24,1,393.2836749125272,0.14890816109254956,393.13476675143465,B24_beneficial,4,11,4,inadmissible_anchor_relative,24,11,24,adm_inc_to_anchor,0,1,0,0,0,0,0,0,0,0,0,0,nan,nan,nan,nan,nan,nan,nan,nan,0,0,0,0,0.6,0.75,0.85,1.0,nan,nan,nan,nan,nan,nan,0.0,1.0,0.0,1.0,0.03002575784921646,0.033674031496047974
B,8aad59e046a1569d,0,0,6,0.0,2,2,0,174.52952600922436,174.52952600922436,0.0,unchanged,2,11,2,adm_inc_to_anchor,2,11,2,adm_inc_to_anchor,1,1,1,1,0,0,0,0,0,0,0,0,nan,nan,nan,nan,nan,nan,nan,nan,0,0,3,3,0.6,0.6,1.0,1.0,nan,nan,nan,nan,nan,nan,1.0,1.0,1.0,1.0,0.07669250667095184,0.07669250667095184
B,8ab201ddae445d64,0,1,0,8.0,17,17,0,19794.75579551852,19794.75579551852,0.0,unchanged,22,1,17,direct_alt,22,1,17,direct_alt,1,1,1,1,1,1,0,1,0,1,0,0,-0.0002672717175388195,-0.0002672717175388195,0.7981696128845215,1.3216133117675781,0.39970144629478455,0.7129974365234375,0.45906031131744385,0.7737059593200684,4,7,4,4,0.5333333333333333,0.7666666666666667,0.7666666666666667,1.0,nan,nan,nan,nan,nan,nan,1.0,1.0,0.0,0.0,0.07473338395357132,0.09471845626831055
B,8b3e1f7f78945239,0,1,0,8.0,3,3,0,19791.70825545024,19791.70825545024,0.0,unchanged,3,20,3,inadmissible_anchor_relative,3,14,3,inadmissible_anchor_relative,0,0,0,0,0,0,0,0,0,0,0,0,nan,nan,nan,nan,nan,nan,nan,nan,0,0,0,0,0.5714285714285714,0.8571428571428571,0.7142857142857143,1.0,nan,nan,nan,nan,nan,nan,1.0,1.0,0.0,0.0,0.42042019963264465,0.18017004430294037
B,8b3fe6b20c075a4a,0,1,0,8.0,3,3,0,46772.583242111374,46772.583242111374,0.0,unchanged,7,3,3,keep_incumbent,7,3,3,keep_incumbent,1,1,1,1,1,1,0,0,0,0,0,0,nan,nan,2.0940749645233154,2.24556303024292,-0.9177980422973633,-1.8974344730377197,-4.244927406311035,-4.848479270935059,0,0,10,11,0.40625,0.59375,0.75,0.9375,nan,nan,nan,nan,nan,nan,1.0,1.0,0.0,0.0,0.2403266876935959,0.2982281744480133
B,8b5262203d6954d0,0,1,0,8.0,1,1,0,0.0,0.0,0.0,unchanged,9,1,1,keep_incumbent,9,1,1,keep_incumbent,1,1,0,0,0,0,0,0,0,0,0,0,nan,nan,0.1401529163122177,0.18513339757919312,-1.4224773645401,-1.1641888618469238,-5.252580165863037,-4.956869602203369,0,0,0,0,0.5555555555555556,0.7037037037037037,0.8148148148148148,0.9629629629629629,nan,nan,nan,nan,nan,nan,1.0,1.0,0.0,0.0,0.20049501955509186,0.24606575071811676
B,8b661f8309c550f4,0,1,0,8.0,0,0,0,0.5529799048090354,0.5529799048090354,0.0,unchanged,0,6,0,adm_inc_to_anchor,0,6,0,adm_inc_to_anchor,1,1,0,0,0,0,0,0,0,0,0,0,nan,nan,nan,nan,nan,nan,nan,nan,0,0,0,0,0.47619047619047616,0.7619047619047619,0.6666666666666666,0.9523809523809523,nan,nan,nan,nan,nan,nan,1.0,1.0,1.0,1.0,0.032317325472831726,0.04080822691321373
B,8b95a9cf780c56d0,0,1,0,8.0,10,10,0,3.5689010620117188,3.5689010620117188,0.0,unchanged,28,10,10,keep_incumbent,28,10,10,keep_incumbent,1,1,1,1,0,0,0,0,0,0,0,0,nan,nan,0.690542995929718,0.6090757250785828,-0.6761260032653809,-1.0479685068130493,-4.159071445465088,-4.254818439483643,0,0,19,19,0.5172413793103449,0.6206896551724138,0.7931034482758621,0.896551724137931,nan,nan,nan,nan,nan,nan,1.0,1.0,0.0,0.0,0.11505699157714844,0.1369999200105667
B,8c56ee7fe8ca59bb,0,1,0,8.0,14,14,0,-6568.876656445966,-6568.876656445966,0.0,unchanged,14,5,14,inadmissible_anchor_relative,14,5,14,inadmissible_anchor_relative,0,0,0,0,0,0,0,0,0,0,0,0,nan,nan,nan,nan,nan,nan,nan,nan,0,0,0,0,0.2727272727272727,0.5454545454545454,0.7272727272727273,1.0,nan,nan,nan,nan,nan,nan,1.0,1.0,0.0,0.0,0.09109906107187271,0.11320710927248001
B,8cdddaefad315222,1,1,1,0.0,17,17,0,0.0,0.0,0.0,unchanged,9,0,0,structural,9,0,0,structural,0,0,0,0,0,0,0,0,0,0,0,0,nan,nan,0.0,0.0,0.0,0.0,0.0,0.0,0,0,0,0,0.8,0.8,1.0,1.0,nan,nan,nan,nan,nan,nan,1.0,1.0,1.0,1.0,0.13201329112052917,0.13201329112052917
B,8de6643987955fe9,0,1,0,8.0,9,9,0,0.0,0.0,0.0,unchanged,9,6,9,inadmissible_anchor_relative,9,6,9,inadmissible_anchor_relative,0,0,0,0,0,0,0,0,0,0,0,0,nan,nan,nan,nan,nan,nan,nan,nan,0,0,0,0,0.48148148148148145,0.7407407407407407,0.7407407407407407,1.0,nan,nan,nan,nan,nan,nan,1.0,1.0,0.0,0.0,0.22551825642585754,0.2682371139526367
B,8e7b4ec1b3f05601,0,0,6,0.0,1,1,0,0.0874194223433733,0.0874194223433733,0.0,unchanged,27,19,1,direct_alt,27,19,1,direct_alt,1,1,1,1,1,1,1,1,1,1,1,1,8.716983873746642e-05,8.716983873746642e-05,2.4617583751678467,2.4617583751678467,0.44049540162086487,0.44049540162086487,0.5067106485366821,0.5067106485366821,4,4,5,5,0.8181818181818182,0.8181818181818182,1.0,1.0,nan,nan,nan,nan,nan,nan,1.0,1.0,0.0,0.0,0.203575000166893,0.203575000166893
B,8f93a621b023506f,0,1,0,8.0,3,3,0,0.0,0.0,0.0,unchanged,27,3,3,keep_incumbent,27,3,3,keep_incumbent,1,1,0,0,0,0,0,0,0,0,0,0,nan,nan,1.3519939184188843,1.675150990486145,-1.1648303270339966,-1.8587678670883179,-6.600146293640137,-6.885623931884766,0,0,0,0,0.42424242424242425,0.6363636363636364,0.6666666666666666,0.8787878787878788,nan,nan,nan,nan,nan,nan,1.0,1.0,0.0,0.0,0.21218639612197876,0.2636512815952301
B,904f929b825c5457,0,1,0,8.0,17,17,0,0.9006952348572668,0.9006952348572668,0.0,unchanged,9,18,17,direct_alt,9,18,17,direct_alt,1,1,0,0,0,0,0,0,0,0,0,0,-4.503476174286345e-05,-4.503476174286345e-05,1.4690309762954712,2.0131654739379883,1.3163304328918457,1.5574413537979126,1.05023992061615,1.510365605354309,7,6,0,0,0.6470588235294118,0.7647058823529411,0.8823529411764706,1.0,nan,nan,nan,nan,nan,nan,1.0,1.0,0.0,0.0,0.09366825968027115,0.11366824060678482
B,91bb1dca757a5731,0,1,0,8.0,6,6,0,32000.748897604644,32000.748897604644,0.0,unchanged,6,4,6,inadmissible_anchor_relative,6,4,6,inadmissible_anchor_relative,0,0,0,0,0,0,0,0,0,0,0,0,nan,nan,nan,nan,nan,nan,nan,nan,0,0,0,0,0.41379310344827586,0.5862068965517241,0.6896551724137931,0.8620689655172413,nan,nan,nan,nan,nan,nan,1.0,1.0,0.0,0.0,0.7061025500297546,0.8659744262695312
B,91ccff66380457c3,1,1,1,0.0,14,14,0,4823.338653979823,4823.338653979823,0.0,unchanged,1,20,20,structural,1,20,20,structural,0,0,0,0,0,0,0,0,0,0,0,0,nan,nan,0.0,0.0,0.0,0.0,0.0,0.0,0,0,0,0,0.5384615384615384,0.5384615384615384,0.6538461538461539,0.6538461538461539,nan,nan,nan,nan,nan,nan,1.0,1.0,0.0,0.0,0.15188445150852203,0.15188445150852203
B,928d845df28d5a7d,0,1,0,8.0,25,26,1,7674.645576231182,7674.646796151996,-0.001219920814037323,B24_harmful,25,10,25,inadmissible_anchor_relative,26,0,26,inadmissible_anchor_relative,0,0,0,0,0,0,0,0,0,0,0,0,nan,nan,nan,nan,nan,nan,nan,nan,0,0,0,0,0.42857142857142855,0.7142857142857143,0.7142857142857143,1.0,nan,nan,nan,nan,nan,nan,0.0,1.0,0.0,0.0,0.08999472111463547,0.11260593682527542
B,937b0811af69555a,0,1,0,8.0,14,14,0,94818.19902124628,94818.19902124628,0.0,unchanged,14,7,14,inadmissible_anchor_relative,14,7,14,inadmissible_anchor_relative,0,0,0,0,0,0,0,0,0,0,0,0,nan,nan,nan,nan,nan,nan,nan,nan,0,0,0,0,0.42424242424242425,0.6363636363636364,0.6363636363636364,0.8484848484848485,nan,nan,nan,nan,nan,nan,1.0,1.0,0.0,0.0,0.5478624105453491,0.7018511891365051
B,93972a39e9fc5477,0,1,0,8.0,29,29,0,9644.04763522261,9644.04763522261,0.0,unchanged,29,18,29,inadmissible_anchor_relative,29,18,29,inadmissible_anchor_relative,0,0,0,0,0,0,0,0,0,0,0,0,nan,nan,nan,nan,nan,nan,nan,nan,0,0,0,0,0.47368421052631576,0.6842105263157895,0.7894736842105263,1.0,nan,nan,nan,nan,nan,nan,1.0,1.0,0.0,0.0,0.08603212237358093,0.105189248919487
B,93c875c8314c5aa0,0,1,0,8.0,3,3,0,24694.03157637178,24694.03157637178,0.0,unchanged,3,21,3,adm_inc_to_anchor,3,21,3,inadmissible_anchor_relative,1,0,0,0,0,0,0,0,0,0,0,0,nan,nan,nan,nan,nan,nan,nan,nan,0,0,0,0,0.5909090909090909,0.9090909090909091,0.6818181818181818,1.0,nan,nan,nan,nan,nan,nan,1.0,1.0,0.0,0.0,0.042182572185993195,0.09205371141433716
B,93f0de82f7085c99,0,1,0,8.0,4,5,1,49552.67860593181,49552.73617500346,-0.057569071650505066,B24_harmful,4,12,4,inadmissible_anchor_relative,5,12,5,adm_inc_to_anchor,0,1,0,0,0,0,0,0,0,0,0,0,nan,nan,nan,nan,nan,nan,nan,nan,0,0,0,0,0.6666666666666666,0.6666666666666666,1.0,1.0,nan,nan,nan,nan,nan,nan,0.0,1.0,0.0,1.0,0.025764472782611847,0.030959974974393845
B,94c2fdcb3c4f55d1,0,1,0,8.0,10,29,1,1.753374945372343,0.1616218313574791,1.591753114014864,B24_beneficial,10,0,10,inadmissible_anchor_relative,29,18,29,adm_inc_to_anchor,0,1,0,0,0,0,0,0,0,0,0,0,nan,nan,nan,nan,nan,nan,nan,nan,0,0,0,0,0.4,0.8,0.6,1.0,nan,nan,nan,nan,nan,nan,0.0,1.0,0.0,1.0,0.03062494471669197,0.031233202666044235
B,950e7c626a635faa,1,0,1,0.0,9,9,0,8137.491220165684,8137.491220165684,0.0,unchanged,0,9,9,structural,0,9,9,structural,0,0,0,0,0,0,0,0,0,0,0,0,nan,nan,0.0,0.0,0.0,0.0,0.0,0.0,0,0,0,0,0.6666666666666666,0.6666666666666666,1.0,1.0,nan,nan,nan,nan,nan,nan,1.0,1.0,0.0,0.0,0.1657576858997345,0.1657576858997345
B,956dc6eea8225155,0,1,0,8.0,2,2,0,13.100765272974968,13.100765272974968,0.0,unchanged,2,13,2,inadmissible_anchor_relative,2,13,2,inadmissible_anchor_relative,0,0,0,0,0,0,0,0,0,0,0,0,nan,nan,nan,nan,nan,nan,nan,nan,0,0,0,0,0.3611111111111111,0.5555555555555556,0.6666666666666666,0.8611111111111112,nan,nan,nan,nan,nan,nan,1.0,1.0,0.0,0.0,0.693101167678833,0.8466577529907227
B,95bfce731bb35ef2,0,1,0,8.0,31,31,0,0.0,0.0,0.0,unchanged,31,0,31,inadmissible_anchor_relative,31,0,31,inadmissible_anchor_relative,0,0,0,0,0,0,0,0,0,0,0,0,nan,nan,nan,nan,nan,nan,nan,nan,0,0,0,0,0.6666666666666666,0.8333333333333334,0.8333333333333334,1.0,nan,nan,nan,nan,nan,nan,1.0,1.0,0.0,0.0,0.13103212416172028,0.16011160612106323
B,96eff1c1e9f5545e,0,1,0,6.0,10,10,0,0.34751752112060785,0.34751752112060785,0.0,unchanged,10,10,10,keep_incumbent,10,10,10,keep_incumbent,0,0,0,0,0,0,0,0,0,0,0,0,nan,nan,nan,nan,nan,nan,nan,nan,0,0,0,0,0.6,0.8,0.8,1.0,nan,nan,nan,nan,nan,nan,1.0,1.0,1.0,1.0,0.041826412081718445,0.04895510524511337
B,971debf2edfc52e4,0,1,0,8.0,17,17,0,0.0,0.0,0.0,unchanged,17,0,17,adm_inc_to_anchor,17,0,17,adm_inc_to_anchor,1,1,0,0,0,0,0,0,0,0,0,0,nan,nan,nan,nan,nan,nan,nan,nan,0,0,0,0,0.5,0.7142857142857143,0.6785714285714286,0.8928571428571429,nan,nan,nan,nan,nan,nan,1.0,1.0,1.0,1.0,0.05347926914691925,0.06589850783348083
B,974000624dfd552c,0,1,0,8.0,21,7,1,0.318831205368042,0.4566929256543517,-0.13786172028630972,B24_harmful,29,7,21,direct_alt,29,7,7,keep_incumbent,1,1,1,1,1,1,0,0,0,0,1,0,6.893086014315465e-06,nan,0.08396799117326736,2.005502939224243,-0.43343302607536316,-2.5024712085723877,0.024421721696853638,-6.451813220977783,0,0,4,4,0.4642857142857143,0.7142857142857143,0.75,1.0,nan,nan,nan,nan,nan,nan,1.0,1.0,0.0,0.0,0.08073084056377411,0.09823942184448242
B,984683f158a55abd,0,1,0,8.0,16,16,0,19600.949844226354,19600.949844226354,0.0,unchanged,16,12,16,adm_inc_to_anchor,16,12,16,adm_inc_to_anchor,1,1,0,0,0,0,0,0,0,0,0,0,nan,nan,nan,nan,nan,nan,nan,nan,0,0,0,0,0.5882352941176471,0.7058823529411765,0.8823529411764706,1.0,nan,nan,nan,nan,nan,nan,1.0,1.0,1.0,1.0,0.04417918622493744,0.055758893489837646
B,98f20f7b24575a3c,0,1,0,8.0,3,9,1,51742.87406581268,6.6071122996509075,51736.266953513026,B24_beneficial,9,3,3,keep_incumbent,9,5,9,inadmissible_anchor_relative,1,0,1,0,0,0,0,0,0,0,0,0,nan,nan,1.3409807682037354,nan,-0.9601365327835083,nan,-5.230450630187988,nan,0,0,5,0,0.7058823529411765,0.7058823529411765,1.0,1.0,nan,nan,nan,nan,nan,nan,1.0,1.0,0.0,0.0,0.08987563848495483,0.21179528534412384
B,998632c9a73e54e3,0,1,0,8.0,17,17,0,1.033441424369812,1.033441424369812,0.0,unchanged,2,20,17,direct_alt,2,20,17,direct_alt,1,1,1,1,1,1,1,1,1,1,1,1,7.133046872898063e-05,7.133046872898063e-05,0.5245023369789124,0.7110358476638794,0.1759212613105774,0.26008448004722595,0.1105542778968811,0.1151408702135086,2,5,4,4,0.5652173913043478,0.8260869565217391,0.7391304347826086,1.0,nan,nan,nan,nan,nan,nan,1.0,1.0,0.0,0.0,0.13406215608119965,0.16930115222930908
B,9a706876b7f85763,0,1,0,8.0,0,0,0,0.0,0.0,0.0,unchanged,0,0,0,keep_incumbent,0,0,0,keep_incumbent,0,0,0,0,0,0,0,0,0,0,0,0,nan,nan,nan,nan,nan,nan,nan,nan,0,0,0,0,0.4838709677419355,0.7419354838709677,0.6451612903225806,0.9032258064516129,nan,nan,nan,nan,nan,nan,1.0,1.0,0.0,0.0,0.17150646448135376,0.21374395489692688
B,9bbd9983e4da5a03,0,1,0,8.0,9,9,0,0.0,0.0,0.0,unchanged,9,10,9,inadmissible_anchor_relative,9,10,9,inadmissible_anchor_relative,0,0,0,0,0,0,0,0,0,0,0,0,nan,nan,nan,nan,nan,nan,nan,nan,0,0,0,0,0.2222222222222222,0.5555555555555556,0.6666666666666666,1.0,nan,nan,nan,nan,nan,nan,1.0,1.0,1.0,1.0,0.061399467289447784,0.07535047084093094
B,9c9940ef4560562f,0,1,0,8.0,0,0,0,49576.843693390365,49576.843693390365,0.0,unchanged,0,1,0,inadmissible_anchor_relative,0,1,0,inadmissible_anchor_relative,0,0,0,0,0,0,0,0,0,0,0,0,nan,nan,nan,nan,nan,nan,nan,nan,0,0,0,0,0.5454545454545454,0.6363636363636364,0.9090909090909091,1.0,nan,nan,nan,nan,nan,nan,1.0,1.0,0.0,0.0,0.17144286632537842,0.21285788714885712
B,9cf2c5eca0bd5996,0,1,0,8.0,26,21,1,20954.389673627913,23594.99560275674,-2640.6059291288257,B24_harmful,26,17,26,inadmissible_anchor_relative,21,17,21,inadmissible_anchor_relative,0,0,0,0,0,0,0,0,0,0,0,0,nan,nan,nan,nan,nan,nan,nan,nan,0,0,0,0,0.5416666666666666,0.8333333333333334,0.7083333333333334,1.0,nan,nan,nan,nan,nan,nan,0.0,1.0,0.0,0.0,0.0760115534067154,0.08917950838804245
B,9d2a5c2fafa05d71,0,1,0,8.0,10,10,0,12523.979795197025,12523.979795197025,0.0,unchanged,10,10,10,keep_incumbent,10,10,10,keep_incumbent,0,0,0,0,0,0,0,0,0,0,0,0,nan,nan,nan,nan,nan,nan,nan,nan,0,0,0,0,0.52,0.64,0.76,0.88,nan,nan,nan,nan,nan,nan,1.0,1.0,0.0,0.0,0.4997096359729767,0.6128373742103577
B,9d4e6dd7d26c5a5b,0,1,0,8.0,0,0,0,19496.379088317975,19496.379088317975,0.0,unchanged,0,4,0,inadmissible_anchor_relative,0,4,0,inadmissible_anchor_relative,0,0,0,0,0,0,0,0,0,0,0,0,nan,nan,nan,nan,nan,nan,nan,nan,0,0,0,0,0.45454545454545453,0.5909090909090909,0.8181818181818182,0.9545454545454546,nan,nan,nan,nan,nan,nan,1.0,1.0,0.0,0.0,0.7269172072410583,0.8880878686904907
B,9da8f551ca0258ee,0,0,6,0.0,30,30,0,14.215373992919922,14.215373992919922,0.0,unchanged,15,2,30,direct_alt,15,2,30,direct_alt,1,1,1,1,1,1,1,1,1,1,0,0,-0.0002718933627009392,-0.0002718933627009392,0.2952125668525696,0.2952125668525696,0.7899760007858276,0.7899760007858276,1.2227448225021362,1.2227448225021362,3,3,2,2,0.75,0.75,1.0,1.0,nan,nan,nan,nan,nan,nan,1.0,1.0,0.0,0.0,0.09167829155921936,0.09167829155921936
B,9dfa8c7ecdfe5e32,0,1,0,8.0,7,7,0,24701.546349246637,24701.546349246637,0.0,unchanged,7,7,7,keep_incumbent,7,7,7,keep_incumbent,0,0,0,0,0,0,0,0,0,0,0,0,nan,nan,nan,nan,nan,nan,nan,nan,0,0,0,0,0.8,0.9,0.9,1.0,nan,nan,nan,nan,nan,nan,1.0,1.0,1.0,1.0,0.07632768154144287,0.09365081042051315
B,9e32126fa2e15fa4,0,1,0,8.0,9,9,0,0.0,0.0,0.0,unchanged,9,0,9,adm_inc_to_anchor,9,0,9,adm_inc_to_anchor,1,1,0,0,0,0,0,0,0,0,0,0,nan,nan,nan,nan,nan,nan,nan,nan,0,0,0,0,0.5714285714285714,1.0,0.5714285714285714,1.0,nan,nan,nan,nan,nan,nan,1.0,1.0,1.0,1.0,0.037464674562215805,0.04650786519050598
B,9e3bb3eb9e5e54ff,0,1,0,8.0,14,14,0,96048.74671105854,96048.74671105854,0.0,unchanged,14,14,14,keep_incumbent,14,14,14,keep_incumbent,0,0,0,0,0,0,0,0,0,0,0,0,nan,nan,nan,nan,nan,nan,nan,nan,0,0,0,0,0.4827586206896552,0.6551724137931034,0.7931034482758621,0.9655172413793104,nan,nan,nan,nan,nan,nan,1.0,1.0,0.0,0.0,0.33590421080589294,0.41395485401153564
B,9ee673115a195128,0,1,0,8.0,0,0,0,74121.22018532138,74121.22018532138,0.0,unchanged,0,8,0,inadmissible_anchor_relative,0,8,0,inadmissible_anchor_relative,0,0,0,0,0,0,0,0,0,0,0,0,nan,nan,nan,nan,nan,nan,nan,nan,0,0,0,0,0.5172413793103449,0.6551724137931034,0.7586206896551724,0.896551724137931,nan,nan,nan,nan,nan,nan,1.0,1.0,0.0,0.0,0.5049705505371094,0.61944580078125
B,9f2d26c83b535a8e,0,1,0,8.0,17,17,0,4.48578728386201,4.48578728386201,0.0,unchanged,17,0,17,inadmissible_anchor_relative,17,0,17,inadmissible_anchor_relative,0,0,0,0,0,0,0,0,0,0,0,0,nan,nan,nan,nan,nan,nan,nan,nan,0,0,0,0,0.3888888888888889,0.6111111111111112,0.6944444444444444,0.9166666666666666,nan,nan,nan,nan,nan,nan,1.0,1.0,0.0,0.0,0.1571882665157318,0.18868310749530792
B,9fa8495a19f850d7,0,1,0,8.0,9,9,0,0.0,0.0,0.0,unchanged,9,0,9,adm_inc_to_anchor,9,0,9,adm_inc_to_anchor,1,1,0,0,0,0,0,0,0,0,0,0,nan,nan,nan,nan,nan,nan,nan,nan,0,0,0,0,0.3333333333333333,0.8333333333333334,0.5,1.0,nan,nan,nan,nan,nan,nan,1.0,1.0,1.0,1.0,0.047941505908966064,0.059575628489255905
B,9fd09904e5eb58fa,0,1,0,8.0,4,4,0,25809.25035810331,25809.25035810331,0.0,unchanged,4,4,4,keep_incumbent,4,4,4,keep_incumbent,0,0,0,0,0,0,0,0,0,0,0,0,nan,nan,nan,nan,nan,nan,nan,nan,0,0,0,0,0.5,0.75,0.6428571428571429,0.8928571428571429,nan,nan,nan,nan,nan,nan,1.0,1.0,0.0,0.0,0.3760776221752167,0.46327492594718933
B,a0c95c2318135944,0,1,0,8.0,0,0,0,24543.21240499243,24543.21240499243,0.0,unchanged,0,6,0,inadmissible_anchor_relative,0,6,0,inadmissible_anchor_relative,0,0,0,0,0,0,0,0,0,0,0,0,nan,nan,nan,nan,nan,nan,nan,nan,0,0,0,0,0.4375,0.625,0.8125,1.0,nan,nan,nan,nan,nan,nan,1.0,1.0,0.0,0.0,0.7252325415611267,0.9012171030044556
B,a204a61543555768,0,0,6,0.0,18,18,0,7.801353313028812,7.801353313028812,0.0,unchanged,23,18,18,keep_incumbent,23,18,18,keep_incumbent,1,1,1,1,1,1,0,0,0,0,0,0,nan,nan,1.023430585861206,1.023430585861206,-0.8884205222129822,-0.8884205222129822,-4.875442028045654,-4.875442028045654,0,0,10,10,0.8,0.8,1.0,1.0,nan,nan,nan,nan,nan,nan,1.0,1.0,0.0,0.0,0.09285728633403778,0.09285728633403778
B,a2588c43976a5cee,0,1,0,8.0,17,17,0,15780.555039733648,15780.555039733648,0.0,unchanged,17,7,17,inadmissible_anchor_relative,17,7,17,inadmissible_anchor_relative,0,0,0,0,0,0,0,0,0,0,0,0,nan,nan,nan,nan,nan,nan,nan,nan,0,0,0,0,0.4666666666666667,0.7,0.6666666666666666,0.9,nan,nan,nan,nan,nan,nan,1.0,1.0,0.0,0.0,0.1859143227338791,0.2279857099056244
B,a28ae208692d5334,0,1,0,8.0,9,9,0,0.0,0.0,0.0,unchanged,9,0,9,adm_inc_to_anchor,9,0,9,adm_inc_to_anchor,1,1,0,0,0,0,0,0,0,0,0,0,nan,nan,nan,nan,nan,nan,nan,nan,0,0,0,0,0.6666666666666666,0.8333333333333334,0.8333333333333334,1.0,nan,nan,nan,nan,nan,nan,1.0,1.0,1.0,1.0,0.03232930228114128,0.03962048515677452
B,a309506dcfb55bd6,0,1,0,8.0,24,24,0,3.6801498075947165,3.6801498075947165,0.0,unchanged,31,24,24,keep_incumbent,31,24,24,keep_incumbent,1,1,1,1,1,1,0,0,0,0,0,0,nan,nan,1.5106220245361328,1.5716041326522827,-0.51169753074646,-0.6152006387710571,-5.108850479125977,-4.993833065032959,0,0,2,2,0.5384615384615384,0.7307692307692307,0.8076923076923077,1.0,nan,nan,nan,nan,nan,nan,1.0,1.0,0.0,0.0,0.12482169270515442,0.1500469297170639
B,a3d6e4355c285241,0,0,6,0.0,17,17,0,2.0152885941788554,2.0152885941788554,0.0,unchanged,25,18,17,direct_alt,25,18,17,direct_alt,1,1,1,1,1,1,1,1,1,1,0,0,-0.0001002492280210987,-0.0001002492280210987,3.1366500854492188,3.1366500854492188,0.807227373123169,0.807227373123169,0.6878693699836731,0.6878693699836731,7,7,1,1,0.8,0.8,1.0,1.0,nan,nan,nan,nan,nan,nan,1.0,1.0,0.0,0.0,0.30493879318237305,0.30493879318237305
B,a44ef0f6eb5d5ee0,1,1,1,0.0,7,7,0,1519.2051301151514,1519.2051301151514,0.0,unchanged,18,7,7,structural,18,7,7,structural,0,0,0,0,0,0,0,0,0,0,0,0,nan,nan,0.0,0.0,0.0,0.0,0.0,0.0,0,0,0,0,0.37037037037037035,0.37037037037037035,0.6296296296296297,0.6296296296296297,nan,nan,nan,nan,nan,nan,1.0,1.0,0.0,0.0,0.5979756116867065,0.5979756116867065
B,a4865ee5e65b5a1e,0,1,0,8.0,19,19,0,0.0,0.0,0.0,unchanged,19,5,19,inadmissible_anchor_relative,19,5,19,inadmissible_anchor_relative,0,0,0,0,0,0,0,0,0,0,0,0,nan,nan,nan,nan,nan,nan,nan,nan,0,0,0,0,0.4666666666666667,0.7333333333333333,0.6666666666666666,0.9333333333333333,nan,nan,nan,nan,nan,nan,1.0,1.0,1.0,1.0,0.05424876883625984,0.06626452505588531
B,a5d8cd6222e952ea,0,1,0,8.0,16,16,0,24526.256377809215,24526.256377809215,0.0,unchanged,9,16,16,keep_incumbent,9,16,16,keep_incumbent,1,1,0,0,0,0,0,0,0,0,0,0,nan,nan,0.8025863766670227,0.9589167833328247,-2.1607751846313477,-2.565837860107422,-5.6855244636535645,-5.913264274597168,0,0,0,0,0.4,0.8,0.6,1.0,nan,nan,nan,nan,nan,nan,1.0,1.0,0.0,0.0,0.08561927825212479,0.10491703450679779
B,a65fb73c66c35fba,0,1,0,8.0,7,7,0,3.998573845718056,3.998573845718056,0.0,unchanged,7,6,7,adm_inc_to_anchor,7,6,7,adm_inc_to_anchor,1,1,1,1,0,0,0,0,0,0,0,0,nan,nan,nan,nan,nan,nan,nan,nan,0,0,10,10,0.5333333333333333,0.7333333333333333,0.7333333333333333,0.9333333333333333,nan,nan,nan,nan,nan,nan,1.0,1.0,1.0,1.0,0.04366255924105644,0.05307433754205704
B,a6e7b1ea7aa45bc0,0,1,0,8.0,15,15,0,25887.689547032118,25887.689547032118,0.0,unchanged,15,4,15,inadmissible_anchor_relative,15,4,15,inadmissible_anchor_relative,0,0,0,0,0,0,0,0,0,0,0,0,nan,nan,nan,nan,nan,nan,nan,nan,0,0,0,0,0.4583333333333333,0.5833333333333334,0.75,0.875,nan,nan,nan,nan,nan,nan,1.0,1.0,0.0,0.0,0.7078340649604797,0.8793666958808899
B,a70fb35267c95b2c,0,1,0,8.0,17,17,0,40547.94382981956,40547.94382981956,0.0,unchanged,17,18,17,inadmissible_anchor_relative,17,18,17,inadmissible_anchor_relative,0,0,0,0,0,0,0,0,0,0,0,0,nan,nan,nan,nan,nan,nan,nan,nan,0,0,0,0,0.3333333333333333,0.3333333333333333,1.0,1.0,nan,nan,nan,nan,nan,nan,1.0,1.0,0.0,0.0,0.03544703871011734,0.045223359018564224
B,a7302f50e4fe5d60,0,1,0,8.0,7,7,0,31926.369125275727,31926.369125275727,0.0,unchanged,18,7,7,keep_incumbent,18,7,7,keep_incumbent,1,1,1,1,1,1,0,1,0,1,0,0,nan,nan,1.8856281042099,1.8591995239257812,-0.7528689503669739,-1.0689367055892944,-5.0565080642700195,-5.468239784240723,0,2,3,3,0.5185185185185185,0.8148148148148148,0.6666666666666666,0.9629629629629629,nan,nan,nan,nan,nan,nan,1.0,1.0,0.0,0.0,0.3882250189781189,0.48286575078964233
B,a73d496558665dae,0,1,0,8.0,6,6,0,0.0,0.0,0.0,unchanged,14,6,6,keep_incumbent,14,6,6,keep_incumbent,1,1,0,0,0,0,0,0,0,0,0,0,nan,nan,0.15968525409698486,0.35054510831832886,-0.8526401519775391,-0.48246118426322937,-5.872781753540039,-5.5921149253845215,0,0,0,0,0.6666666666666666,0.7333333333333333,0.9333333333333333,1.0,nan,nan,nan,nan,nan,nan,1.0,1.0,0.0,0.0,0.10236846655607224,0.1260371059179306
B,a7639a877aec5ba5,0,1,0,8.0,0,5,1,25818.907595744888,24751.01645287133,1067.8911428735591,B24_beneficial,5,0,0,keep_incumbent,5,0,5,inadmissible_anchor_relative,1,0,1,0,0,0,0,0,0,0,0,0,nan,nan,0.23093999922275543,nan,-0.9255070686340332,nan,-5.308760166168213,nan,0,0,9,0,0.6,0.9,0.7,1.0,nan,nan,nan,nan,nan,nan,1.0,1.0,0.0,0.0,0.10293746739625931,0.39375317096710205
B,a788182f476b55e4,0,1,0,8.0,9,9,0,18.65063476562773,18.65063476562773,0.0,unchanged,9,16,9,inadmissible_anchor_relative,9,16,9,inadmissible_anchor_relative,0,0,0,0,0,0,0,0,0,0,0,0,nan,nan,nan,nan,nan,nan,nan,nan,0,0,0,0,0.2727272727272727,0.45454545454545453,0.7272727272727273,0.9090909090909091,nan,nan,nan,nan,nan,nan,1.0,1.0,1.0,1.0,0.06151466816663742,0.0744091272354126
B,a7ca25c8c0b25073,0,1,0,8.0,20,20,0,0.007425352931022644,0.007425352931022644,0.0,unchanged,9,24,20,direct_alt,9,24,20,direct_alt,1,1,1,1,1,1,1,1,1,1,1,1,0.0009710678324104105,0.0009710678324104105,1.9002301692962646,2.6237893104553223,2.0096688270568848,2.6831977367401123,1.8887323141098022,2.7021822929382324,11,11,10,10,0.5909090909090909,0.8636363636363636,0.7272727272727273,1.0,nan,nan,nan,nan,nan,nan,1.0,1.0,0.0,0.0,0.09641788899898529,0.11666033416986465
B,a80160d4ebce5ab0,0,0,6,0.0,18,18,0,5.085239410400391,5.085239410400391,0.0,unchanged,18,0,18,adm_inc_to_anchor,18,0,18,adm_inc_to_anchor,1,1,0,0,0,0,0,0,0,0,0,0,nan,nan,nan,nan,nan,nan,nan,nan,0,0,0,0,1.0,1.0,1.0,1.0,nan,nan,nan,nan,nan,nan,1.0,1.0,1.0,1.0,0.02547151781618595,0.02547151781618595
B,a811969e8c1c5eca,0,0,6,0.0,18,18,0,364.7018549069762,364.7018549069762,0.0,unchanged,18,1,18,inadmissible_anchor_relative,18,1,18,inadmissible_anchor_relative,0,0,0,0,0,0,0,0,0,0,0,0,nan,nan,nan,nan,nan,nan,nan,nan,0,0,0,0,1.0,1.0,1.0,1.0,nan,nan,nan,nan,nan,nan,1.0,1.0,0.0,0.0,0.17086240649223328,0.17086240649223328
B,a8832669f31154af,0,0,6,0.0,10,10,0,43.0538085848093,43.0538085848093,0.0,unchanged,1,10,10,keep_incumbent,1,10,10,keep_incumbent,1,1,1,1,1,1,0,0,0,0,0,0,nan,nan,2.5547468662261963,2.5547468662261963,-0.9746670126914978,-0.9746670126914978,-5.638287544250488,-5.638287544250488,0,0,4,4,0.75,0.75,1.0,1.0,nan,nan,nan,nan,nan,nan,1.0,1.0,0.0,0.0,0.1624157428741455,0.1624157428741455
B,a8b97a44a1c557a6,0,0,6,0.0,4,4,0,0.0,0.0,0.0,unchanged,4,7,4,adm_inc_to_anchor,4,7,4,adm_inc_to_anchor,1,1,0,0,0,0,0,0,0,0,0,0,nan,nan,nan,nan,nan,nan,nan,nan,0,0,0,0,0.6153846153846154,0.6153846153846154,1.0,1.0,nan,nan,nan,nan,nan,nan,1.0,1.0,1.0,1.0,0.0769684687256813,0.0769684687256813
B,a98ec65b17885a9e,0,1,0,8.0,21,21,0,0.0,0.0,0.0,unchanged,21,2,21,inadmissible_anchor_relative,21,2,21,inadmissible_anchor_relative,0,0,0,0,0,0,0,0,0,0,0,0,nan,nan,nan,nan,nan,nan,nan,nan,0,0,0,0,0.4782608695652174,0.7391304347826086,0.6956521739130435,0.9565217391304348,nan,nan,nan,nan,nan,nan,1.0,1.0,0.0,0.0,0.17146137356758118,0.20647922158241272
B,a9bd77d795235a55,0,1,0,8.0,3,6,1,0.0939627643674612,6.183731137092764,-6.0897683727253025,B24_harmful,5,9,3,direct_alt,5,9,6,direct_alt,1,1,1,1,1,1,1,1,1,1,1,0,0.00013375313039869067,-0.00017073528823757442,0.23083063960075378,0.7098830342292786,0.17176887392997742,0.194792240858078,0.162436842918396,0.43289774656295776,2,3,9,9,0.631578947368421,0.7368421052631579,0.7894736842105263,0.8947368421052632,nan,nan,nan,nan,nan,nan,1.0,1.0,0.0,0.0,0.1137896478176117,0.13771343231201172
B,a9d5d3b2d4005c91,0,1,0,8.0,15,16,1,0.2125006914138794,0.0,0.2125006914138794,B24_beneficial,23,16,15,direct_alt,23,16,16,keep_incumbent,1,1,0,0,0,0,0,0,0,0,0,0,-1.0625034570832526e-05,nan,3.4916696548461914,4.2197723388671875,0.785151481628418,0.5977304577827454,0.5738614201545715,-3.4769418239593506,6,13,0,0,0.45454545454545453,0.6363636363636364,0.8181818181818182,1.0,nan,nan,nan,nan,nan,nan,1.0,1.0,0.0,0.0,0.3922266662120819,0.48722323775291443
B,aa382c63565551a5,0,1,0,8.0,17,17,0,0.0,0.0,0.0,unchanged,17,11,17,adm_inc_to_anchor,17,11,17,adm_inc_to_anchor,1,1,0,0,0,0,0,0,0,0,0,0,nan,nan,nan,nan,nan,nan,nan,nan,0,0,0,0,0.42857142857142855,0.7142857142857143,0.7142857142857143,1.0,nan,nan,nan,nan,nan,nan,1.0,1.0,1.0,1.0,0.042987629771232605,0.05343437194824219
B,aa8acfdc13285ff8,1,1,1,0.0,12,12,0,102083.19801717997,102083.19801717997,0.0,unchanged,12,18,18,structural,12,18,18,structural,0,0,0,0,0,0,0,0,0,0,0,0,nan,nan,0.0,0.0,0.0,0.0,0.0,0.0,0,0,0,0,0.3333333333333333,0.3333333333333333,0.7333333333333333,0.7333333333333333,nan,nan,nan,nan,nan,nan,0.0,0.0,0.0,0.0,0.12691625952720642,0.12691625952720642
B,aaece56887d25aaf,0,1,0,8.0,4,4,0,25852.2494924739,25852.2494924739,0.0,unchanged,4,5,4,inadmissible_anchor_relative,4,5,4,inadmissible_anchor_relative,0,0,0,0,0,0,0,0,0,0,0,0,nan,nan,nan,nan,nan,nan,nan,nan,0,0,0,0,0.4642857142857143,0.7142857142857143,0.6428571428571429,0.8928571428571429,nan,nan,nan,nan,nan,nan,1.0,1.0,0.0,0.0,0.6835605502128601,0.8602020740509033
B,aaee5be7577b5c44,0,1,0,8.0,19,19,0,0.1069999560713768,0.1069999560713768,0.0,unchanged,1,19,19,keep_incumbent,1,19,19,keep_incumbent,1,1,1,1,1,1,0,0,0,0,0,0,nan,nan,3.2267873287200928,3.3261685371398926,0.25745731592178345,-0.03191943094134331,-3.7943239212036133,-3.751899480819702,0,0,1,1,0.5555555555555556,0.7407407407407407,0.7777777777777778,0.9629629629629629,nan,nan,nan,nan,nan,nan,1.0,1.0,0.0,0.0,0.22255800664424896,0.2765935957431793
B,ad23daf1411c5679,0,1,0,8.0,9,9,0,4.857124604284763,4.857124604284763,0.0,unchanged,9,0,9,adm_inc_to_anchor,9,0,9,adm_inc_to_anchor,1,1,0,0,0,0,0,0,0,0,0,0,nan,nan,nan,nan,nan,nan,nan,nan,0,0,0,0,0.7142857142857143,1.0,0.7142857142857143,1.0,nan,nan,nan,nan,nan,nan,1.0,1.0,1.0,1.0,0.04340392351150513,0.05251706391572952
B,ae171c3acfa652cf,0,1,0,8.0,9,9,0,0.0,0.0,0.0,unchanged,9,10,9,inadmissible_anchor_relative,9,10,9,inadmissible_anchor_relative,0,0,0,0,0,0,0,0,0,0,0,0,nan,nan,nan,nan,nan,nan,nan,nan,0,0,0,0,0.3333333333333333,0.6666666666666666,0.6666666666666666,1.0,nan,nan,nan,nan,nan,nan,1.0,1.0,1.0,1.0,0.032775405794382095,0.04072510823607445
B,ae7af56b7a3c55a4,0,1,0,8.0,9,9,0,3.6940479557961226,3.6940479557961226,0.0,unchanged,9,0,9,adm_inc_to_anchor,9,0,9,adm_inc_to_anchor,1,1,0,0,0,0,0,0,0,0,0,0,nan,nan,nan,nan,nan,nan,nan,nan,0,0,0,0,0.4444444444444444,0.7777777777777778,0.6666666666666666,1.0,nan,nan,nan,nan,nan,nan,1.0,1.0,1.0,1.0,0.039288751780986786,0.04883037135004997
B,aed5df53a96d52c5,0,0,6,0.0,17,17,0,0.0,0.0,0.0,unchanged,0,11,17,direct_alt,0,11,17,direct_alt,1,1,1,1,1,1,1,1,1,1,1,1,0.00015738720893859835,0.00015738720893859835,1.917237401008606,1.917237401008606,0.005524993874132633,0.005524993874132633,0.05918705463409424,0.05918705463409424,1,1,4,4,0.8333333333333334,0.8333333333333334,1.0,1.0,nan,nan,nan,nan,nan,nan,1.0,1.0,0.0,0.0,0.12234696000814438,0.12234696000814438
B,af4d6fb9b0145c78,0,1,0,8.0,9,9,0,0.0,0.0,0.0,unchanged,9,0,9,adm_inc_to_anchor,9,0,9,adm_inc_to_anchor,1,1,0,0,0,0,0,0,0,0,0,0,nan,nan,nan,nan,nan,nan,nan,nan,0,0,0,0,0.25,0.75,0.5,1.0,nan,nan,nan,nan,nan,nan,1.0,1.0,1.0,1.0,0.04783731698989868,0.059455424547195435
B,af5fa261a49d5475,1,0,1,0.0,7,7,0,38.13000947237015,38.13000947237015,0.0,unchanged,16,7,7,structural,16,7,7,structural,0,0,0,0,0,0,0,0,0,0,0,0,nan,nan,0.0,0.0,0.0,0.0,0.0,0.0,0,0,0,0,0.7142857142857143,0.7142857142857143,1.0,1.0,nan,nan,nan,nan,nan,nan,1.0,1.0,0.0,0.0,0.1921541392803192,0.1921541392803192
B,af851a6a19995894,0,1,0,8.0,12,12,0,49289.901710644364,49289.901710644364,0.0,unchanged,12,19,12,inadmissible_anchor_relative,12,19,12,inadmissible_anchor_relative,0,0,0,0,0,0,0,0,0,0,0,0,nan,nan,nan,nan,nan,nan,nan,nan,0,0,0,0,0.41935483870967744,0.6451612903225806,0.6774193548387096,0.9032258064516129,nan,nan,nan,nan,nan,nan,1.0,1.0,0.0,0.0,0.4404410123825073,0.5479193925857544
B,afa13a17be6e5b9d,0,1,0,8.0,17,17,0,0.0,0.0,0.0,unchanged,17,11,17,adm_inc_to_anchor,17,11,17,adm_inc_to_anchor,1,1,0,0,0,0,0,0,0,0,0,0,nan,nan,nan,nan,nan,nan,nan,nan,0,0,0,0,0.5185185185185185,0.7407407407407407,0.6666666666666666,0.8888888888888888,nan,nan,nan,nan,nan,nan,1.0,1.0,1.0,1.0,0.05204107612371445,0.06417715549468994
B,afe7842bee8157bd,0,1,0,8.0,15,15,0,0.0,0.0,0.0,unchanged,15,11,15,adm_inc_to_anchor,15,11,15,adm_inc_to_anchor,1,1,0,0,0,0,0,0,0,0,0,0,nan,nan,nan,nan,nan,nan,nan,nan,0,0,0,0,0.5357142857142857,0.7857142857142857,0.75,1.0,nan,nan,nan,nan,nan,nan,1.0,1.0,1.0,1.0,0.05791551247239113,0.06903243064880371
B,b057447d84325fa4,0,1,0,8.0,26,26,0,57835.91343323054,57835.91343323054,0.0,unchanged,26,2,26,inadmissible_anchor_relative,26,2,26,inadmissible_anchor_relative,0,0,0,0,0,0,0,0,0,0,0,0,nan,nan,nan,nan,nan,nan,nan,nan,0,0,0,0,0.5769230769230769,0.8461538461538461,0.7307692307692307,1.0,nan,nan,nan,nan,nan,nan,1.0,1.0,0.0,0.0,0.0839865505695343,0.0605849027633667
B,b05da69ae5c85a44,0,1,0,4.0,5,5,0,74512.4464291411,74512.4464291411,0.0,unchanged,5,4,5,inadmissible_anchor_relative,5,4,5,inadmissible_anchor_relative,0,0,0,0,0,0,0,0,0,0,0,0,nan,nan,nan,nan,nan,nan,nan,nan,0,0,0,0,0.46153846153846156,0.5384615384615384,0.9230769230769231,1.0,nan,nan,nan,nan,nan,nan,1.0,1.0,0.0,0.0,0.07994416356086731,0.08704489469528198
B,b0d6660e49e85b47,0,1,0,8.0,9,9,0,0.0,0.0,0.0,unchanged,9,0,9,adm_inc_to_anchor,9,0,9,adm_inc_to_anchor,1,1,0,0,0,0,0,0,0,0,0,0,nan,nan,nan,nan,nan,nan,nan,nan,0,0,0,0,0.6666666666666666,1.0,0.6666666666666666,1.0,nan,nan,nan,nan,nan,nan,1.0,1.0,1.0,1.0,0.05641935020685196,0.06892316788434982
B,b3bcbbe36a565bfa,0,1,0,8.0,19,19,0,0.0,0.0,0.0,unchanged,9,0,19,direct_alt,9,21,19,direct_alt,1,1,1,1,1,1,1,1,1,1,1,1,0.00012004873901605428,6.633619444906813e-05,1.2556061744689941,1.8074833154678345,0.3847770392894745,0.27509844303131104,0.4327220022678375,0.6655094623565674,4,2,4,3,0.6,0.9,0.65,0.95,nan,nan,nan,nan,nan,nan,1.0,1.0,0.0,0.0,0.07999972999095917,0.09665156900882721
B,b3ee200250765190,0,1,0,8.0,4,4,0,0.43443207861855626,0.43443207861855626,0.0,unchanged,4,0,4,adm_inc_to_anchor,4,0,4,adm_inc_to_anchor,1,1,0,0,0,0,0,0,0,0,0,0,nan,nan,nan,nan,nan,nan,nan,nan,0,0,0,0,0.6666666666666666,1.0,0.6666666666666666,1.0,nan,nan,nan,nan,nan,nan,1.0,1.0,1.0,1.0,0.039681125432252884,0.04804151877760887
B,b4cbb03da3d554a4,0,1,0,8.0,15,15,0,243.58346566011824,243.58346566011824,0.0,unchanged,26,5,15,direct_alt,26,5,15,direct_alt,1,1,1,1,1,1,1,1,1,1,1,1,1.2243857021287905,1.2243857021287905,1.3733221292495728,1.6162810325622559,0.7412071824073792,1.13311767578125,0.7345092296600342,0.9842257499694824,14,14,26,26,0.25,0.875,0.375,1.0,nan,nan,nan,nan,nan,nan,1.0,1.0,0.0,0.0,0.18568436801433563,0.22675588726997375
B,b4df912e7f96525c,0,0,6,0.0,3,3,0,0.07276535034179688,0.07276535034179688,0.0,unchanged,18,3,3,keep_incumbent,18,3,3,keep_incumbent,1,1,1,1,1,1,0,0,0,0,0,0,nan,nan,0.7281818985939026,0.7281818985939026,-0.3567746579647064,-0.3567746579647064,-2.8665170669555664,-2.8665170669555664,0,0,1,1,0.75,0.75,1.0,1.0,nan,nan,nan,nan,nan,nan,1.0,1.0,0.0,0.0,0.07639822363853455,0.07639822363853455
B,b545625c98cd5630,0,1,0,8.0,24,24,0,4872.645083185285,4872.645083185285,0.0,unchanged,24,22,24,adm_inc_to_anchor,24,22,24,adm_inc_to_anchor,1,1,1,1,0,0,0,0,0,0,0,0,nan,nan,nan,nan,nan,nan,nan,nan,0,0,11,11,0.55,0.9,0.65,1.0,nan,nan,nan,nan,nan,nan,1.0,1.0,1.0,1.0,0.04358955845236778,0.054422490298748016
B,b69d49740a42592d,0,1,0,8.0,9,9,0,19577.679468806135,19577.679468806135,0.0,unchanged,9,0,9,adm_inc_to_anchor,9,0,9,adm_inc_to_anchor,1,1,1,1,0,0,0,0,0,0,0,0,nan,nan,nan,nan,nan,nan,nan,nan,0,0,4,4,0.38461538461538464,0.6923076923076923,0.6923076923076923,1.0,nan,nan,nan,nan,nan,nan,1.0,1.0,1.0,1.0,0.05089463293552399,0.06240824609994888
B,b723cc4db415524c,0,1,0,6.0,17,20,1,0.7450288534164429,3.849170371890068,-3.104141518473625,B24_harmful,2,20,17,direct_alt,2,20,20,keep_incumbent,1,1,1,1,1,1,1,1,1,1,1,0,0.00015520707592298066,nan,2.2641043663024902,3.255194902420044,0.36068958044052124,0.04468374699354172,0.030924014747142792,-4.648127555847168,3,5,7,7,0.47058823529411764,0.7058823529411765,0.7647058823529411,1.0,nan,nan,nan,nan,nan,nan,1.0,1.0,0.0,0.0,0.21826329827308655,0.25441983342170715
B,b7afa813cb745fae,0,1,0,8.0,10,10,0,52.14703814545646,52.14703814545646,0.0,unchanged,10,2,10,inadmissible_anchor_relative,10,2,10,inadmissible_anchor_relative,0,0,0,0,0,0,0,0,0,0,0,0,nan,nan,nan,nan,nan,nan,nan,nan,0,0,0,0,0.5625,0.9375,0.625,1.0,nan,nan,nan,nan,nan,nan,1.0,1.0,0.0,0.0,0.3479829430580139,0.4390644431114197
B,b7b28f36d13d5562,0,1,0,8.0,9,9,0,0.0,0.0,0.0,unchanged,9,4,9,adm_inc_to_anchor,9,4,9,adm_inc_to_anchor,1,1,0,0,0,0,0,0,0,0,0,0,nan,nan,nan,nan,nan,nan,nan,nan,0,0,0,0,0.5,1.0,0.5,1.0,nan,nan,nan,nan,nan,nan,1.0,1.0,1.0,1.0,0.04141455143690109,0.05076942220330238
B,b8a6a8390b895886,0,1,0,8.0,21,21,0,0.0,0.0,0.0,unchanged,26,21,21,keep_incumbent,26,21,21,keep_incumbent,1,1,0,0,0,0,0,0,0,0,0,0,nan,nan,0.37100163102149963,0.37298810482025146,-1.101820707321167,-1.121062159538269,-5.181522846221924,-4.93596887588501,0,0,0,0,0.6086956521739131,0.8260869565217391,0.6956521739130435,0.9130434782608695,nan,nan,nan,nan,nan,nan,1.0,1.0,0.0,0.0,0.10550493746995926,0.12667517364025116
B,b8d530b69c7859cb,0,1,0,8.0,17,17,0,0.0,0.0,0.0,unchanged,17,0,17,adm_inc_to_anchor,17,0,17,adm_inc_to_anchor,1,1,0,0,0,0,0,0,0,0,0,0,nan,nan,nan,nan,nan,nan,nan,nan,0,0,0,0,0.4482758620689655,0.6896551724137931,0.6551724137931034,0.896551724137931,nan,nan,nan,nan,nan,nan,1.0,1.0,1.0,1.0,0.052034925669431686,0.06287501752376556
B,b9020d50029d5870,0,1,0,8.0,21,23,1,0.0,3.4277654931065626,-3.4277654931065626,B24_harmful,3,23,21,direct_alt,3,23,23,keep_incumbent,1,1,1,1,1,1,1,1,1,1,1,0,0.00017138827465545958,nan,1.5475680828094482,2.6381235122680664,0.32807955145835876,-0.18464769423007965,0.2527223825454712,-4.254616737365723,6,7,2,2,0.5,0.85,0.65,1.0,nan,nan,nan,nan,nan,nan,1.0,1.0,0.0,0.0,0.2017354667186737,0.2540847957134247
B,b9ee98290a0b59bc,0,1,0,8.0,7,7,0,0.0,0.0,0.0,unchanged,7,8,7,inadmissible_anchor_relative,7,8,7,inadmissible_anchor_relative,0,0,0,0,0,0,0,0,0,0,0,0,nan,nan,nan,nan,nan,nan,nan,nan,0,0,0,0,0.42857142857142855,0.6190476190476191,0.8095238095238095,1.0,nan,nan,nan,nan,nan,nan,1.0,1.0,0.0,0.0,0.6476427316665649,0.8042374849319458
B,ba9062845cc35339,0,1,0,8.0,9,30,1,22308.079376855865,73989.59123702906,-51681.511860173196,B24_harmful,9,21,9,inadmissible_anchor_relative,30,21,30,inadmissible_anchor_relative,0,0,0,0,0,0,0,0,0,0,0,0,nan,nan,nan,nan,nan,nan,nan,nan,0,0,0,0,0.6190476190476191,0.8095238095238095,0.8095238095238095,1.0,nan,nan,nan,nan,nan,nan,0.0,1.0,0.0,0.0,0.23540963232517242,0.2887708246707916
B,babc5427dd415800,0,1,0,4.0,18,19,1,0.0,0.48833329090848565,-0.48833329090848565,B24_harmful,27,19,18,direct_alt,27,19,19,keep_incumbent,1,1,1,1,1,1,1,1,1,1,1,0,2.4416664545334754e-05,nan,1.5726759433746338,2.3159470558166504,0.4182016849517822,0.16643039882183075,0.2886880338191986,-3.643625259399414,4,2,5,5,0.75,0.75,1.0,1.0,nan,nan,nan,nan,nan,nan,1.0,1.0,0.0,0.0,0.28266093134880066,0.3186424672603607
B,bb415b8569885f81,0,1,0,8.0,16,16,0,0.0,0.0,0.0,unchanged,16,9,16,adm_inc_to_anchor,16,9,16,adm_inc_to_anchor,1,1,0,0,0,0,0,0,0,0,0,0,nan,nan,nan,nan,nan,nan,nan,nan,0,0,0,0,0.8,0.8,1.0,1.0,nan,nan,nan,nan,nan,nan,1.0,1.0,1.0,1.0,0.028135938569903374,0.03448493033647537
B,bb6f1e5dc2fc59a7,0,1,0,8.0,16,16,0,0.09889793396018831,0.09889793396018831,0.0,unchanged,16,12,16,adm_inc_to_anchor,16,12,16,adm_inc_to_anchor,1,1,0,0,0,0,0,0,0,0,0,0,nan,nan,nan,nan,nan,nan,nan,nan,0,0,0,0,0.0,0.5,0.5,1.0,nan,nan,nan,nan,nan,nan,1.0,1.0,1.0,1.0,0.020827628672122955,0.026028821244835854
B,bb82ca725cb056e6,0,1,0,8.0,9,9,0,0.0,0.0,0.0,unchanged,9,0,9,adm_inc_to_anchor,9,0,9,adm_inc_to_anchor,1,1,0,0,0,0,0,0,0,0,0,0,nan,nan,nan,nan,nan,nan,nan,nan,0,0,0,0,1.0,1.0,1.0,1.0,nan,nan,nan,nan,nan,nan,1.0,1.0,1.0,1.0,0.04642172530293465,0.056902725249528885
B,bcdab6c97eed5375,0,0,6,0.0,2,2,0,35539.51575023495,35539.51575023495,0.0,unchanged,9,2,2,keep_incumbent,9,2,2,keep_incumbent,1,1,1,1,1,1,0,0,0,0,0,0,nan,nan,1.9672168493270874,1.9672168493270874,-0.8467275500297546,-0.8467275500297546,-6.055788993835449,-6.055788993835449,0,0,1,1,0.5714285714285714,0.5714285714285714,1.0,1.0,nan,nan,nan,nan,nan,nan,1.0,1.0,0.0,0.0,0.39471855759620667,0.39471855759620667
B,bd2cde3cc35e58e7,0,1,0,8.0,20,20,0,13.215286612394266,13.215286612394266,0.0,unchanged,21,20,20,keep_incumbent,21,20,20,keep_incumbent,1,1,1,1,0,1,1,1,0,0,0,0,nan,nan,0.725260853767395,0.9840186834335327,-2.2784512042999268,-1.577086329460144,-6.533371925354004,-5.741603374481201,0,0,4,4,0.5185185185185185,0.8148148148148148,0.6296296296296297,0.9259259259259259,nan,nan,nan,nan,nan,nan,1.0,1.0,0.0,0.0,0.05243121460080147,0.06542510539293289
B,bd83bd5769ce581c,0,1,0,8.0,20,20,0,17.2250746935606,17.2250746935606,0.0,unchanged,20,6,20,adm_inc_to_anchor,20,6,20,adm_inc_to_anchor,1,1,1,1,0,0,0,0,0,0,0,0,nan,nan,nan,nan,nan,nan,nan,nan,0,0,1,1,0.5625,0.75,0.8125,1.0,nan,nan,nan,nan,nan,nan,1.0,1.0,1.0,1.0,0.014237884432077408,0.017553362995386124
B,bf5eb5e72b47598b,0,1,0,8.0,10,2,1,12.022949801757932,1.11211456079036,10.910835240967572,B24_beneficial,0,10,10,keep_incumbent,0,7,2,direct_alt,1,1,1,1,0,1,1,0,0,0,0,0,nan,-5.492225738712442e-05,0.8869437575340271,0.10841724276542664,-0.9373921155929565,0.2509133219718933,-5.156015396118164,0.3780611455440521,0,4,11,1,0.5,0.9375,0.5625,1.0,nan,nan,nan,nan,nan,nan,1.0,1.0,0.0,0.0,0.10841671377420425,0.1393853724002838
B,bfb0ab2d9a465e00,0,1,0,8.0,21,21,0,22.092168413102627,22.092168413102627,0.0,unchanged,24,21,21,keep_incumbent,24,21,21,keep_incumbent,1,1,1,1,0,0,0,1,0,0,0,0,nan,nan,0.6918001174926758,0.7660825252532959,-1.6592501401901245,-1.3042967319488525,-5.991422176361084,-5.4313859939575195,0,0,9,9,0.5161290322580645,0.7741935483870968,0.6129032258064516,0.8709677419354839,nan,nan,nan,nan,nan,nan,1.0,1.0,0.0,0.0,0.06559688597917557,0.07765784859657288
B,bfc3f336b67a5a08,0,1,0,8.0,18,18,0,21389.840897291113,21389.840897291113,0.0,unchanged,18,0,18,inadmissible_anchor_relative,18,0,18,inadmissible_anchor_relative,0,0,0,0,0,0,0,0,0,0,0,0,nan,nan,nan,nan,nan,nan,nan,nan,0,0,0,0,0.5,0.5833333333333334,0.9166666666666666,1.0,nan,nan,nan,nan,nan,nan,1.0,1.0,0.0,0.0,0.045342814177274704,0.06293894350528717
B,bfea883f27ce5987,0,1,0,8.0,6,6,0,134.47489801049232,134.47489801049232,0.0,unchanged,6,3,6,inadmissible_anchor_relative,6,3,6,inadmissible_anchor_relative,0,0,0,0,0,0,0,0,0,0,0,0,nan,nan,nan,nan,nan,nan,nan,nan,0,0,0,0,0.6875,0.875,0.8125,1.0,nan,nan,nan,nan,nan,nan,1.0,1.0,0.0,0.0,0.6211597323417664,0.761988639831543
B,c0cd6d40ac575ad3,0,1,0,8.0,10,10,0,0.0,0.0,0.0,unchanged,10,0,10,adm_inc_to_anchor,10,0,10,adm_inc_to_anchor,1,1,0,0,0,0,0,0,0,0,0,0,nan,nan,nan,nan,nan,nan,nan,nan,0,0,0,0,0.5,0.6666666666666666,0.8333333333333334,1.0,nan,nan,nan,nan,nan,nan,1.0,1.0,1.0,1.0,0.04543302208185196,0.05500676855444908
B,c254d32e85085071,0,1,0,8.0,15,16,1,5.478782428428531,4.8295718205445155,0.6492106078840152,B24_beneficial,0,16,15,direct_alt,0,16,16,keep_incumbent,1,1,1,1,1,1,0,0,0,0,0,0,-3.2460530393407794e-05,nan,4.586092472076416,5.782068729400635,-0.4801395535469055,-0.29052165150642395,0.009760742075741291,-4.0430474281311035,0,0,1,1,0.48,0.76,0.68,0.96,nan,nan,nan,nan,nan,nan,1.0,1.0,0.0,0.0,0.24508316814899445,0.30066120624542236
B,c2ace73aad0953bd,0,1,0,8.0,15,15,0,8875.614922508597,8875.614922508597,0.0,unchanged,9,16,15,direct_alt,9,16,15,direct_alt,1,1,1,1,1,1,0,0,0,0,0,0,0.9289960230191354,0.9289960230191354,1.711114525794983,2.561164140701294,0.6343353390693665,1.4862052202224731,0.4188040494918823,1.4253958463668823,3,6,15,16,0.5,0.8333333333333334,0.625,0.9583333333333334,nan,nan,nan,nan,nan,nan,1.0,1.0,0.0,0.0,0.07364117354154587,0.09074699878692627
B,c2f5e3ac49595722,0,0,6,0.0,21,21,0,22.570190519094467,22.570190519094467,0.0,unchanged,9,18,21,direct_alt,9,18,21,direct_alt,1,1,1,1,1,1,1,1,1,1,0,0,-0.000965682355128229,-0.000965682355128229,0.5641058683395386,0.5641058683395386,-5.25059175491333,-5.25059175491333,0.4786573350429535,0.4786573350429535,3,3,9,9,1.0,1.0,1.0,1.0,nan,nan,nan,nan,nan,nan,1.0,1.0,0.0,0.0,0.11627334356307983,0.11627334356307983
B,c2fca67ffa3b5566,0,1,0,8.0,18,7,1,51111.649109884165,106.34865327272564,51005.30045661144,B24_beneficial,18,3,18,inadmissible_anchor_relative,18,3,7,inadmissible_anchor_relative,0,0,0,0,0,0,0,0,0,0,0,0,nan,nan,nan,0.16361252963542938,nan,-12.048437118530273,nan,-13.046211242675781,0,0,0,0,0.5263157894736842,0.8421052631578947,0.631578947368421,0.9473684210526315,nan,nan,nan,nan,nan,nan,1.0,1.0,0.0,0.0,0.44112342596054077,0.5565450191497803
B,c312ce1d1e6c55f8,0,1,0,8.0,9,16,1,0.0,24635.931522630155,-24635.931522630155,B24_harmful,9,16,9,inadmissible_anchor_relative,17,16,16,keep_incumbent,0,1,0,1,0,0,0,0,0,0,0,0,nan,nan,nan,0.1929960399866104,nan,-2.2664833068847656,nan,-7.1886067390441895,0,0,0,1,0.7333333333333333,0.9333333333333333,0.8,1.0,nan,nan,nan,nan,nan,nan,0.0,1.0,0.0,0.0,0.02370297722518444,0.040087126195430756
B,c4116fe4b862589f,0,0,6,0.0,23,23,0,4.541369355370989,4.541369355370989,0.0,unchanged,0,23,23,keep_incumbent,0,23,23,keep_incumbent,1,1,1,1,0,0,0,0,0,0,0,0,nan,nan,0.13734745979309082,0.13734745979309082,-3.419888496398926,-3.419888496398926,-6.9571452140808105,-6.9571452140808105,0,0,1,1,0.6666666666666666,0.6666666666666666,1.0,1.0,nan,nan,nan,nan,nan,nan,1.0,1.0,0.0,0.0,0.04072997346520424,0.04072997346520424
B,c4bf6a4f8d1b5482,0,1,0,4.0,9,9,0,12130.661297009035,12130.661297009035,0.0,unchanged,9,7,9,inadmissible_anchor_relative,9,7,9,inadmissible_anchor_relative,0,0,0,0,0,0,0,0,0,0,0,0,nan,nan,nan,nan,nan,nan,nan,nan,0,0,0,0,0.47058823529411764,0.5882352941176471,0.8823529411764706,1.0,nan,nan,nan,nan,nan,nan,1.0,1.0,1.0,1.0,0.02022985927760601,0.022803517058491707
B,c4f587f0ccda5173,0,1,0,8.0,5,4,1,0.0,19810.194266345818,-19810.194266345818,B24_harmful,4,5,5,keep_incumbent,4,5,4,inadmissible_anchor_relative,1,0,0,0,0,0,0,0,0,0,0,0,nan,nan,0.8155652284622192,nan,-1.257556676864624,nan,-4.399869441986084,nan,0,0,0,0,0.47619047619047616,0.7142857142857143,0.7142857142857143,0.9523809523809523,nan,nan,nan,nan,nan,nan,1.0,1.0,0.0,0.0,0.13450732827186584,0.6409584879875183
B,c5c3d4623ba35274,0,1,0,8.0,2,2,0,1.1880170702934265,1.1880170702934265,0.0,unchanged,9,19,2,direct_alt,9,19,2,direct_alt,1,1,0,0,0,0,0,0,0,0,0,0,-5.940085351463509e-05,-5.940085351463509e-05,0.9761822819709778,1.4049066305160522,0.18322214484214783,0.41127896308898926,0.0329318642616272,0.3003346920013428,1,2,0,0,0.7,0.95,0.75,1.0,nan,nan,nan,nan,nan,nan,1.0,1.0,0.0,0.0,0.07230301946401596,0.08754532039165497
B,c7f256c6208b58bb,0,0,6,0.0,9,9,0,37183.558089502156,37183.558089502156,0.0,unchanged,9,7,9,adm_inc_to_anchor,9,7,9,adm_inc_to_anchor,1,1,0,0,0,0,0,0,0,0,0,0,nan,nan,nan,nan,nan,nan,nan,nan,0,0,0,0,0.5714285714285714,0.5714285714285714,1.0,1.0,nan,nan,nan,nan,nan,nan,1.0,1.0,1.0,1.0,0.02092423290014267,0.02092423290014267
B,c809da0f94725704,0,1,0,8.0,18,18,0,104250.66261837352,104250.66261837352,0.0,unchanged,18,6,18,inadmissible_anchor_relative,18,6,18,inadmissible_anchor_relative,0,0,0,0,0,0,0,0,0,0,0,0,nan,nan,nan,nan,nan,nan,nan,nan,0,0,0,0,0.4411764705882353,0.6176470588235294,0.7058823529411765,0.8823529411764706,nan,nan,nan,nan,nan,nan,1.0,1.0,0.0,0.0,0.7951638698577881,0.9875315427780151
B,c917f7bc23a852d8,0,1,0,8.0,9,9,0,4.124872736998668,4.124872736998668,0.0,unchanged,9,0,9,adm_inc_to_anchor,9,0,9,adm_inc_to_anchor,1,1,1,1,0,0,0,0,0,0,0,0,nan,nan,nan,nan,nan,nan,nan,nan,0,0,3,3,0.75,1.0,0.75,1.0,nan,nan,nan,nan,nan,nan,1.0,1.0,1.0,1.0,0.05343027040362358,0.06549897789955139
B,c9f257c848225cc3,0,1,0,8.0,8,9,1,11.77933221659623,53064.71653886768,-53052.937206651084,B24_harmful,9,8,8,keep_incumbent,9,8,9,inadmissible_anchor_relative,1,0,0,0,0,0,0,0,0,0,0,0,nan,nan,0.39429014921188354,nan,-0.9444751739501953,nan,-5.435052394866943,nan,0,0,0,0,0.5416666666666666,0.7916666666666666,0.75,1.0,nan,nan,nan,nan,nan,nan,1.0,1.0,0.0,0.0,0.10156039893627167,0.27054333686828613
B,ca269f909eb4508c,0,1,0,8.0,17,17,0,0.0,0.0,0.0,unchanged,17,0,17,adm_inc_to_anchor,17,0,17,adm_inc_to_anchor,1,1,0,0,0,0,0,0,0,0,0,0,nan,nan,nan,nan,nan,nan,nan,nan,0,0,0,0,0.4,0.8,0.6,1.0,nan,nan,nan,nan,nan,nan,1.0,1.0,1.0,1.0,0.05372463911771774,0.06557940691709518
B,ca3b3b40e2b65257,0,1,0,8.0,4,4,0,50.70232458860846,50.70232458860846,0.0,unchanged,0,4,4,keep_incumbent,0,4,4,keep_incumbent,1,1,1,1,1,1,1,1,1,1,0,0,nan,nan,3.3944783210754395,3.219650983810425,-0.3670094609260559,-0.44442281126976013,-5.320047378540039,-5.094442844390869,1,1,1,1,0.2857142857142857,0.5142857142857142,0.6285714285714286,0.8571428571428571,nan,nan,nan,nan,nan,nan,1.0,1.0,0.0,0.0,0.32549479603767395,0.39480823278427124
B,caa411788890571b,0,1,0,8.0,2,2,0,0.0,0.0,0.0,unchanged,15,2,2,keep_incumbent,15,2,2,keep_incumbent,1,1,0,0,0,0,0,0,0,0,0,0,nan,nan,2.385180711746216,2.1068344116210938,-0.6202602982521057,-0.8578183650970459,-5.241147518157959,-5.679625034332275,0,12,0,0,0.46153846153846156,0.6923076923076923,0.7307692307692307,0.9615384615384616,nan,nan,nan,nan,nan,nan,1.0,1.0,0.0,0.0,0.436480849981308,0.5425118803977966
B,caffed490b8f5175,0,1,0,8.0,22,22,0,7235.327965385746,7235.327965385746,0.0,unchanged,22,7,22,inadmissible_anchor_relative,22,7,22,inadmissible_anchor_relative,0,0,0,0,0,0,0,0,0,0,0,0,nan,nan,nan,nan,nan,nan,nan,nan,0,0,0,0,0.5909090909090909,0.9545454545454546,0.6363636363636364,1.0,nan,nan,nan,nan,nan,nan,1.0,1.0,0.0,0.0,0.081413134932518,0.10167787969112396
B,cb4023088d9657f1,0,1,0,8.0,18,18,0,0.0,0.0,0.0,unchanged,18,12,18,adm_inc_to_anchor,18,12,18,adm_inc_to_anchor,1,1,0,0,0,0,0,0,0,0,0,0,nan,nan,nan,nan,nan,nan,nan,nan,0,0,0,0,0.5,0.5,1.0,1.0,nan,nan,nan,nan,nan,nan,1.0,1.0,1.0,1.0,0.03511614352464676,0.04360690712928772
B,cbde05d7045f5fd1,0,1,0,8.0,1,1,0,0.0,0.0,0.0,unchanged,1,19,1,inadmissible_anchor_relative,1,4,1,inadmissible_anchor_relative,0,0,0,0,0,0,0,0,0,0,0,0,nan,nan,nan,nan,nan,nan,nan,nan,0,0,0,0,0.4411764705882353,0.6764705882352942,0.6470588235294118,0.8823529411764706,nan,nan,nan,nan,nan,nan,1.0,1.0,0.0,0.0,0.2061256617307663,0.2527855336666107
B,cc890b989a43598d,0,1,0,8.0,12,12,0,343.3443383052945,343.3443383052945,0.0,unchanged,12,19,12,adm_inc_to_anchor,12,6,12,adm_inc_to_anchor,1,1,1,1,0,0,1,1,0,0,0,0,nan,nan,nan,nan,nan,nan,nan,nan,0,0,8,10,0.6666666666666666,0.6666666666666666,1.0,1.0,nan,nan,nan,nan,nan,nan,1.0,1.0,1.0,1.0,0.018203048035502434,0.022790629416704178
B,cd5c99193a5f58c3,0,1,0,8.0,9,9,0,0.0,0.0,0.0,unchanged,9,0,9,adm_inc_to_anchor,9,0,9,adm_inc_to_anchor,1,1,0,0,0,0,0,0,0,0,0,0,nan,nan,nan,nan,nan,nan,nan,nan,0,0,0,0,0.2222222222222222,0.6666666666666666,0.5555555555555556,1.0,nan,nan,nan,nan,nan,nan,1.0,1.0,1.0,1.0,0.04616452753543854,0.0573480986058712
B,cd813e8bf5565453,0,1,0,8.0,0,0,0,-66294.20679442072,-66294.20679442072,0.0,unchanged,0,3,0,inadmissible_anchor_relative,0,3,0,inadmissible_anchor_relative,0,0,0,0,0,0,0,0,0,0,0,0,nan,nan,nan,nan,nan,nan,nan,nan,0,0,0,0,0.4375,0.625,0.75,0.9375,nan,nan,nan,nan,nan,nan,1.0,1.0,0.0,0.0,0.7091242671012878,0.8772444725036621
B,cd8ebc34b0e353b7,0,1,0,8.0,16,16,0,24645.024836534518,24645.024836534518,0.0,unchanged,16,11,16,adm_inc_to_anchor,16,0,16,inadmissible_anchor_relative,1,0,0,0,0,0,0,0,0,0,0,0,nan,nan,nan,nan,nan,nan,nan,nan,0,0,0,0,0.6666666666666666,0.9047619047619048,0.7619047619047619,1.0,nan,nan,nan,nan,nan,nan,1.0,1.0,0.0,0.0,0.05210481956601143,0.21117497980594635
B,cd97d9186cb55b0d,0,1,0,8.0,9,9,0,0.0,0.0,0.0,unchanged,9,0,9,inadmissible_anchor_relative,9,0,9,adm_inc_to_anchor,0,1,0,0,0,0,0,0,0,0,0,0,nan,nan,nan,nan,nan,nan,nan,nan,0,0,0,0,0.5,0.8333333333333334,0.6666666666666666,1.0,nan,nan,nan,nan,nan,nan,1.0,1.0,1.0,1.0,0.020214930176734924,0.025058556348085403
B,ce8e56c851b858d0,0,1,0,8.0,9,9,0,19779.081814971833,19779.081814971833,0.0,unchanged,9,0,9,adm_inc_to_anchor,9,0,9,adm_inc_to_anchor,1,1,1,1,0,0,0,0,0,0,0,0,nan,nan,nan,nan,nan,nan,nan,nan,0,0,4,4,0.42857142857142855,0.7142857142857143,0.7142857142857143,1.0,nan,nan,nan,nan,nan,nan,1.0,1.0,1.0,1.0,0.043485112488269806,0.05330353230237961
B,cefb3a81b1c155a6,1,0,1,0.0,6,6,0,8485.186147997156,8485.186147997156,0.0,unchanged,19,6,6,structural,19,6,6,structural,0,0,0,0,0,0,0,0,0,0,0,0,nan,nan,0.0,0.0,0.0,0.0,0.0,0.0,0,0,0,0,0.8333333333333334,0.8333333333333334,1.0,1.0,nan,nan,nan,nan,nan,nan,1.0,1.0,0.0,0.0,0.03595452010631561,0.03595452010631561
B,cf1bd3c6a2f45294,0,1,0,8.0,6,6,0,80.73228774994459,80.73228774994459,0.0,unchanged,6,3,6,inadmissible_anchor_relative,6,3,6,inadmissible_anchor_relative,0,0,0,0,0,0,0,0,0,0,0,0,nan,nan,nan,nan,nan,nan,nan,nan,0,0,0,0,0.7333333333333333,0.8666666666666667,0.8666666666666667,1.0,nan,nan,nan,nan,nan,nan,1.0,1.0,0.0,0.0,0.5640851855278015,0.7006209492683411
B,cf2648390f4f5337,0,0,6,0.0,5,5,0,29130.03232977353,29130.03232977353,0.0,unchanged,5,1,5,adm_inc_to_anchor,5,1,5,adm_inc_to_anchor,1,1,0,0,0,0,0,0,0,0,0,0,nan,nan,nan,nan,nan,nan,nan,nan,0,0,0,0,0.6666666666666666,0.6666666666666666,1.0,1.0,nan,nan,nan,nan,nan,nan,1.0,1.0,1.0,1.0,0.1291646510362625,0.1291646510362625
B,cf9286e12f245e5d,0,1,0,8.0,6,2,1,30553.782243808004,25625.43148657374,4928.350757234264,B24_beneficial,6,2,6,inadmissible_anchor_relative,2,2,2,keep_incumbent,0,0,0,0,0,0,0,0,0,0,0,0,nan,nan,nan,nan,nan,nan,nan,nan,0,0,0,0,0.4782608695652174,0.6521739130434783,0.782608695652174,0.9565217391304348,nan,nan,nan,nan,nan,nan,0.0,1.0,0.0,0.0,0.44802117347717285,0.5493841171264648
B,d020a964230a5c88,0,1,0,8.0,20,20,0,0.7492687860503793,0.7492687860503793,0.0,unchanged,10,23,20,direct_alt,10,23,20,direct_alt,1,1,1,1,1,1,1,1,1,1,1,1,0.0007116215589921815,0.0007116215589921815,1.042780876159668,1.296015739440918,1.6958409547805786,2.032919406890869,1.5814430713653564,1.8717458248138428,12,14,15,15,0.5714285714285714,0.8571428571428571,0.7142857142857143,1.0,nan,nan,nan,nan,nan,nan,1.0,1.0,0.0,0.0,0.11294689029455185,0.14060388505458832
B,d0606f16ce585181,0,1,0,8.0,4,4,0,60.82912472554017,60.82912472554017,0.0,unchanged,4,31,4,adm_inc_to_anchor,4,31,4,adm_inc_to_anchor,1,1,1,1,0,0,0,0,0,0,0,0,nan,nan,nan,nan,nan,nan,nan,nan,0,0,1,1,0.25,0.75,0.5,1.0,nan,nan,nan,nan,nan,nan,1.0,1.0,1.0,1.0,0.02306118793785572,0.027799339964985847
B,d0a4e690357f5c70,0,1,0,8.0,17,17,0,0.0,0.0,0.0,unchanged,17,11,17,adm_inc_to_anchor,17,11,17,adm_inc_to_anchor,1,1,0,0,0,0,0,0,0,0,0,0,nan,nan,nan,nan,nan,nan,nan,nan,0,0,0,0,0.375,0.75,0.625,1.0,nan,nan,nan,nan,nan,nan,1.0,1.0,1.0,1.0,0.050950564444065094,0.06341274827718735
B,d2d63c4a96e35dc3,0,0,6,0.0,0,0,0,0.0,0.0,0.0,unchanged,0,3,0,inadmissible_anchor_relative,0,3,0,inadmissible_anchor_relative,0,0,0,0,0,0,0,0,0,0,0,0,nan,nan,nan,nan,nan,nan,nan,nan,0,0,0,0,0.75,0.75,1.0,1.0,nan,nan,nan,nan,nan,nan,1.0,1.0,0.0,0.0,0.334585964679718,0.334585964679718
B,d338ca1384e45ce2,0,1,0,8.0,18,18,0,0.0,0.0,0.0,unchanged,3,18,18,keep_incumbent,3,18,18,keep_incumbent,1,1,0,0,0,0,0,0,0,0,0,0,nan,nan,0.34718045592308044,0.8366863131523132,-0.9840490818023682,-0.3874576687812805,-4.772871017456055,-4.6616530418396,0,0,0,0,0.4230769230769231,0.6153846153846154,0.8076923076923077,1.0,nan,nan,nan,nan,nan,nan,1.0,1.0,0.0,0.0,0.12011034786701202,0.1498364359140396
B,d4423eb756b15933,0,1,0,6.0,17,17,0,0.2926870808005333,0.2926870808005333,0.0,unchanged,25,20,17,direct_alt,25,20,17,direct_alt,1,1,0,0,0,0,0,0,0,0,0,0,-1.4634354039699815e-05,-1.4634354039699815e-05,2.7202022075653076,2.639441967010498,0.9094588756561279,0.8607034087181091,0.6558846831321716,0.07733076810836792,5,9,0,0,0.6153846153846154,0.7692307692307693,0.8461538461538461,1.0,nan,nan,nan,nan,nan,nan,1.0,1.0,0.0,0.0,0.3404727876186371,0.40360140800476074
B,d49fb80501135f4f,0,1,0,8.0,5,5,0,53022.94613792667,53022.94613792667,0.0,unchanged,5,0,5,inadmissible_anchor_relative,5,0,5,inadmissible_anchor_relative,0,0,0,0,0,0,0,0,0,0,0,0,nan,nan,nan,nan,nan,nan,nan,nan,0,0,0,0,0.48148148148148145,0.7777777777777778,0.6296296296296297,0.9259259259259259,nan,nan,nan,nan,nan,nan,1.0,1.0,0.0,0.0,0.11036458611488342,0.13539975881576538
B,d525e9ee14455300,0,0,6,0.0,6,6,0,24646.458888188004,24646.458888188004,0.0,unchanged,6,4,6,adm_inc_to_anchor,6,4,6,adm_inc_to_anchor,1,1,1,1,0,0,0,0,0,0,0,0,nan,nan,nan,nan,nan,nan,nan,nan,0,0,6,6,0.625,0.625,1.0,1.0,nan,nan,nan,nan,nan,nan,1.0,1.0,1.0,1.0,0.030404219403862953,0.030404219403862953
B,d5ae31e1505d56d2,0,1,0,8.0,5,5,0,45951.05855270475,45951.05855270475,0.0,unchanged,5,13,5,adm_inc_to_anchor,5,13,5,inadmissible_anchor_relative,1,0,0,0,0,0,0,0,0,0,0,0,nan,nan,nan,nan,nan,nan,nan,nan,0,0,0,0,0.5,0.7333333333333333,0.6333333333333333,0.8666666666666667,nan,nan,nan,nan,nan,nan,1.0,1.0,0.0,0.0,0.08308864384889603,0.14075440168380737
B,d6798f7ae8bd56c8,0,1,0,8.0,0,0,0,0.0,0.0,0.0,unchanged,0,3,0,inadmissible_anchor_relative,0,3,0,inadmissible_anchor_relative,0,0,0,0,0,0,0,0,0,0,0,0,nan,nan,nan,nan,nan,nan,nan,nan,0,0,0,0,0.6190476190476191,0.6666666666666666,0.9523809523809523,1.0,nan,nan,nan,nan,nan,nan,1.0,1.0,0.0,0.0,0.7391831278800964,0.9152432680130005
B,d69b8250b6c75d49,0,1,0,8.0,22,19,1,15.089796710759401,0.0,15.089796710759401,B24_beneficial,26,22,22,keep_incumbent,26,22,19,direct_alt,1,1,1,1,0,1,1,1,0,1,0,1,nan,0.0007544898355379701,0.8403077721595764,0.041128091514110565,-1.9358826875686646,1.1195526123046875,-6.308523654937744,1.3884400129318237,0,4,10,10,0.5833333333333334,0.875,0.7083333333333334,1.0,nan,nan,nan,nan,nan,nan,1.0,1.0,0.0,0.0,0.05508842319250107,0.06992040574550629
B,d6b070e8d82459ba,0,1,0,8.0,25,25,0,9635.172211087309,9635.172211087309,0.0,unchanged,25,18,25,inadmissible_anchor_relative,25,18,25,inadmissible_anchor_relative,0,0,0,0,0,0,0,0,0,0,0,0,nan,nan,nan,nan,nan,nan,nan,nan,0,0,0,0,0.6923076923076923,0.9230769230769231,0.7692307692307693,1.0,nan,nan,nan,nan,nan,nan,1.0,1.0,0.0,0.0,0.11509368568658829,0.13722369074821472
B,d6cd72448e765c49,0,1,0,8.0,21,21,0,0.0,0.0,0.0,unchanged,10,23,21,direct_alt,10,7,21,direct_alt,1,1,1,1,1,1,1,0,1,0,1,1,0.00010124414553858152,0.00012534957854071216,0.649604082107544,1.121280550956726,0.018483443185687065,-0.06730376183986664,0.035090409219264984,0.34529581665992737,1,0,6,7,0.5625,0.8125,0.625,0.875,nan,nan,nan,nan,nan,nan,1.0,1.0,0.0,0.0,0.10409257560968399,0.12837949395179749
B,d727317b16995e06,0,0,6,0.0,9,9,0,0.0,0.0,0.0,unchanged,9,0,9,adm_inc_to_anchor,9,0,9,adm_inc_to_anchor,1,1,0,0,0,0,0,0,0,0,0,0,nan,nan,nan,nan,nan,nan,nan,nan,0,0,0,0,0.75,0.75,1.0,1.0,nan,nan,nan,nan,nan,nan,1.0,1.0,1.0,1.0,0.04394567757844925,0.04394567757844925
B,d77573e456c358db,0,1,0,8.0,1,1,0,24662.9994857728,24662.9994857728,0.0,unchanged,1,6,1,adm_inc_to_anchor,1,6,1,inadmissible_anchor_relative,1,0,1,0,0,0,0,0,0,0,0,0,nan,nan,nan,nan,nan,nan,nan,nan,0,0,1,0,0.6428571428571429,0.7857142857142857,0.8571428571428571,1.0,nan,nan,nan,nan,nan,nan,1.0,1.0,0.0,0.0,0.08278615772724152,0.1845000833272934
B,d8780d90e82454b8,0,1,0,8.0,6,6,0,22410.532125875354,22410.532125875354,0.0,unchanged,19,6,6,keep_incumbent,19,6,6,keep_incumbent,1,1,1,1,1,1,0,1,0,1,0,0,nan,nan,2.9771175384521484,2.7024972438812256,-0.5336341857910156,-1.046925663948059,-5.386551380157471,-6.388673782348633,0,5,9,9,0.4583333333333333,0.6666666666666666,0.7916666666666666,1.0,nan,nan,nan,nan,nan,nan,1.0,1.0,0.0,0.0,0.6433050632476807,0.8100929856300354
B,d9536355908450bd,0,1,0,8.0,1,1,0,19565.5691966936,19565.5691966936,0.0,unchanged,16,1,1,keep_incumbent,16,1,1,keep_incumbent,1,1,1,1,1,1,0,0,0,0,0,0,nan,nan,3.1396970748901367,2.8107008934020996,-0.5327247977256775,-0.677558183670044,-5.1255292892456055,-5.7983574867248535,0,12,2,2,0.5833333333333334,0.8333333333333334,0.75,1.0,nan,nan,nan,nan,nan,nan,1.0,1.0,0.0,0.0,0.5351789593696594,0.6644293069839478
B,d98c22ed240057e4,0,1,0,8.0,6,6,0,13.547305308282375,13.547305308282375,0.0,unchanged,6,6,6,keep_incumbent,6,5,6,adm_inc_to_anchor,0,1,0,1,0,0,0,0,0,0,0,0,nan,nan,nan,nan,nan,nan,nan,nan,0,0,0,1,0.4666666666666667,0.7333333333333333,0.6333333333333333,0.9,nan,nan,nan,nan,nan,nan,1.0,1.0,1.0,1.0,0.10578829795122147,0.03842070326209068
B,daaebcf3a65e5e62,1,1,1,0.0,5,5,0,42.741175912320614,42.741175912320614,0.0,unchanged,9,20,20,structural,9,20,20,structural,0,0,0,0,0,0,0,0,0,0,0,0,nan,nan,0.0,0.0,0.0,0.0,0.0,0.0,0,0,0,0,0.5925925925925926,0.5925925925925926,0.5925925925925926,0.5925925925925926,nan,nan,nan,nan,nan,nan,1.0,1.0,0.0,0.0,0.0671483650803566,0.0671483650803566
B,db4f22d865005112,0,1,0,2.0,16,16,0,0.0,0.0,0.0,unchanged,16,16,16,keep_incumbent,16,16,16,keep_incumbent,0,0,0,0,0,0,0,0,0,0,0,0,nan,nan,nan,nan,nan,nan,nan,nan,0,0,0,0,0.4166666666666667,0.5,0.9166666666666666,1.0,nan,nan,nan,nan,nan,nan,1.0,1.0,0.0,0.0,0.5300798416137695,0.5652940273284912
B,dbec241d08e358d6,0,1,0,8.0,1,4,1,19803.850626410218,38.63175154593773,19765.21887486428,B24_beneficial,17,5,1,direct_alt,17,5,4,direct_alt,1,1,1,1,1,1,0,1,0,1,0,0,-0.9895433183111251,-0.0012823745679111376,1.7803133726119995,0.3846828043460846,-0.0558757521212101,1.3184521198272705,0.16740262508392334,0.2852195203304291,0,9,1,1,0.5,0.75,0.75,1.0,nan,nan,nan,nan,nan,nan,1.0,1.0,0.0,0.0,0.48638084530830383,0.6013520956039429
B,dc0908f70c3b5c11,1,1,1,0.0,6,6,0,0.0,0.0,0.0,unchanged,9,2,2,structural,9,2,2,structural,0,0,0,0,0,0,0,0,0,0,0,0,nan,nan,0.0,0.0,0.0,0.0,0.0,0.0,0,0,0,0,0.5161290322580645,0.5161290322580645,0.6774193548387096,0.6774193548387096,nan,nan,nan,nan,nan,nan,1.0,1.0,0.0,0.0,0.11302328109741211,0.11302328109741211
B,dce0767c2a625b53,0,0,6,0.0,11,11,0,0.20663528610020876,0.20663528610020876,0.0,unchanged,28,22,11,direct_alt,28,22,11,direct_alt,1,1,1,1,1,1,1,1,1,1,1,1,0.0002452892837114806,0.0002452892837114806,0.7841763496398926,0.7841763496398926,0.39185214042663574,0.39185214042663574,0.5114297866821289,0.5114297866821289,6,6,15,15,0.8571428571428571,0.8571428571428571,1.0,1.0,nan,nan,nan,nan,nan,nan,1.0,1.0,0.0,0.0,0.14422209560871124,0.14422209560871124
B,dd022ca05b675b2a,0,1,0,8.0,14,14,0,62.268537886440754,62.268537886440754,0.0,unchanged,14,14,14,keep_incumbent,14,14,14,keep_incumbent,0,0,0,0,0,0,0,0,0,0,0,0,nan,nan,nan,nan,nan,nan,nan,nan,0,0,0,0,0.5384615384615384,0.8461538461538461,0.6538461538461539,0.9615384615384616,nan,nan,nan,nan,nan,nan,1.0,1.0,0.0,0.0,0.09003119170665741,0.18419472873210907
B,dd1df63bf75e58e7,0,1,0,8.0,4,4,0,203.7995186378248,203.7995186378248,0.0,unchanged,4,2,4,inadmissible_anchor_relative,4,2,4,inadmissible_anchor_relative,0,0,0,0,0,0,0,0,0,0,0,0,nan,nan,nan,nan,nan,nan,nan,nan,0,0,0,0,0.38461538461538464,0.6153846153846154,0.7692307692307693,1.0,nan,nan,nan,nan,nan,nan,1.0,1.0,0.0,0.0,0.24081465601921082,0.29903319478034973
B,dd9d2ae2fa6d55ca,0,1,0,8.0,6,6,0,17.471665989607573,17.471665989607573,0.0,unchanged,6,11,6,inadmissible_anchor_relative,6,11,6,inadmissible_anchor_relative,0,0,0,0,0,0,0,0,0,0,0,0,nan,nan,nan,nan,nan,nan,nan,nan,0,0,0,0,0.5714285714285714,0.7619047619047619,0.7619047619047619,0.9523809523809523,nan,nan,nan,nan,nan,nan,1.0,1.0,0.0,0.0,0.6484364867210388,0.7954145073890686
B,dddaa35074ed5f0f,0,1,0,8.0,0,0,0,26.771221055998467,26.771221055998467,0.0,unchanged,0,7,0,inadmissible_anchor_relative,0,7,0,inadmissible_anchor_relative,0,0,0,0,0,0,0,0,0,0,0,0,nan,nan,nan,nan,nan,nan,nan,nan,0,0,0,0,0.5333333333333333,0.8,0.7333333333333333,1.0,nan,nan,nan,nan,nan,nan,1.0,1.0,0.0,0.0,0.5385310649871826,0.6659790277481079
B,de572c01bae559d2,0,0,6,0.0,9,9,0,0.0,0.0,0.0,unchanged,9,14,9,inadmissible_anchor_relative,9,14,9,inadmissible_anchor_relative,0,0,0,0,0,0,0,0,0,0,0,0,nan,nan,nan,nan,nan,nan,nan,nan,0,0,0,0,0.7142857142857143,0.7142857142857143,1.0,1.0,nan,nan,nan,nan,nan,nan,1.0,1.0,0.0,0.0,0.2446047067642212,0.2446047067642212
B,de57944eecbb575a,0,1,0,8.0,6,6,0,50552.239610794466,50552.239610794466,0.0,unchanged,6,2,6,inadmissible_anchor_relative,6,2,6,inadmissible_anchor_relative,0,0,0,0,0,0,0,0,0,0,0,0,nan,nan,nan,nan,nan,nan,nan,nan,0,0,0,0,0.5161290322580645,0.7419354838709677,0.7096774193548387,0.9354838709677419,nan,nan,nan,nan,nan,nan,1.0,1.0,0.0,0.0,0.4994279146194458,0.6202623248100281
B,de63382ee55a5a7a,0,1,0,6.0,20,20,0,0.0,0.0,0.0,unchanged,20,18,20,adm_inc_to_anchor,20,18,20,inadmissible_anchor_relative,1,0,0,0,0,0,0,0,0,0,0,0,nan,nan,nan,nan,nan,nan,nan,nan,0,0,0,0,0.4666666666666667,0.6,0.8666666666666667,1.0,nan,nan,nan,nan,nan,nan,1.0,1.0,0.0,0.0,0.020358692854642868,0.0663071796298027
B,de8c1cf1950c51d9,0,1,0,8.0,6,6,0,70337.92902328819,70337.92902328819,0.0,unchanged,6,0,6,inadmissible_anchor_relative,6,0,6,inadmissible_anchor_relative,0,0,0,0,0,0,0,0,0,0,0,0,nan,nan,nan,nan,nan,nan,nan,nan,0,0,0,0,0.5384615384615384,0.8461538461538461,0.6538461538461539,0.9615384615384616,nan,nan,nan,nan,nan,nan,1.0,1.0,0.0,0.0,0.12516622245311737,0.15355907380580902
B,deadaf1db9875108,1,1,1,0.0,16,16,0,6007.210147178732,6007.210147178732,0.0,unchanged,9,0,0,structural,9,0,0,structural,0,0,0,0,0,0,0,0,0,0,0,0,nan,nan,0.0,0.0,0.0,0.0,0.0,0.0,0,0,0,0,0.5,0.5,0.7727272727272727,0.7727272727272727,nan,nan,nan,nan,nan,nan,1.0,1.0,0.0,0.0,0.13320650160312653,0.13320650160312653
B,dedaaf382a3858be,0,1,0,8.0,10,10,0,43305.57823578734,43305.57823578734,0.0,unchanged,10,9,10,inadmissible_anchor_relative,10,9,10,inadmissible_anchor_relative,0,0,0,0,0,0,0,0,0,0,0,0,nan,nan,nan,nan,nan,nan,nan,nan,0,0,0,0,0.45454545454545453,0.7727272727272727,0.6363636363636364,0.9545454545454546,nan,nan,nan,nan,nan,nan,1.0,1.0,0.0,0.0,0.5282239317893982,0.6463971734046936
B,df31cd95ec4354e4,0,1,0,8.0,6,29,1,3.4326550364639843,0.0,3.4326550364639843,B24_beneficial,6,0,6,inadmissible_anchor_relative,29,0,29,adm_inc_to_anchor,0,1,0,0,0,0,0,0,0,0,0,0,nan,nan,nan,nan,nan,nan,nan,nan,0,0,0,0,0.46153846153846156,0.6923076923076923,0.6153846153846154,0.8461538461538461,nan,nan,nan,nan,nan,nan,0.0,1.0,0.0,1.0,0.027301987633109093,0.032742682844400406
B,df4d616e790f5765,0,1,0,8.0,26,26,0,21110.596636794508,21110.596636794508,0.0,unchanged,26,2,26,inadmissible_anchor_relative,26,2,26,inadmissible_anchor_relative,0,0,0,0,0,0,0,0,0,0,0,0,nan,nan,nan,nan,nan,nan,nan,nan,0,0,0,0,0.5555555555555556,0.6666666666666666,0.8888888888888888,1.0,nan,nan,nan,nan,nan,nan,1.0,1.0,0.0,0.0,0.10525086522102356,0.12623828649520874
B,df9efd989e8752a7,0,1,0,8.0,6,6,0,37260.08041211264,37260.08041211264,0.0,unchanged,6,0,6,adm_inc_to_anchor,6,0,6,inadmissible_anchor_relative,1,0,0,0,0,0,0,0,0,0,0,0,nan,nan,nan,nan,nan,nan,nan,nan,0,0,0,0,0.6086956521739131,0.8260869565217391,0.782608695652174,1.0,nan,nan,nan,nan,nan,nan,1.0,1.0,0.0,0.0,0.15157906711101532,0.5575180053710938
B,e072e8836d3b57ab,0,1,0,8.0,3,4,1,4821.024009830318,1.285559213720262,4819.738450616598,B24_beneficial,4,3,3,keep_incumbent,4,3,4,inadmissible_anchor_relative,1,0,1,0,0,0,0,0,0,0,0,0,nan,nan,1.2903389930725098,nan,-0.7759199142456055,nan,-4.158738613128662,nan,0,0,1,0,0.3888888888888889,0.6111111111111112,0.6666666666666666,0.8888888888888888,nan,nan,nan,nan,nan,nan,1.0,1.0,0.0,0.0,0.24824337661266327,1.0585920810699463
B,e0fecbdf38bd534b,0,1,0,8.0,7,7,0,-95075.49601330794,-95075.49601330794,0.0,unchanged,7,4,7,inadmissible_anchor_relative,7,4,7,inadmissible_anchor_relative,0,0,0,0,0,0,0,0,0,0,0,0,nan,nan,nan,nan,nan,nan,nan,nan,0,0,0,0,0.4230769230769231,0.6153846153846154,0.8076923076923077,1.0,nan,nan,nan,nan,nan,nan,1.0,1.0,0.0,0.0,0.87370365858078,1.05940580368042
B,e2627bba4d5058ac,0,1,0,8.0,8,8,0,22130.53227928184,22130.53227928184,0.0,unchanged,8,18,8,inadmissible_anchor_relative,8,18,8,inadmissible_anchor_relative,0,0,0,0,0,0,0,0,0,0,0,0,nan,nan,nan,nan,nan,nan,nan,nan,0,0,0,0,0.42857142857142855,0.6071428571428571,0.8214285714285714,1.0,nan,nan,nan,nan,nan,nan,1.0,1.0,0.0,0.0,0.14481791853904724,0.17513549327850342
B,e3052e2ee17d57b6,0,1,0,8.0,6,9,1,19759.17596325396,18562.834720756553,1196.3412424974085,B24_beneficial,9,6,6,keep_incumbent,9,6,9,inadmissible_anchor_relative,1,0,1,0,0,0,0,0,0,0,0,0,nan,nan,1.144872784614563,nan,-1.3526625633239746,nan,-5.689154148101807,nan,0,0,2,0,0.55,0.7,0.85,1.0,nan,nan,nan,nan,nan,nan,1.0,1.0,0.0,0.0,0.07594078034162521,0.21454784274101257
B,e324fc7409aa5190,0,1,0,8.0,31,26,1,18.713114254176617,9.811561720445752,8.901552533730865,B24_beneficial,31,8,31,inadmissible_anchor_relative,26,8,26,adm_inc_to_anchor,0,1,0,1,0,0,0,0,0,0,0,0,nan,nan,nan,nan,nan,nan,nan,nan,0,0,0,3,0.75,1.0,0.75,1.0,nan,nan,nan,nan,nan,nan,0.0,1.0,0.0,1.0,0.1753302365541458,0.12752501666545868
B,e3f307f8d6785611,0,1,0,8.0,28,28,0,0.12947947531938553,0.12947947531938553,0.0,unchanged,30,28,28,keep_incumbent,30,28,28,keep_incumbent,1,1,1,1,0,0,0,0,0,0,0,0,nan,nan,0.40114349126815796,0.4223969876766205,-1.4869420528411865,-1.518047571182251,-5.4516377449035645,-5.294515132904053,0,0,1,1,0.4,0.72,0.6,0.92,nan,nan,nan,nan,nan,nan,1.0,1.0,0.0,0.0,0.07197277247905731,0.08736160397529602
B,e41cbc6371355d46,0,1,0,8.0,17,17,0,19277.350689657265,19277.350689657265,0.0,unchanged,17,0,17,adm_inc_to_anchor,17,0,17,adm_inc_to_anchor,1,1,0,0,0,0,0,0,0,0,0,0,nan,nan,nan,nan,nan,nan,nan,nan,0,0,0,0,0.5384615384615384,0.8461538461538461,0.6923076923076923,1.0,nan,nan,nan,nan,nan,nan,1.0,1.0,1.0,1.0,0.038037531077861786,0.046636924147605896
B,e43a73c1ff4e55b1,0,1,0,8.0,15,6,1,2.688735020114109,22322.551316592842,-22319.86258157273,B24_harmful,19,5,15,direct_alt,19,5,6,direct_alt,1,1,0,0,0,0,0,0,0,0,0,0,-0.0001344367510061062,-1.1161275658296423,3.479154109954834,0.9580455422401428,0.16867373883724213,3.4228310585021973,0.3459450900554657,0.6643358469009399,3,15,0,0,0.6086956521739131,0.782608695652174,0.8260869565217391,1.0,nan,nan,nan,nan,nan,nan,1.0,1.0,0.0,0.0,0.6669158935546875,0.8138624429702759
B,e472b91fe49d5b10,0,1,0,8.0,23,23,0,44455.96187560896,44455.96187560896,0.0,unchanged,23,1,23,inadmissible_anchor_relative,23,6,23,inadmissible_anchor_relative,0,0,0,0,0,0,0,0,0,0,0,0,nan,nan,nan,nan,nan,nan,nan,nan,0,0,0,0,0.5357142857142857,0.7857142857142857,0.7142857142857143,0.9642857142857143,nan,nan,nan,nan,nan,nan,1.0,1.0,0.0,0.0,0.08473297953605652,0.13771507143974304
B,e52ed05f9f2e556e,0,0,6,0.0,3,3,0,19703.073292512447,19703.073292512447,0.0,unchanged,3,15,3,inadmissible_anchor_relative,3,15,3,inadmissible_anchor_relative,0,0,0,0,0,0,0,0,0,0,0,0,nan,nan,nan,nan,nan,nan,nan,nan,0,0,0,0,0.5714285714285714,0.5714285714285714,1.0,1.0,nan,nan,nan,nan,nan,nan,1.0,1.0,0.0,0.0,0.4302615821361542,0.4302615821361542
B,e5868150b1ce531a,0,0,6,0.0,11,11,0,0.24936977378092706,0.24936977378092706,0.0,unchanged,23,18,11,direct_alt,23,18,11,direct_alt,1,1,1,1,1,1,1,1,1,1,1,1,0.00014047991725396614,0.00014047991725396614,2.6320176124572754,2.6320176124572754,0.9271961450576782,0.9271961450576782,0.7602211236953735,0.7602211236953735,7,7,4,4,0.75,0.75,1.0,1.0,nan,nan,nan,nan,nan,nan,1.0,1.0,0.0,0.0,0.27965474128723145,0.27965474128723145
B,e61292e566ec5039,0,1,0,2.0,2,2,0,0.9184921402484179,0.9184921402484179,0.0,unchanged,17,2,2,keep_incumbent,17,2,2,keep_incumbent,1,1,1,1,1,1,0,0,0,0,0,0,nan,nan,2.3877315521240234,2.428375005722046,-0.08667007833719254,-0.14175458252429962,-4.747807502746582,-4.7512640953063965,0,0,2,2,0.5789473684210527,0.631578947368421,0.9473684210526315,1.0,nan,nan,nan,nan,nan,nan,1.0,1.0,0.0,0.0,0.17117929458618164,0.18254034221172333
B,e7455f2891265c6a,0,1,0,8.0,9,9,0,0.0,0.0,0.0,unchanged,9,0,9,adm_inc_to_anchor,9,0,9,adm_inc_to_anchor,1,1,0,0,0,0,0,0,0,0,0,0,nan,nan,nan,nan,nan,nan,nan,nan,0,0,0,0,0.875,1.0,0.875,1.0,nan,nan,nan,nan,nan,nan,1.0,1.0,1.0,1.0,0.033931877464056015,0.04157605022192001
B,e75d088e4a7a5ff4,0,1,0,8.0,17,17,0,0.0,0.0,0.0,unchanged,17,0,17,inadmissible_anchor_relative,17,0,17,inadmissible_anchor_relative,0,0,0,0,0,0,0,0,0,0,0,0,nan,nan,nan,nan,nan,nan,nan,nan,0,0,0,0,0.5909090909090909,0.8636363636363636,0.7272727272727273,1.0,nan,nan,nan,nan,nan,nan,1.0,1.0,0.0,0.0,0.15837889909744263,0.1942245066165924
B,e9c5bb2b994e575e,1,1,1,0.0,0,0,0,2.475752294063568,2.475752294063568,0.0,unchanged,9,0,0,structural,9,0,0,structural,0,0,0,0,0,0,0,0,0,0,0,0,nan,nan,0.0,0.0,0.0,0.0,0.0,0.0,0,0,0,0,0.5555555555555556,0.5555555555555556,0.6666666666666666,0.6666666666666666,nan,nan,nan,nan,nan,nan,1.0,1.0,0.0,0.0,0.15393050014972687,0.15393050014972687
B,e9d7bd88425c5813,0,1,0,8.0,18,17,1,0.5345640136511065,0.0,0.5345640136511065,B24_beneficial,25,21,18,direct_alt,25,4,17,direct_alt,1,1,1,1,1,1,1,1,1,1,1,1,0.00042063816940363097,0.002467114725675401,1.4838460683822632,2.5703747272491455,0.4040485918521881,0.3200247585773468,0.30513671040534973,0.11343955248594284,7,5,16,22,0.3333333333333333,0.625,0.7083333333333334,1.0,nan,nan,nan,nan,nan,nan,1.0,1.0,0.0,0.0,0.1530446857213974,0.19232895970344543
B,ea6f0dc27ae051d6,0,1,0,8.0,3,3,0,0.0,0.0,0.0,unchanged,3,3,3,keep_incumbent,3,3,3,keep_incumbent,0,0,0,0,0,0,0,0,0,0,0,0,nan,nan,nan,nan,nan,nan,nan,nan,0,0,0,0,0.5882352941176471,0.7058823529411765,0.8823529411764706,1.0,nan,nan,nan,nan,nan,nan,1.0,1.0,0.0,0.0,0.39374178647994995,0.48748868703842163
B,eb0ae4ecc672508a,0,1,0,8.0,10,10,0,0.0,0.0,0.0,unchanged,10,4,10,inadmissible_anchor_relative,10,4,10,inadmissible_anchor_relative,0,0,0,0,0,0,0,0,0,0,0,0,nan,nan,nan,nan,nan,nan,nan,nan,0,0,0,0,0.5882352941176471,0.7058823529411765,0.8823529411764706,1.0,nan,nan,nan,nan,nan,nan,1.0,1.0,0.0,0.0,0.04756023362278938,0.05896565690636635
B,ebed47bc8725594a,0,0,6,0.0,16,16,0,0.06951522827148438,0.06951522827148438,0.0,unchanged,9,21,16,direct_alt,9,21,16,direct_alt,1,1,1,1,1,1,1,1,1,1,1,1,1.1223602294921711e-05,1.1223602294921711e-05,0.9069967269897461,0.9069967269897461,0.48563531041145325,0.48563531041145325,0.18478713929653168,0.18478713929653168,8,8,4,4,0.625,0.625,1.0,1.0,nan,nan,nan,nan,nan,nan,1.0,1.0,0.0,0.0,0.11968833953142166,0.11968833953142166
B,ec2a3698fba4540a,0,1,0,8.0,23,9,1,18574.29152225703,105760.09957675771,-87185.80805450068,B24_harmful,9,23,23,keep_incumbent,9,7,9,inadmissible_anchor_relative,1,0,0,0,0,0,0,0,0,0,0,0,nan,nan,0.8969180583953857,nan,-1.058841347694397,nan,-4.641506671905518,nan,0,0,0,0,0.38095238095238093,0.5714285714285714,0.8095238095238095,1.0,nan,nan,nan,nan,nan,nan,1.0,1.0,0.0,0.0,0.13950031995773315,0.42173460125923157
B,ecd74d80a6855570,0,1,0,8.0,7,2,1,26954.948856715113,17094.882873788476,9860.065982926637,B24_beneficial,7,2,7,inadmissible_anchor_relative,2,4,2,inadmissible_anchor_relative,0,0,0,0,0,0,0,0,0,0,0,0,nan,nan,nan,nan,nan,nan,nan,nan,0,0,0,0,0.5,0.5625,0.875,0.9375,nan,nan,nan,nan,nan,nan,0.0,1.0,0.0,0.0,0.48195114731788635,0.5987241268157959
B,ed9ef5d7dba25fe9,0,1,0,8.0,17,17,0,0.0,0.0,0.0,unchanged,17,9,17,adm_inc_to_anchor,17,9,17,adm_inc_to_anchor,1,1,0,0,0,0,0,0,0,0,0,0,nan,nan,nan,nan,nan,nan,nan,nan,0,0,0,0,0.5,0.625,0.875,1.0,nan,nan,nan,nan,nan,nan,1.0,1.0,1.0,1.0,0.02921427972614765,0.03627855330705643
B,ee7b1f9cd47751db,0,1,0,8.0,18,18,0,6462.398851138772,6462.398851138772,0.0,unchanged,18,0,18,adm_inc_to_anchor,18,18,18,keep_incumbent,1,0,0,0,0,0,0,0,0,0,0,0,nan,nan,nan,nan,nan,nan,nan,nan,0,0,0,0,0.8,0.8,1.0,1.0,nan,nan,nan,nan,nan,nan,1.0,1.0,0.0,0.0,0.019407011568546295,0.027469027787446976
B,ef0a48171a535bdb,0,1,0,2.0,18,18,0,0.0,0.0,0.0,unchanged,9,11,18,direct_alt,9,11,18,direct_alt,1,1,1,1,1,1,1,1,1,1,1,1,0.9292985945401946,0.9292985945401946,1.5270841121673584,1.820251226425171,0.40303224325180054,0.5263923406600952,0.14639386534690857,0.23054982721805573,7,8,24,24,0.6363636363636364,0.6363636363636364,1.0,1.0,nan,nan,nan,nan,nan,nan,1.0,1.0,0.0,0.0,0.12749621272087097,0.1342967003583908
B,ef5c6142e7955c96,0,1,0,8.0,4,4,0,321.3690592497587,321.3690592497587,0.0,unchanged,4,12,4,inadmissible_anchor_relative,4,12,4,inadmissible_anchor_relative,0,0,0,0,0,0,0,0,0,0,0,0,nan,nan,nan,nan,nan,nan,nan,nan,0,0,0,0,0.7222222222222222,0.8888888888888888,0.8333333333333334,1.0,nan,nan,nan,nan,nan,nan,1.0,1.0,0.0,0.0,0.1251911073923111,0.15172350406646729
B,f034529c6f025751,0,1,0,8.0,17,17,0,0.0,0.0,0.0,unchanged,17,11,17,adm_inc_to_anchor,17,0,17,inadmissible_anchor_relative,1,0,0,0,0,0,0,0,0,0,0,0,nan,nan,nan,nan,nan,nan,nan,nan,0,0,0,0,0.5,0.75,0.75,1.0,nan,nan,nan,nan,nan,nan,1.0,1.0,0.0,0.0,0.04116912558674812,0.1614381968975067
B,f0ea61b37dea5e0e,0,1,0,8.0,18,18,0,0.0,0.0,0.0,unchanged,18,12,18,adm_inc_to_anchor,18,12,18,adm_inc_to_anchor,1,1,0,0,0,0,0,0,0,0,0,0,nan,nan,nan,nan,nan,nan,nan,nan,0,0,0,0,0.45454545454545453,0.6363636363636364,0.8181818181818182,1.0,nan,nan,nan,nan,nan,nan,1.0,1.0,1.0,1.0,0.030415918678045273,0.03780720755457878
B,f28c24be0b0553c4,0,1,0,8.0,9,9,0,19583.679669876583,19583.679669876583,0.0,unchanged,9,0,9,adm_inc_to_anchor,9,0,9,adm_inc_to_anchor,1,1,0,1,0,0,0,0,0,0,0,0,nan,nan,nan,nan,nan,nan,nan,nan,0,0,0,4,0.47368421052631576,0.7368421052631579,0.7368421052631579,1.0,nan,nan,nan,nan,nan,nan,1.0,1.0,1.0,1.0,0.0377846360206604,0.0469481460750103
B,f2c89eaffdab5c09,0,1,0,8.0,10,15,1,1.1738842129707336,0.0,1.1738842129707336,B24_beneficial,9,1,10,direct_alt,9,1,15,direct_alt,1,1,1,1,1,1,1,1,1,1,1,1,0.00047588844746351226,0.0005345826581120497,1.7246098518371582,2.9839982986450195,1.6168493032455444,1.7924672365188599,1.7238329648971558,2.3260412216186523,6,6,6,6,0.5882352941176471,1.0,0.5882352941176471,1.0,nan,nan,nan,nan,nan,nan,1.0,1.0,0.0,0.0,0.06013137847185135,0.0739024356007576
B,f3052463cb635bb8,0,1,0,8.0,16,16,0,0.0,0.0,0.0,unchanged,16,11,16,adm_inc_to_anchor,16,11,16,adm_inc_to_anchor,1,1,0,0,0,0,0,0,0,0,0,0,nan,nan,nan,nan,nan,nan,nan,nan,0,0,0,0,0.5357142857142857,0.8214285714285714,0.6785714285714286,0.9642857142857143,nan,nan,nan,nan,nan,nan,1.0,1.0,1.0,1.0,0.0482972078025341,0.05949452891945839
B,f5f88feb5d4d5a95,0,1,0,8.0,9,9,0,0.0,0.0,0.0,unchanged,9,10,9,adm_inc_to_anchor,9,10,9,adm_inc_to_anchor,1,1,0,0,0,0,0,0,0,0,0,0,nan,nan,nan,nan,nan,nan,nan,nan,0,0,0,0,0.5,0.8333333333333334,0.6666666666666666,1.0,nan,nan,nan,nan,nan,nan,1.0,1.0,1.0,1.0,0.01198438461869955,0.01467581931501627
B,f5f8f49cf1ea58d3,0,1,0,8.0,23,23,0,838.8924084454775,838.8924084454775,0.0,unchanged,23,0,23,inadmissible_anchor_relative,23,0,23,inadmissible_anchor_relative,0,0,0,0,0,0,0,0,0,0,0,0,nan,nan,nan,nan,nan,nan,nan,nan,0,0,0,0,0.47368421052631576,0.7894736842105263,0.6842105263157895,1.0,nan,nan,nan,nan,nan,nan,1.0,1.0,0.0,0.0,0.03322611004114151,0.04065367206931114
B,f65091ba5dbe5ece,0,1,0,4.0,16,16,0,0.0,0.0,0.0,unchanged,16,16,16,keep_incumbent,16,16,16,keep_incumbent,0,0,0,0,0,0,0,0,0,0,0,0,nan,nan,nan,nan,nan,nan,nan,nan,0,0,0,0,0.5714285714285714,0.7142857142857143,0.8571428571428571,1.0,nan,nan,nan,nan,nan,nan,1.0,1.0,0.0,0.0,0.02431669645011425,0.027056051418185234
B,f77f99b725345c65,0,1,0,8.0,13,13,0,1235.351103485329,1235.351103485329,0.0,unchanged,13,13,13,keep_incumbent,13,13,13,keep_incumbent,0,0,0,0,0,0,0,0,0,0,0,0,nan,nan,nan,nan,nan,nan,nan,nan,0,0,0,0,0.6190476190476191,0.9047619047619048,0.6666666666666666,0.9523809523809523,nan,nan,nan,nan,nan,nan,1.0,1.0,0.0,0.0,0.1665879637002945,0.18036846816539764
B,f7f53a9d5c41594b,0,1,0,8.0,9,9,0,0.0,0.0,0.0,unchanged,9,10,9,adm_inc_to_anchor,9,10,9,adm_inc_to_anchor,1,1,0,0,0,0,0,0,0,0,0,0,nan,nan,nan,nan,nan,nan,nan,nan,0,0,0,0,0.6666666666666666,1.0,0.6666666666666666,1.0,nan,nan,nan,nan,nan,nan,1.0,1.0,1.0,1.0,0.018678579479455948,0.023158637806773186
B,f7fd41d6086a5666,0,1,0,8.0,15,15,0,0.0,0.0,0.0,unchanged,15,11,15,adm_inc_to_anchor,15,11,15,adm_inc_to_anchor,1,1,0,0,0,0,0,0,0,0,0,0,nan,nan,nan,nan,nan,nan,nan,nan,0,0,0,0,0.5555555555555556,0.8148148148148148,0.6296296296296297,0.8888888888888888,nan,nan,nan,nan,nan,nan,1.0,1.0,1.0,1.0,0.05615376681089401,0.06742066144943237
B,f87477568b195538,0,0,6,0.0,7,7,0,39457.61181439832,39457.61181439832,0.0,unchanged,7,7,7,keep_incumbent,7,7,7,keep_incumbent,0,0,0,0,0,0,0,0,0,0,0,0,nan,nan,nan,nan,nan,nan,nan,nan,0,0,0,0,0.6666666666666666,0.6666666666666666,1.0,1.0,nan,nan,nan,nan,nan,nan,1.0,1.0,1.0,1.0,0.07896173745393753,0.07896173745393753
B,f91a9d5f568c5c78,0,1,0,8.0,5,5,0,16231.503037195653,16231.503037195653,0.0,unchanged,5,1,5,inadmissible_anchor_relative,5,1,5,inadmissible_anchor_relative,0,0,0,0,0,0,0,0,0,0,0,0,nan,nan,nan,nan,nan,nan,nan,nan,0,0,0,0,0.5333333333333333,0.7666666666666667,0.7,0.9333333333333333,nan,nan,nan,nan,nan,nan,1.0,1.0,0.0,0.0,0.7542127966880798,0.9026485085487366
B,f93545b8119756ca,1,1,1,0.0,10,10,0,17955.169110131712,17955.169110131712,0.0,unchanged,9,12,12,structural,9,12,12,structural,0,0,0,0,0,0,0,0,0,0,0,0,nan,nan,0.0,0.0,0.0,0.0,0.0,0.0,0,0,0,0,0.4230769230769231,0.4230769230769231,0.6923076923076923,0.6923076923076923,nan,nan,nan,nan,nan,nan,1.0,1.0,0.0,0.0,0.1395919919013977,0.1395919919013977
B,f961b53c4e8d5d7d,0,1,0,8.0,21,21,0,30854.68477061391,30854.68477061391,0.0,unchanged,21,23,21,inadmissible_anchor_relative,21,23,21,inadmissible_anchor_relative,0,0,0,0,0,0,0,0,0,0,0,0,nan,nan,nan,nan,nan,nan,nan,nan,0,0,0,0,0.7142857142857143,0.8571428571428571,0.8095238095238095,0.9523809523809523,nan,nan,nan,nan,nan,nan,1.0,1.0,0.0,0.0,0.07195781916379929,0.08599847555160522
B,f9d5acd09b2a5268,0,1,0,8.0,3,3,0,1.7191667568404227,1.7191667568404227,0.0,unchanged,18,3,3,keep_incumbent,18,3,3,keep_incumbent,1,1,1,1,1,1,0,0,0,0,0,0,nan,nan,1.1942507028579712,1.1539312601089478,-1.0781980752944946,-1.708158016204834,-5.83884334564209,-6.562603950500488,0,0,1,1,0.65,0.9,0.7,0.95,nan,nan,nan,nan,nan,nan,1.0,1.0,0.0,0.0,0.46709370613098145,0.5879479050636292
B,f9f2c1ce3cce5725,0,1,0,8.0,17,17,0,21016.376169143943,21016.376169143943,0.0,unchanged,4,17,17,keep_incumbent,4,17,17,keep_incumbent,1,1,1,1,1,1,0,0,0,0,0,0,nan,nan,1.3138651847839355,1.5741024017333984,-0.05515473335981369,-0.25700080394744873,-4.734091281890869,-4.836216449737549,0,0,20,20,0.631578947368421,0.8421052631578947,0.7894736842105263,1.0,nan,nan,nan,nan,nan,nan,1.0,1.0,0.0,0.0,0.1414264589548111,0.17137257754802704
B,fa3b677b7d9750c9,0,1,0,4.0,9,9,0,63.14370850799605,63.14370850799605,0.0,unchanged,9,19,9,inadmissible_anchor_relative,9,19,9,inadmissible_anchor_relative,0,0,0,0,0,0,0,0,0,0,0,0,nan,nan,nan,nan,nan,nan,nan,nan,0,0,0,0,0.7272727272727273,0.8181818181818182,0.9090909090909091,1.0,nan,nan,nan,nan,nan,nan,1.0,1.0,0.0,0.0,0.12570838630199432,0.13802382349967957
B,fadd5ab1efc851d8,0,1,0,8.0,6,6,0,2555.2628224268556,2555.2628224268556,0.0,unchanged,6,10,6,inadmissible_anchor_relative,6,10,6,inadmissible_anchor_relative,0,0,0,0,0,0,0,0,0,0,0,0,nan,nan,nan,nan,nan,nan,nan,nan,0,0,0,0,0.48,0.76,0.64,0.92,nan,nan,nan,nan,nan,nan,1.0,1.0,0.0,0.0,0.4225675165653229,0.5181908011436462
B,faf517e5a58e5646,0,1,0,8.0,19,19,0,-849.9548613899387,-849.9548613899387,0.0,unchanged,6,19,19,keep_incumbent,6,19,19,keep_incumbent,1,1,0,0,0,0,0,0,0,0,0,0,nan,nan,0.38467246294021606,0.5280185341835022,-2.03542160987854,-2.8955960273742676,-6.745488166809082,-7.291769027709961,0,0,0,0,0.4,0.6666666666666666,0.7333333333333333,1.0,nan,nan,nan,nan,nan,nan,1.0,1.0,0.0,0.0,0.17112793028354645,0.21240736544132233
B,fc12d6c48fc4568b,0,1,0,8.0,0,1,1,1.4676409482490271,0.6573506913846359,0.8102902568643913,B24_beneficial,9,17,0,direct_alt,9,17,1,direct_alt,1,1,1,1,1,1,1,1,1,1,1,1,2.6581353740765326e-05,6.709586658398478e-05,1.8771320581436157,3.008267402648926,0.386585533618927,1.1150038242340088,0.5667049288749695,0.8405929803848267,5,3,4,4,0.6842105263157895,0.9473684210526315,0.7368421052631579,1.0,nan,nan,nan,nan,nan,nan,1.0,1.0,0.0,0.0,0.07847699522972107,0.09499182552099228
B,fd658ca8066a5b97,0,1,0,8.0,0,0,0,118076.48606328852,118076.48606328852,0.0,unchanged,0,9,0,inadmissible_anchor_relative,0,9,0,inadmissible_anchor_relative,0,0,0,0,0,0,0,0,0,0,0,0,nan,nan,nan,nan,nan,nan,nan,nan,0,0,0,0,0.35,0.55,0.75,0.95,nan,nan,nan,nan,nan,nan,1.0,1.0,0.0,0.0,0.7898736596107483,0.9683289527893066
B,fddd2f68a76a5a93,0,0,6,0.0,3,3,0,0.0,0.0,0.0,unchanged,24,11,3,direct_alt,24,11,3,direct_alt,1,1,1,1,1,1,1,1,1,1,1,1,0.00010227597858758486,0.00010227597858758486,2.394303560256958,2.394303560256958,0.3674260675907135,0.3674260675907135,0.278952032327652,0.278952032327652,4,4,5,5,0.8333333333333334,0.8333333333333334,1.0,1.0,nan,nan,nan,nan,nan,nan,1.0,1.0,0.0,0.0,0.15694089233875275,0.15694089233875275
B,fe49bd6953985013,0,1,0,8.0,0,4,1,191001.80040258914,18501.116977274418,172500.68342531472,B24_beneficial,0,13,0,inadmissible_anchor_relative,4,13,4,inadmissible_anchor_relative,0,0,0,0,0,0,0,0,0,0,0,0,nan,nan,nan,nan,nan,nan,nan,nan,0,0,0,0,0.3548387096774194,0.5806451612903226,0.7096774193548387,0.9354838709677419,nan,nan,nan,nan,nan,nan,0.0,1.0,0.0,0.0,0.495205283164978,0.604811429977417
B,ff0ca1e13038520c,0,1,0,8.0,7,7,0,99034.26331295539,99034.26331295539,0.0,unchanged,7,5,7,inadmissible_anchor_relative,7,5,7,inadmissible_anchor_relative,0,0,0,0,0,0,0,0,0,0,0,0,nan,nan,nan,nan,nan,nan,nan,nan,0,0,0,0,0.4166666666666667,0.5,0.9166666666666666,1.0,nan,nan,nan,nan,nan,nan,1.0,1.0,0.0,0.0,0.1969122290611267,0.24506776034832
B,ffeea0caeaf45cd7,0,1,0,8.0,0,4,1,0.32347808580379933,65.96785173378885,-65.64437364798505,B24_harmful,0,4,0,adm_inc_to_anchor,0,4,4,keep_incumbent,1,1,1,1,0,0,0,0,0,0,0,0,nan,nan,nan,0.06152206286787987,nan,-3.746370792388916,nan,-6.847274303436279,0,0,2,2,0.5714285714285714,0.8571428571428571,0.5714285714285714,0.8571428571428571,nan,nan,nan,nan,nan,nan,1.0,1.0,1.0,0.0,0.02430936135351658,0.030185280367732048
