scenario_token,outer_test_fold,calibration_fold,candidate_count,positive_opportunity,rsm_selected_action,rsm_selected_score,rsm_selected_teacher_improvement,epv_raw_selected_action,quality_selected_action,risk_selected_action,joint_raw_selected_action,joint_main_selected_action,epv_raw_value,quality_value,risk_value,joint_raw_value,joint_main_value,delta_route_deviation_cost,delta_progress_deficit_cost,delta_global_comfort_cost,delta_hard_agent_risk,delta_soft_agent_risk,delta_agent_ttc_risk,delta_hard_off_route_risk,delta_soft_off_route_risk,delta_red_light_risk,risk_delta_l1,quality_delta_l1,outcome_class,quality_accept,risk_accept,joint_raw_accept,joint_main_accept,epv_accept
30e193cab0fc5a5d,0,1,9,0,-1,,,-1,-1,-1,-1,-1,,,,,,,,,,,,,,,,,no_rsmr_proposal,0,0,0,0,0
366e33370f605634,0,1,4,1,28,0.1768938681841109,1.2326923098775555,28,28,28,28,-1,0.0443555450052759,0.0476998898569074,0.0443555450052759,0.0385301772794964,-0.03446736761822,5.814137935638367,-3.507160186767578,0.0,0.0,0.0,0.0,0.0,0.0,0.0,0.0,9.321298122405945,material_positive,1,1,1,0,1
3fabf2e29e5f5fc4,0,1,18,1,22,0.1364086511968436,0.0002032831884921,22,22,-1,-1,-1,0.0616147671500899,0.0786619415056863,-0.0678340243022704,-0.0510664997414047,-0.1240640446391211,3.3306690738754696e-14,5.089912414550781,0.0004880539418081753,0.0,-0.03849369287490845,-0.3802199065685272,0.0,0.0,0.0,0.41871359944343567,5.090400468492623,nearzero_positive,1,0,0,0,1
46f5fac22c0b5cb0,0,1,5,0,5,0.0060178534605635,-0.0008687456113751,-1,-1,-1,-1,-1,-0.0182971244253789,-0.0327328577848128,-0.0182971244253789,-0.0105716530166913,-0.0835691979144077,-18.88117027282715,1.4556808471679688,0.0,0.0,0.0,0.0,0.0,0.0,0.0,0.0,20.336851119995117,mild_harm,0,0,0,0,0
518c0014d1a45ca8,0,1,13,1,12,0.2711649932888276,-0.0001304086467248,-1,-1,-1,-1,-1,-0.0001283030146716,-0.0016346915660951,-0.0001283030146716,-0.0041839743516216,-0.077181519249338,-1.9783979142429242e-14,-2.377349853515625,-2.0874867914244533e-05,0.0,0.0,0.0,0.0,0.0,0.0,0.0,2.3773707283835592,mild_harm,0,0,0,0,0
586dc46118d75100,0,1,14,1,9,0.2774287955593529,-0.0004047478932421,-1,-1,-1,-1,-1,-0.0666306620859454,-0.0725225249756469,-0.0666306620859454,-0.0809773024484353,-0.1539748473461517,-0.27922821044921875,-6.674612045288086,-0.00010484027734491974,0.0,0.0,0.0,0.0,0.0,0.0,0.0,6.95394509601465,mild_harm,0,0,0,0,0
6596827fb10b569a,0,1,23,1,1,0.0822380271686119,0.0005793339748345,1,1,1,1,-1,0.085506374841875,0.0956620741837085,0.093805634252727,0.0689576070697766,-0.0040399378279397,19.347351074218693,-7.905290603637695,-7.468004332622513e-05,0.0,0.0,-0.09150552749633789,0.0,0.0,0.0,0.09150552749633789,27.252716357899715,nearzero_positive,1,1,1,0,1
8f79455cf8a85fb9,0,1,4,0,-1,,,-1,-1,-1,-1,-1,,,,,,,,,,,,,,,,,no_rsmr_proposal,0,0,0,0,0
b2f2a9a83437555c,0,1,1,0,7,0.1282250643340419,-0.0007529566446319,-1,-1,-1,-1,-1,-0.128635627553017,-0.1404873922864834,-0.7300288827793796,-0.7312741737327559,-0.8042717186304724,-14.911311626434326,-0.10411262512207031,0.0,0.0,-0.1416720747947693,-0.021469414234161377,0.0,0.0,0.0,0.16314148902893066,15.015424251556396,mild_harm,0,0,0,0,0
d1d8fef2f07e554f,0,1,27,1,19,0.2587082015109109,-6.528710596098719e-05,19,19,19,19,19,0.0999115190953878,0.0916974094375467,0.0999115190953878,0.0789330201954833,0.0059354752977669,0.8505535125732422,-5.193880081176758,-0.00022513637668453157,0.0,0.0,0.0,0.0,0.0,0.0,0.0,6.0446587301266845,mild_harm,1,1,1,1,1
d3578202f06d5c62,0,1,25,1,26,0.0756410325747795,8.269424438478445e-05,26,26,26,26,-1,0.0283105646459043,0.0287158139428701,0.0280151474456961,0.0298662967492911,-0.0431312481484252,1.021405182655144e-13,2.2554969787597656,-1.3039095392741729e-05,0.0,0.0,0.003257195057813078,0.0,0.0,0.0,0.003257195057813078,2.2555100178552605,nearzero_positive,1,1,1,0,1
e7ee1c000ef85255,0,1,16,1,9,0.1387198737497646,0.0005864605173468,-1,-1,-1,-1,-1,-0.1010380158235394,-0.093633081790793,-0.1010380158235394,-0.1070711950762269,-0.1800687399739434,10.423959732055664,-2.3729286193847656,0.0,0.0,0.0,0.0,0.0,0.0,0.0,0.0,12.79688835144043,nearzero_positive,0,0,0,0,0
e8a90962974f55d3,0,1,12,1,-1,,,-1,-1,-1,-1,-1,,,,,,,,,,,,,,,,,no_rsmr_proposal,0,0,0,0,0
f390221c855a53d1,0,1,17,1,23,0.1231167918763268,0.0001769104883706,23,23,23,23,-1,0.054346768826714,0.059610245492826,0.054346768826714,0.067034720318853,-0.0059628245788633,3.996801872211027e-14,4.244878768920898,0.00011982975411228836,0.0,0.0,0.0,0.0,0.0,0.0,0.0,4.244998598675051,nearzero_positive,1,1,1,0,1
f473bc020969511e,0,1,24,1,2,0.3726935804696051,0.002340053756078,2,2,2,2,-1,0.06081210384837,0.0950357986100444,0.06081210384837,0.0285897648726172,-0.0444077800250991,51.30136489868149,-5.743677139282227,-0.00013970755389891565,0.0,0.0,0.0,0.0,0.0,0.0,0.0,57.04518174551762,nearzero_positive,1,1,1,0,1
5eae283cb1b95a45,0,1,6,1,25,0.168801985923207,0.0002113920846953,25,25,25,25,-1,0.0074387229341724,0.0061142925815621,0.0074387229341724,0.003757254000241,-0.0692402908974753,-3.885781433220995e-15,-2.4070472717285156,-1.4695455320179462e-05,0.0,0.0,0.0,0.0,0.0,0.0,0.0,2.40706196718384,nearzero_positive,1,1,1,0,1
ea5915d23f345a29,0,1,6,1,26,0.253337737852979,-6.736000906726325e-06,-1,-1,-1,26,-1,-0.0093394586648693,-0.0045023133482451,-0.0093394586648693,0.0008354024664555,-0.0721621424312609,1.1102230246251565e-15,-0.1673736572265625,0.00015709077706560493,0.0,0.0,0.0,0.0,0.0,0.0,0.0,0.16753074800362922,mild_harm,0,0,1,0,0
190d01845dda5596,0,1,4,0,-1,,,-1,-1,-1,-1,-1,,,,,,,,,,,,,,,,,no_rsmr_proposal,0,0,0,0,0
247baf6242815059,0,1,20,1,12,0.1064046111683757,-0.0004707026612013,12,-1,12,-1,-1,0.0089594814979398,-0.0123605343936148,0.0089594814979398,-0.037996042662185,-0.1109935875599014,3.85822829847976e-14,-5.039295196533203,-0.0006256959750317037,0.0,0.0,0.0,0.0,0.0,0.0,0.0,5.039920892508273,mild_harm,0,1,0,0,1
273d4e72b01d53cf,0,1,14,1,8,0.1059558045640616,-1.5629368781690487,8,-1,-1,-1,-1,0.0102364925559853,-0.1434606417850462,-0.2520817194532739,-0.2818363719069054,-0.3548339168046218,-194.3709716796875,0.8441333770751953,0.0,0.0,0.0,0.0,0.0,-0.5600485801696777,0.0,0.5600485801696777,195.2151050567627,catastrophe,0,0,0,0,1
275e9cfb52fd59de,0,1,12,1,8,0.9052465347908496,0.1272746219409324,8,8,8,8,8,0.4570160666764277,0.8503470886511855,2.0472017424499427,2.122835573772194,2.0498380288744777,496.87872314453125,-0.9671494960784912,0.0,0.0,0.23279321193695068,0.18778985738754272,0.0,1.3147706985473633,0.0,1.7353537678718567,497.84587264060974,small_positive,1,1,1,1,1
4082f94c512b5d1f,0,1,14,1,23,0.0538410789147204,-0.0001477490439216,23,23,23,23,-1,0.0663593032008506,0.0623746466086376,0.0663593032008506,0.057456233098231,-0.0155413117994853,4.6074255521943996e-14,-1.2902336120605469,-0.00011291893315501511,0.0,0.0,0.0,0.0,0.0,0.0,0.0,1.290346530993748,mild_harm,1,1,1,0,1
421dd5398e885a27,0,1,18,1,22,0.1664662853767564,-0.0001146473528817,-1,-1,-1,-1,-1,-0.0348168998283497,-0.0352352273513206,-0.0348168998283497,-0.0364320225543896,-0.1094295674521061,9.115971866258121e-15,-1.9991455078125,9.660201612859964e-06,0.0,0.0,0.0,0.0,0.0,0.0,0.0,1.999155168014122,mild_harm,0,0,0,0,0
53620555ea3a5d3c,0,1,9,1,21,0.1628050291701029,0.0,21,21,21,21,-1,0.0067529051210481,0.0067529051210481,0.0067529051210481,0.0067529051210481,-0.0662446397766682,0.0,0.0,0.0,0.0,0.0,0.0,0.0,0.0,0.0,0.0,0.0,mild_harm,1,1,1,0,1
60bd62401d0857f9,0,1,15,1,22,0.2339518121083311,-5.674398746347009e-05,-1,-1,-1,-1,-1,-0.0081060940654605,-0.0121935079385841,-0.0081060940654605,-0.0171875063238863,-0.0901850512216028,-4.440888710368837e-15,-1.1831283569335938,-0.00011745147639885545,0.0,0.0,0.0,0.0,0.0,0.0,0.0,1.183245808409997,mild_harm,0,0,0,0,0
6db53a1807af5a90,0,1,13,0,-1,,,-1,-1,-1,-1,-1,,,,,,,,,,,,,,,,,no_rsmr_proposal,0,0,0,0,0
8e6c888a92425ff1,0,1,6,1,1,0.1510891908982271,0.0003081311788877,1,1,1,1,-1,0.0422810654912671,0.0521968366695759,0.0422810654912671,0.0644654641141368,-0.0085320807835795,4.9960036108132044e-15,3.2907447814941406,0.0002800737420329824,0.0,0.0,0.0,0.0,0.0,0.0,0.0,3.2910248552361785,nearzero_positive,1,1,1,0,1
9a82cf7a1636581e,0,1,5,0,2,0.0756104859967904,-0.0042642683826388,-1,-1,-1,-1,-1,-0.0954556431283087,-0.1598536188358614,-0.0951164007745436,-0.0636717143357805,-0.1366692592334969,-83.22172832489014,4.276065826416016,0.0,0.0,0.0,-0.0037404000759124756,0.0,0.0,0.0,0.0037404000759124756,87.49779415130615,mild_harm,0,0,0,0,0
c70bcca6e16953d7,0,1,14,1,10,0.0393977324969763,0.0003409750871363,10,10,10,10,10,0.0702293934817835,0.0752100460989838,0.0710682439984292,0.0864550002619328,0.0134574553642163,-1.406536340713501,6.829339981079102,0.00011666821228573099,0.0,1.0132789611816406e-05,-0.008773162961006165,0.0,0.0,0.0,0.008783295750617981,8.235992990004888,nearzero_positive,1,1,1,1,1
d04f957744a353ba,0,1,10,1,21,0.1639535399829263,0.0001638741232454,21,21,21,21,-1,0.0155510512651113,0.0169632424585069,0.0155510512651113,0.0194693500461744,-0.0535281948515419,2.220442661118524e-15,2.547056198120117,1.5894212992861867e-05,0.0,0.0,0.0,0.0,0.0,0.0,0.0,2.5470720923331123,nearzero_positive,1,1,1,0,1
d0c144dfeca55025,0,1,25,1,22,0.0984392131428491,-0.0001029941059838,22,22,22,22,-1,0.0442397617746864,0.0429783550516964,0.0442397617746864,0.0418234647183877,-0.0311740801793286,7.771561172376096e-15,0.6929244995117188,-4.846078809350729e-05,0.0,0.0,0.0,0.0,0.0,0.0,0.0,0.69297296029982,mild_harm,1,1,1,0,1
f6cbfc9328fd5914,0,1,5,1,15,0.5971377137121933,0.0028377727983173,15,15,15,15,15,0.2967600535406446,0.3883445684730002,0.2967600535406446,0.2576677826333678,0.1846702377356514,116.248046875,-1.442908763885498,0.0,0.0,0.0,0.0,0.0,0.0,0.0,0.0,117.6909556388855,nearzero_positive,1,1,1,1,1
d0ce91bcf7ba557a,0,1,2,1,-1,,,-1,-1,-1,-1,-1,,,,,,,,,,,,,,,,,no_rsmr_proposal,0,0,0,0,0
00bf712a8e9e59bf,0,1,1,0,-1,,,-1,-1,-1,-1,-1,,,,,,,,,,,,,,,,,no_rsmr_proposal,0,0,0,0,0
07db46e8eac253cf,0,1,12,1,16,0.2530217512025169,0.7593208522055517,16,16,16,-1,-1,0.1275937187737244,0.2687226301796579,0.0381864488211255,-0.0254136653078164,-0.0984112102055328,179.5611572265625,-3.162412643432617,0.0,0.0,-0.021577835083007812,-0.02741551399230957,0.0,0.0,0.0,0.04899334907531738,182.72356986999512,material_positive,1,1,0,0,1
13adf1483845581c,0,1,18,1,21,0.1275596190793776,0.0006412762776015,21,21,21,21,-1,0.0442965511426143,0.0523072133323107,0.0442965511426143,0.0629249479887218,-0.0100725969089946,0.0,4.592937469482422,0.0002039316983655226,0.0,0.0,0.0,0.0,0.0,0.0,0.0,4.593141401180787,nearzero_positive,1,1,1,0,1
2ffe7083e279569c,0,1,15,1,3,0.0759099948208489,0.000160507233395,3,3,3,3,-1,0.0599430704906994,0.0630176207662971,0.0599430704906994,0.0690693288174028,-0.0039282160803136,-0.20151680707931519,6.073187828063965,3.36316334141884e-05,0.0,0.0,0.0,0.0,0.0,0.0,0.0,6.274738266776694,nearzero_positive,1,1,1,0,1
36857cb219845df9,0,1,14,1,7,0.0111505997441622,0.0001324263616466,7,7,7,7,-1,0.0251526445498311,0.0287530144064284,0.0378194340409788,0.0388455861864521,-0.0341519587112642,0.6866836547851562,5.679928779602051,3.246494452469051e-05,0.0,0.0,-0.1396608054637909,0.0,0.0,0.0,0.1396608054637909,6.366644899331732,nearzero_positive,1,1,1,0,1
6f8bc109eabc5ad5,0,1,4,1,19,0.0332843123644923,-4.585174424573402e-06,-1,-1,-1,-1,-1,-0.0049259651134421,-0.0047951377439345,-0.0049259651134421,-0.0045163999419775,-0.077513944839694,0.0,0.3635120391845703,0.0,0.0,0.0,0.0,0.0,0.0,0.0,0.0,0.3635120391845703,mild_harm,0,0,0,0,0
8fbfbaa44855539e,0,1,16,0,-1,,,-1,-1,-1,-1,-1,,,,,,,,,,,,,,,,,no_rsmr_proposal,0,0,0,0,0
b66888a9942d59ff,0,1,5,1,22,0.0891914892984824,0.0031217700053006,-1,22,-1,-1,-1,-0.0223238523451895,0.0265710234402383,-0.0223238523451895,-0.0445246673485247,-0.1175222122462411,62.536842346191406,-1.8153095245361328,0.0,0.0,0.0,0.0,0.0,0.0,0.0,0.0,64.35215187072754,nearzero_positive,1,0,0,0,0
e4f303186cdb50b1,0,1,4,1,19,0.0360059972796644,-4.364564421121576e-06,-1,-1,-1,-1,-1,-0.0039950261890313,-0.0038601199243871,-0.0039950261890313,-0.0035726917217205,-0.076570236619437,0.0,0.3748455047607422,0.0,0.0,0.0,0.0,0.0,0.0,0.0,0.0,0.3748455047607422,mild_harm,0,0,0,0,0
ee17abab9d83514f,0,1,4,0,17,0.2661902593227762,-5.260109603405505e-05,17,17,17,17,-1,0.0296477023286168,0.0290811394858199,0.0296477023286168,0.0292205424176643,-0.043777002480052,-0.480438232421875,-0.5165615081787109,0.0,0.0,0.0,0.0,0.0,0.0,0.0,0.0,0.9969997406005859,mild_harm,1,1,1,0,1
5b4aedf8449c54ca,0,1,4,1,1,0.3036981106646081,0.0013290141742676,-1,1,-1,-1,-1,-0.004140683737858,0.0097787206852421,-0.0292013459807101,-0.0563380870029926,-0.129335631900709,34.14556121826172,-7.582691192626953,-0.0003337643584018224,0.0,0.0,0.2763125002384186,0.0,0.0,0.0,0.2763125002384186,41.728586175247074,nearzero_positive,1,0,0,0,0
73458ba61f445d19,0,1,16,1,9,0.0692067774063314,-2.754281880346099e-06,-1,-1,-1,-1,-1,-0.0595355450317126,-0.061770231552315,-0.0595355450317126,-0.0697307673772638,-0.1427283122749802,1.9271202087402344,-4.421302795410156,-6.961661711102352e-05,0.0,0.0,0.0,0.0,0.0,0.0,0.0,6.348492620767502,mild_harm,0,0,0,0,0
7647b4788f795d71,0,1,1,1,1,0.2369589393802825,0.0035336643615271,-1,1,-1,-1,-1,-0.0460254019896939,0.0055434356433971,-0.0460254019896939,-0.0867178290024557,-0.1597153739001722,73.66458129882812,-7.037710189819336,-0.00013674391266249586,0.0,0.0,0.0,0.0,0.0,0.0,0.0,80.70242823256012,nearzero_positive,1,0,0,0,0
8f2f7b6da7495074,0,1,22,1,6,0.2750697190322527,-0.0030044126219674,6,-1,6,6,-1,0.0110520418402463,-0.0358698711474278,0.0110520418402463,0.0298100119344436,-0.0431875329632727,-59.104454040527344,-0.2576446533203125,-1.5401512953872043e-08,0.0,0.0,0.0,0.0,0.0,0.0,0.0,59.36209870924917,mild_harm,0,1,1,0,1
c23e9cc0ed7e5b21,0,1,17,1,3,0.0494992337730325,0.0016556329336947,3,3,3,-1,-1,0.0079685524772866,0.03126945233161,0.0078658123762037,-0.0124285595636924,-0.0854261044614088,34.30272722244263,-2.993694305419922,-8.980993879958987e-05,0.0,0.0,0.0011327862739562988,0.0,0.0,0.0,0.0011327862739562988,37.29651133780135,nearzero_positive,1,1,0,0,1
cdfa6ac2b00156d1,0,1,10,0,-1,,,-1,-1,-1,-1,-1,,,,,,,,,,,,,,,,,no_rsmr_proposal,0,0,0,0,0
16599b5179df53bb,0,1,7,0,-1,,,-1,-1,-1,-1,-1,,,,,,,,,,,,,,,,,no_rsmr_proposal,0,0,0,0,0
181f26554b4b5e75,0,1,15,0,9,0.2131053279119143,-0.0001236836064255,-1,-1,-1,-1,-1,-0.0673339965785574,-0.0689185551671475,-0.0761523860969825,-0.086500311450006,-0.1594978563477224,4.792945861816406,-6.825386047363281,-9.384244708598999e-05,0.0,0.0,0.09722932428121567,0.0,0.0,0.0,0.09722932428121567,11.618425751626773,mild_harm,0,0,0,0,0
21411e892e975adf,0,1,3,0,-1,,,-1,-1,-1,-1,-1,,,,,,,,,,,,,,,,,no_rsmr_proposal,0,0,0,0,0
24f940b7a94f5ed7,0,1,17,0,3,0.0788292181613854,-0.0003130765174522,3,3,3,3,3,0.1136293289256788,0.1176303764288154,0.1449613945210955,0.1409372950192471,0.0679397501215306,-1.584090232849121,6.530763626098633,9.320519166067243e-05,0.0,0.0,-0.3454594016075134,0.0,0.0,0.0,0.3454594016075134,8.114947064139415,mild_harm,1,1,1,1,1
257140a662885e1d,0,1,7,1,3,0.0516886667898204,0.000522074045008,3,3,3,3,3,0.0704710447528903,0.0829275642638083,0.0796286664889221,0.1012811999145747,0.0282836550168582,1.0929765701293945,7.534799575805664,0.0002848002186510712,0.0,0.0,-0.10096961259841919,0.0,0.0,0.0,0.10096961259841919,8.62806094615371,nearzero_positive,1,1,1,1,1
3e1e8ae126d0578f,0,1,15,1,-1,,,-1,-1,-1,-1,-1,,,,,,,,,,,,,,,,,no_rsmr_proposal,0,0,0,0,0
40d5b1af93cf50e4,0,1,12,1,4,0.1144445606696137,8.93150708446977e-05,-1,-1,-1,-1,-1,-0.0146102645313374,-0.0128033924946345,-0.0146102645313374,-0.0134532577224136,-0.08645080262013,1.6054508686065674,1.4861602783203125,0.0,0.0,0.0,0.0,0.0,0.0,0.0,0.0,3.09161114692688,nearzero_positive,0,0,0,0,0
4b30de14589f513c,0,1,14,1,23,0.1239261711985639,0.0002240603599697,23,23,23,23,-1,0.0561529673806546,0.0633282565503958,0.0561529673806546,0.0726238736676146,-0.0003736712301017,-2.9004576518332215e-14,3.5254478454589844,0.0001894592642202042,0.0,0.0,0.0,0.0,0.0,0.0,0.0,3.5256373047232334,nearzero_positive,1,1,1,0,1
648d283b25fa50d1,0,1,4,0,23,0.2530075331405964,-0.0001290052613243,-1,-1,-1,-1,-1,-0.0306111222700522,-0.0349978541835867,-0.0306111222700522,-0.0415259475494487,-0.1145234924471652,0.0,-4.469936370849609,-8.91087474883534e-05,0.0,0.0,0.0,0.0,0.0,0.0,0.0,4.470025479597098,mild_harm,0,0,0,0,0
651762602ed854bf,0,1,1,1,-1,,,-1,-1,-1,-1,-1,,,,,,,,,,,,,,,,,no_rsmr_proposal,0,0,0,0,0
864541f05d165c97,0,1,2,1,21,0.1935085229851983,7.027299320325284e-05,21,21,21,21,21,0.1463104257538866,0.138462838950419,0.1463104257538866,0.1296043569485285,0.0566068120508121,-4.440892098500626e-15,-0.2729377746582031,-0.00024857205426087603,0.0,0.0,0.0,0.0,0.0,0.0,0.0,0.27318634671246844,nearzero_positive,1,1,1,1,1
a054dd394e1b559c,0,1,17,1,21,0.4527756639738644,0.0004801966886094,21,21,21,-1,-1,0.0276314418480377,0.0311244355017794,0.0276314418480377,-0.0038505088430864,-0.0768480537408028,18.00416755676268,-7.901546478271484,-0.000254303275141865,0.0,0.0,0.0,0.0,0.0,0.0,0.0,25.905968338309307,nearzero_positive,1,1,0,0,1
b7c6fe6429785952,0,1,15,1,22,0.1393431402315217,6.060907109617375e-05,22,22,22,22,-1,0.018418054811322,0.0276894615870871,0.018418054811322,0.0385677863491653,-0.034429758548551,-3.3755550438163695e-14,1.452585220336914,0.00028062501223757863,0.0,0.0,0.0,0.0,0.0,0.0,0.0,1.4528658453491854,nearzero_positive,1,1,1,0,1
c031140da54d502a,0,1,17,1,3,0.1299209399720031,0.9911725879896434,3,3,3,3,-1,0.0235023370808961,0.0497809242708474,0.0229952642715579,0.0094868856468336,-0.0635106592508828,34.277164459228516,-2.443340301513672,0.0,0.0,0.0,0.005590856075286865,0.0,0.0,0.0,0.005590856075286865,36.72050476074219,material_positive,1,1,1,0,1
cdabe76a1ba75152,0,1,16,1,3,0.5871673676194018,0.990668047375232,3,3,3,3,-1,0.0717401540263996,0.0733983674342229,0.071461990811392,0.0655323930986207,-0.0074651517990957,4.0250701904296875,-4.253608703613281,0.0,0.0,0.0,0.0030669569969177246,0.0,0.0,0.0,0.0030669569969177246,8.278678894042969,material_positive,1,1,1,0,1
cdccf3dfd4e153cc,0,1,24,1,21,0.4473879834141613,0.0025033863656862,21,21,21,21,-1,0.0686410301165733,0.0744161034708732,0.0686410301165733,0.0346451006717624,-0.0383524442259539,21.666721343994126,-7.961864471435547,-0.0002734872105065733,0.0,0.0,0.0,0.0,0.0,0.0,0.0,29.62885930264018,nearzero_positive,1,1,1,0,1
d3e0b427c9095c6f,0,1,17,1,9,0.2384780682024984,0.0002687987604178,-1,-1,-1,-1,-1,-0.0625474802101272,-0.061525502535597,-0.0627027337204139,-0.0758392862019428,-0.1488368310996592,6.467914581298828,-6.737327575683594,-5.381872324505821e-05,0.0,0.0,0.0017117857933044434,0.0,0.0,0.0,0.0017117857933044434,13.205295975705667,nearzero_positive,0,0,0,0,0
d86f407ee78151b0,0,1,5,1,-1,,,-1,-1,-1,-1,-1,,,,,,,,,,,,,,,,,no_rsmr_proposal,0,0,0,0,0
de2c82b474d85dd5,0,1,17,1,9,0.2025328713640982,0.0006124333238229,-1,-1,-1,-1,-1,-0.0871194376628142,-0.0924361201128707,-0.0972899292130575,-0.1016143222357163,-0.1746118671334328,-1.7736384868621826,-6.779962539672852,-4.719489243143471e-05,0.0,0.0,0.11213725805282593,0.0,0.0,0.0,0.11213725805282593,8.553648221427466,nearzero_positive,0,0,0,0,0
046577552dd15fc3,0,1,15,1,-1,,,-1,-1,-1,-1,-1,,,,,,,,,,,,,,,,,no_rsmr_proposal,0,0,0,0,0
1f8c9456286d59fb,0,1,17,0,9,0.1605581158987417,-0.0006121215932071,-1,-1,-1,-1,-1,-0.0940373579083601,-0.1157077763246233,-0.125667259650663,-0.1487321888948888,-0.2217297337926052,-3.697484016418457,-7.7014923095703125,-0.0005122334696352482,0.0,0.0,0.3487432673573494,0.0,0.0,0.0,0.3487432673573494,11.399488559458405,mild_harm,0,0,0,0,0
369040b3134c5769,0,1,17,1,-1,,,-1,-1,-1,-1,-1,,,,,,,,,,,,,,,,,no_rsmr_proposal,0,0,0,0,0
39dca464ed145043,0,1,17,1,3,0.0557550442093209,1.3998703285889036e-05,3,3,3,3,-1,0.0505874208263644,0.0383389976262005,0.0624972220135377,0.0516342138596931,-0.0213633310380232,-8.135963439941406,-3.9021453857421875,-0.000141068798257038,0.0,0.002845942974090576,0.002318143844604492,0.0,0.0,0.0,0.005164086818695068,12.03824989448185,nearzero_positive,1,1,1,0,1
3e940b9ccdf456b7,0,1,17,1,3,0.0558152016575229,-0.0098371612697842,3,3,3,3,-1,0.0515289861551445,0.0381838367051715,0.0513447513408901,0.0407747277606794,-0.0322228171370369,-9.499065399169922,-3.9001502990722656,-0.0001416286249877885,0.0,0.0,0.0020313262939453125,0.0,0.0,0.0,0.0020313262939453125,13.399357326867175,mild_harm,1,1,1,0,1
4f74e2eb505a5fd0,0,1,9,0,7,0.0179788836892131,-0.2430389412705786,-1,-1,-1,7,-1,-0.0183507841066364,-0.115313191079963,-0.0183058546084362,0.025275280949317,-0.0477222639483994,-123.85665893554688,3.2502059936523438,0.0,0.0,1.055002212524414e-05,0.0,0.0,0.0,0.0,1.055002212524414e-05,127.10686492919922,mild_harm,0,0,1,0,0
524cadd627f25d7f,0,1,8,0,7,0.0439366670846383,-0.2439054437735635,7,-1,7,7,-1,0.001646920720313,-0.0926371773245006,0.0016664663212249,0.0437282033973409,-0.0292693415003754,-120.32293701171875,2.9126834869384766,0.0,0.0,4.589557647705078e-06,0.0,0.0,0.0,0.0,4.589557647705078e-06,123.23562049865723,mild_harm,0,1,1,0,1
70c45003ec3e527b,0,1,1,0,9,0.0495696802295063,-0.0006647571086881,-1,-1,-1,-1,-1,-0.1090600715733469,-0.1374841777010956,-0.1101434349901956,-0.1652324078840185,-0.238229952781735,-3.637601852416992,-7.765678405761719,-0.0007296488474821672,0.0,0.0,0.011944890022277832,0.0,0.0,0.0,0.011944890022277832,11.404009907026193,mild_harm,0,0,0,0,0
b1bfa52c4bc452b7,0,1,17,1,-1,,,-1,-1,-1,-1,-1,,,,,,,,,,,,,,,,,no_rsmr_proposal,0,0,0,0,0
bed9898a4bf45a6b,0,1,17,1,-1,,,-1,-1,-1,-1,-1,,,,,,,,,,,,,,,,,no_rsmr_proposal,0,0,0,0,0
db219c4afef9558d,0,1,18,1,3,0.109005171517493,0.0001490208003551,3,3,3,3,-1,0.0397422902721431,0.0368886125452618,0.0391925861322529,0.020130386544282,-0.0528671583534343,5.9217119216918945,-4.116813659667969,-0.00019450663239695132,0.0,0.0,0.006060898303985596,0.0,0.0,0.0,0.006060898303985596,10.03872008799226,nearzero_positive,1,1,1,0,1
fa1f7200f4ff5651,0,1,16,0,-1,,,-1,-1,-1,-1,-1,,,,,,,,,,,,,,,,,no_rsmr_proposal,0,0,0,0,0
04e294754b4d56a6,0,1,7,1,22,0.3005936605354631,4.5298025821094434e-05,22,22,22,22,22,0.073026816021342,0.072460694021912,1.7105550477761904,1.720339454372935,1.6473419094752184,0.16151247918605804,-1.9285697937011719,0.0,0.0,0.38408923149108887,-0.01988041400909424,0.0,0.0,0.0,0.4039696455001831,2.09008227288723,nearzero_positive,1,1,1,1,1
3a223e65af13545c,0,1,7,1,1,0.7360791112853133,1.6616739350611345,1,1,1,1,1,0.6216938711327661,1.0171702435192622,1.2890078652718997,1.280483300718637,1.2074857558209204,499.59808349609375,-0.9927406311035156,0.0,0.0,0.05660414695739746,0.0,0.0,0.9100494384765625,0.0,0.96665358543396,500.59082412719727,material_positive,1,1,1,1,1
3e1f06aa9ff354c9,0,1,17,1,3,0.0872942507860932,0.000358076515142,3,3,3,3,-1,0.0248167546377657,0.026358467301641,0.0947213951180629,0.0378595862310456,-0.0351379586666707,9.29402208328247,-3.5438480377197266,-0.00014583746087737381,0.0,0.0,-0.7707508206367493,0.0,0.0,0.0,0.7707508206367493,12.838015958463075,nearzero_positive,1,1,1,0,1
3e3a2d672dfb5b51,0,1,6,1,6,0.1667612122709031,-1.987346634269027e-05,-1,-1,-1,-1,-1,-0.0132964242871142,-0.0136586352549881,-0.7205569358720962,-0.7348838361238561,-0.8078813810215726,0.0,-1.0064258575439453,0.0,0.0,-0.16911113262176514,-0.14261776208877563,0.0,0.0,0.0,0.31172889471054077,1.0064258575439453,mild_harm,0,0,0,0,0
6110193eb32f5ad4,0,1,17,1,-1,,,-1,-1,-1,-1,-1,,,,,,,,,,,,,,,,,no_rsmr_proposal,0,0,0,0,0
6e075e93bd485b81,0,1,10,1,-1,,,-1,-1,-1,-1,-1,,,,,,,,,,,,,,,,,no_rsmr_proposal,0,0,0,0,0
6fc9e653b0ee5565,0,1,12,1,10,0.3179424258286458,-0.0001716095520647,-1,-1,-1,-1,-1,-0.0062526663161526,-0.0087597151125167,-0.0062526663161526,-0.0133613782616136,-0.0863589231593301,0.0,-4.939716339111328,-2.339187267352827e-05,0.0,0.0,0.0,0.0,0.0,0.0,0.0,4.939739730984002,mild_harm,0,0,0,0,0
99426aa893625f69,0,1,7,0,2,0.0617471534812086,-0.990559431026876,2,2,2,2,-1,0.029861616057656,0.0167430685662508,0.029861616057656,0.0437814471862167,-0.0292160977114996,-19.722450256347656,6.181476593017578,9.075384696188848e-06,0.0,0.0,0.0,0.0,0.0,0.0,0.0,25.90393592474993,catastrophe,1,1,1,0,1
9fb5b34a36925a6c,0,1,7,0,4,0.1135710824679139,-0.0037563836089917,4,-1,-1,4,-1,0.0168055403826928,-0.1067508314557741,-0.042770825051949,0.038445924521863,-0.0345516203758533,-155.03726196289062,-4.201059341430664,2.541276626288891e-05,0.0,0.0,0.656873881816864,0.0,0.0,0.0,0.656873881816864,159.23834671708755,mild_harm,0,0,1,0,1
a1c1a996e52f5c4e,0,1,5,0,9,0.129147507251073,-0.0004672088905239,9,-1,9,9,9,0.0025269314533707,-0.0098318091665815,0.1032003429384741,0.0931997489957257,0.0202022040980093,-2.1158018112182617,-7.543598175048828,-0.0002555678292992525,0.0,0.02921968698501587,0.2620246410369873,0.0,0.0,0.0,0.2912443280220032,9.659655554096389,mild_harm,0,1,1,1,1
a657d16d34c3519a,0,1,3,1,20,0.1935592380844824,1.784201655457297,20,20,-1,-1,-1,0.0001158429692525,0.0635885941470283,-0.5151316389047699,-0.5424909515921115,-0.615488496489828,79.18461608886719,2.040708541870117,0.0,0.0,-0.12099778652191162,-0.0005199313163757324,0.0,0.0,0.0,0.12151771783828735,81.2253246307373,material_positive,1,0,0,0,1
a68adc1c27615ce9,0,1,13,0,-1,,,-1,-1,-1,-1,-1,,,,,,,,,,,,,,,,,no_rsmr_proposal,0,0,0,0,0
a75ce500226f5481,0,1,17,1,4,0.2603494602161748,-0.0008296889021993,-1,-1,-1,-1,-1,-0.0353747824324116,-0.0485800851932729,-0.0353747824324116,-0.030682820402819,-0.1036803653005355,-16.424415588378906,-0.5339546203613281,0.0,0.0,0.0,0.0,0.0,0.0,0.0,0.0,16.958370208740234,mild_harm,0,0,0,0,0
b95dc2615771588d,0,1,14,1,23,0.232985093688386,1.9696841584348583,-1,-1,-1,-1,-1,-0.011447942629769,-0.012030046683439,-0.011447942629769,-0.0132702642697209,-0.0862678091674373,0.0,-1.6174125671386719,0.0,0.0,0.0,0.0,0.0,0.0,0.0,0.0,1.6174125671386719,material_positive,0,0,0,0,0
c3fd16e5694a5353,0,1,10,1,9,0.02646719507444,0.0044793055554852,9,9,9,-1,-1,0.0525527729950101,0.086625159407295,0.0525527729950101,-0.070486676491162,-0.1434842213888784,95.28983497619629,-12.777441024780273,-0.0011812986340373755,0.0,0.0,0.0,0.0,0.0,0.0,0.0,108.0684572996106,nearzero_positive,1,1,0,0,1
c8c5d04b848e504c,0,1,16,1,3,0.1659734801915494,0.000295684360573,3,3,3,3,-1,0.0245852905918339,0.0258323600128593,0.0245852905918339,0.0165203428823411,-0.0564772020153753,4.677310228347778,-3.7096004486083984,-3.604446828830987e-05,0.0,0.0,0.0,0.0,0.0,0.0,0.0,8.386946721424465,nearzero_positive,1,1,1,0,1
c944de45a71e5a38,0,1,14,0,-1,,,-1,-1,-1,-1,-1,,,,,,,,,,,,,,,,,no_rsmr_proposal,0,0,0,0,0
f7cbec94d1ff5621,0,1,3,0,-1,,,-1,-1,-1,-1,-1,,,,,,,,,,,,,,,,,no_rsmr_proposal,0,0,0,0,0
03dac455f9ec5792,0,1,18,1,23,0.2460258016774534,-0.0001943112442734,-1,-1,-1,-1,-1,-0.0391368077303069,-0.0403824420345861,-0.0391368077303069,-0.0430363620004458,-0.1160339068981622,0.0,-3.4610729217529297,0.0,0.0,0.0,0.0,0.0,0.0,0.0,0.0,3.4610729217529297,mild_harm,0,0,0,0,0
0966d80519ed5508,0,1,11,1,-1,,,-1,-1,-1,-1,-1,,,,,,,,,,,,,,,,,no_rsmr_proposal,0,0,0,0,0
222f2b699516591c,0,1,14,1,-1,,,-1,-1,-1,-1,-1,,,,,,,,,,,,,,,,,no_rsmr_proposal,0,0,0,0,0
343925e5442554f5,0,1,4,1,9,0.5838481226295662,-0.0001190353877842,9,9,9,9,9,0.3067341669813045,0.3041924600587267,0.3067341669813045,0.3056292089347505,0.232631664037034,-2.4448318481445312,-1.6800756454467773,0.0,0.0,0.0,0.0,0.0,0.0,0.0,0.0,4.124907493591309,mild_harm,1,1,1,1,1
650894e30d725ba8,0,1,14,0,-1,,,-1,-1,-1,-1,-1,,,,,,,,,,,,,,,,,no_rsmr_proposal,0,0,0,0,0
70a67a5dedae584b,0,1,23,1,22,0.1821758017089497,0.0002050307922065,22,22,22,22,-1,0.0149023221240774,0.0286170923900869,0.0721649675080502,0.0351996367742349,-0.0377979081234814,16.74386596679677,1.2462825775146484,0.0,0.0,0.0,-0.6313633918762207,0.0,0.0,0.0,0.6313633918762207,17.990148544311417,nearzero_positive,1,1,1,0,1
80c337fb67145ff6,0,1,29,1,20,0.1677480115548473,0.0002089060913768,20,20,-1,-1,-1,0.1145993743290645,0.1180500189050795,-0.0942675548672251,-0.0943242011804634,-0.1673217460781798,5.517644882202148,-2.559080123901367,0.0,0.0,-0.046522319316864014,0.11843639612197876,0.0,0.0,0.0,0.16495871543884277,8.076725006103516,nearzero_positive,1,0,0,0,1
84ed4f2cc4f057ce,0,1,14,1,25,0.172805776623204,1.8950668792427905e-05,25,25,25,25,-1,0.0057095111851954,0.0058041838377809,0.0057095111851954,0.0060058912265822,-0.0669916536711341,0.0,0.26305389404296875,0.0,0.0,0.0,0.0,0.0,0.0,0.0,0.0,0.26305389404296875,nearzero_positive,1,1,1,0,1
8bdafd4a1d7c50eb,0,1,21,1,3,0.075166753519983,0.0008188129012006,3,3,3,3,3,0.0842629810006092,0.0946754624416944,0.0944266461860726,0.0790278292497362,0.0060302843520197,15.036905288696174,-4.171516418457031,0.0,0.0,0.0,-0.1120619922876358,0.0,0.0,0.0,0.1120619922876358,19.208421707153207,nearzero_positive,1,1,1,1,1
9cb860301c105ca7,0,1,9,1,20,0.5255746113163778,-3.7070147320572566e-05,20,20,20,20,-1,0.054128929046126,0.0537754078684801,0.0542568638884589,0.053151159065594,-0.0198463858321223,0.0,-0.9822807312011719,0.0,0.0,3.0040740966796875e-05,0.0,0.0,0.0,0.0,3.0040740966796875e-05,0.9822807312011719,mild_harm,1,1,1,0,1
a1ceb182eb7250a1,0,1,16,1,9,0.2760796406411903,0.0007709787252359,-1,-1,-1,-1,-1,-0.1148286988585149,-0.1275376283461679,-0.1148286988585149,-0.145799681074633,-0.2187972259723495,0.7118141651153564,-7.270673751831055,-0.0003418133201193996,0.0,0.0,0.0,0.0,0.0,0.0,0.0,7.9828297302665305,nearzero_positive,0,0,0,0,0
b704090abc8d5afe,0,1,30,1,18,0.1553406690888887,0.0007353571400976,18,18,18,18,18,0.1181890948509353,0.1275214467004856,0.1181890948509353,0.1028034032394976,0.0298058583417811,16.81711006164548,-4.158290863037109,-8.004213304957375e-05,0.0,0.0,0.0,0.0,0.0,0.0,0.0,20.97548096681564,nearzero_positive,1,1,1,1,1
fd35b4e54a465e54,0,1,1,0,7,0.1122411017486341,-2.0207331793509424,-1,-1,-1,-1,-1,-0.0122792240459133,-0.0159766820677998,-0.0114458101851639,-0.0080335029639381,-0.0810310478616546,-5.518806457519531,1.8758506774902344,0.0,0.0,0.0,-0.009189009666442871,0.0,0.0,0.0,0.009189009666442871,7.394657135009766,catastrophe,0,0,0,0,0
fe98c3c19baf5ea3,0,1,2,1,4,0.6410420944109576,2.128624531634088,4,4,4,4,4,0.5448071044168696,1.4566476081134123,1.700656225150323,1.7591266549543971,1.6861291100566806,1144.4269714355469,14.187929153442383,0.0,0.0,0.0,0.0,0.0,2.4677343368530273,0.0,2.4677343368530273,1158.6149005889893,material_positive,1,1,1,1,1
05ba4ac2db9c50d2,0,1,11,1,25,0.1727854607064307,-0.98944860655242,25,25,25,-1,-1,0.0032627740449928,0.0078599697566682,0.0032627740449928,-0.0054167069327502,-0.0784142518304667,8.267751693725586,-5.152580261230469,-3.174727680743672e-06,0.0,0.0,0.0,0.0,0.0,0.0,0.0,13.420335129683735,catastrophe,1,1,0,0,1
0d399eab6caf5d71,0,1,1,0,-1,,,-1,-1,-1,-1,-1,,,,,,,,,,,,,,,,,no_rsmr_proposal,0,0,0,0,0
154c14f381535c43,0,1,1,1,24,0.2305967211942673,7.987478524418279e-05,24,24,24,24,-1,0.025511336215136,0.0206424582787196,0.0393967371139752,0.0296606952074684,-0.0433368496902479,0.0,-1.3410987854003906,-0.00014069443568587303,0.0,0.0036409497261047363,0.01786559820175171,0.0,0.0,0.0,0.021506547927856445,1.3412394798360765,nearzero_positive,1,1,1,0,1
20cd0f5250875606,0,1,5,0,9,0.1943934711475888,-0.0003515167922247,-1,-1,-1,-1,-1,-0.0817648686127735,-0.0969161265910946,-0.0817648686127735,-0.1203362946012889,-0.1933338394990053,1.8702316284179688,-7.590089797973633,-0.00044590758261620067,0.0,0.0,0.0,0.0,0.0,0.0,0.0,9.460767333974218,mild_harm,0,0,0,0,0
30a3163cf0805a69,0,1,4,0,1,0.2587818534600188,-1.2324926170708386,1,1,1,1,1,0.0917251215193215,0.0901786313987583,0.0917251215193215,0.0870177082047037,0.0140201633069872,0.0,-3.9300174713134766,-4.2367719288449734e-06,0.0,0.0,0.0,0.0,0.0,0.0,0.0,3.9300217080854054,catastrophe,1,1,1,1,1
3da38924ebd45f50,0,1,10,1,1,0.2897989109508466,1.728687759304978,-1,1,1,1,1,-0.0241293314092375,0.4846372404412494,0.7887449589571779,0.8610427903780966,0.7880452454803801,646.0894165039062,-5.797870635986328,-3.355649096192792e-05,0.0,0.0,0.0,0.0,1.7354841232299805,0.0,1.7354841232299805,651.8873206963835,material_positive,1,1,1,1,0
48fd1a7abb7c59a6,0,1,19,1,23,0.2661473623851567,-0.0003539639446881,-1,-1,-1,-1,-1,-0.02403155033795,-0.0268678197570679,-0.02403155033795,-0.0317687134270096,-0.1047662583247261,0.0,-4.75286865234375,-3.610912972362712e-05,0.0,0.0,0.0,0.0,0.0,0.0,0.0,4.752904761473474,mild_harm,0,0,0,0,0
501128405d13533f,0,1,10,1,-1,,,-1,-1,-1,-1,-1,,,,,,,,,,,,,,,,,no_rsmr_proposal,0,0,0,0,0
594c56337e94571b,0,1,14,0,-1,,,-1,-1,-1,-1,-1,,,,,,,,,,,,,,,,,no_rsmr_proposal,0,0,0,0,0
5c92fa52c5165a1e,0,1,19,1,10,0.1913259511332679,-7.041046395883654e-05,-1,-1,-1,-1,-1,-0.0243888225723708,-0.0255505490069909,-0.0243888225723708,-0.0277562170886598,-0.1007537619863762,0.0,-2.489835739135742,-8.520754818164278e-06,0.0,0.0,0.0,0.0,0.0,0.0,0.0,2.4898442598905604,mild_harm,0,0,0,0,0
83d128720881565a,0,1,17,0,3,0.0524354888181263,-0.0005778864786027,-1,-1,-1,-1,-1,-0.1456757412949807,-0.1712672951569568,-0.1460704027566779,-0.1913631216198483,-0.2643606665175648,-5.652797698974609,-7.298362731933594,-0.0005929705300786736,0.0,0.0,0.004351437091827393,0.0,0.0,0.0,0.004351437091827393,12.951753401438282,mild_harm,0,0,0,0,0
95a810911ba359ec,0,1,11,0,18,0.3655633981867628,-1.2317849212438547,18,18,18,18,18,0.2999102174849742,0.3068196474224927,0.2999102174849742,0.2938190503227745,0.220821505425058,9.891172409057617,-2.5768041610717773,0.0,0.0,0.0,0.0,0.0,0.0,0.0,0.0,12.467976570129395,catastrophe,1,1,1,1,1
9d1adc78bda259ce,0,1,10,1,-1,,,-1,-1,-1,-1,-1,,,,,,,,,,,,,,,,,no_rsmr_proposal,0,0,0,0,0
a3b5d1855e7e5d96,0,1,12,1,5,0.8865874639511729,0.1193620606041702,-1,-1,5,5,5,-0.0036507200736732,-0.0316556543504431,1.2392374302863507,1.2592182958907563,1.18622075099304,-34.24879837036133,-2.3500213623046875,-7.601766469633731e-07,0.0,0.29254043102264404,0.03260403871536255,0.0,0.0,0.0,0.3251444697380066,36.59882049284266,small_positive,0,1,1,1,0
bbc08519add25675,0,1,3,1,9,0.34343464965122,2.284032596921548,9,9,9,9,9,0.0221651448712548,0.0423897893028227,1.9187145681387536,1.932612245554951,1.8596147006572343,32.58952760696411,-8.161115646362305,-8.529145270586014e-05,0.0,0.45502549409866333,0.45506319403648376,0.0,0.0,0.0,0.9100886881351471,40.75072854477912,material_positive,1,1,1,1,1
bf75c93832c7569d,0,1,9,1,-1,,,-1,-1,-1,-1,-1,,,,,,,,,,,,,,,,,no_rsmr_proposal,0,0,0,0,0
d5b4a2295da55f8c,0,1,5,0,7,2.0232822920408102,-1.2230283835736102,7,7,7,7,7,0.9353179686446116,0.9347436413089348,0.9353179686446116,0.9313261118142134,0.8583285669164971,0.782783031463623,-3.319075345993042,0.0,0.0,0.0,0.0,0.0,0.0,0.0,0.0,4.101858377456665,catastrophe,1,1,1,1,1
dec7d1a6632a516c,0,1,9,1,1,0.2095299925044658,0.0097562610348436,1,1,1,1,-1,0.0734685589561282,0.0727951563065859,0.0734685589561282,0.0714274322425356,-0.0015701126551807,0.0,-1.6875476837158203,-2.1188784558034968e-06,0.0,0.0,0.0,0.0,0.0,0.0,0.0,1.6875498025942761,nearzero_positive,1,1,1,0,1
e14c53a47ffc5fe0,0,1,21,1,24,0.2705662984108091,-0.0002950868985615,-1,-1,-1,-1,-1,-0.0253826964710458,-0.0268588871431019,-0.0253826964710458,-0.0299991297601874,-0.1029966746579039,0.0,-4.088279724121094,-1.5479137971396995e-07,0.0,0.0,0.0,0.0,0.0,0.0,0.0,4.0882798789124735,mild_harm,0,0,0,0,0
0624fd97bb1d5859,0,1,23,1,22,0.307087604126155,0.0001875565206632,22,22,22,22,-1,0.070399065353109,0.0693357349256455,0.070399065353109,0.0642801169132,-0.0087174279845164,1.1653214693069458,-4.216480255126953,-1.5047568012960255e-05,0.0,0.0,0.0,0.0,0.0,0.0,0.0,5.381816772001912,nearzero_positive,1,1,1,0,1
1289017760ab5cda,0,1,22,1,23,0.1695696067585175,-0.0001021183120086,-1,-1,-1,-1,-1,-0.0411884732449242,-0.042313126640793,-0.0411884732449242,-0.0447092874495591,-0.1177068323472755,0.0,-3.124919891357422,0.0,0.0,0.0,0.0,0.0,0.0,0.0,0.0,3.124919891357422,mild_harm,0,0,0,0,0
15210c5280b851a8,0,1,18,1,24,0.0783254314371099,1.220051444119215,24,24,24,24,-1,0.0047761800650484,0.0055943105321735,0.0047761800650484,0.0073374005979515,-0.0656601442997648,1.3739009929736312e-14,2.273226737976074,0.0,0.0,0.0,0.0,0.0,0.0,0.0,0.0,2.273226737976088,material_positive,1,1,1,0,1
327472f9f4b755a7,0,1,12,1,-1,,,-1,-1,-1,-1,-1,,,,,,,,,,,,,,,,,no_rsmr_proposal,0,0,0,0,0
35c70713d92251fc,0,1,12,1,17,0.1413127678783992,0.0,-1,-1,-1,-1,-1,-0.0025181338176987,-0.0025181338176987,-0.0025181338176987,-0.0025181338176987,-0.0755156787154151,0.0,0.0,0.0,0.0,0.0,0.0,0.0,0.0,0.0,0.0,0.0,mild_harm,0,0,0,0,0
3a4fd1d48a995545,0,1,12,1,19,0.3629425684112401,0.0142617651462133,19,19,19,19,-1,0.1052875011653026,0.3260503994271135,0.1052875011653026,0.0225126261578062,-0.0504849187399101,276.12625122070125,5.520755767822266,0.0,0.0,0.0,0.0,0.0,0.0,0.0,0.0,281.6470069885235,small_positive,1,1,1,0,1
3c9d60b02bfb51c0,0,1,17,0,9,0.2019859033669045,-0.0004975407660006,-1,-1,-1,-1,-1,-0.0900059797549511,-0.1211998172928114,-0.0910679950708172,-0.1554869334395137,-0.2284844783372302,-1.9175424575805664,-7.815952301025391,-0.0008616258419351652,0.0,0.0,0.011709511280059814,0.0,0.0,0.0,0.011709511280059814,9.734356384447892,mild_harm,0,0,0,0,0
4750b9c4cfbd5d3f,0,1,2,0,-1,,,-1,-1,-1,-1,-1,,,,,,,,,,,,,,,,,no_rsmr_proposal,0,0,0,0,0
506ddb4d458f5a70,0,1,1,0,9,0.2129942629495222,-0.9297249210089444,-1,-1,-1,-1,-1,-0.0336924228187109,-0.0461784272790109,-0.055653162672785,-0.0719991552870849,-0.1449967001848013,-0.08220100402832031,-7.487995147705078,-0.0003119744942523539,0.0,0.0,0.24213354289531708,0.0,0.0,0.0,0.24213354289531708,7.570508126227651,catastrophe,0,0,0,0,0
54dbabed00525444,0,1,17,0,6,0.1129828642843183,-0.0001196603953605,-1,-1,-1,-1,-1,-0.0685019175179703,-0.0698255731318765,-0.0682732511914402,-0.0662840378845325,-0.139281582782249,-2.45599365234375,0.03448677062988281,1.9561091903597116e-05,0.0,0.0,-0.002521216869354248,0.0,0.0,0.0,0.002521216869354248,2.4904999840655364,mild_harm,0,0,0,0,0
77f9220d917b52d0,0,1,12,1,1,0.1751107123164369,0.9964797705322505,1,1,1,1,-1,0.06283071699994,0.1671000590199277,0.06283071699994,0.0119720821319469,-0.0610254627657694,134.95159530639648,-4.790712356567383,-2.9805587473674677e-05,0.0,0.0,0.0,0.0,0.0,0.0,0.0,139.74233746855134,material_positive,1,1,1,0,1
7ca96f8e844f56ca,0,1,15,1,20,0.3163398267823767,3.252210966228601,20,20,20,20,20,0.0445966220410409,0.0439315520795951,0.2700390792311319,0.2754713358728225,0.2024737909751061,0.0,-1.8479385375976562,0.0,0.0,0.055235862731933594,0.10795456171035767,0.0,0.0,0.0,0.16319042444229126,1.8479385375976562,material_positive,1,1,1,1,1
7d363b1db0fc5975,0,1,11,1,5,0.0515535415839632,-0.9769596037015144,-1,5,-1,-1,-1,-0.0544285951270214,0.1491291831835257,-0.0544285951270214,-0.1260380094184298,-0.1990355543161462,251.97483825683594,3.5954933166503906,8.41380242491141e-05,0.0,0.0,0.0,0.0,0.0,0.0,0.0,255.57041571151058,catastrophe,1,0,0,0,0
8813e8c6790a59d3,0,1,13,1,22,0.2954325623573707,0.0001085729885146,22,22,22,22,22,0.1269286512506129,0.128368534954043,0.1269286512506129,0.1030808170862604,0.030083272188544,11.65246772766111,-9.867355346679688,-0.0001360418100375682,0.0,0.0,0.0,0.0,0.0,0.0,0.0,21.519959116150837,nearzero_positive,1,1,1,1,1
9626975e16725ec8,0,1,20,1,22,0.0387127754169094,0.0008604435924439,22,22,22,22,-1,0.0563337120702004,0.0712654831030521,0.0563337120702004,0.0440052926931956,-0.0289922522045207,21.077589035034116,-4.912752151489258,0.0,0.0,0.0,0.0,0.0,0.0,0.0,0.0,25.990341186523374,nearzero_positive,1,1,1,0,1
9907ad0101c45e09,0,1,1,0,-1,,,-1,-1,-1,-1,-1,,,,,,,,,,,,,,,,,no_rsmr_proposal,0,0,0,0,0
9e720f0176b35d63,0,1,24,1,19,0.2363259581218463,-9.262234168127192e-05,-1,-1,-1,-1,-1,-0.0987745683431768,-0.0998189426026542,-0.0987745683431768,-0.1020440625190978,-0.1750416074168142,0.0,-2.9018592834472656,0.0,0.0,0.0,0.0,0.0,0.0,0.0,0.0,2.9018592834472656,mild_harm,0,0,0,0,0
a67f3948c2445760,0,1,3,1,3,0.030472551691319,0.0006509598884731,3,3,3,3,3,0.0847829433889634,0.0992417242539443,0.0847829433889634,0.1123118023331838,0.0393142574354673,2.907771110534668,7.517730712890625,0.00030310097281471826,0.0,0.0,0.0,0.0,0.0,0.0,0.0,10.425804924398108,nearzero_positive,1,1,1,1,1
a8e99095a8235549,0,1,4,0,16,0.5009691622233208,-1.2318749638779087,16,16,16,16,16,2.4031024259549008,2.4079723824805743,2.4031024259549008,2.3983856639326637,2.325388119034947,7.122690916061401,-2.14888858795166,0.0,0.0,0.0,0.0,0.0,0.0,0.0,0.0,9.271579504013062,catastrophe,1,1,1,1,1
aed1237adf57578c,0,1,1,1,0,0.3113336971456892,1.0332035451421078,0,0,0,0,0,0.1867993101613492,1.0469789120425848,1.902878092139704,1.966364940794532,1.893367395896816,1088.4249572753906,-6.068545341491699,0.0,0.0,0.14313173294067383,0.26605042815208435,0.0,2.413938522338867,0.0,2.8231206834316254,1094.4935026168823,material_positive,1,1,1,1,1
ba5ddc3d1d5d56ad,0,1,1,0,25,0.2006617011717707,-3.65264862778325e-05,25,25,25,25,-1,0.0154091749230908,0.0127626955319317,0.0154091749230908,0.0096543245396413,-0.0633432203580751,-2.4424909929885233e-14,-0.42341041564941406,-8.000176603673026e-05,0.0,0.0,0.0,0.0,0.0,0.0,0.0,0.4234904174154752,mild_harm,1,1,1,0,1
c81dc86e054f566d,0,1,15,1,3,0.0446817022815315,0.0005305072082206,3,3,3,3,-1,0.0475272511454098,0.0551113876017744,0.0475272511454098,0.0593673686473511,-0.0136301762503652,3.3281402587890625,6.693565368652344,8.141760190483183e-05,0.0,0.0,0.0,0.0,0.0,0.0,0.0,10.021787045043311,nearzero_positive,1,1,1,0,1
cffbf96734fa5f35,0,1,2,0,1,0.0905889789082065,-0.0001211573171431,-1,-1,-1,1,-1,-0.0106100186961276,-0.0153861545730877,-0.0106100186961276,0.0006477789978214,-0.0723497658998949,-9.528026103973389,6.351705551147461,1.5620957128703594e-05,0.0,0.0,0.0,0.0,0.0,0.0,0.0,15.879747276077978,mild_harm,0,0,1,0,0
f4ba7c7ca86f5233,0,1,13,1,22,0.3020711472082559,6.64908149863308e-05,22,22,22,22,22,0.124466345537311,0.1251936210924971,0.124466345537311,0.1007237899445467,0.0277262450468303,10.844727516174267,-9.871070861816406,-0.00013832870172336698,0.0,0.0,0.0,0.0,0.0,0.0,0.0,20.715936706692396,nearzero_positive,1,1,1,1,1
045cd7a008c65925,0,1,17,1,9,0.2187556230918365,0.0004271200689487,-1,-1,-1,-1,-1,-0.040519167601463,-0.0450054482189682,-0.0504131988113023,-0.0695976106746631,-0.1425951555723796,6.116230010986328,-8.661458969116211,-0.0001993537152884528,0.0,0.0,0.10908907651901245,0.0,0.0,0.0,0.10908907651901245,14.777888333817828,nearzero_positive,0,0,0,0,0
0c77a4182a655cf9,0,1,3,1,-1,,,-1,-1,-1,-1,-1,,,,,,,,,,,,,,,,,no_rsmr_proposal,0,0,0,0,0
1470dbcb0c415442,0,1,9,1,9,0.0258193396029285,0.0005928187692534,-1,-1,9,9,9,-0.1195789759829932,-0.1299976554846019,0.3343418402877688,0.3090734226848536,0.2360758777871371,2.062439441680908,-7.617401123046875,-0.00029867269040551037,0.0,0.10661125183105469,0.0011656880378723145,0.0,0.0,0.0,0.107776939868927,9.680139237418189,nearzero_positive,0,1,1,1,0
208da297c61b5a6b,0,1,14,0,9,0.2282433716521233,-0.0002173149178734,-1,-1,-1,-1,-1,-0.0772377910517925,-0.0867331847604068,-0.0781632898839624,-0.107327955065966,-0.1803254999636825,3.5351009368896484,-6.951133728027344,-0.0003141752058581915,0.0,0.0,0.010204315185546875,0.0,0.0,0.0,0.010204315185546875,10.48654884012285,mild_harm,0,0,0,0,0
249837af09305794,0,1,2,0,-1,,,-1,-1,-1,-1,-1,,,,,,,,,,,,,,,,,no_rsmr_proposal,0,0,0,0,0
2648d4ed541751cc,0,1,13,1,-1,,,-1,-1,-1,-1,-1,,,,,,,,,,,,,,,,,no_rsmr_proposal,0,0,0,0,0
2e3481cf5ec35baa,0,1,14,0,-1,,,-1,-1,-1,-1,-1,,,,,,,,,,,,,,,,,no_rsmr_proposal,0,0,0,0,0
31d6d7b013a75d29,0,1,17,1,9,0.1573999275685835,0.00015953127658,-1,-1,-1,-1,-1,-0.0928056050870571,-0.1073844318899427,-0.0935767586087288,-0.1323437889733622,-0.2053413338710787,2.8546557426452637,-7.270204544067383,-0.0004562573249131674,0.0,0.0,0.008502542972564697,0.0,0.0,0.0,0.008502542972564697,10.12531654403756,nearzero_positive,0,0,0,0,0
45389fbdea6657a0,0,1,10,0,6,0.051154231763046,-0.0003288350688643,6,6,6,6,-1,0.0197386020079302,0.0079909663662709,0.0219677783889947,0.0324161531739131,-0.0405813917238032,-17.3081014752388,5.461669921875,0.0,0.0,0.0,-0.024578332901000977,0.0,0.0,0.0,0.024578332901000977,22.7697713971138,mild_harm,1,1,1,0,1
46bf28b955d051b1,0,1,29,1,5,0.0061431271667552,-0.0003345792815641,5,-1,-1,-1,-1,0.0035537766833761,-0.0117541964474493,-0.0596694001308869,-0.0192178098656489,-0.0922153547633653,-18.54276275634761,-1.7128849029541016,0.0,0.0,0.0,0.6970826983451843,0.0,0.0,0.0,0.6970826983451843,20.25564765930171,mild_harm,0,0,0,0,1
4efebde6623256df,0,1,6,1,-1,,,-1,-1,-1,-1,-1,,,,,,,,,,,,,,,,,no_rsmr_proposal,0,0,0,0,0
5991dfcee3185e01,0,1,15,0,2,0.2289757826230753,-3.552210174457291e-05,2,2,2,2,-1,0.0331378705178061,0.0296987985340642,0.0331378705178061,0.0249427824441214,-0.0480547624535949,0.0,-2.513286590576172,-8.12992493024467e-05,0.0,0.0,0.0,0.0,0.0,0.0,0.0,2.5133678898254743,mild_harm,1,1,1,0,1
6c82dcb2637f5ad4,0,1,3,0,9,0.254706379729819,-0.0003719746213523,9,-1,-1,-1,-1,0.0107138720436017,-0.0089266683995388,-0.0119703773334137,-0.0434611748074226,-0.1164587197051391,0.15441370010375977,-7.347223281860352,-0.0005491052998536361,0.0,0.0,0.25011077523231506,0.0,0.0,0.0,0.25011077523231506,7.502186087263965,mild_harm,0,0,0,0,1
1a9e0797610e5da4,1,2,17,1,9,0.067860900177485,-0.0003152008085511,-1,-1,-1,-1,-1,-0.1636194895635085,-0.1630152713567658,-0.1636194895635085,-0.1832282721240264,-0.0753198212640967,0.9957414865493774,-7.238168716430664,-0.00026961148978443816,0.0,0.0,0.0,0.0,0.0,0.0,0.0,8.234179814469826,mild_harm,0,0,0,0,0
31e5a1e6febd5acb,1,2,12,1,4,0.1001262372180711,0.0022942917462438,-1,4,-1,-1,4,-0.0008894368965056,0.0195280382398785,-0.0008894368965056,-0.0085498886355109,0.0993585622244187,40.7867169380188,4.613786697387695,1.7102520644129982e-07,0.0,0.0,0.0,0.0,0.0,0.0,0.0,45.4005038064317,nearzero_positive,1,0,0,1,0
3f0c33142293536e,1,2,11,1,19,0.1759833801899673,0.0,-1,-1,-1,-1,19,-0.0169318384502467,-0.0169318384502467,-0.0169318384502467,-0.0169318384502467,0.0909766124096829,0.0,0.0,0.0,0.0,0.0,0.0,0.0,0.0,0.0,0.0,0.0,mild_harm,0,0,0,1,0
48fc14e048fb5fe2,1,2,18,1,23,0.1377213293175721,0.0001272183358669,23,23,23,23,23,0.0120442770708858,0.0044445604943502,0.0096599286681279,0.0060229759458287,0.1139314268057584,4.438452643612534e-18,2.105846405029297,-6.904880865477026e-05,0.0,-0.0027443766593933105,0.0360562838613987,0.0,0.0,0.0,0.03880066052079201,2.1059154538379516,nearzero_positive,1,1,1,1,1
65f00228b6bc54b5,1,2,17,1,-1,,,-1,-1,-1,-1,-1,,,,,,,,,,,,,,,,,no_rsmr_proposal,0,0,0,0,0
d22547ad7061548d,1,2,11,1,26,0.5517393249386024,0.0043491496021159,-1,-1,-1,-1,-1,-0.101413048502727,-0.0207781105256546,-0.1886345073176498,-0.217713437197045,-0.1098049863371153,96.94733428955064,-9.731689453125,-0.00014408465358428657,0.0,-0.029147207736968994,-0.015293438918888569,0.0,0.0,0.0,0.04444064665585756,106.67916782732922,nearzero_positive,0,0,0,0,0
ebc361211e395b18,1,2,19,0,-1,,,-1,-1,-1,-1,-1,,,,,,,,,,,,,,,,,no_rsmr_proposal,0,0,0,0,0
f757646a2d865977,1,2,1,0,5,0.0157890678845987,-0.0002396740362047,-1,-1,5,5,5,-0.1547429486701216,-0.1411752663796481,0.3296632309579822,0.3258199894679292,0.4337284403278589,19.996779441833496,0.39940452575683594,0.0,0.0,0.16480165719985962,0.03015005588531494,0.0,0.0,0.0,0.19495171308517456,20.396183967590332,mild_harm,0,1,1,1,0
9ca3798eb199579e,1,2,10,0,23,0.1914482223399789,-7.272584703751916e-05,-1,-1,-1,-1,-1,-0.0727758710520001,-0.0756890779888464,-0.0938735926949266,-0.1230415162342457,-0.015133065374316,-1.110221330559262e-15,-7.949642181396484,-0.0003500915081531275,0.0,-0.0013227462768554688,-0.11096519231796265,0.0,0.0,0.0,0.11228793859481812,7.949992272904638,mild_harm,0,0,0,0,0
f7050dbcd3c954f3,1,2,6,1,2,0.0975107973028239,1.2324836412908278,-1,-1,-1,-1,2,-0.0333401076653433,-0.0183146703605858,-0.0333401076653433,-0.0045224793310197,0.1033859715289099,-3.3306690738754696e-15,2.9884262084960938,0.00040082563646137714,0.0,0.0,0.0,0.0,0.0,0.0,0.0,2.9888270341325587,material_positive,0,0,0,1,0
180f81d1ca5c5ee3,1,2,17,1,23,0.1443417416229646,7.068096973794624e-05,-1,-1,-1,-1,23,-0.0022865085435097,-0.0041931641123639,-0.0022865085435097,-0.0015180672950016,0.106390383564928,-2.6607947616053007e-14,1.2831001281738281,1.0570460290182382e-05,0.0,0.0,0.0,0.0,0.0,0.0,0.0,1.283110698634145,nearzero_positive,0,0,0,1,0
1bd8ca835d485cd8,1,2,14,1,23,0.0869700583000563,0.0001267136363314,23,23,23,23,23,0.0188940477705904,0.0208828277036313,0.0188940477705904,0.0287849808156743,0.136693431675604,-3.2439329000766293e-15,2.6781845092773438,0.00013741162547376007,0.0,0.0,0.0,0.0,0.0,0.0,0.0,2.6783219209028206,nearzero_positive,1,1,1,1,1
291db523bb115ccf,1,2,16,1,24,0.1697532472292033,-8.852075822662897e-05,-1,-1,-1,-1,24,-0.0582078185994693,-0.0701666952380924,-0.0582078185994693,-0.0788376174692814,0.0290708333906482,0.0,-1.5121307373046875,-0.000287002170807682,0.0,0.0,0.0,0.0,0.0,0.0,0.0,1.5124177394754952,mild_harm,0,0,0,1,0
2d4f708394ef542e,1,2,2,0,-1,,,-1,-1,-1,-1,-1,,,,,,,,,,,,,,,,,no_rsmr_proposal,0,0,0,0,0
39346eef49ad52a6,1,2,16,0,2,0.0003899191943174,-1.8276321345854372,2,-1,-1,-1,2,0.0548233285803271,-0.2347490004295813,-0.1227377543204262,-0.0880689238471802,0.0198395270127494,-390.14715576171875,5.207857131958008,0.0,0.0,0.0,0.0,0.0,-0.41190338134765625,0.0,0.41190338134765625,395.35501289367676,catastrophe,0,0,0,1,1
621fb14952d45fbc,1,2,2,0,2,0.076859351701205,-1.793281329542026,-1,-1,-1,2,2,-0.066302179475636,-0.3272054905934107,-0.066302179475636,5.565715506994362e-05,0.1079641080149996,-351.0781555175781,4.858137130737305,0.0,0.0,0.0,0.0,0.0,0.0,0.0,0.0,355.93629264831543,catastrophe,0,0,1,1,0
79a3cfc7d4535d5f,1,2,14,1,25,0.4144419323145974,0.0030683114655256,-1,25,-1,-1,25,-0.0351579158363312,0.0226288211103738,-0.0351579158363312,-0.0475499829888408,0.0603584678710888,65.38349151611321,-5.714321136474609,0.0,0.0,0.0,0.0,0.0,0.0,0.0,0.0,71.09781265258782,nearzero_positive,1,0,0,1,0
7a90e31caaa35114,1,2,11,1,23,0.000844679722542,-0.0002471273148438,23,23,23,-1,23,0.0199795238904312,0.0077925570944603,0.0199795238904312,-0.0036963078879131,0.1042121429720165,-1.1657340911531196e-14,-2.5373878479003906,-0.0003293001209385693,0.0,0.0,0.0,0.0,0.0,0.0,0.0,2.5377171480213407,mild_harm,1,1,0,1,1
9e4525cb8f5e5fcd,1,2,15,0,-1,,,-1,-1,-1,-1,-1,,,,,,,,,,,,,,,,,no_rsmr_proposal,0,0,0,0,0
c5e0107671965987,1,2,13,0,-1,,,-1,-1,-1,-1,-1,,,,,,,,,,,,,,,,,no_rsmr_proposal,0,0,0,0,0
ca00c31168b252d5,1,2,16,1,-1,,,-1,-1,-1,-1,-1,,,,,,,,,,,,,,,,,no_rsmr_proposal,0,0,0,0,0
e2c31e25cb35514d,1,2,14,1,9,0.1786756793643761,-0.0005410650956444,-1,-1,-1,-1,-1,-0.1378365183662426,-0.1435231315168559,-0.1378365183662426,-0.1647824019964282,-0.0568739511364985,-1.101015567779541,-7.645792007446289,-0.00037721162516390905,0.0,0.0,0.0,0.0,0.0,0.0,0.0,8.747184786850994,mild_harm,0,0,0,0,0
114a8e53ec3c5e0d,1,2,3,1,-1,,,-1,-1,-1,-1,-1,,,,,,,,,,,,,,,,,no_rsmr_proposal,0,0,0,0,0
1907423ff64a51eb,1,2,9,1,22,0.1844532815796694,4.7492956556399735e-05,-1,-1,-1,-1,22,-0.0775263011303361,-0.0893515620737052,-0.076453839633537,-0.0966539307001975,0.0112545201597321,0.0,-1.51312255859375,-0.00028445654606912285,0.0,0.0,0.0068999528884887695,0.0,0.0,0.0,0.0068999528884887695,1.5134070151398191,nearzero_positive,0,0,0,1,0
b8091003cbb95da3,1,2,2,1,21,0.0097189837439082,0.0057995361132896,-1,21,-1,-1,21,-0.0619355852138295,0.0236475088153857,-0.0619355852138295,-0.0837761768192604,0.0241322740406692,115.55731201171875,-1.4457359313964844,0.0,0.0,0.0,0.0,0.0,0.0,0.0,0.0,117.00304794311523,nearzero_positive,1,0,0,1,0
c9281513f02f50f2,1,2,12,1,23,0.0998620397945753,0.0,-1,-1,-1,-1,23,-0.0300762360215664,-0.0300762360215664,-0.0300762360215664,-0.0300762360215664,0.0778322148383632,0.0,0.0,0.0,0.0,0.0,0.0,0.0,0.0,0.0,0.0,0.0,mild_harm,0,0,0,1,0
eeb054ac63575b33,1,2,2,1,-1,,,-1,-1,-1,-1,-1,,,,,,,,,,,,,,,,,no_rsmr_proposal,0,0,0,0,0
6988613e2a3557be,1,2,17,1,-1,,,-1,-1,-1,-1,-1,,,,,,,,,,,,,,,,,no_rsmr_proposal,0,0,0,0,0
b66ea7e3342b533b,1,2,2,0,2,0.1498102374783007,-5.520669647962606e-05,-1,-1,-1,-1,-1,-0.1782636696001501,-0.175496164425522,-0.1782636696001501,-0.2037594438276828,-0.0958509929677531,7.9757080078125,-7.473442077636719,-0.0003331765847178758,0.0,0.0,0.0,0.0,0.0,0.0,0.0,15.449483262033937,mild_harm,0,0,0,0,0
ebdc46dacb5f53f2,1,2,20,1,21,0.059523338066818,7.133007049464624e-07,-1,-1,-1,-1,21,-0.0317868146485289,-0.0362546546809306,-0.0317868146485289,-0.037828210851268,0.0700802400086616,0.0,0.06085205078125,-8.409733709413558e-05,0.0,0.0,0.0,0.0,0.0,0.0,0.0,0.060936148118344136,nearzero_positive,0,0,0,1,0
06a937676ff65c69,1,2,17,1,9,0.1457244736804245,-0.0008672325992258,-1,-1,-1,-1,-1,-0.134987162126794,-0.1278810034407201,-0.1329400615701328,-0.1434175744024182,-0.0355091235424885,1.712019920349121,-7.057651519775391,-0.00014720369199494598,0.0,0.0,0.01317054033279419,0.0,0.0,0.0,0.01317054033279419,8.769818643816507,mild_harm,0,0,0,0,0
26f611f146275818,1,2,17,1,-1,,,-1,-1,-1,-1,-1,,,,,,,,,,,,,,,,,no_rsmr_proposal,0,0,0,0,0
441987f47a6f5784,1,2,9,0,-1,,,-1,-1,-1,-1,-1,,,,,,,,,,,,,,,,,no_rsmr_proposal,0,0,0,0,0
5f4392860e5752ce,1,2,6,1,24,0.222149187005187,-0.000464562402782,-1,-1,-1,-1,-1,-0.0862916863270038,-0.0925478705058807,-0.0862916863270038,-0.1152975262462251,-0.0073890753862955,-1.9984017831384607e-14,-7.632843017578125,-0.00040299067040905356,0.0,0.0,0.0,0.0,0.0,0.0,0.0,7.6332460082485545,mild_harm,0,0,0,0,0
5fde760ec9f05c3d,1,2,16,1,22,0.509443486967129,-0.0001297025804172,-1,-1,-1,-1,22,-0.0134999725997541,-0.0232363225905668,-0.0134999725997541,-0.0557749584642561,0.0521334923956735,3.9672439098357954,-9.037698745727539,-0.0005771169671788812,0.0,0.0,0.0,0.0,0.0,0.0,0.0,13.005519772530514,mild_harm,0,0,0,1,0
606e5b5125985e1f,1,2,12,1,-1,,,-1,-1,-1,-1,-1,,,,,,,,,,,,,,,,,no_rsmr_proposal,0,0,0,0,0
73cd1e45d87156ee,1,2,18,1,23,0.383533882953274,0.0003884504090763,23,23,23,-1,23,0.0105851080391385,0.0237844221966703,0.0058935869502962,-0.0094501336353644,0.0984583172245652,12.648288726806626,-6.616949081420898,-0.00016463588690385222,0.0,0.0,-0.03018409013748169,0.0,0.0,0.0,0.03018409013748169,19.26540244411443,nearzero_positive,1,1,0,1,1
7a9a7b86210b5dc4,1,2,17,0,3,0.1223014329312727,-0.0001631911307573,3,3,3,3,3,0.1104374465721364,0.1040579374486047,0.1013454166483647,0.1116345645461075,0.2195430154060372,-2.9557580947875977,6.663801193237305,0.00016391853478125995,0.0,0.0,-0.05849587917327881,0.0,0.0,0.0,0.05849587917327881,9.619723206559684,mild_harm,1,1,1,1,1
81195788481d5844,1,2,17,1,-1,,,-1,-1,-1,-1,-1,,,,,,,,,,,,,,,,,no_rsmr_proposal,0,0,0,0,0
948d834b78515695,1,2,10,1,22,0.0786345226336342,2.8722488693892767e-05,22,22,22,22,22,0.0338259957026013,0.0304712844060136,0.0338259957026013,0.0310760512988927,0.1389845021588224,2.220446049250313e-15,0.7166957855224609,-3.8347185181919485e-05,0.0,0.0,0.0,0.0,0.0,0.0,0.0,0.7167341327076451,nearzero_positive,1,1,1,1,1
a08635adfbc45990,1,2,16,1,-1,,,-1,-1,-1,-1,-1,,,,,,,,,,,,,,,,,no_rsmr_proposal,0,0,0,0,0
a5836bf6d71f58f2,1,2,17,1,9,0.0483777762411058,0.000861446211487,-1,-1,-1,-1,-1,-0.2196345720276649,-0.2202320559556684,-0.2173548617781716,-0.2357585138195145,-0.1278500629595848,-0.3988475799560547,-6.9760589599609375,-0.0002638329377759874,0.0,0.0,0.014667093753814697,0.0,0.0,0.0,0.014667093753814697,7.375170372854768,nearzero_positive,0,0,0,0,0
a6e92119ed185a7d,1,2,19,0,-1,,,-1,-1,-1,-1,-1,,,,,,,,,,,,,,,,,no_rsmr_proposal,0,0,0,0,0
aeb0da156a7b5426,1,2,3,1,21,0.4016152735521289,8.050889065489182e-05,21,21,21,21,21,0.206437778387181,0.1944553441453541,0.206437778387181,0.1891037020830333,0.2970121529429629,-5.551123593455255e-16,-0.2618293762207031,-0.00024125077470671386,0.0,0.0,0.0,0.0,0.0,0.0,0.0,0.2620706269954104,nearzero_positive,1,1,1,1,1
b024a29a38815f5d,1,2,10,1,-1,,,-1,-1,-1,-1,-1,,,,,,,,,,,,,,,,,no_rsmr_proposal,0,0,0,0,0
c0eff628bb5d57f2,1,2,5,0,9,0.1919309276150189,-0.0002712661859579,-1,-1,-1,-1,9,-0.052931708780735,-0.0425774173922706,-0.052931708780735,-0.0566996684003881,0.0512087824595414,0.1531839370727539,-6.747690200805664,-5.138352207723074e-05,0.0,0.0,0.0,0.0,0.0,0.0,0.0,6.900925521400495,mild_harm,0,0,0,1,0
c2ef8af22b6b57fa,1,2,16,1,8,0.0314021350363716,0.0006266896873712,-1,-1,-1,-1,-1,-0.1759759298495983,-0.1670342690588205,-0.1752451196293749,-0.1815809300179166,-0.0736724791579869,-0.009973287582397461,-7.111257553100586,-8.986054308479652e-05,0.0,0.0,0.004701852798461914,0.0,0.0,0.0,0.004701852798461914,7.121320701226068,nearzero_positive,0,0,0,0,0
e2becee9277c5811,1,2,18,1,22,0.4637404023987865,0.0001367530750111,-1,-1,-1,-1,22,-0.0255299239738861,-0.0179489893019277,-0.0299806364062927,-0.0470888935402237,0.0608195573197059,7.702535629272448,-6.569948196411133,-0.0002029778843279928,0.0,0.0,-0.02863478660583496,0.0,0.0,0.0,0.02863478660583496,14.272686803567908,nearzero_positive,0,0,0,1,0
e7c6e7ca0bf75a88,1,2,17,1,-1,,,-1,-1,-1,-1,-1,,,,,,,,,,,,,,,,,no_rsmr_proposal,0,0,0,0,0
f845609710815b95,1,2,16,1,22,0.5103017594189099,-0.0001336572684111,-1,-1,-1,-1,22,-0.0130197656797526,-0.0208471729654777,-0.0130197656797526,-0.0525967629987372,0.0553116878611924,3.8681170940398677,-9.063940048217773,-0.0005398212233558297,0.0,0.0,0.0,0.0,0.0,0.0,0.0,12.932596963480997,mild_harm,0,0,0,1,0
0e7c79855e005220,1,2,17,1,3,0.1567587199850295,0.989674308249508,-1,-1,-1,-1,3,-0.0239734105947549,-0.0188629179574028,-0.0239734105947549,-0.0239922088342183,0.0839162420257113,0.0,-2.672504425048828,0.0,0.0,0.0,0.0,0.0,0.0,0.0,0.0,2.672504425048828,material_positive,0,0,0,1,0
14dd0d86a4d353af,1,2,1,0,-1,,,-1,-1,-1,-1,-1,,,,,,,,,,,,,,,,,no_rsmr_proposal,0,0,0,0,0
2d691673d2a75468,1,2,5,1,9,0.2046044900958258,-0.0005493406044321,-1,-1,-1,-1,-1,-0.1471122678534638,-0.1580240209070793,-0.1471122678534638,-0.1806496483662125,-0.0727411975062828,-1.6989245414733887,-7.662528991699219,-0.0004705305473180488,0.0,0.0,0.0,0.0,0.0,0.0,0.0,9.361924063719925,mild_harm,0,0,0,0,0
4a475083531f544e,1,2,17,1,5,0.0152957417616315,0.0005351796336472,-1,-1,-1,-1,-1,-0.1373418996030577,-0.1290598766545519,-0.1373418996030577,-0.1393356427775026,-0.0314271919175729,10.539509773254395,-0.38095855712890625,0.0,0.0,0.0,0.0,0.0,0.0,0.0,0.0,10.9204683303833,nearzero_positive,0,0,0,0,0
4aa6a5b42a9d5a1a,1,2,4,0,-1,,,-1,-1,-1,-1,-1,,,,,,,,,,,,,,,,,no_rsmr_proposal,0,0,0,0,0
4f8180de60ff5016,1,2,16,1,-1,,,-1,-1,-1,-1,-1,,,,,,,,,,,,,,,,,no_rsmr_proposal,0,0,0,0,0
65f6f0aad1645746,1,2,15,0,-1,,,-1,-1,-1,-1,-1,,,,,,,,,,,,,,,,,no_rsmr_proposal,0,0,0,0,0
86935537a5e256bd,1,2,3,1,23,0.1231613475703427,-4.216529144323439e-05,-1,-1,-1,-1,-1,-0.0988203634306667,-0.1073278805994244,-0.1041647948919345,-0.1191828962192505,-0.0112744453593208,0.0,-1.1394538879394531,-0.0002065278240479529,0.0,-0.001562356948852539,-0.005124986171722412,0.0,0.0,0.0,0.006687343120574951,1.139660415763501,mild_harm,0,0,0,0,0
91dfe4ebf3c25298,1,2,3,0,-1,,,-1,-1,-1,-1,-1,,,,,,,,,,,,,,,,,no_rsmr_proposal,0,0,0,0,0
ae93b0cb5f2752c9,1,2,7,1,23,0.2090003092380338,-1.621068492024813e-06,-1,-1,-1,-1,23,-0.0293988606752586,-0.0293535171357767,-0.0293988606752586,-0.0293990274651894,0.0785094233947402,0.0,-0.023712158203125,0.0,0.0,0.0,0.0,0.0,0.0,0.0,0.0,0.023712158203125,mild_harm,0,0,0,1,0
c4b429aa06c65c18,1,2,5,1,27,0.1829648659151209,2.0200232751698115,27,27,27,27,27,0.0696481175134311,0.0735804685394211,1.259263993652062,1.2561450887672625,1.364053539627192,0.09558787941932678,-2.0205764770507812,0.0,0.0,0.4090355634689331,-0.006708979606628418,0.0,0.0,0.0,0.4157445430755615,2.116164356470108,material_positive,1,1,1,1,1
d124fe4c82a0504a,1,2,14,0,-1,,,-1,-1,-1,-1,-1,,,,,,,,,,,,,,,,,no_rsmr_proposal,0,0,0,0,0
d8a9f79a9b2f5af3,1,2,1,1,22,1.20704336188775,3.149701463542634,22,22,22,22,22,2.24438671209342,2.2019307595008084,2.24438671209342,2.244542880435715,2.3524513312956445,0.0,22.202110290527344,0.0,0.0,0.0,0.0,0.0,0.0,0.0,0.0,22.202110290527344,material_positive,1,1,1,1,1
d9b829983ef95e41,1,2,17,0,-1,,,-1,-1,-1,-1,-1,,,,,,,,,,,,,,,,,no_rsmr_proposal,0,0,0,0,0
dba43762ec9a571c,1,2,3,0,-1,,,-1,-1,-1,-1,-1,,,,,,,,,,,,,,,,,no_rsmr_proposal,0,0,0,0,0
fefa06851c7f58a7,1,2,7,1,20,0.2475751952100125,-1.232325807697454,-1,-1,-1,-1,-1,-0.1309449130984702,-0.1250783774858456,-0.1309449130984702,-0.1309664923373211,-0.0230580414773914,0.0,-3.067873001098633,0.0,0.0,0.0,0.0,0.0,0.0,0.0,0.0,3.067873001098633,catastrophe,0,0,0,0,0
185ce8f5060f5856,1,2,1,0,-1,,,-1,-1,-1,-1,-1,,,,,,,,,,,,,,,,,no_rsmr_proposal,0,0,0,0,0
6b5577a2a92d5e63,1,2,14,1,4,0.1546974795209342,-4.862848371267603e-05,-1,-1,-1,-1,-1,-0.1229120241685938,-0.1219906322737365,-0.1229120241685938,-0.1228077100374302,-0.0148992591775005,-0.57818603515625,-0.6985340118408203,0.0,0.0,0.0,0.0,0.0,0.0,0.0,0.0,1.2767200469970703,mild_harm,0,0,0,0,0
6d5d40bcf2f153a8,1,2,28,1,11,0.3056315383103962,0.0014631343937406,11,11,-1,-1,11,0.0194142600940277,0.04693156707531,-0.0019817425871371,-0.0170971867903184,0.0908112640696112,31.450027465820284,-4.192451477050781,-5.87427566642873e-05,0.0,0.0,-0.13765660673379898,0.0,0.0,0.0,0.13765660673379898,35.64253768562773,nearzero_positive,1,0,0,1,1
8ce184b9fe795518,1,2,12,1,12,0.2697113966484706,0.0,-1,-1,-1,-1,-1,-0.2064090888528929,-0.2064090888528929,-0.2064090888528929,-0.2064090888528929,-0.0985006379929632,0.0,0.0,0.0,0.0,0.0,0.0,0.0,0.0,0.0,0.0,0.0,mild_harm,0,0,0,0,0
ae75c379fc4f5ac0,1,2,15,1,-1,,,-1,-1,-1,-1,-1,,,,,,,,,,,,,,,,,no_rsmr_proposal,0,0,0,0,0
bc30bddda7655472,1,2,17,1,-1,,,-1,-1,-1,-1,-1,,,,,,,,,,,,,,,,,no_rsmr_proposal,0,0,0,0,0
ec003315c7f8544e,1,2,13,1,7,0.3000589655082053,1.625132601845264,7,7,7,7,7,0.4089808299904866,1.353453065244092,1.5954785253115755,1.6081061597498816,1.7160146106098113,1315.163330078125,-0.9993686676025391,0.0,0.0,0.0,0.0,0.0,2.7524185180664062,0.0,2.7524185180664062,1316.1626987457275,material_positive,1,1,1,1,1
f80967dcb45f5879,1,2,25,1,25,0.2387807976232137,-8.79884749651616e-05,25,25,25,25,25,0.0920014464064152,0.099576536580388,0.0920014464064152,0.0919735824862118,0.1998820333461415,1.029037965949442e-13,-3.9613523483276367,0.0,0.0,0.0,0.0,0.0,0.0,0.0,0.0,3.9613523483277397,mild_harm,1,1,1,1,1
f8295ad66d0b502a,1,2,18,1,23,0.0323762385235986,0.0001384854522026,23,-1,23,23,23,0.0011900468803858,-0.0008499481947263,0.0011900468803858,0.0056911662852457,0.1135996171451754,-1.7763561617738927e-14,2.7547988891601562,6.238225068955217e-05,0.0,0.0,0.0,0.0,0.0,0.0,0.0,2.7548612714108636,nearzero_positive,0,1,1,1,1
00d83b17d1755be3,1,2,7,0,-1,,,-1,-1,-1,-1,-1,,,,,,,,,,,,,,,,,no_rsmr_proposal,0,0,0,0,0
07f7850e943e5787,1,2,17,1,9,0.0010526287388362,-0.0003208969734609,-1,-1,-1,-1,-1,-0.1956138837977837,-0.1973979916018529,-0.1956138837977837,-0.2189320556053992,-0.1110236047454695,0.7141952514648438,-7.511133193969727,-0.000321956817060709,0.0,0.0,0.0,0.0,0.0,0.0,0.0,8.225650402251631,mild_harm,0,0,0,0,0
0bd45dc9e3a759c2,1,2,17,1,17,0.1101286099339962,0.000105648253858,-1,-1,-1,-1,17,-0.0444474664031822,-0.0491502720382282,-0.0445672361223528,-0.0445775027122696,0.06333094814766,0.0,2.4593067169189453,0.0,0.0,0.0,-0.00077056884765625,0.0,0.0,0.0,0.00077056884765625,2.4593067169189453,nearzero_positive,0,0,0,1,0
183eebcd18325090,1,2,12,1,22,0.149891029584383,-2.6754828193224865e-05,-1,-1,-1,-1,22,-0.0701308639437099,-0.0662978432413972,-0.0701308639437099,-0.0666370556861827,0.0412713951737469,0.0,-0.686737060546875,4.8698238970246166e-05,0.0,0.0,0.0,0.0,0.0,0.0,0.0,0.6867857587858452,mild_harm,0,0,0,1,0
19b32f02944d51ad,1,2,19,1,20,0.1436572762248105,4.461837168800997e-05,20,-1,20,20,20,0.0021418827836332,-0.0019317958303994,0.0021418827836332,0.0021568672462903,0.11006531810622,0.0,2.130308151245117,0.0,0.0,0.0,0.0,0.0,0.0,0.0,0.0,2.130308151245117,nearzero_positive,0,1,1,1,1
1de30d88d7e15d70,1,2,11,1,4,0.1436918799428695,0.0004073154002428,-1,-1,-1,-1,-1,-0.1127320161751745,-0.1069080151793301,-0.2983872376322747,-0.3002012255337803,-0.1922927746738507,8.148530960083008,0.008340835571289062,0.0,0.0,-0.0627179741859436,-0.019879817962646484,0.0,0.0,0.0,0.08259779214859009,8.156871795654297,nearzero_positive,0,0,0,0,0
351a31864bda5923,1,2,12,1,9,0.1666088868814431,-0.0003158109522206,-1,-1,-1,-1,-1,-0.148346360501113,-0.1578984658755699,-0.1482307968039492,-0.1853335329815138,-0.0774250821215841,2.640583038330078,-7.790914535522461,-0.0005091041894047521,0.0,0.0,0.0007435083389282227,0.0,0.0,0.0,0.0007435083389282227,10.432006678041944,mild_harm,0,0,0,0,0
42e1302d4d595015,1,2,24,0,23,0.1973050792219317,-3.214230805159701e-05,-1,-1,-1,-1,23,-0.0278339683821748,-0.0238772594682052,-0.0278339683821748,-0.0278485225879882,0.0800599282719414,0.0,-2.0691394805908203,0.0,0.0,0.0,0.0,0.0,0.0,0.0,0.0,2.0691394805908203,mild_harm,0,0,0,1,0
436d539f02525dbf,1,2,9,1,-1,,,-1,-1,-1,-1,-1,,,,,,,,,,,,,,,,,no_rsmr_proposal,0,0,0,0,0
53791dfcfb555d8b,1,2,13,0,-1,,,-1,-1,-1,-1,-1,,,,,,,,,,,,,,,,,no_rsmr_proposal,0,0,0,0,0
5787abf0e35d54cf,1,2,12,1,9,0.1248199085838309,-0.0003529437301916,-1,-1,-1,-1,-1,-0.1803732028339349,-0.1807149867705499,-0.1803732028339349,-0.2016155874378109,-0.0937071365778812,0.7800800204277039,-7.454338073730469,-0.00029289584199432284,0.0,0.0,0.0,0.0,0.0,0.0,0.0,8.234710990000167,mild_harm,0,0,0,0,0
6a860de43c125dbf,1,2,17,1,9,0.2049325584496877,0.0001310493692754,-1,-1,-1,-1,9,-0.0213818304381394,-0.0207338200512709,-0.0212707970157802,-0.0353988705960678,0.0725095802638618,3.7914276123046875,-3.968404769897461,-0.000186648903763853,0.0,0.0,0.0007143616676330566,0.0,0.0,0.0,0.0007143616676330566,7.760019031105912,nearzero_positive,0,0,0,1,0
7b1eb807d4d95132,1,2,17,0,6,0.0619950175742606,-0.0012438182294368,-1,-1,-1,-1,6,-0.1036066063079872,-0.1209107235448884,-0.1036066063079872,-0.0989356433014352,0.0089728075584944,-24.733527183532715,-0.2207317352294922,0.0,0.0,0.0,0.0,0.0,0.0,0.0,0.0,24.954258918762207,mild_harm,0,0,0,1,0
89ec4c93349d5b58,1,2,25,1,22,0.5054108353610807,-5.431908551845055e-05,22,22,22,22,22,0.0149062028579821,0.0183105457603767,0.0149062028579821,0.0047352431885977,0.1126436940485273,0.2190963625907898,-5.498781204223633,-0.00014045709394849837,0.0,0.0,0.0,0.0,0.0,0.0,0.0,5.718018023908371,mild_harm,1,1,1,1,1
a3fff53e9f375592,1,2,6,1,-1,,,-1,-1,-1,-1,-1,,,,,,,,,,,,,,,,,no_rsmr_proposal,0,0,0,0,0
a6bf958e054951f3,1,2,16,0,7,0.0266739883942886,-0.0005569157022051,-1,-1,-1,-1,-1,-0.1405793557642515,-0.1429891229340991,-0.1405793557642515,-0.1308415622894436,-0.0229331114295139,-11.054267883300781,-0.001739501953125,0.0001064748503267765,0.0,0.0,0.0,0.0,0.0,0.0,0.0,11.056113860104233,mild_harm,0,0,0,0,0
ad9cdad9769f572f,1,2,15,1,10,0.1477735710132283,-8.041050173335229e-05,-1,-1,-1,-1,10,-0.0865882919859283,-0.0810169963580562,-0.0865882919859283,-0.0866087852253802,0.0212996656345494,0.0,-2.9134788513183594,0.0,0.0,0.0,0.0,0.0,0.0,0.0,0.0,2.9134788513183594,mild_harm,0,0,0,1,0
c2c39f197ef95b97,1,2,25,1,20,0.1448880799919503,5.784040018896874e-05,20,-1,20,20,20,0.0028747320325445,-0.001489065722496,0.0028747320325445,0.002890783658286,0.1107992345182157,0.0,2.282024383544922,0.0,0.0,0.0,0.0,0.0,0.0,0.0,0.0,2.282024383544922,nearzero_positive,0,1,1,1,1
cf7a886f70be5245,1,2,14,1,20,0.1829912191300188,0.0004713724773375,20,20,20,20,20,0.1455550074586065,0.1561014722092734,0.1455550074586065,0.1436300245499976,0.2515384754099273,10.125667572021484,-1.7202391624450684,0.0,0.0,0.0,0.0,0.0,0.0,0.0,0.0,11.845906734466553,nearzero_positive,1,1,1,1,1
d7ed9fbf26d0502e,1,2,14,1,9,0.1523826617382438,-0.000349602394551,-1,-1,-1,-1,-1,-0.1544994712273977,-0.1766619069746269,-0.1543353993116714,-0.2090933598151192,-0.1011849089551896,2.7957382202148438,-7.78108024597168,-0.0007545990956714377,0.0,0.0,0.001055598258972168,0.0,0.0,0.0,0.001055598258972168,10.577573065282195,mild_harm,0,0,0,0,0
e9922a266cc35210,1,2,1,0,-1,,,-1,-1,-1,-1,-1,,,,,,,,,,,,,,,,,no_rsmr_proposal,0,0,0,0,0
eef9e53ca3eb51a8,1,2,8,0,2,0.0368163456877717,-1.8450037153049488,2,-1,-1,-1,-1,0.0049193214118312,-0.3828688621139297,-0.1791842883319457,-0.1198175538438633,-0.0119091029839337,-528.3002319335938,4.806770324707031,5.751171556767076e-07,0.0,0.0,0.0,0.0,-0.4270806312561035,0.0,0.4270806312561035,533.1070028334179,catastrophe,0,0,0,0,1
f19973f839e35f20,1,2,4,1,-1,,,-1,-1,-1,-1,-1,,,,,,,,,,,,,,,,,no_rsmr_proposal,0,0,0,0,0
02fca515559f520d,1,2,11,1,0,0.1076566095881033,-5.087164717831882e-05,-1,-1,-1,-1,0,-0.0851091464382623,-0.0846660008741357,-0.0851091464382623,-0.0856162027857702,0.0222922480741594,4.773959005888173e-14,-0.421600341796875,-7.016539257165277e-06,0.0,0.0,0.0,0.0,0.0,0.0,0.0,0.4216073583361799,mild_harm,0,0,0,1,0
115efd50328f5ecc,1,2,18,1,-1,,,-1,-1,-1,-1,-1,,,,,,,,,,,,,,,,,no_rsmr_proposal,0,0,0,0,0
117049ed19db55a2,1,2,20,1,25,0.2123565456466162,-0.0005033181324601,-1,-1,-1,-1,25,-0.0416951341719112,-0.0324441476478032,-0.0416951341719112,-0.0495099123524803,0.0583985385074493,1.554312234475219e-14,-7.760536193847656,-0.00010801562166307122,0.0,0.0,0.0,0.0,0.0,0.0,0.0,7.760644209469335,mild_harm,0,0,0,1,0
2154d495b9b657a5,1,2,3,0,6,1.4060280125472815,-1.220322729590535,6,6,6,6,6,1.0988396223538412,1.0988049174796584,1.0988396223538412,1.10053744272495,1.2084458935848796,-9.113758087158203,-3.3975772857666016,0.0,0.0,0.0,0.0,0.0,0.0,0.0,0.0,12.511335372924805,catastrophe,1,1,1,1,1
2c572f2c1c485fc0,1,2,16,1,-1,,,-1,-1,-1,-1,-1,,,,,,,,,,,,,,,,,no_rsmr_proposal,0,0,0,0,0
3152efff212c51ff,1,2,3,1,1,0.2935946569372989,-0.0102287174349422,1,1,1,1,1,0.0719044260559286,0.1656855823945831,0.075772544222022,0.0526012324981598,0.1605096833580895,127.31832885742188,-1.324981689453125,0.0,0.0,0.0,0.024886518716812134,0.0,0.0,0.0,0.024886518716812134,128.643310546875,mild_harm,1,1,1,1,1
327d5cdfdd695e7e,1,2,17,1,3,0.176566180637329,0.0001152485769475,3,3,3,3,3,0.0621604004098091,0.0656595067036951,0.0634109693362998,0.0548295529837578,0.1627380038436875,3.896890163421631,-3.423480987548828,-0.00011287046072538942,0.0,0.0,0.008045852184295654,0.0,0.0,0.0,0.008045852184295654,7.320484021431184,nearzero_positive,1,1,1,1,1
64fe109ec6a858ec,1,2,24,1,14,0.1030903321181174,-0.0001836422961903,-1,-1,-1,-1,14,-0.0278974948276895,-0.0321693945919977,-0.0278974948276895,-0.0278817812359809,0.0800266696239487,0.0,2.233966827392578,0.0,0.0,0.0,0.0,0.0,0.0,0.0,0.0,2.233966827392578,mild_harm,0,0,0,1,0
6c95d9b03b7a5944,1,2,6,1,10,0.0965010350228222,-0.0025507494289427,-1,-1,-1,-1,-1,-0.1339907293416908,-0.1655593154085246,-0.1339907293416908,-0.1593912019729402,-0.0514827511130105,-38.15460205078125,-10.04621696472168,-0.0004528994104475714,0.0,0.0,0.0,0.0,0.0,0.0,0.0,48.20127191491338,mild_harm,0,0,0,0,0
73963278f6eb5002,1,2,10,1,18,0.1413580756368672,0.0,-1,-1,-1,-1,18,-0.0246932967652138,-0.0246932967652138,-0.0246932967652138,-0.0246932967652138,0.0832151540947158,0.0,0.0,0.0,0.0,0.0,0.0,0.0,0.0,0.0,0.0,0.0,mild_harm,0,0,0,1,0
799dcf813dba5d8a,1,2,6,0,4,0.0180210547767016,-0.0031884899966418,-1,-1,-1,-1,4,-0.042604299887819,-0.0962346626751186,-0.0607033576036751,-0.0498977197717913,0.0580107310881383,-61.2333984375,5.2147064208984375,4.380595783004537e-06,0.0,-0.004508614540100098,-0.032007694244384766,0.0,0.0,0.0,0.03651630878448486,66.44810923899422,mild_harm,0,0,0,1,0
7b6dfa3d4bc553a9,1,2,15,1,15,0.1407745227683244,0.0,-1,-1,-1,-1,15,-0.0201149192399834,-0.0201149192399834,-0.0201149192399834,-0.0201149192399834,0.0877935316199462,0.0,0.0,0.0,0.0,0.0,0.0,0.0,0.0,0.0,0.0,0.0,mild_harm,0,0,0,1,0
842b7f0b68fc5245,1,2,16,1,20,0.2373164256761826,1.2322185659539886,-1,-1,20,20,20,-0.0215158660371735,-0.0179982913582492,0.4091977239697145,0.3967274569554651,0.5046359078153948,0.0,-1.8394966125488281,0.0,0.0,0.1648482084274292,-0.31616663932800293,0.0,0.0,0.0,0.48101484775543213,1.8394966125488281,material_positive,0,1,1,1,0
86839ab67df151f2,1,2,9,1,1,0.1533425829309448,7.329354990481818e-05,-1,-1,-1,-1,1,-0.0358692568505705,-0.0312049786495802,-0.0358692568505705,-0.0257393247291518,0.0821691261307778,3.885781433220995e-15,1.3725223541259766,0.00014086613373365253,0.0,0.0,0.0,0.0,0.0,0.0,0.0,1.3726632202597142,nearzero_positive,0,0,0,1,0
9a3e4f2df62b54fa,1,2,14,0,22,0.1087206653252855,-0.000212181274418,-1,-1,-1,-1,22,-0.0551697510254159,-0.0537527935339988,-0.0551697510254159,-0.0511093704221192,0.0567990804378104,0.0,0.7862205505371094,5.644025804940611e-05,0.0,0.0,0.0,0.0,0.0,0.0,0.0,0.7862769907951588,mild_harm,0,0,0,1,0
a7c4607a69e55039,1,2,17,1,23,0.1311335441940994,-0.0001578706935048,-1,23,-1,23,23,-0.0073677667610895,0.0044680114701232,-0.0073677667610895,0.0049898298756718,0.1128982807356015,0.0,-1.5310592651367188,0.00017215771367773414,0.0,0.0,0.0,0.0,0.0,0.0,0.0,1.5312314228503965,mild_harm,1,0,1,1,0
c608632e83a659ca,1,2,27,1,-1,,,-1,-1,-1,-1,-1,,,,,,,,,,,,,,,,,no_rsmr_proposal,0,0,0,0,0
d022d382b3aa5fa1,1,2,10,1,-1,,,-1,-1,-1,-1,-1,,,,,,,,,,,,,,,,,no_rsmr_proposal,0,0,0,0,0
d07acbfa3a6e55b0,1,2,17,1,3,0.0036022067530751,-0.0001263671795837,-1,-1,-1,-1,3,-0.0889485393440946,-0.0807233144084212,-0.0887799742110262,-0.0864172270672682,0.0214912237926614,-0.5607395172119141,-3.666391372680664,3.12320189550519e-05,0.0,0.0,0.0010845065116882324,0.0,0.0,0.0,0.0010845065116882324,4.227162121911533,mild_harm,0,0,0,1,0
e88d31e512eb52aa,1,2,23,1,20,0.3143507173025226,0.0001063138395562,-1,20,20,-1,20,-0.0015350243978015,0.0002626552834332,0.0067479947952641,-0.000544663381108,0.1073637874788216,0.7331578731536865,-4.06706428527832,-0.00012571676052175462,0.0,0.0,0.05329090356826782,0.0,0.0,0.0,0.05329090356826782,4.800347875192529,nearzero_positive,1,1,0,1,0
fc25adef73d35a71,1,2,6,1,9,0.1449706006304333,-0.0005650871805846,-1,-1,-1,-1,-1,-0.1250522991154457,-0.135939498441378,-0.1242767420091151,-0.1574608204310885,-0.0495523695711589,-1.854008674621582,-7.678646087646484,-0.00046850360558892135,0.0,0.0,0.004989743232727051,0.0,0.0,0.0,0.004989743232727051,9.533123265873655,mild_harm,0,0,0,0,0
06f2c0171372558e,1,2,14,0,9,0.1788165425554677,-0.0002192424658685,-1,-1,-1,-1,-1,-0.1306879460112792,-0.1318771233286076,-0.1237405704145018,-0.1463108661548778,-0.0384024152949481,3.4041824340820312,-6.944723129272461,-0.0003267851316195447,0.0,0.0,0.044697701930999756,0.0,0.0,0.0,0.044697701930999756,10.349232348486112,mild_harm,0,0,0,0,0
1139bbb1cfe35d48,1,2,2,1,1,0.2045598402354911,0.0015995440794149,-1,-1,-1,-1,-1,-0.1182330387356955,-0.0814229777108427,-0.1342116583649686,-0.1479045532208968,-0.0399961023609671,37.21474075317383,-6.453298568725586,-4.254831492289668e-05,0.0,-0.00017315149307250977,-0.0995597243309021,0.0,0.0,0.0,0.09973287582397461,43.66808187021434,nearzero_positive,0,0,0,0,0
190db336fe0e515f,1,2,4,0,9,0.1299149026015991,-0.000611153855361,-1,-1,9,9,9,-0.0152277906330091,-0.0146516142084714,0.0463777881826445,0.027118710658916,0.1350271615188457,-2.538987159729004,-10.693498611450195,-0.00034889118978753686,0.0,0.012965857982635498,0.15353095531463623,0.0,0.0,0.0,0.16649681329727173,13.232834662368987,mild_harm,0,1,1,1,0
1bf5b342d1b052c3,1,2,3,0,11,0.0679980424190023,-0.0001951636242678,-1,-1,-1,-1,11,-0.0417111406963824,-0.0452278713839632,-0.0421971323817898,-0.0414902319671813,0.0664182188927483,-3.7328453063964844,0.4400300979614258,0.0,0.0,-0.00016319751739501953,-7.039308547973633e-05,0.0,0.0,0.0,0.00023359060287475586,4.17287540435791,mild_harm,0,0,0,1,0
1da0d8dce4485189,1,2,12,0,4,0.0354712576723474,-0.009133773411857,-1,-1,-1,-1,4,-0.0275927034215912,-0.03300843955629,-0.0275927034215912,-0.0274965003417097,0.0804119505182199,-0.4095064401626587,2.678651809692383,0.0,0.0,0.0,0.0,0.0,0.0,0.0,0.0,3.0881582498550415,mild_harm,0,0,0,1,0
21f2c3689d765b09,1,2,1,1,-1,,,-1,-1,-1,-1,-1,,,,,,,,,,,,,,,,,no_rsmr_proposal,0,0,0,0,0
234440ab79d55e59,1,2,18,0,-1,,,-1,-1,-1,-1,-1,,,,,,,,,,,,,,,,,no_rsmr_proposal,0,0,0,0,0
2ababb1ca1ba5637,1,2,17,1,3,0.0662434635992207,0.0001287251278991,3,3,3,3,3,0.0293776144000217,0.037354415372685,0.0295979673370941,0.0285440975481042,0.1364525484080339,3.8282229900360107,-2.8726844787597656,-5.027227416576352e-06,0.0,0.0,0.001417696475982666,0.0,0.0,0.0,0.001417696475982666,6.700912496023193,nearzero_positive,1,1,1,1,1
3c6c3ba8c08e581a,1,2,16,1,-1,,,-1,-1,-1,-1,-1,,,,,,,,,,,,,,,,,no_rsmr_proposal,0,0,0,0,0
59b8dea90c1b5499,1,2,17,1,3,0.1315731938029783,0.001022456206428,3,3,3,3,3,0.0201571887836159,0.0387081564764262,0.0204246880774997,0.0153851142385883,0.123293565098518,20.72723388671875,-2.373018264770508,-1.6268448234768584e-05,0.0,0.0,0.001721024513244629,0.0,0.0,0.0,0.001721024513244629,23.100268419937493,nearzero_positive,1,1,1,1,1
68e20734e9415e24,1,2,4,1,9,0.1098865271516235,-8.91803213395187e-05,-1,-1,-1,-1,9,-0.0769517038608703,-0.0809014213684233,-0.0769517038608703,-0.0766313316034657,0.0312771192564639,-1.6418672800064087,1.4501314163208008,0.0,0.0,0.0,0.0,0.0,0.0,0.0,0.0,3.0919986963272095,mild_harm,0,0,0,1,0
742976289d405b0d,1,2,17,0,-1,,,-1,-1,-1,-1,-1,,,,,,,,,,,,,,,,,no_rsmr_proposal,0,0,0,0,0
091cae980d54535d,2,3,17,0,20,0.0143570900148686,-0.0001110662376973,-1,-1,-1,-1,-1,-0.0849225377735018,-0.0828387147940788,-0.0849225377735018,-0.1055402778084491,-0.012876014389159,0.0,-4.574436187744141,-0.00016320715440087952,0.0,0.0,0.0,0.0,0.0,0.0,0.0,4.5745993948985415,mild_harm,0,0,0,0,0
0aea8543e71b5712,2,3,15,1,22,0.1013848030140113,0.0,-1,-1,-1,-1,22,-0.0435978229130641,-0.0435978229130641,-0.0435978229130641,-0.0435978229130641,0.0490664405062259,0.0,0.0,0.0,0.0,0.0,0.0,0.0,0.0,0.0,0.0,0.0,mild_harm,0,0,0,1,0
122436b1207258bf,2,3,19,1,2,0.0399785615020017,1.2323318207158476,2,2,2,2,2,0.0047693275762415,0.0083052938862351,0.0018126923748077,0.0166898308104984,0.1093540942297886,1.7763568394002505e-14,2.4546737670898438,0.00016354282706743106,0.0,-0.00030303001403808594,-0.03623861074447632,0.0,0.0,0.0,0.036541640758514404,2.454837309916929,material_positive,1,1,1,1,1
1bd7b3ce5adf5826,2,3,17,1,-1,,,-1,-1,-1,-1,-1,,,,,,,,,,,,,,,,,no_rsmr_proposal,0,0,0,0,0
581836f4f4365cc8,2,3,18,1,1,0.6314680991488936,-0.0003538411187793,1,1,1,1,1,0.1150924802103802,0.1195246539136664,0.2979085314774135,0.2564874783293446,0.3491517417486348,0.3982468843459985,-9.068634033203125,-0.00032345758518204093,0.0,0.056522488594055176,0.0,0.0,0.0,0.0,0.056522488594055176,9.467204375134305,mild_harm,1,1,1,1,1
70b54ac4d8ae56de,2,3,1,1,-1,,,-1,-1,-1,-1,-1,,,,,,,,,,,,,,,,,no_rsmr_proposal,0,0,0,0,0
72eb13d3a4255179,2,3,1,0,-1,,,-1,-1,-1,-1,-1,,,,,,,,,,,,,,,,,no_rsmr_proposal,0,0,0,0,0
7fc2b30cb72a5d56,2,3,9,0,-1,,,-1,-1,-1,-1,-1,,,,,,,,,,,,,,,,,no_rsmr_proposal,0,0,0,0,0
83aa0b7439d45dd8,2,3,5,1,-1,,,-1,-1,-1,-1,-1,,,,,,,,,,,,,,,,,no_rsmr_proposal,0,0,0,0,0
8675d815740a5a0b,2,3,22,1,-1,,,-1,-1,-1,-1,-1,,,,,,,,,,,,,,,,,no_rsmr_proposal,0,0,0,0,0
9070daa02ad0542c,2,3,3,1,-1,,,-1,-1,-1,-1,-1,,,,,,,,,,,,,,,,,no_rsmr_proposal,0,0,0,0,0
9771a60ee60a5d27,2,3,5,0,-1,,,-1,-1,-1,-1,-1,,,,,,,,,,,,,,,,,no_rsmr_proposal,0,0,0,0,0
9c2eb9c5b45f522b,2,3,29,1,25,0.073651212373821,3.822718737644948e-05,25,25,25,25,25,0.0326620654375194,0.0314038892875305,0.0323118654190737,0.0325710158846115,0.1252352793039016,3.1224980215935165e-16,0.4135017395019531,-2.7083988243248314e-06,0.0,-0.00010538101196289062,-0.00017154216766357422,0.0,0.0,0.0,0.00027692317962646484,0.4135044479007778,nearzero_positive,1,1,1,1,1
bb1419c18f39553e,2,3,21,1,22,0.1391845165006192,0.0,-1,-1,-1,-1,22,-0.0163203631149918,-0.0163203631149918,-0.0163203631149918,-0.0163203631149918,0.0763439003042982,0.0,0.0,0.0,0.0,0.0,0.0,0.0,0.0,0.0,0.0,0.0,mild_harm,0,0,0,1,0
c56712e13eb759f5,2,3,1,0,-1,,,-1,-1,-1,-1,-1,,,,,,,,,,,,,,,,,no_rsmr_proposal,0,0,0,0,0
b003a3bfbdb252e3,2,3,10,1,26,0.1487912521164641,0.9897842141886242,-1,-1,-1,-1,26,-0.0468697190643805,-0.0155039960133826,-0.0468697190643805,-0.0018717372699786,0.0907925261493114,2.220445202217366e-15,-0.31695556640625,0.0004982833052054048,0.0,0.0,0.0,0.0,0.0,0.0,0.0,0.3174538497114576,material_positive,0,0,0,1,0
0f9ba65f3e2e5c1d,2,3,2,0,25,0.1375998380641172,-0.000127998102426,-1,-1,-1,-1,25,-0.0489721655507206,-0.0426836959358416,-0.0489721655507206,-0.0456295123643097,0.0470347510549804,2.220442661118524e-15,-1.1589012145996094,5.267572123557329e-05,0.0,0.0,0.0,0.0,0.0,0.0,0.0,1.1589538903208472,mild_harm,0,0,0,1,0
2709051d421d536a,2,3,26,1,27,0.1563648694025691,-1.0131592304229995e-05,-1,-1,-1,-1,27,-0.0242394131589555,-0.023258277164851,-0.0242394131589555,-0.0247062011668804,0.0679580622524097,4.440892098500626e-14,-0.37143993377685547,0.0,0.0,0.0,0.0,0.0,0.0,0.0,0.0,0.3714399337768999,mild_harm,0,0,0,1,0
2bf633d593a957ad,2,3,11,1,-1,,,-1,-1,-1,-1,-1,,,,,,,,,,,,,,,,,no_rsmr_proposal,0,0,0,0,0
2cfe30b626795e99,2,3,7,1,10,0.2991193499749825,-0.1894030885848565,-1,-1,-1,-1,-1,-0.1174585954281391,-0.0462179988098548,-0.1174585954281391,-0.1271785949621665,-0.0345143315428764,89.24347496032715,-1.9162631034851074,0.0,0.0,0.0,0.0,0.0,0.0,0.0,0.0,91.15973806381226,mild_harm,0,0,0,0,0
4a42412827f55dc1,2,3,16,1,24,0.0519914090775093,0.0,-1,-1,-1,-1,24,-0.0513179274493684,-0.0513179274493684,-0.0513179274493684,-0.0513179274493684,0.0413463359699216,0.0,0.0,0.0,0.0,0.0,0.0,0.0,0.0,0.0,0.0,0.0,mild_harm,0,0,0,1,0
60183447caa4548b,2,3,17,1,3,0.081899214436054,-6.448373179882786e-05,-1,-1,-1,-1,3,-0.0379714561873712,-0.0292456942196047,-0.0379714561873712,-0.0280672600486082,0.0645970033706818,3.774758622538711e-14,-0.5923614501953125,0.00011688238009810448,0.0,0.0,0.0,0.0,0.0,0.0,0.0,0.5924783325754484,mild_harm,0,0,0,1,0
618892326e0c530e,2,3,24,0,17,0.075314314514665,-1.1183486133825582e-05,-1,-1,-1,-1,17,-0.0238586334439664,-0.0232513731824947,-0.0238586334439664,-0.0241475452864099,0.0685167181328801,1.6653345369377348e-15,-0.22989749908447266,0.0,0.0,0.0,0.0,0.0,0.0,0.0,0.0,0.22989749908447432,mild_harm,0,0,0,1,0
63d0c4a8acfa5fc2,2,3,1,0,-1,,,-1,-1,-1,-1,-1,,,,,,,,,,,,,,,,,no_rsmr_proposal,0,0,0,0,0
8aeb517756f55681,2,3,14,1,15,0.0511970865472726,1.1431345063428466e-05,15,15,15,15,15,0.0135288989410035,0.0121517506648763,0.0135288989410035,0.0141794521259922,0.1068437155452824,-0.017139911651611328,0.5165510177612305,0.0,0.0,0.0,0.0,0.0,0.0,0.0,0.0,0.5336909294128418,nearzero_positive,1,1,1,1,1
ab77602df4a154f7,2,3,11,1,10,0.0393448809408223,-0.0001715479505914,-1,-1,-1,-1,10,-0.0030607460142605,-0.007018929752632,-0.0030607460142605,-0.0021745211300225,0.0904897422892676,-3.6804428100585938,0.4652519226074219,0.0,0.0,0.0,0.0,0.0,0.0,0.0,0.0,4.145694732666016,mild_harm,0,0,0,1,0
acdcf9be0fc85495,2,3,23,1,13,0.1510483237136072,1.6302977381565595e-05,-1,-1,-1,-1,13,-0.0459404640614529,-0.0429481633970208,-0.0459404640614529,-0.047364089404581,0.045300174014709,0.0,-1.1328296661376953,0.0,0.0,0.0,0.0,0.0,0.0,0.0,0.0,1.1328296661376953,nearzero_positive,0,0,0,1,0
be58ded948ea5c00,2,3,4,0,2,0.0501064163029145,-0.0012929431468249,2,2,2,2,2,0.2400612268423934,0.2078273450436763,0.2399128197907208,0.2472707560848477,0.3399350195041378,-28.58989715576172,4.176856994628906,0.0,0.0,0.0,-0.0027209818363189697,0.0,0.0,0.0,0.0027209818363189697,32.766754150390625,mild_harm,1,1,1,1,1
d74df20dba705137,2,3,19,1,23,0.0858643709150893,-8.57298430055383e-05,-1,-1,-1,-1,23,-0.0720074212477347,-0.0710939177998981,-0.0720074212477347,-0.079282384969489,0.013381878449801,6.661338147750939e-15,-1.6652069091796875,-5.688247620128095e-05,0.0,0.0,0.0,0.0,0.0,0.0,0.0,1.6652637916558954,mild_harm,0,0,0,1,0
ec0f4f7c37615b20,2,3,5,0,2,0.0954451167856291,-0.7737388310596343,-1,-1,-1,-1,2,-0.0687990632144783,-0.2884811745154493,-0.0687990632144783,-0.0400931735429692,0.0525710898763208,-279.8756408691406,4.595623016357422,0.0,0.0,0.0,0.0,0.0,0.0,0.0,0.0,284.47126388549805,catastrophe,0,0,0,1,0
ec57eef8dffd515e,2,3,1,0,-1,,,-1,-1,-1,-1,-1,,,,,,,,,,,,,,,,,no_rsmr_proposal,0,0,0,0,0
f73c53f115a550d5,2,3,17,1,-1,,,-1,-1,-1,-1,-1,,,,,,,,,,,,,,,,,no_rsmr_proposal,0,0,0,0,0
06f8d2f6dca3537c,2,3,6,0,-1,,,-1,-1,-1,-1,-1,,,,,,,,,,,,,,,,,no_rsmr_proposal,0,0,0,0,0
79e0120026c25eed,2,3,2,1,-1,,,-1,-1,-1,-1,-1,,,,,,,,,,,,,,,,,no_rsmr_proposal,0,0,0,0,0
884e1c90e87b5fab,2,3,16,1,7,0.1830596053222681,-2.0925029926001974e-05,-1,-1,-1,-1,7,-0.0070839833321004,-0.0005398697315348,-0.0069843127524303,-0.0098917375561734,0.0827725258631166,0.18158888816833496,-2.4265012741088867,0.0,0.0,0.0,0.0018274188041687012,0.0,0.0,0.0,0.0018274188041687012,2.6080901622772217,mild_harm,0,0,0,1,0
8c1a6d183a275d96,2,3,12,0,-1,,,-1,-1,-1,-1,-1,,,,,,,,,,,,,,,,,no_rsmr_proposal,0,0,0,0,0
bd8986c6178e5d2a,2,3,1,0,-1,,,-1,-1,-1,-1,-1,,,,,,,,,,,,,,,,,no_rsmr_proposal,0,0,0,0,0
c1dd6c577b0f573a,2,3,5,0,1,0.0776118871430176,-0.2477531754664172,1,-1,1,1,1,0.0032667796734444,-0.1784255359785993,0.0032667796734444,0.0242249665095362,0.1168892299288263,-241.75283813476562,0.9159402847290039,0.0,0.0,0.0,0.0,0.0,0.0,0.0,0.0,242.66877841949463,mild_harm,0,1,1,1,1
d1d6c7f48e6d5708,2,3,15,0,-1,,,-1,-1,-1,-1,-1,,,,,,,,,,,,,,,,,no_rsmr_proposal,0,0,0,0,0
0fd565e4e40058b8,2,3,15,1,-1,,,-1,-1,-1,-1,-1,,,,,,,,,,,,,,,,,no_rsmr_proposal,0,0,0,0,0
25708e54a75c59eb,2,3,17,0,-1,,,-1,-1,-1,-1,-1,,,,,,,,,,,,,,,,,no_rsmr_proposal,0,0,0,0,0
321b3f53510c5059,2,3,7,1,-1,,,-1,-1,-1,-1,-1,,,,,,,,,,,,,,,,,no_rsmr_proposal,0,0,0,0,0
3e07748ebae855b8,2,3,12,1,23,0.1816544829710277,-2.1420662570744223e-05,-1,-1,-1,-1,23,-0.0296408033875371,-0.0399101618158537,-0.0295984826462818,-0.0476077670882407,0.0450564963310493,0.0,-0.5410690307617188,-0.00019094275921816006,0.0,0.0,0.0007759332656860352,0.0,0.0,0.0,0.0007759332656860352,0.5412599735209369,mild_harm,0,0,0,1,0
46f297276986585b,2,3,4,0,-1,,,-1,-1,-1,-1,-1,,,,,,,,,,,,,,,,,no_rsmr_proposal,0,0,0,0,0
4d6fb0d27a0f51ce,2,3,7,1,-1,,,-1,-1,-1,-1,-1,,,,,,,,,,,,,,,,,no_rsmr_proposal,0,0,0,0,0
5583fb05984f5685,2,3,17,0,2,0.1166510411835945,-0.0004475013362128,-1,-1,-1,-1,2,-0.065994501407971,-0.069918146166556,-0.0661127413588233,-0.0810810008089737,0.0115832626103164,-7.555107116699219,-3.4521236419677734,-0.00012142999185016379,0.0,0.0,-0.0021678805351257324,0.0,0.0,0.0,0.0021678805351257324,11.007352188658842,mild_harm,0,0,0,1,0
97b8db1dfd4f5fb3,2,3,18,1,-1,,,-1,-1,-1,-1,-1,,,,,,,,,,,,,,,,,no_rsmr_proposal,0,0,0,0,0
edf9d12992c9551c,2,3,16,1,13,0.145948148399534,0.0,-1,-1,-1,-1,13,-0.0381130042309453,-0.0381130042309453,-0.0381130042309453,-0.0381130042309453,0.0545512591883447,0.0,0.0,0.0,0.0,0.0,0.0,0.0,0.0,0.0,0.0,0.0,mild_harm,0,0,0,1,0
f94f2bcde8345a9a,2,3,3,0,15,0.1621689269535773,0.0,-1,-1,-1,-1,15,-0.0521806319378804,-0.0521806319378804,-0.0521806319378804,-0.0521806319378804,0.0404836314814096,0.0,0.0,0.0,0.0,0.0,0.0,0.0,0.0,0.0,0.0,0.0,mild_harm,0,0,0,1,0
0bb64f8f31ba5310,2,3,17,1,-1,,,-1,-1,-1,-1,-1,,,,,,,,,,,,,,,,,no_rsmr_proposal,0,0,0,0,0
440a7c7dd1395be4,2,3,17,1,22,0.3464565185401473,0.0054980933307104,22,22,22,-1,22,0.0006001280366684,0.0795708657337044,0.0006001280366684,-0.0413380213740927,0.0513262420451973,111.11819458007808,-5.349433898925781,-0.0002866072172764689,0.0,0.0,0.0,0.0,0.0,0.0,0.0,116.46791508622114,nearzero_positive,1,1,0,1,1
630c3828efa0518a,2,3,17,0,-1,,,-1,-1,-1,-1,-1,,,,,,,,,,,,,,,,,no_rsmr_proposal,0,0,0,0,0
66a39f4cabc85bc4,2,3,14,1,6,0.3664261797426085,-1.1789312648981811,-1,-1,-1,-1,-1,-0.0453324353353317,-0.1420243259542746,-0.654759034529442,-0.6463790864509259,-0.5537148230316358,-136.97565841674805,-1.8486251831054688,0.0,0.0,-0.1879766583442688,-0.026325643062591553,0.0,0.0,0.0,0.21430230140686035,138.82428359985352,catastrophe,0,0,0,0,0
684af4044c445d01,2,3,4,1,9,0.0782435659244217,-6.066455971449631e-05,-1,-1,-1,-1,-1,-0.084205307687734,-0.073074162374607,-0.0839928522350904,-0.1036014606782589,-0.0109371972589688,-0.17312729358673096,-7.0787506103515625,-0.00012141146908106748,0.0,0.0,0.003895282745361328,0.0,0.0,0.0,0.003895282745361328,7.2519993154073745,mild_harm,0,0,0,0,0
69f12cf621135ce3,2,3,17,1,-1,,,-1,-1,-1,-1,-1,,,,,,,,,,,,,,,,,no_rsmr_proposal,0,0,0,0,0
71589a780d925ed6,2,3,17,1,3,0.1988127549864715,0.9912868022998796,-1,-1,-1,-1,3,-0.032816616284051,-0.0028363543421509,-0.0324304175762494,-0.0374360887882653,0.0552281746310248,31.934297561645508,-2.384775161743164,0.0,0.0,0.0,0.007080793380737305,0.0,0.0,0.0,0.007080793380737305,34.31907272338867,material_positive,0,0,0,1,0
7c39359aaa345e52,2,3,11,1,9,0.1375659597353667,0.0004377499253883,-1,-1,-1,-1,-1,-0.0901127655447805,-0.0793108745568912,-0.0962375517614239,-0.1081760447659546,-0.0155117813466644,10.47765302658081,-1.1479120254516602,0.0,0.0,0.0,-0.11229541897773743,0.0,0.0,0.0,0.11229541897773743,11.62556505203247,nearzero_positive,0,0,0,0,0
93ccd00db2005d2d,2,3,17,1,-1,,,-1,-1,-1,-1,-1,,,,,,,,,,,,,,,,,no_rsmr_proposal,0,0,0,0,0
a1c64a274ecc54b0,2,3,1,1,20,0.0672836229915809,9.327751190868484e-05,-1,-1,-1,-1,20,-0.0332001533568049,-0.019394977721152,-0.0331850299823757,-0.0030994385236781,0.089564824895612,-9.068944597026563e-15,1.8387908935546875,0.0003046031197300181,0.0,0.0,0.0002772808074951172,0.0,0.0,0.0,0.0002772808074951172,1.8390954966744266,nearzero_positive,0,0,0,1,0
a71d387393a559d4,2,3,17,1,-1,,,-1,-1,-1,-1,-1,,,,,,,,,,,,,,,,,no_rsmr_proposal,0,0,0,0,0
c65275d1d5af5014,2,3,17,0,3,0.1100294316323377,-0.0002589660743251,3,3,3,3,3,0.0898409575933138,0.0778033064220765,0.0717273446764689,0.0595754050868373,0.1522396685061274,-0.3858746290206909,6.51805305480957,8.92079624463804e-05,0.0,0.0,-0.3321055918931961,0.0,0.0,0.0,0.3321055918931961,6.904016891792708,mild_harm,1,1,1,1,1
cd7aee35baa65cec,2,3,16,1,-1,,,-1,-1,-1,-1,-1,,,,,,,,,,,,,,,,,no_rsmr_proposal,0,0,0,0,0
dc6d75a4555c5fd6,2,3,10,1,21,0.0346460631531994,3.0565711064264086e-05,-1,-1,-1,-1,21,-0.078628877021059,-0.0780733248875272,-0.078628877021059,-0.0737664119685099,0.0188978514507801,1.3322676295501878e-14,0.778533935546875,4.2632847907952964e-05,0.0,0.0,0.0,0.0,0.0,0.0,0.0,0.7785765683947963,nearzero_positive,0,0,0,1,0
24e5d608f799503b,2,3,17,1,-1,,,-1,-1,-1,-1,-1,,,,,,,,,,,,,,,,,no_rsmr_proposal,0,0,0,0,0
2fdb08ec2f205723,2,3,17,1,-1,,,-1,-1,-1,-1,-1,,,,,,,,,,,,,,,,,no_rsmr_proposal,0,0,0,0,0
77e69dcde5805f89,2,3,17,1,-1,,,-1,-1,-1,-1,-1,,,,,,,,,,,,,,,,,no_rsmr_proposal,0,0,0,0,0
79a429b2a2b450e7,2,3,17,1,3,0.1811866113655169,4.5840236171379445e-05,-1,-1,-1,-1,3,-0.0589647464933666,-0.0549391677490245,-0.0514232459927572,-0.0434889963204126,0.0491752670988775,-1.848872184753418,-2.3355464935302734,-1.2610069461516105e-05,0.0,0.0,0.1382702887058258,0.0,0.0,0.0,0.1382702887058258,4.184431288353153,nearzero_positive,0,0,0,1,0
8724d825e1c15a99,2,3,18,1,3,0.1498366784107047,0.0005389120473116,-1,-1,-1,-1,-1,-0.0757215162756815,-0.0690280172808222,-0.0763901339230336,-0.1029710356932045,-0.0103067722739144,12.484435081481934,-3.9912147521972656,-0.00021393023780547082,0.0,0.0,-0.012258827686309814,0.0,0.0,0.0,0.012258827686309814,16.475863763917005,nearzero_positive,0,0,0,0,0
dd63e7a132215419,2,3,9,1,-1,,,-1,-1,-1,-1,-1,,,,,,,,,,,,,,,,,no_rsmr_proposal,0,0,0,0,0
0e59b30dfd9d5121,2,3,19,1,21,0.0242202976862277,0.000267652710434,-1,-1,-1,-1,21,-0.0087959103923308,-0.0178473428725862,-0.0356336307701906,-0.0268352131170683,0.0658290503022217,0.0,3.8601341247558594,1.8686572730075568e-05,0.0,-0.008722841739654541,0.025217294692993164,0.0,0.0,0.0,0.033940136432647705,3.8601528113285895,nearzero_positive,0,0,0,1,0
38eeabce6a485364,2,3,15,1,-1,,,-1,-1,-1,-1,-1,,,,,,,,,,,,,,,,,no_rsmr_proposal,0,0,0,0,0
5aa3112549445a00,2,3,4,0,20,0.0754684755646449,-5.174224078752232e-06,-1,-1,20,20,20,-0.0247927122692047,-0.0266907932467618,0.0087092126132932,0.0086440951370466,0.1013083585563367,0.0,0.7185783386230469,0.0,0.0,0.010529100894927979,-0.010145366191864014,0.0,0.0,0.0,0.020674467086791992,0.7185783386230469,mild_harm,0,1,1,1,0
683e8d239bf75a5d,2,3,17,1,22,0.0382279740013438,-0.0001595440631732,-1,-1,-1,-1,22,-0.0437432645985841,-0.0496712371730549,-0.0437432645985841,-0.0409229557670897,0.0517413076522003,0.0,2.244220733642578,0.0,0.0,0.0,0.0,0.0,0.0,0.0,0.0,2.244220733642578,mild_harm,0,0,0,1,0
713177596893526a,2,3,23,1,1,0.3351266791047002,0.9896099772717104,-1,-1,-1,-1,1,-0.0430090548691549,-0.0288152828959088,-0.0430090548691549,-0.0561394629782361,0.0365248004410539,0.6257795095443726,-6.4606170654296875,-5.444341877591796e-05,0.0,0.0,0.0,0.0,0.0,0.0,0.0,7.086451018392836,material_positive,0,0,0,1,0
8be5348ca3425c10,2,3,10,0,-1,,,-1,-1,-1,-1,-1,,,,,,,,,,,,,,,,,no_rsmr_proposal,0,0,0,0,0
90244d4079fe5582,2,3,13,1,1,0.528581605465504,0.0010825669911689,-1,1,-1,-1,1,-0.0214474852379827,0.0011527811222699,-0.0214474852379827,-0.02758947588481,0.0650747875344801,17.02044677734375,-3.777742385864258,0.0,0.0,0.0,0.0,0.0,0.0,0.0,0.0,20.798189163208008,nearzero_positive,1,0,0,1,0
a63aaf23916e5f10,2,3,8,1,0,0.126020086422877,-9.402019237750216e-05,-1,-1,-1,-1,0,-0.0648130003947532,-0.0615337861256909,-0.0659106738963171,-0.0752655798490148,0.0173986835702753,0.0,-2.4117660522460938,-5.045621219323948e-05,0.0,0.0,-0.020125389099121094,0.0,0.0,0.0,0.020125389099121094,2.411816508458287,mild_harm,0,0,0,1,0
ac29e7c780d75eee,2,3,3,0,17,0.0513032791634178,-1.1126175523124004e-06,-1,-1,-1,-1,17,-0.0466819634356293,-0.0470390419914695,-0.0404690374088738,-0.0400494266680504,0.0526148367512396,0.0,0.13518333435058594,0.0,0.0,0.00186842679977417,0.0031113028526306152,0.0,0.0,0.0,0.004979729652404785,0.13518333435058594,mild_harm,0,0,0,1,0
b4a3828e9a685c84,2,3,1,0,16,0.073244073087613,0.0,-1,-1,-1,-1,16,-0.0372104772870941,-0.0372104772870941,-0.0372104772870941,-0.0372104772870941,0.055453786132196,0.0,0.0,0.0,0.0,0.0,0.0,0.0,0.0,0.0,0.0,0.0,mild_harm,0,0,0,1,0
b9b7f27d456b5e0b,2,3,1,1,-1,,,-1,-1,-1,-1,-1,,,,,,,,,,,,,,,,,no_rsmr_proposal,0,0,0,0,0
c6eebddd3a955416,2,3,16,0,3,0.2206431298405776,-0.0003261594811454,-1,-1,-1,-1,3,-0.0385620067495478,-0.0339152889895815,-0.0385620067495478,-0.0427373690437353,0.0499268943755547,-4.863734722137451,-3.2494277954101562,-5.3817161642655265e-06,0.0,0.0,0.0,0.0,0.0,0.0,0.0,8.113167899263772,mild_harm,0,0,0,1,0
e06039dcbccd55a0,2,3,17,1,-1,,,-1,-1,-1,-1,-1,,,,,,,,,,,,,,,,,no_rsmr_proposal,0,0,0,0,0
ee1f7084ec1a54cf,2,3,11,0,-1,,,-1,-1,-1,-1,-1,,,,,,,,,,,,,,,,,no_rsmr_proposal,0,0,0,0,0
fa243f63e0525715,2,3,15,0,-1,,,-1,-1,-1,-1,-1,,,,,,,,,,,,,,,,,no_rsmr_proposal,0,0,0,0,0
1c3f933be722564d,2,3,2,0,7,0.0163772575546554,-2.020616720138795,-1,-1,-1,-1,7,-0.0151108935558927,-0.024374035881164,-0.0252870896736609,-0.0243121472421952,0.0683521161770948,-5.825197219848633,1.871495246887207,0.0,0.0,-0.0027768611907958984,-0.02190488576889038,0.0,0.0,0.0,0.02468174695968628,7.69669246673584,catastrophe,0,0,0,1,0
27d3a84b2d335113,2,3,13,1,0,0.0710031756706808,3.223411133512874e-06,-1,-1,-1,-1,0,-0.0180682594041784,-0.0182379945229968,-0.0180682594041784,-0.0179875057487583,0.0746767576705317,0.0,0.06425857543945312,0.0,0.0,0.0,0.0,0.0,0.0,0.0,0.0,0.06425857543945312,nearzero_positive,0,0,0,1,0
37c65539bccb5da7,2,3,18,1,19,0.3096755280489328,3.19452974479645e-05,19,19,19,19,19,0.1205215572250299,0.130424363838848,0.1205215572250299,0.106755750024004,0.1994200134432941,9.714468406129065e-16,-5.495441436767578,-7.529404683737084e-05,0.0,0.0,0.0,0.0,0.0,0.0,0.0,5.495516730814416,nearzero_positive,1,1,1,1,1
3dae82a193c9501b,2,3,17,0,-1,,,-1,-1,-1,-1,-1,,,,,,,,,,,,,,,,,no_rsmr_proposal,0,0,0,0,0
69a069b9a6985aaf,2,3,15,1,7,0.1634119045513961,0.0001744541430845,-1,-1,-1,-1,7,-0.0762342443437783,-0.0713918631522196,-0.0756755669966083,-0.0760805866518035,0.0165836767674865,3.764556884765625,-0.7763786315917969,0.0,0.0,0.0,0.010243117809295654,0.0,0.0,0.0,0.010243117809295654,4.540935516357422,nearzero_positive,0,0,0,1,0
7d8759e340975895,2,3,12,1,14,0.1369317555161481,0.0001328599065542,14,14,14,14,14,0.0258446008426332,0.0307019255528643,0.0258446008426332,0.0244504659053433,0.1171147293246334,3.384613037109375,-0.8887009620666504,0.0,0.0,0.0,0.0,0.0,0.0,0.0,0.0,4.273313999176025,nearzero_positive,1,1,1,1,1
a99fbe3c63d15894,2,3,23,1,21,0.150472348272085,-3.527703285222117e-05,-1,-1,-1,-1,21,-0.0068705048046669,-0.0035628036422879,-0.0068705048046669,-0.0084441859718803,0.0842200774474097,-2.112893193739751e-14,-1.2522344589233398,0.0,0.0,0.0,0.0,0.0,0.0,0.0,0.0,1.252234458923361,mild_harm,0,0,0,1,0
aaf8a6e715785915,2,3,19,1,21,0.0851857097933432,1.1295703612024257e-05,-1,-1,-1,-1,21,-0.0208184247239167,-0.0212535995717369,-0.0208184247239167,-0.0206113847197444,0.0720528786995456,0.0,0.1647491455078125,0.0,0.0,0.0,0.0,0.0,0.0,0.0,0.0,0.1647491455078125,nearzero_positive,0,0,0,1,0
adb358cddcdf5ad4,2,3,17,1,-1,,,-1,-1,-1,-1,-1,,,,,,,,,,,,,,,,,no_rsmr_proposal,0,0,0,0,0
ae3f167434e35c78,2,3,4,1,-1,,,-1,-1,-1,-1,-1,,,,,,,,,,,,,,,,,no_rsmr_proposal,0,0,0,0,0
ae62df1371af5474,2,3,9,0,-1,,,-1,-1,-1,-1,-1,,,,,,,,,,,,,,,,,no_rsmr_proposal,0,0,0,0,0
f0a54058d2af5c6c,2,3,16,1,4,0.0989469088352006,0.0006539796369151,-1,-1,-1,-1,4,-0.0752302199753376,-0.0640688738225068,-0.0752302199753376,-0.0769674211814396,0.0156968422378504,13.190518379211426,-0.5223884582519531,0.0,0.0,0.0,0.0,0.0,0.0,0.0,0.0,13.712906837463379,nearzero_positive,0,0,0,1,0
f533a754e0245b89,2,3,7,1,10,0.0597686301894117,-0.0028522905766963,-1,-1,-1,10,10,-0.0031355787575322,-0.0415775695024275,-0.0031355787575322,0.0001370620173172,0.0928013254366074,-55.43794250488281,-1.0101566314697266,0.0,0.0,0.0,0.0,0.0,0.0,0.0,0.0,56.44809913635254,mild_harm,0,0,1,1,0
f9c3f5c430be54aa,2,3,2,1,2,0.1548735680896494,1.5646017807097174,-1,2,2,2,2,-0.0124446446764356,0.1402687968411519,0.5872714284992762,0.6038440872542193,0.6965083506735095,201.20321655273438,-1.328927993774414,0.0,0.0,0.17827057838439941,0.423870250582695,0.0,0.0,0.0,0.6021408289670944,202.5321445465088,material_positive,1,1,1,1,0
02bb7e4c3012543c,2,3,8,1,-1,,,-1,-1,-1,-1,-1,,,,,,,,,,,,,,,,,no_rsmr_proposal,0,0,0,0,0
105b657c237a5c20,2,3,11,1,-1,,,-1,-1,-1,-1,-1,,,,,,,,,,,,,,,,,no_rsmr_proposal,0,0,0,0,0
11aaf0aadcfb5861,2,3,17,0,-1,,,-1,-1,-1,-1,-1,,,,,,,,,,,,,,,,,no_rsmr_proposal,0,0,0,0,0
22b187e4a9c25c9b,2,3,14,0,-1,,,-1,-1,-1,-1,-1,,,,,,,,,,,,,,,,,no_rsmr_proposal,0,0,0,0,0
2f2543566c675f13,2,3,11,1,1,0.0920906217169804,4.081237241626568e-05,-1,-1,-1,-1,1,-0.0106513566277958,-0.0302989330726555,-0.0098416957763037,-0.0329943937309153,0.0596698696883747,1.3322676295501878e-14,1.2121963500976562,-0.0002684240462258458,0.0,0.0002932548522949219,-0.002545595169067383,0.0,0.0,0.0,0.0028388500213623047,1.2124647741438954,nearzero_positive,0,0,0,1,0
359105de514f5258,2,3,12,1,9,0.0199806584066202,-0.0003807342187269,-1,-1,-1,-1,-1,-0.0975128724912441,-0.1007472449868873,-0.0975128724912441,-0.1397684500704552,-0.0471041866511651,-0.2970588803291321,-7.290487289428711,-0.0003635127213783562,0.0,0.0,0.0,0.0,0.0,0.0,0.0,7.587909682479221,mild_harm,0,0,0,0,0
5740c711ed2d5d2f,2,3,17,1,-1,,,-1,-1,-1,-1,-1,,,,,,,,,,,,,,,,,no_rsmr_proposal,0,0,0,0,0
5f01892cbea95932,2,3,14,0,-1,,,-1,-1,-1,-1,-1,,,,,,,,,,,,,,,,,no_rsmr_proposal,0,0,0,0,0
75fd8a14d25350e5,2,3,12,1,14,0.0451435252879411,6.06032689663456,14,14,14,14,14,0.1154229961755299,0.1343404675354907,2.1259071321981886,2.1309333965687687,2.2235976599880587,1.0705947875976562,-8.181770324707031,-5.693213461199775e-05,0.0,0.6164298057556152,0.30631023645401,0.0,0.0,0.0,0.9227400422096252,9.2524220444393,material_positive,1,1,1,1,1
78dae1caad5656a7,2,3,15,1,17,0.0083001771523453,0.0001282766357064,17,17,17,17,17,0.0548271982141852,0.0422359832352668,0.0548271982141852,0.0668115136626931,0.1594757770819832,0.0,5.922904968261719,4.984347469871864e-05,0.0,0.0,0.0,0.0,0.0,0.0,0.0,5.9229548117364175,nearzero_positive,1,1,1,1,1
a9e5024892425a19,2,3,10,1,9,0.1413417836220566,0.1097359060698885,9,9,9,9,9,0.0308670846792876,0.047245713166664,0.0067172504244591,0.0045786315947423,0.0972428950140325,16.217153549194336,-1.6478610038757324,0.0,0.0,-0.007700324058532715,0.01386195421218872,0.0,0.0,0.0,0.021562278270721436,17.86501455307007,small_positive,1,1,1,1,1
aaddf9a720325142,2,3,11,0,-1,,,-1,-1,-1,-1,-1,,,,,,,,,,,,,,,,,no_rsmr_proposal,0,0,0,0,0
d32e31e6812d546f,2,3,9,1,-1,,,-1,-1,-1,-1,-1,,,,,,,,,,,,,,,,,no_rsmr_proposal,0,0,0,0,0
e034837cf84e5081,2,3,8,1,-1,,,-1,-1,-1,-1,-1,,,,,,,,,,,,,,,,,no_rsmr_proposal,0,0,0,0,0
e865980d1e455826,2,3,16,1,-1,,,-1,-1,-1,-1,-1,,,,,,,,,,,,,,,,,no_rsmr_proposal,0,0,0,0,0
f125490e18b15e5c,2,3,21,1,19,0.083432429385926,2.2940688254813324e-05,-1,-1,-1,19,19,-0.000481442816307,-8.408425948855451e-05,-0.000481442816307,0.0032673090136349,0.095931572432925,0.0,0.6090927124023438,3.274565460742451e-05,0.0,0.0,0.0,0.0,0.0,0.0,0.0,0.6091254580569512,nearzero_positive,0,0,1,1,0
f1d77af4b7285825,2,3,7,1,9,0.1941999423083564,-0.0001714905660601,9,9,9,9,9,0.0360792188870717,0.0390081785347389,0.0360792188870717,0.0341509410365307,0.1268152044558208,-1.974313735961914,-1.663116455078125,0.0,0.0,0.0,0.0,0.0,0.0,0.0,0.0,3.637430191040039,mild_harm,1,1,1,1,1
2d8cf993fd4159e2,2,3,12,1,2,0.234862503030595,-0.0050927070549839,-1,-1,-1,-1,2,-0.0307288740745864,-0.1308849318957184,-0.0307288740745864,-0.0258020809933416,0.0668621824259484,-146.56903076171875,-3.8133068084716797,-2.513157596695237e-05,0.0,0.0,0.0,0.0,0.0,0.0,0.0,150.3823627017664,mild_harm,0,0,0,1,0
470e191769275e16,2,3,9,1,-1,,,-1,-1,-1,-1,-1,,,,,,,,,,,,,,,,,no_rsmr_proposal,0,0,0,0,0
549a8da7bb0b5e8a,2,3,2,0,2,0.0738383346804003,-0.9131117959951052,-1,-1,-1,-1,2,-0.0816774821384629,-0.389759254354972,-0.0920882324358177,-0.053319490984166,0.039344772435124,-395.28977966308594,5.67408561706543,5.698181553270842e-07,0.0,0.0,0.0,0.0,-0.020546913146972656,0.0,0.020546913146972656,400.9638658499695,catastrophe,0,0,0,1,0
5c921b6094c95071,2,3,2,1,-1,,,-1,-1,-1,-1,-1,,,,,,,,,,,,,,,,,no_rsmr_proposal,0,0,0,0,0
698c37f393b852d6,2,3,14,0,-1,,,-1,-1,-1,-1,-1,,,,,,,,,,,,,,,,,no_rsmr_proposal,0,0,0,0,0
71dfd904537f5299,2,3,6,1,-1,,,-1,-1,-1,-1,-1,,,,,,,,,,,,,,,,,no_rsmr_proposal,0,0,0,0,0
7ef659e1786d5ef0,2,3,1,0,-1,,,-1,-1,-1,-1,-1,,,,,,,,,,,,,,,,,no_rsmr_proposal,0,0,0,0,0
893f5457b66f5c0a,2,3,4,0,-1,,,-1,-1,-1,-1,-1,,,,,,,,,,,,,,,,,no_rsmr_proposal,0,0,0,0,0
8f090017c0c45c30,2,3,13,1,2,0.1395255199667619,0.980162891490938,-1,-1,-1,-1,2,-0.0513127902791223,-0.1833000228993321,-0.0513127902791223,-0.0434331543824594,0.0492311090368306,-188.88192749023438,-3.782257080078125,-3.120068140560761e-05,0.0,0.0,0.0,0.0,0.0,0.0,0.0,192.6642157709939,material_positive,0,0,0,1,0
90003a4fe9855d90,2,3,21,1,-1,,,-1,-1,-1,-1,-1,,,,,,,,,,,,,,,,,no_rsmr_proposal,0,0,0,0,0
9d6b57b25d0e5698,2,3,29,1,28,0.0780187847273103,-4.430631548166253e-05,-1,-1,-1,-1,28,-0.037978706259573,-0.0366705518042091,-0.037978706259573,-0.0386010774863412,0.0540631859329488,-5.551115123125783e-15,-0.4952430725097656,0.0,0.0,0.0,0.0,0.0,0.0,0.0,0.0,0.4952430725097712,mild_harm,0,0,0,1,0
a5a77a41a5d4527c,2,3,17,1,2,0.0567539327919885,-0.0001227254013267,-1,-1,-1,-1,2,-0.0619162476751036,-0.0563707617030639,-0.0530697067546429,-0.0471061557427494,0.0455581076765406,0.0,-3.1252174377441406,-4.42255986854434e-05,0.0,0.0,0.16219766438007355,0.0,0.0,0.0,0.16219766438007355,3.125261663342826,mild_harm,0,0,0,1,0
b86d04e1e9105474,2,3,3,0,-1,,,-1,-1,-1,-1,-1,,,,,,,,,,,,,,,,,no_rsmr_proposal,0,0,0,0,0
c4a7fbc6d1e35668,2,3,6,1,21,0.30506643197648,1.9843287469431443,21,21,21,21,21,0.0732552973782315,0.0790879028982613,0.5812145351615502,0.5841070051416308,0.676771268560921,0.0,-2.2081165313720703,0.0,0.0,0.15565258264541626,0.08282303810119629,0.0,0.0,0.0,0.23847562074661255,2.2081165313720703,material_positive,1,1,1,1,1
db167c9f01af53f1,2,3,17,0,9,0.0069559904076055,-0.00040012851879,-1,-1,-1,-1,-1,-0.1091477270233296,-0.1385159653695987,-0.1087565511258781,-0.1918465533726111,-0.099182289953321,-0.33001041412353516,-7.797294616699219,-0.0008115184755297378,0.0,0.0,0.007172048091888428,0.0,0.0,0.0,0.007172048091888428,8.128116549298284,mild_harm,0,0,0,0,0
e19f348970f556d2,2,3,5,0,-1,,,-1,-1,-1,-1,-1,,,,,,,,,,,,,,,,,no_rsmr_proposal,0,0,0,0,0
e1c764e511515749,2,3,10,1,20,0.4556764919016465,0.0004805833668912,20,20,20,20,20,0.1425477896749725,0.1623882736690241,0.1425477896749725,0.1026120580695584,0.1952763214888485,17.665109634399403,-9.357048988342285,-0.0002933900395873934,0.0,0.0,0.0,0.0,0.0,0.0,0.0,27.022452012781276,nearzero_positive,1,1,1,1,1
e75b5a59035b5493,2,3,9,1,22,0.03279656586801,1.9060943658999463e-05,-1,-1,-1,-1,22,-0.053209817842733,-0.0487342505943478,-0.053209817842733,-0.0423458169103375,0.0503184465089525,0.0,0.8117904663085938,0.0001080487563740462,0.0,0.0,0.0,0.0,0.0,0.0,0.0,0.8118985150649678,nearzero_positive,0,0,0,1,0
e86d2d8665685c70,2,3,11,1,-1,,,-1,-1,-1,-1,-1,,,,,,,,,,,,,,,,,no_rsmr_proposal,0,0,0,0,0
e9c39cd0c047561f,2,3,29,1,-1,,,-1,-1,-1,-1,-1,,,,,,,,,,,,,,,,,no_rsmr_proposal,0,0,0,0,0
0612f5d26b32561d,2,3,15,1,-1,,,-1,-1,-1,-1,-1,,,,,,,,,,,,,,,,,no_rsmr_proposal,0,0,0,0,0
07003d3990e35817,2,3,2,1,-1,,,-1,-1,-1,-1,-1,,,,,,,,,,,,,,,,,no_rsmr_proposal,0,0,0,0,0
0938c742dd0159e8,2,3,4,0,-1,,,-1,-1,-1,-1,-1,,,,,,,,,,,,,,,,,no_rsmr_proposal,0,0,0,0,0
097a309009705384,2,3,9,1,3,0.0945879986853262,0.0004824268192052,3,3,3,3,3,0.0900051305112585,0.104259428104732,0.0900051305112585,0.1464054673061918,0.239069730725482,2.347787857055664,7.326622009277344,0.0005201155991017004,0.0,0.0,0.0,0.0,0.0,0.0,0.0,9.67492998193211,nearzero_positive,1,1,1,1,1
12db610090455243,2,3,15,1,-1,,,-1,-1,-1,-1,-1,,,,,,,,,,,,,,,,,no_rsmr_proposal,0,0,0,0,0
1b2ded48330b5b03,2,3,17,1,5,0.102286105147456,0.0020229374388232,5,5,5,5,5,0.0734976278921347,0.0882377575216847,0.3733882618619212,0.3985463895877025,0.4912106530069926,43.18666076660156,6.60899543762207,2.8094025310565485e-06,0.0,0.08860182762145996,0.2441677451133728,0.0,0.0,0.0,0.33276957273483276,49.795659013626164,nearzero_positive,1,1,1,1,1
2322ed0c8d8e5d5f,2,3,12,1,25,0.3004723276941828,0.0026175350087694,25,25,25,25,25,0.0783523978328329,0.1320337055155714,0.0783523978328329,0.067731791663783,0.1603960550830732,55.799068450927734,-4.695489883422852,-1.6255946775345365e-06,0.0,0.0,0.0,0.0,0.0,0.0,0.0,60.49455995994526,nearzero_positive,1,1,1,1,1
253b0edab17c5d6d,2,3,17,0,-1,,,-1,-1,-1,-1,-1,,,,,,,,,,,,,,,,,no_rsmr_proposal,0,0,0,0,0
326079b8c9395f39,2,3,1,0,23,0.0981394250108717,-0.0004300676556301,-1,-1,23,23,23,-0.0476776549294619,-0.0536511819548059,0.198890212602491,0.1729072966215749,0.265571560040865,0.0,-3.967700958251953,-0.0002685600775294006,0.0,0.07541400194168091,0.048572003841400146,0.0,0.0,0.0,0.12398600578308105,3.9679695183294825,mild_harm,0,1,1,1,0
460cfd36104e5450,2,3,16,1,6,0.177870682733008,-0.0017542777046561,-1,-1,-1,-1,6,-0.0504307832952948,-0.0738945599929244,-0.0504307832952948,-0.0486420931051415,0.0440221703141485,-34.60850763320923,-0.8330001831054688,0.0,0.0,0.0,0.0,0.0,0.0,0.0,0.0,35.4415078163147,mild_harm,0,0,0,1,0
5b06ed05f63a5554,2,3,14,1,3,0.0942051171985382,0.0001472774073248,3,3,3,3,3,0.1002490889280457,0.0983902652419488,0.100319006901788,0.1386057223785193,0.2312699857978094,-4.098904609680176,6.960115432739258,0.0003193455413565971,0.0,0.0,0.0012819170951843262,0.0,0.0,0.0,0.0012819170951843262,11.05933938796079,nearzero_positive,1,1,1,1,1
5da895ba0a415a80,2,3,16,1,6,0.0769295070032463,-0.002026025418937,-1,-1,-1,-1,6,-0.0598040413427054,-0.0888580352782753,-0.0598040413427054,-0.0568533927888472,0.0358108706304429,-40.1375207901001,-0.2688560485839844,0.0,0.0,0.0,0.0,0.0,0.0,0.0,0.0,40.40637683868408,mild_harm,0,0,0,1,0
5e16781ce6685597,2,3,12,1,9,0.1119610757494009,0.9893989870341496,-1,-1,-1,-1,-1,-0.082289200345654,-0.0862371295334475,-0.082289200345654,-0.1247694372834305,-0.0321051738641404,-0.9594254493713379,-7.280506134033203,-0.00036671199632110074,0.0,0.0,0.0,0.0,0.0,0.0,0.0,8.240298295400862,material_positive,0,0,0,0,0
5f9c0089a0a355fe,2,3,1,1,-1,,,-1,-1,-1,-1,-1,,,,,,,,,,,,,,,,,no_rsmr_proposal,0,0,0,0,0
628e147a02bf5128,2,3,15,1,2,0.0364822886640526,0.0001771564187642,-1,-1,-1,-1,-1,-0.0888782119276776,-0.0807706527913229,-0.0885669181360891,-0.1265995567581992,-0.033935293338909,12.411548614501953,-6.919666290283203,-0.00031622315327695105,0.0,0.0,0.005707442760467529,0.0,0.0,0.0,0.005707442760467529,19.331531127938433,nearzero_positive,0,0,0,0,0
767b810b38de5665,2,3,10,1,-1,,,-1,-1,-1,-1,-1,,,,,,,,,,,,,,,,,no_rsmr_proposal,0,0,0,0,0
1fd9a12a263556d8,3,4,4,0,-1,,,-1,-1,-1,-1,-1,,,,,,,,,,,,,,,,,no_rsmr_proposal,0,0,0,0,0
399cc87ac7c55646,3,4,16,1,22,0.2928596543067295,0.0005082323875802,-1,-1,-1,-1,22,-0.0201554843356557,-0.0034861667416903,-0.0201554843356557,-0.0274965721503169,0.0670784858940311,11.590862274169853,-2.9170913696289062,0.0,0.0,0.0,0.0,0.0,0.0,0.0,0.0,14.507953643798759,nearzero_positive,0,0,0,1,0
41fdae5fd40d5324,3,4,19,1,22,0.1220973388524979,-4.641914139513759e-05,-1,-1,22,-1,22,-0.0003065748436029,-0.0089616663607526,0.0164684739581636,-0.0148155632034987,0.0797594948408493,-1.205632815803881e-15,-0.5225944519042969,-0.00020679213594121393,0.0,0.002902686595916748,-0.049120981246232986,0.0,0.0,0.0,0.052023667842149734,0.5228012440402393,mild_harm,0,1,0,1,0
46eb37ed09fc5718,3,4,22,1,-1,,,-1,-1,-1,-1,-1,,,,,,,,,,,,,,,,,no_rsmr_proposal,0,0,0,0,0
538f3eb865185615,3,4,26,0,19,0.3564730712372098,-9.282299746971034e-05,-1,-1,-1,-1,19,-0.017873660044903,-0.0093747523384423,-0.0170103160722178,-0.025539320003914,0.069035738040434,-3.330668396249112e-14,-3.4690494537353516,-2.0764275177498348e-05,0.0,0.0003801584243774414,0.006535887718200684,0.0,0.0,0.0,0.006916046142578125,3.4690702180105624,mild_harm,0,0,0,1,0
667054412512521b,3,4,11,0,9,0.0352653553706854,-0.0001064360320568,-1,-1,-1,-1,9,-0.0210276550339121,-0.0259047735466569,-0.0229029690452437,-0.0876046967622093,0.0069703612821387,-4.390678405761719,-7.648839950561523,-0.00046255687448137905,0.0,0.0,0.018236637115478516,0.0,0.0,0.0,0.018236637115478516,12.039980913197724,mild_harm,0,0,0,1,0
86f569f804fb5848,3,4,8,1,-1,,,-1,-1,-1,-1,-1,,,,,,,,,,,,,,,,,no_rsmr_proposal,0,0,0,0,0
98dbc922be205d29,3,4,16,1,26,0.5185924505967953,0.0002245069518684,26,26,26,26,26,0.0750496238689934,0.1049497958139814,0.0750496238689934,0.0374430275297573,0.1320180855741053,15.405349731445298,-9.327030181884766,-0.00014755513984709978,0.0,0.0,0.0,0.0,0.0,0.0,0.0,24.73252746846991,nearzero_positive,1,1,1,1,1
ba95a132236555b4,3,4,9,0,25,0.2761618716830546,-0.0004200205574278,25,25,25,25,25,0.021851002394195,0.0365143024535666,0.0245431296980496,0.0009126601704992,0.0954877182148473,2.6645352591003757e-14,-7.730707168579102,-0.00013393278823059518,0.0,0.0019507408142089844,0.050439758226275444,0.0,0.0,0.0,0.05239049904048443,7.730841101367359,mild_harm,1,1,1,1,1
bc346dea1bcd5cc3,3,4,29,1,28,0.0546752111961481,-9.483449810643307e-05,-1,-1,-1,-1,-1,-0.1313950452502936,-0.1222675934728435,-0.1313950452502936,-0.1377712110269894,-0.0431961529826414,-1.4432899320127035e-13,-3.2702503204345703,3.2938625622591644e-06,0.0,0.0,0.0,0.0,0.0,0.0,0.0,3.270253614297277,mild_harm,0,0,0,0,0
c0426fcae01a50cf,3,4,17,1,-1,,,-1,-1,-1,-1,-1,,,,,,,,,,,,,,,,,no_rsmr_proposal,0,0,0,0,0
c075c65bf21d5842,3,4,14,1,9,0.2148766836622629,-0.0004111885782156,9,9,9,-1,9,0.0187536572041501,0.0300941101201464,0.0187536572041501,-0.0099894954028309,0.084585562641517,-0.4926109313964844,-6.6532745361328125,-0.0001339348479518776,0.0,0.0,0.0,0.0,0.0,0.0,0.0,7.146019402377249,mild_harm,1,1,0,1,1
d1f387a440e25adc,3,4,17,1,26,0.0897864051838182,-0.0001685254469512,26,26,26,26,26,0.0087252284606329,0.0168762600019267,0.0087252284606329,0.0037338195672565,0.0983088776116046,3.5742893020329625e-14,-2.8366470336914062,7.649563485756516e-06,0.0,0.0,0.0,0.0,0.0,0.0,0.0,2.8366546832549275,mild_harm,1,1,1,1,1
f462fca7c1f8594c,3,4,5,1,20,0.0344900477082446,-7.948029409162718e-05,-1,-1,-1,-1,20,-0.0593482868400675,-0.0580716191090315,-0.0593482868400675,-0.0667254308774643,0.0278496271668837,0.0,-1.23052978515625,-4.2993131501134485e-05,0.0,0.0,0.0,0.0,0.0,0.0,0.0,1.2305727782877511,mild_harm,0,0,0,1,0
f5b6478d00565e99,3,4,2,1,-1,,,-1,-1,-1,-1,-1,,,,,,,,,,,,,,,,,no_rsmr_proposal,0,0,0,0,0
258a909f4194587f,3,4,14,1,24,0.2065552985850331,-0.0001065721827559,24,24,-1,-1,24,0.005848677573914,0.0059125470350017,-0.0150887380202547,-0.0563206365947774,0.0382544214495706,-4.2743586448068527e-14,-8.357845306396484,-0.00046845283213770017,0.0,-0.00011736154556274414,0.19899789988994598,0.0,0.0,0.0,0.19911526143550873,8.358313759228665,mild_harm,1,0,0,1,1
09be490c13cb56b6,3,4,19,1,23,0.1040684484915912,-8.767266422510158e-05,-1,-1,-1,-1,23,-0.0419493964509395,-0.0405975808613713,-0.0419493964509395,-0.053154867800846,0.041420190243502,-7.327471962526033e-14,-1.7075729370117188,-6.826543540228158e-05,0.0,0.0,0.0,0.0,0.0,0.0,0.0,1.7076412024471943,mild_harm,0,0,0,1,0
2f4a06067a6f5d7f,3,4,3,1,-1,,,-1,-1,-1,-1,-1,,,,,,,,,,,,,,,,,no_rsmr_proposal,0,0,0,0,0
33cd12f0c4a75e41,3,4,16,1,-1,,,-1,-1,-1,-1,-1,,,,,,,,,,,,,,,,,no_rsmr_proposal,0,0,0,0,0
3cd8e7898e005bc4,3,4,8,1,-1,,,-1,-1,-1,-1,-1,,,,,,,,,,,,,,,,,no_rsmr_proposal,0,0,0,0,0
3f68aa4cebd65ce8,3,4,21,1,23,0.1727381425291408,-0.0006958824434317,-1,-1,-1,-1,23,-0.0233788203435072,-0.0184666950482619,-0.0233788203435072,-0.082461959129533,0.012113098914815,3.9968028886505635e-14,-8.394214630126953,-0.00037111350684426725,0.0,0.0,0.0,0.0,0.0,0.0,0.0,8.394585743633836,mild_harm,0,0,0,1,0
420b77ddd4f052b3,3,4,18,1,-1,,,-1,-1,-1,-1,-1,,,,,,,,,,,,,,,,,no_rsmr_proposal,0,0,0,0,0
56e384e4189f536f,3,4,19,1,3,0.1176736695860186,-1.771524733840124e-05,-1,3,-1,-1,3,-0.0030360585127661,0.0018453444255964,-0.0042171995098134,-0.0098067462114078,0.0847683118329402,0.6884012222290039,-1.8955860137939453,-1.7037014913512394e-05,0.0,-0.00023424625396728516,0.002285569906234741,0.0,0.0,0.0,0.0025198161602020264,2.5840042730378627,mild_harm,1,0,0,1,0
7f9f132592f45a84,3,4,25,0,14,0.5086064863817903,-0.0006534868726856,14,14,14,-1,14,0.090364014453643,0.0714790512294653,0.090364014453643,-0.0576920607297367,0.0368829973146112,0.6167433261871338,-12.320999145507812,-0.0010890925768762827,0.0,0.0,0.0,0.0,0.0,0.0,0.0,12.938831564271823,mild_harm,1,1,0,1,1
9d81a9a1677354a1,3,4,10,1,26,0.1085999698418506,-0.000407588063553,26,26,26,26,26,0.02060602134718,0.0305867288034991,0.02060602134718,0.0098656331691456,0.1044406912134937,-4.440892098500626e-14,-4.025165557861328,-2.164626494050026e-05,0.0,0.0,0.0,0.0,0.0,0.0,0.0,4.025187204126313,mild_harm,1,1,1,1,1
b0f9569dfe425d61,3,4,9,0,-1,,,-1,-1,-1,-1,-1,,,,,,,,,,,,,,,,,no_rsmr_proposal,0,0,0,0,0
e516f368a8fb5a16,3,4,3,1,11,0.0151999004754628,-0.0004473697791341,-1,-1,-1,-1,-1,-0.0908882896772116,-0.084792272332895,-0.0908882896772116,-0.1421190178827172,-0.0475439598383691,1.2132878303527832,-7.51759147644043,-0.00031617898821423296,0.0,0.0,0.0,0.0,0.0,0.0,0.0,8.731195485781427,mild_harm,0,0,0,0,0
f997536112085ece,3,4,17,1,24,0.1085091570393512,-8.260559672490508e-05,-1,-1,-1,-1,24,-0.0266673864998912,-0.0321382685239621,-0.0266673864998912,-0.051203452852761,0.0433716051915869,1.1615599974923452e-14,-1.4204063415527344,-0.00019198213703930378,0.0,0.0,0.0,0.0,0.0,0.0,0.0,1.4205983236897852,mild_harm,0,0,0,1,0
925cbce83b0c5797,3,4,16,1,-1,,,-1,-1,-1,-1,-1,,,,,,,,,,,,,,,,,no_rsmr_proposal,0,0,0,0,0
050392bdc27a5f5c,3,4,1,1,-1,,,-1,-1,-1,-1,-1,,,,,,,,,,,,,,,,,no_rsmr_proposal,0,0,0,0,0
1ae7a63963375f27,3,4,2,1,-1,,,-1,-1,-1,-1,-1,,,,,,,,,,,,,,,,,no_rsmr_proposal,0,0,0,0,0
1bd0f4142cdc52f5,3,4,10,1,0,0.2889227713411633,-2.8255283832552547e-06,-1,-1,-1,-1,0,-0.0351610817965381,-0.0343712462864803,-0.0351610817965381,-0.0357553770556438,0.0588196809887042,0.0,-0.2880592346191406,0.0,0.0,0.0,0.0,0.0,0.0,0.0,0.0,0.2880592346191406,mild_harm,0,0,0,1,0
2e91c253ccb958d1,3,4,16,1,3,0.0639125743880689,-6.759409550577411e-05,-1,-1,-1,-1,3,-0.0423745602300369,-0.0394050494065771,-0.0423745602300369,-0.0446089067259501,0.0499661513183979,-3.941291737419306e-14,-1.0830039978027344,0.0,0.0,0.0,0.0,0.0,0.0,0.0,0.0,1.083003997802774,mild_harm,0,0,0,1,0
63464806708f5d70,3,4,3,1,-1,,,-1,-1,-1,-1,-1,,,,,,,,,,,,,,,,,no_rsmr_proposal,0,0,0,0,0
67a57ae417045162,3,4,4,0,-1,,,-1,-1,-1,-1,-1,,,,,,,,,,,,,,,,,no_rsmr_proposal,0,0,0,0,0
6ed7b0d3fc715d28,3,4,11,1,8,0.5592998637577578,0.0009856917359167,-1,-1,-1,-1,8,-0.0816092758829609,-0.0696120778152828,-0.0806189806346185,-0.0895281582695118,0.0050468997748362,3.3616943359375,-3.4583001136779785,0.0,0.0,0.0,-0.009630203247070312,0.0,0.0,0.0,0.009630203247070312,6.8199944496154785,nearzero_positive,0,0,0,1,0
78a96b59eca751e7,3,4,16,1,5,0.0309033475270032,0.0035972677305342,-1,-1,-1,-1,5,-0.0479314354226304,-0.0045229878053917,-0.0479314354226304,-0.0500560986772771,0.0445189593670709,68.04937744140625,2.734539031982422,0.0,0.0,0.0,0.0,0.0,0.0,0.0,0.0,70.78391647338867,nearzero_positive,0,0,0,1,0
986b52e5fc685833,3,4,17,1,25,0.1554460997651751,-0.0001533661117778,-1,-1,-1,-1,25,-0.022572746913856,-0.0071615107857436,-0.022572746913856,-0.0365091670327946,0.0580658910115534,0.0,-5.899618148803711,-1.56825699377805e-05,0.0,0.0,0.0,0.0,0.0,0.0,0.0,5.899633831373649,mild_harm,0,0,0,1,0
9f32f8bd95195212,3,4,4,0,26,0.0288047950986548,-0.0002767197914421,-1,-1,-1,-1,26,-0.0341884519943675,-0.032657428557546,-0.0341884519943675,-0.0353404386529773,0.0592346193913706,0.0,-0.5583763122558594,0.0,0.0,0.0,0.0,0.0,0.0,0.0,0.0,0.5583763122558594,mild_harm,0,0,0,1,0
b4c84a922cb957a8,3,4,19,1,22,0.0882435172987736,-0.000144931913248,-1,-1,-1,-1,22,-0.0631719283664386,-0.0541291469750574,-0.0631719283664386,-0.0699759806552935,0.0245990773890544,0.0,-3.2979736328125,0.0,0.0,0.0,0.0,0.0,0.0,0.0,0.0,3.2979736328125,mild_harm,0,0,0,1,0
b8c14f4001735d94,3,4,1,0,7,0.1187524706604721,-0.0021207949011702,-1,-1,-1,-1,7,-0.032815479072555,-0.0649634792410778,-0.0364774869238467,-0.0260758822696428,0.0684991757747052,-42.18418884277344,0.2154979705810547,0.0,0.0,0.0,0.035611480474472046,0.0,0.0,0.0,0.035611480474472046,42.39968681335449,mild_harm,0,0,0,1,0
bd29c544e8035592,3,4,2,1,-1,,,-1,-1,-1,-1,-1,,,,,,,,,,,,,,,,,no_rsmr_proposal,0,0,0,0,0
c34206b68ee6576f,3,4,11,1,1,0.0356502641264642,-4.7573717791848935e-06,-1,-1,-1,-1,1,-0.0114938814814547,-0.0102003368424118,-0.0114023510520951,-0.0093527778956969,0.0852222801486511,0.0,-0.0960845947265625,2.1115590925546712e-05,0.0,0.0,-0.0008900947868824005,0.0,0.0,0.0,0.0008900947868824005,0.09610571031748805,mild_harm,0,0,0,1,0
efc9ce296b1955e3,3,4,12,1,25,0.218784921514385,0.0001197258479893,-1,-1,-1,-1,25,-0.0271451742642381,-0.0175644700390071,-0.0271451742642381,-0.0343801945977621,0.0601948634465859,0.0,-3.497283935546875,-1.7567820975727955e-07,0.0,0.0,0.0,0.0,0.0,0.0,0.0,3.4972841112250848,nearzero_positive,0,0,0,1,0
0831e7eae1365d56,3,4,5,1,9,0.0454030205190284,-0.000454077412188,-1,-1,-1,-1,-1,-0.0329675834389223,-0.034164652453523,-0.0341298478506061,-0.0979330912295982,-0.0033580331852502,0.8875236511230469,-7.2767181396484375,-0.0004471445572562516,0.0,0.0,0.011302530765533447,0.0,0.0,0.0,0.011302530765533447,8.16468893532874,mild_harm,0,0,0,0,0
174ebef468f65cc9,3,4,15,1,-1,,,-1,-1,-1,-1,-1,,,,,,,,,,,,,,,,,no_rsmr_proposal,0,0,0,0,0
40e3009527ee5be5,3,4,16,1,5,0.0372938980704864,0.0004074828368609,-1,-1,-1,5,5,-0.0114047650514078,-0.0045276851636495,-0.0998424310300888,0.0227593929826782,0.1173344510270263,7.980587005615234,-0.3307781219482422,0.0,0.0,0.0,0.8600189685821533,0.0,0.0,0.0,0.8600189685821533,8.311365127563477,nearzero_positive,0,0,1,1,0
4f48d8ce00c3509c,3,4,16,1,6,0.0378809676349311,0.0004191477632149,-1,-1,-1,-1,6,-0.0102849055494815,-0.0033652878207937,-0.0103737249224002,-0.0117892464471857,0.0827858115971623,8.169970512390137,-0.29462242126464844,0.0,0.0,0.0,0.0008637309074401855,0.0,0.0,0.0,0.0008637309074401855,8.464592933654785,nearzero_positive,0,0,0,1,0
5979437fa70f5fd8,3,4,2,0,9,0.1133785350342759,-0.0001650322461967,-1,-1,-1,-1,-1,-0.0940570299511398,-0.0849939993308771,-0.0940570299511398,-0.1464267766604486,-0.0518517186161006,5.792217254638672,-7.465015411376953,-0.0003226203316444298,0.0,0.0,0.0,0.0,0.0,0.0,0.0,13.25755528634727,mild_harm,0,0,0,0,0
87237d7e0ff25ebb,3,4,1,0,-1,,,-1,-1,-1,-1,-1,,,,,,,,,,,,,,,,,no_rsmr_proposal,0,0,0,0,0
9bcb80a60af853a2,3,4,12,1,12,0.2697116658870999,-0.0004041901597287,-1,-1,-1,-1,12,-0.017272361329676,-0.0066229170669557,-0.0179533854498194,-0.0261711659374249,0.0684038921069231,-2.587649345397949,-4.589925765991211,0.0,0.0,0.0,0.006622672080993652,0.0,0.0,0.0,0.006622672080993652,7.17757511138916,mild_harm,0,0,0,1,0
a2326fd4694d5191,3,4,2,0,9,0.0914734952301084,-0.0003037672139702,-1,-1,-1,-1,9,-0.0258077071441484,-0.023243581585685,-0.0258077071441484,-0.0891686230533994,0.0054064349909486,2.926990509033203,-7.616455078125,-0.0004204145152471028,0.0,0.0,0.0,0.0,0.0,0.0,0.0,10.54386600167345,mild_harm,0,0,0,1,0
bc50e785e5cf5d5e,3,4,14,0,3,0.0046605179939849,-0.0001464746225625,-1,-1,-1,-1,3,-0.0682296384682377,-0.0592563475764987,-0.0682296384682377,-0.0766041732295471,0.0179708848148008,-1.4680891036987305,-3.788084030151367,-6.458911229856312e-06,0.0,0.0,0.0,0.0,0.0,0.0,0.0,5.2561795927613275,mild_harm,0,0,0,1,0
be3f5af9cebd56a0,3,4,7,1,8,0.2565206817211672,7.009943267322072e-05,-1,-1,-1,-1,8,-0.0628030769887544,-0.0505736274782462,-0.0637114912072975,-0.0721724412388961,0.0224026168054519,-1.1918964385986328,-4.785362243652344,0.0,0.0,0.0,0.00883394479751587,0.0,0.0,0.0,0.00883394479751587,5.977258682250977,nearzero_positive,0,0,0,1,0
ccb8e05950fc5fca,3,4,19,1,23,0.1053961359803062,-0.000183020631969,23,23,23,23,23,0.0224744535417137,0.0305900544614732,0.0224744535417137,0.0163680388642391,0.1109430969085872,0.0,-2.9598236083984375,0.0,0.0,0.0,0.0,0.0,0.0,0.0,0.0,2.9598236083984375,mild_harm,1,1,1,1,1
faf0ce0d2dc95076,3,4,7,1,-1,,,-1,-1,-1,-1,-1,,,,,,,,,,,,,,,,,no_rsmr_proposal,0,0,0,0,0
0395a156348a5041,3,4,8,1,24,0.0578667543811341,-0.0003903797159903,-1,24,-1,-1,24,-0.0042223178435293,0.0001536586991613,-0.0081168858395293,-0.0282366040691967,0.0663384539751513,-8.465451409799766e-15,-4.253910064697266,-0.0001493934541940689,0.0,0.0,0.037873029708862305,0.0,0.0,0.0,0.037873029708862305,4.254059458151469,mild_harm,1,0,0,1,0
0d99f7ef1331585c,3,4,2,0,-1,,,-1,-1,-1,-1,-1,,,,,,,,,,,,,,,,,no_rsmr_proposal,0,0,0,0,0
1a775b7a88eb5558,3,4,12,1,21,0.0438683582306958,0.0,-1,-1,-1,-1,21,-0.0425426761245876,-0.0425426761245876,-0.0425426761245876,-0.0425426761245876,0.0520323819197604,0.0,0.0,0.0,0.0,0.0,0.0,0.0,0.0,0.0,0.0,0.0,mild_harm,0,0,0,1,0
2777ce9cfe665ad6,3,4,19,1,20,0.7017357375583403,-0.0003108637665398,20,20,20,-1,20,0.0881165186248965,0.0830337012307345,0.0881165186248965,-0.0014347432866829,0.0931403147576651,2.3245294578089215e-15,-9.277620315551758,-0.0006256508058868349,0.0,0.0,0.0,0.0,0.0,0.0,0.0,9.278245966357646,mild_harm,1,1,0,1,1
4db8527b43a95f0d,3,4,17,0,11,0.0947552042199292,-0.0003200179014353,11,11,11,-1,11,0.0226056149029927,0.0269177701159671,0.0198864157158402,-0.0193341623445518,0.0752408956997961,-10.795000076293945,-8.684331893920898,-0.00023418001364916563,0.0,0.0,0.026443064212799072,0.0,0.0,0.0,0.026443064212799072,19.479566150228493,mild_harm,1,1,0,1,1
5d00c83bfb0c508d,3,4,12,1,-1,,,-1,-1,-1,-1,-1,,,,,,,,,,,,,,,,,no_rsmr_proposal,0,0,0,0,0
5f60684cc6045646,3,4,17,1,2,0.0299469729123501,-0.9895701892308892,-1,-1,-1,-1,2,-0.0198314329613119,-0.0086352586268444,-0.0198314329613119,-0.0328350293221356,0.0617400287222123,5.443321228027344,-3.4353199005126953,-4.704961975221522e-05,0.0,0.0,0.0,0.0,0.0,0.0,0.0,8.878688178159791,catastrophe,0,0,0,1,0
633d93f8f6bc51b5,3,4,5,0,-1,,,-1,-1,-1,-1,-1,,,,,,,,,,,,,,,,,no_rsmr_proposal,0,0,0,0,0
6f319806306450c0,3,4,17,0,9,0.1436213995102266,-0.0001257457367667,-1,9,-1,-1,9,-0.0083952296032716,0.0101743142583073,-0.0090889719760411,-0.0329076807101328,0.0616673773342152,4.4948649406433105,-7.076517105102539,-8.60175205161795e-05,0.0,0.0,0.006746351718902588,0.0,0.0,0.0,0.006746351718902588,11.571468063266366,mild_harm,1,0,0,1,0
74bb5ba3f6a75df3,3,4,8,1,-1,,,-1,-1,-1,-1,-1,,,,,,,,,,,,,,,,,no_rsmr_proposal,0,0,0,0,0
8515fe3938815bd1,3,4,17,0,9,0.1763813119286015,-0.0001239293869381,9,9,9,-1,9,0.0169930831077661,0.036850768852061,0.0168577854169367,-0.0033368339346307,0.0912382241097172,5.0306396484375,-6.787736892700195,-5.159688771527726e-05,0.0,0.0,0.0013157129287719727,0.0,0.0,0.0,0.0013157129287719727,11.81842813802541,mild_harm,1,1,0,1,1
9a807a00fda657be,3,4,4,1,9,0.1868845466003021,-7.209880230948321e-05,-1,-1,-1,-1,9,-0.0140608071310558,-0.0004692511794667,-0.0143246970821731,-0.0410349105039534,0.0535401475403946,-0.4864497184753418,-7.0728302001953125,-0.00011146597898914479,0.0,0.0,0.002566218376159668,0.0,0.0,0.0,0.002566218376159668,7.559391384649643,mild_harm,0,0,0,1,0
bb77e9686029538d,3,4,18,1,22,0.5400424241763673,0.0002012102944777,22,22,22,-1,22,0.0119667428748489,0.0249017576870479,0.0135110819832589,-0.0302159328796483,0.0643591251646996,8.99852752685544,-6.537754058837891,-0.00024029941414482892,0.0,0.0,-0.015018045902252197,0.0,0.0,0.0,0.015018045902252197,15.536521885107476,nearzero_positive,1,1,0,1,1
d97f7fc3e5a35f1e,3,4,16,1,-1,,,-1,-1,-1,-1,-1,,,,,,,,,,,,,,,,,no_rsmr_proposal,0,0,0,0,0
fee89379e3375727,3,4,17,1,2,0.5196400216842526,0.0002513909440491,2,2,2,-1,2,0.0665385186753843,0.0829539388883652,0.0690557336229975,-0.0035759555130808,0.0909991025312672,11.111738204956042,-10.314271926879883,-0.0004136241914238781,0.0,0.0,-0.02447885274887085,0.0,0.0,0.0,0.02447885274887085,21.426423756027347,nearzero_positive,1,1,0,1,1
0f6992119fc759c4,3,4,4,1,9,0.0660328831046773,0.9896811794601964,-1,-1,-1,-1,-1,-0.1981264788533034,-0.2059416927640888,-0.2358125583964006,-0.262378586528029,-0.1678035284836809,0.06266731023788452,-7.312965393066406,-0.0005721970501326723,0.0,0.0,0.366481214761734,0.0,0.0,0.0,0.366481214761734,7.376204900354423,material_positive,0,0,0,0,0
147b934bc401590e,3,4,18,1,1,0.1563545786358181,0.9893352683567442,-1,-1,-1,-1,1,-0.0465632320349632,-0.0531384720814023,-0.0537297681882816,-0.0611918853646205,0.0333831726797275,-15.249213695526123,-3.6257362365722656,-0.00010473046131664887,0.0,0.0,0.06969153881072998,0.0,0.0,0.0,0.06969153881072998,18.875054662559705,material_positive,0,0,0,1,0
1f19613acc175257,3,4,17,0,3,0.2000326452355238,-0.0001153716588855,-1,-1,-1,-1,3,-0.0371115755116019,-0.0309410044480481,-0.0338254916261881,-0.0578045919395761,0.0367704661047719,4.483952283859253,-3.021921157836914,-0.00011212132085347548,0.0,0.0,-0.0319557785987854,0.0,0.0,0.0,0.0319557785987854,7.5059855630170205,mild_harm,0,0,0,1,0
28a9f1a2abfe555c,3,4,4,1,0,0.1565967492322981,0.0001118290149955,-1,-1,-1,-1,0,-0.0409353170857818,-0.0245511667172381,-0.0598160611132485,-0.0818648032830248,0.0127102547613232,12.529164910316467,-7.5469970703125,-0.00028046326769981533,0.0,0.0,0.18360726535320282,0.0,0.0,0.0,0.18360726535320282,20.076442443896667,nearzero_positive,0,0,0,1,0
59d1bd367a965623,3,4,19,1,9,0.3956876854675589,0.0002097983349114,-1,-1,-1,-1,9,-0.0291497171410038,-0.0242941007050873,-0.0733147228076631,-0.0315982268014122,0.0629768312429358,-0.76275634765625,-3.9232654571533203,-0.00010928048141067848,0.0,0.0,0.4294860363006592,0.0,0.0,0.0,0.4294860363006592,4.686131085290981,nearzero_positive,0,0,0,1,0
86abbd3f53575fd5,3,4,17,1,9,0.047458457586582,1.9791943842181936,9,9,9,9,9,0.0549643230802301,0.0614798741798485,0.0526868119512701,0.0144250358575118,0.1090000939018599,-1.198291540145874,-6.997154235839844,-0.00024134633713401854,0.0,0.0,0.022147834300994873,0.0,0.0,0.0,0.022147834300994873,8.195687122322852,material_positive,1,1,1,1,1
8ad88f000c1750a0,3,4,17,1,9,0.0871011249793017,-0.0005808805376524,-1,-1,-1,-1,9,-0.0242793133379586,-0.0192201560023275,-0.0242793133379586,-0.0669815850798586,0.0275934729644894,-2.3277053833007812,-6.992425918579102,-0.0002536156550831947,0.0,0.0,0.0,0.0,0.0,0.0,0.0,9.320384917534966,mild_harm,0,0,0,1,0
b183aa1eebac52fc,3,4,17,1,7,0.1376034804178827,0.0001314637799514,7,7,7,7,7,0.01634790107516,0.0168489348672368,0.005859124423299,0.0188555381512995,0.1134305961956475,-3.0222323834896088,-1.0072879791259766,0.0,0.0,0.0,0.10199892520904541,0.0,0.0,0.0,0.10199892520904541,4.029520362615585,nearzero_positive,1,1,1,1,1
e06dab45945a571c,3,4,17,1,-1,,,-1,-1,-1,-1,-1,,,,,,,,,,,,,,,,,no_rsmr_proposal,0,0,0,0,0
15c64c983b935d86,3,4,5,1,-1,,,-1,-1,-1,-1,-1,,,,,,,,,,,,,,,,,no_rsmr_proposal,0,0,0,0,0
1fad9f3e334d5e4e,3,4,16,0,3,0.0841944703083496,-5.923158902421122e-05,-1,-1,-1,-1,3,-0.0506074343941803,-0.0407809564229918,-0.0511574206719643,-0.0600360312194554,0.0345390268248926,0.8741896152496338,-3.6611404418945312,-1.775281816662755e-05,0.0,0.0,0.005348384380340576,0.0,0.0,0.0,0.005348384380340576,4.535347809962332,mild_harm,0,0,0,1,0
2d79aaf4c8d6582e,3,4,9,1,21,0.0393558657693903,0.0,-1,-1,-1,-1,21,-0.0420391120384691,-0.0420391120384691,-0.0420391120384691,-0.0420391120384691,0.0525359460058789,0.0,0.0,0.0,0.0,0.0,0.0,0.0,0.0,0.0,0.0,0.0,mild_harm,0,0,0,1,0
3d5f4f15e1f053cd,3,4,4,1,-1,,,-1,-1,-1,-1,-1,,,,,,,,,,,,,,,,,no_rsmr_proposal,0,0,0,0,0
4f547ba1d6e953b1,3,4,17,0,3,0.0965188241437179,-4.712445205079519e-05,-1,-1,-1,-1,3,-0.071410668352788,-0.0611210787090716,-0.0721648699274394,-0.0798218053307679,0.0147532527135801,1.0246083736419678,-3.6440601348876953,-9.60619217948988e-06,0.0,0.0,0.007334291934967041,0.0,0.0,0.0,0.007334291934967041,4.668678114721843,mild_harm,0,0,0,1,0
57a59636cde25b02,3,4,10,1,2,0.3003703531729843,1.5957976206366964,-1,-1,-1,-1,2,-0.0418047877817631,-0.0314197682106822,-0.0418047877817631,-0.049618779199245,0.044956278845103,0.0,-3.7874984741210938,0.0,0.0,0.0,0.0,0.0,0.0,0.0,0.0,3.7874984741210938,material_positive,0,0,0,1,0
77d52cd328e05b79,3,4,6,0,12,0.2025715040412954,-0.0012133296082392,12,-1,12,12,12,0.0056022080471634,-0.0014711833833084,0.073723054364974,0.0245647047931918,0.1191397628375398,-13.842758178710938,-7.453296661376953,-0.00035164193832315505,0.0,0.01743912696838379,0.02251291275024414,0.0,0.0,0.0,0.03995203971862793,21.296406482026214,mild_harm,0,1,1,1,1
7c467941fb3d5524,3,4,11,1,19,0.0205142260771262,0.0,-1,-1,-1,-1,19,-0.0422588933099736,-0.0422588933099736,-0.0422588933099736,-0.0422588933099736,0.0523161647343744,0.0,0.0,0.0,0.0,0.0,0.0,0.0,0.0,0.0,0.0,0.0,mild_harm,0,0,0,1,0
855d4a2e69115db2,3,4,1,0,-1,,,-1,-1,-1,-1,-1,,,,,,,,,,,,,,,,,no_rsmr_proposal,0,0,0,0,0
949849ded44f514f,3,4,5,1,-1,,,-1,-1,-1,-1,-1,,,,,,,,,,,,,,,,,no_rsmr_proposal,0,0,0,0,0
a74ab03d0fb05d72,3,4,12,0,-1,,,-1,-1,-1,-1,-1,,,,,,,,,,,,,,,,,no_rsmr_proposal,0,0,0,0,0
c0815ea46b825526,3,4,12,0,-1,,,-1,-1,-1,-1,-1,,,,,,,,,,,,,,,,,no_rsmr_proposal,0,0,0,0,0
cfdc02dc40405e6f,3,4,2,1,9,0.3349356557440434,2.019834518898582,-1,-1,-1,-1,9,-0.0397549278419452,-0.0386894841263111,-0.0076592083395618,-0.0556386959192438,0.0389363621251041,-4.690940856933594,-1.6684072017669678,0.0,0.0,0.0,-0.3121173232793808,0.0,0.0,0.0,0.3121173232793808,6.3593480587005615,material_positive,0,0,0,1,0
de3c0c52e7815332,3,4,1,1,22,0.802083150890449,3.1496425274491777,22,22,22,22,22,2.6311466642670864,2.5707630267016706,2.7817537739522127,2.8292437251425477,2.923818783186896,0.0,22.022388458251953,0.0,0.0,0.0372886061668396,0.0,0.0,0.0,0.0,0.0372886061668396,22.022388458251953,material_positive,1,1,1,1,1
f26eb5a6f93c50b4,3,4,16,1,17,0.2173821609332621,0.0022419899821281,-1,17,-1,-1,-1,-0.009470867413244,0.0181121617283108,-0.009470867413244,-0.1652286651994288,-0.0706536071550807,53.05155563354489,-14.517528533935547,-0.0010640864493325353,0.0,0.0,0.0,0.0,0.0,0.0,0.0,67.57014825392977,nearzero_positive,1,0,0,0,0
f28c5026aff854cb,3,4,26,1,22,0.1652665989126248,0.92972289563152,-1,-1,-1,-1,22,-0.091933224855358,-0.0778069704475827,-0.1465289368582427,-0.0799531219375009,0.0146219361068471,10.820388793945312,-2.714914321899414,-2.8951184503966942e-05,0.0,0.0,0.5309202522039413,0.0,0.0,0.0,0.5309202522039413,13.53533206702923,material_positive,0,0,0,1,0
faf93d61f8bd5238,3,4,18,0,24,0.0687673816029543,-9.455366143940049e-05,-1,-1,-1,-1,24,-0.0354626200597316,-0.0373307534653257,-0.0188349457421696,-0.0315571621180838,0.0630178959262642,0.0,-0.9684371948242188,-9.272662282455713e-05,0.0,0.00402677059173584,-0.003536999225616455,0.0,0.0,0.0,0.007563769817352295,0.9685299214470433,mild_harm,0,0,0,1,0
073ef4e9c6185fdd,3,4,2,1,-1,,,-1,-1,-1,-1,-1,,,,,,,,,,,,,,,,,no_rsmr_proposal,0,0,0,0,0
09884abf58435aaa,3,4,17,1,9,0.0662185506198301,-0.0006670752685522,-1,-1,-1,-1,9,-0.0148368966951218,-0.0227328613596693,-0.0148368966951218,-0.093482110001455,0.001092948042893,-0.6969242095947266,-7.356719970703125,-0.0005646634805085426,0.0,0.0,0.0,0.0,0.0,0.0,0.0,8.05420884377836,mild_harm,0,0,0,1,0
10e0d0cf52855491,3,4,9,1,20,0.4207007276874806,-4.381986407098193e-05,20,20,20,20,20,0.0106787532385487,0.0134510483701126,0.0112991418927163,0.0092216535285202,0.1037967115728682,0.0,-1.011077880859375,0.0,0.0,0.00015360116958618164,0.0,0.0,0.0,0.0,0.00015360116958618164,1.011077880859375,mild_harm,1,1,1,1,1
1fc485893db05d58,3,4,4,0,-1,,,-1,-1,-1,-1,-1,,,,,,,,,,,,,,,,,no_rsmr_proposal,0,0,0,0,0
21870d2397795423,3,4,24,0,20,0.1069096550537814,0.0,20,20,20,20,20,0.0185728327371967,0.0185728327371967,0.0185728327371967,0.0185728327371967,0.1131478907815447,0.0,0.0,0.0,0.0,0.0,0.0,0.0,0.0,0.0,0.0,0.0,mild_harm,1,1,1,1,1
538923756bab555f,3,4,17,1,9,0.0328951715535917,0.0007085304721989,9,9,9,9,9,0.0247415096733683,0.0562370945515066,0.023153597524997,0.0003196898092301,0.0948947478535781,21.51245880126953,-6.931056976318359,-7.383363845292479e-05,0.0,0.0,0.01544177532196045,0.0,0.0,0.0,0.01544177532196045,28.443589611226344,nearzero_positive,1,1,1,1,1
5a67404157535f5b,3,4,1,0,-1,,,-1,-1,-1,-1,-1,,,,,,,,,,,,,,,,,no_rsmr_proposal,0,0,0,0,0
7476e5ad4711587f,3,4,9,0,3,0.0699899557803309,-9.649557229707284e-05,-1,-1,-1,-1,3,-0.0229229616295584,-0.0101121810633162,-0.0229229616295584,-0.0400461141028148,0.0545289439415332,-0.16263890266418457,-5.600029945373535,-4.96561129423867e-05,0.0,0.0,0.0,0.0,0.0,0.0,0.0,5.762718504150662,mild_harm,0,0,0,1,0
7fb1a51c02db514e,3,4,18,1,-1,,,-1,-1,-1,-1,-1,,,,,,,,,,,,,,,,,no_rsmr_proposal,0,0,0,0,0
82bcaf16eea459db,3,4,24,1,1,0.0616066396810389,-0.0001157444000244,-1,-1,-1,-1,-1,-0.2039128238127724,-0.1905091803828936,-0.2039128238127724,-0.2139981158054535,-0.1194230577611055,7.582909994363618e-15,-4.88841438293457,0.0,0.0,0.0,0.0,0.0,0.0,0.0,0.0,4.888414382934578,mild_harm,0,0,0,0,0
899c5ed91b8c5beb,3,4,17,1,-1,,,-1,-1,-1,-1,-1,,,,,,,,,,,,,,,,,no_rsmr_proposal,0,0,0,0,0
9857fe6079dc5b65,3,4,16,1,9,0.1521741271094596,0.0003742047014063,9,9,9,9,9,0.0469746674347516,0.0604028793942922,0.0469746674347516,0.0410370118722946,0.1356120699166426,9.28385066986079,-2.364457607269287,0.0,0.0,0.0,0.0,0.0,0.0,0.0,0.0,11.648308277130077,nearzero_positive,1,1,1,1,1
9c0c9727fc975d7a,3,4,4,1,-1,,,-1,-1,-1,-1,-1,,,,,,,,,,,,,,,,,no_rsmr_proposal,0,0,0,0,0
a0cbabab4b2c5345,3,4,17,1,-1,,,-1,-1,-1,-1,-1,,,,,,,,,,,,,,,,,no_rsmr_proposal,0,0,0,0,0
a370a9747c5e599b,3,4,8,1,1,0.1125066199935203,-1.0564851760864276e-05,-1,-1,-1,-1,1,-0.0553649938211406,-0.0507799486360862,-0.0553649938211406,-0.0588149154587031,0.0357601425856449,5.551115123125783e-16,-1.6722021102905273,0.0,0.0,0.0,0.0,0.0,0.0,0.0,0.0,1.6722021102905278,mild_harm,0,0,0,1,0
b0b57e6ca331564e,3,4,12,1,24,0.0220962488230839,0.0,24,24,24,24,24,0.0023408636038411,0.0023408636038411,0.0023408636038411,0.0023408636038411,0.0969159216481892,0.0,0.0,0.0,0.0,0.0,0.0,0.0,0.0,0.0,0.0,0.0,mild_harm,1,1,1,1,1
b66edb8535dd5ec1,3,4,11,1,11,0.0966042071103635,-0.0002485304828732,-1,-1,-1,-1,11,-0.0690514951464375,-0.061545225076261,-0.0690514951464375,-0.0756016922716321,0.0189733657727159,-2.0106115341186523,-3.286151885986328,0.0,0.0,0.0,0.0,0.0,0.0,0.0,0.0,5.2967634201049805,mild_harm,0,0,0,1,0
bef88a7c044b5ebe,3,4,29,1,18,0.5154772621046892,0.0008987352035938,18,18,18,18,18,0.0228573195789239,0.0422425897223757,0.0228573195789239,0.0024159873461563,0.0969910453905043,20.952589035034148,-3.1723403930664062,-0.00010223240678897128,0.0,0.0,0.0,0.0,0.0,0.0,0.0,24.125031660507343,nearzero_positive,1,1,1,1,1
ce41992a83845d8a,3,4,20,1,-1,,,-1,-1,-1,-1,-1,,,,,,,,,,,,,,,,,no_rsmr_proposal,0,0,0,0,0
e2022a0506df54c7,3,4,11,1,15,0.303256798039182,0.0,-1,-1,-1,-1,-1,-0.1654425325377825,-0.1654425325377825,-0.1654425325377825,-0.1654425325377825,-0.0708674744934345,0.0,0.0,0.0,0.0,0.0,0.0,0.0,0.0,0.0,0.0,0.0,mild_harm,0,0,0,0,0
f88a28f7b54555ea,3,4,30,1,18,0.1818418476115941,0.0006765377013073,-1,-1,-1,-1,-1,-0.1445368264933916,-0.1282389086141903,-0.1445368264933916,-0.1699740578106317,-0.0753989997662837,15.641556739807069,-4.083744049072266,-0.0001353026309516281,0.0,0.0,0.0,0.0,0.0,0.0,0.0,19.725436091510286,nearzero_positive,0,0,0,0,0
034da27cd2f75292,3,4,1,0,5,0.304640614934026,-0.0041440810557571,5,5,5,5,5,0.2274747314806376,0.1480630470221737,0.2276563665159749,0.2408578585015461,0.3354329165458942,-103.16470336914062,0.8155951499938965,0.0,0.0,0.0,-0.0017663240432739258,0.0,0.0,0.0,0.0017663240432739258,103.98029851913452,mild_harm,1,1,1,1,1
1088d47284565808,3,4,5,0,-1,,,-1,-1,-1,-1,-1,,,,,,,,,,,,,,,,,no_rsmr_proposal,0,0,0,0,0
1a20ae9ff1e05d25,3,4,16,1,25,0.07274087088546,-0.0001797868408029,25,25,25,25,25,0.0194907901541713,0.0300238519352312,0.0194907901541713,0.0106981911348541,0.1052732491792022,0.0,-3.9448719024658203,-5.810660240967991e-06,0.0,0.0,0.0,0.0,0.0,0.0,0.0,3.9448777131260613,mild_harm,1,1,1,1,1
3f51b8b92c3b52cf,3,4,18,1,9,0.3739109692203046,0.0003213510554285,9,9,9,-1,-1,0.0223806366370799,0.0030710783953533,0.0211316613242381,-0.1346708988146678,-0.0400958407703197,5.368156433105469,-12.294633865356445,-0.001169176073744893,0.0,0.0,0.012145757675170898,0.0,0.0,0.0,0.012145757675170898,17.66395947453566,nearzero_positive,1,1,0,0,1
452d348a65ac59f3,3,4,11,1,-1,,,-1,-1,-1,-1,-1,,,,,,,,,,,,,,,,,no_rsmr_proposal,0,0,0,0,0
4a35d5b02394561e,3,4,17,1,-1,,,-1,-1,-1,-1,-1,,,,,,,,,,,,,,,,,no_rsmr_proposal,0,0,0,0,0
4a90f1c8ef895e13,3,4,12,1,2,0.1530308856651394,-0.0002851558105612,-1,-1,-1,-1,2,-0.0142709734336192,-0.0169241278279131,-0.0142709734336192,-0.0589474936485778,0.0356275643957702,0.0,-4.596263885498047,-0.0003127246964140795,0.0,0.0,0.0,0.0,0.0,0.0,0.0,4.596576610194461,mild_harm,0,0,0,1,0
4cf854e9eadf5084,3,4,2,1,-1,,,-1,-1,-1,-1,-1,,,,,,,,,,,,,,,,,no_rsmr_proposal,0,0,0,0,0
54059bb6b643525f,3,4,11,1,24,0.0111269355833754,-0.0005095285788178,-1,-1,-1,-1,-1,-0.0515554088269234,-0.0578506130257187,-0.0516269068591569,-0.1229106242256521,-0.028335566181304,0.0,-6.7784881591796875,-0.0005100367707200348,0.0,0.0,0.0006952881813049316,0.0,0.0,0.0,0.0006952881813049316,6.7789981959504075,mild_harm,0,0,0,0,0
588dbd820a135056,3,4,6,1,3,0.1663461020295316,0.0005023064074397,-1,-1,-1,-1,3,-0.0189500220959929,-0.0098254189205787,-0.0195355827054601,-0.0834568736977436,0.0111181843466044,13.303619384765625,-7.309530258178711,-0.00042780435978784226,0.0,0.0,0.005694329738616943,0.0,0.0,0.0,0.005694329738616943,20.613577447304124,nearzero_positive,0,0,0,1,0
5a0bd184100f54d5,3,4,3,1,-1,,,-1,-1,-1,-1,-1,,,,,,,,,,,,,,,,,no_rsmr_proposal,0,0,0,0,0
8eb1c196434e51ec,3,4,10,1,-1,,,-1,-1,-1,-1,-1,,,,,,,,,,,,,,,,,no_rsmr_proposal,0,0,0,0,0
95e1e30a438d52cd,3,4,6,1,-1,,,-1,-1,-1,-1,-1,,,,,,,,,,,,,,,,,no_rsmr_proposal,0,0,0,0,0
9c5700ab41865a07,3,4,12,1,1,0.1634809305326644,-0.000125082693994,-1,-1,-1,-1,1,-0.0658189166666849,-0.0595153362435604,-0.0664234719098334,-0.0703174786683301,0.0242575793760178,0.0,-2.2989654541015625,0.0,0.0,0.0,0.005879044532775879,0.0,0.0,0.0,0.005879044532775879,2.2989654541015625,mild_harm,0,0,0,1,0
aa05025b9a815254,3,4,9,1,-1,,,-1,-1,-1,-1,-1,,,,,,,,,,,,,,,,,no_rsmr_proposal,0,0,0,0,0
ac768eabfa5c5725,3,4,12,0,9,0.240029074240532,-9.121100050396568e-05,9,9,9,-1,9,0.0257499488867744,0.0046680729072732,0.0253240621082303,-0.0869116781878864,0.0076633798564616,-0.6652450561523438,-7.7991485595703125,-0.0008603120368206874,0.0,0.0,0.004141569137573242,0.0,0.0,0.0,0.004141569137573242,8.465253927759477,mild_harm,1,1,0,1,1
ad963f2915a657a4,3,4,18,1,9,0.3407998694433851,0.0004896600965409,9,9,9,-1,-1,0.0283385434299829,0.014662895596453,0.0248713577564503,-0.1288846396353659,-0.0343095815910178,12.022266387939453,-12.511919021606445,-0.0011679393937811255,0.0,0.0,0.03371691703796387,0.0,0.0,0.0,0.03371691703796387,24.53535334893968,nearzero_positive,1,1,0,0,1
ae1909ec83115e90,3,4,2,1,9,0.1650734353301483,-0.0003600291313676,-1,-1,-1,-1,9,-0.0307332141236585,-0.0234380400715892,-0.0307332141236585,-0.0743853494754418,0.0201897085689062,-0.04022940993309021,-7.218864440917969,-0.00025558504421496764,0.0,0.0,0.0,0.0,0.0,0.0,0.0,7.259349435895274,mild_harm,0,0,0,1,0
be7fe135f5665966,3,4,7,1,0,0.1693357944237277,0.0062542543325573,0,0,0,0,0,0.0808667669376724,0.1832943516212451,0.0465409244389982,0.0708917753173475,0.1654668333616956,123.33577728271484,-3.9604392051696777,-1.4278994058258832e-05,0.0,0.0,0.33380432799458504,0.0,0.0,0.0,0.33380432799458504,127.29623076687858,nearzero_positive,1,1,1,1,1
c7bff0705f645b30,3,4,12,1,3,0.3619219615565519,-1.2310663021650163,3,3,-1,-1,-1,0.0119147578873216,0.0215126043684889,-0.5430914406680762,-0.6458114968805412,-0.5512364388361931,27.480625152587805,-12.0169677734375,-0.000900090963114053,0.0,-0.1314626932144165,0.23371970653533936,0.0,0.0,0.0,0.36518239974975586,39.49849301698842,catastrophe,1,0,0,0,1
de432d7c6c6e57a6,3,4,2,0,-1,,,-1,-1,-1,-1,-1,,,,,,,,,,,,,,,,,no_rsmr_proposal,0,0,0,0,0
e8b724310f7054d0,3,4,17,1,-1,,,-1,-1,-1,-1,-1,,,,,,,,,,,,,,,,,no_rsmr_proposal,0,0,0,0,0
ed9b2d124d9d5f5d,3,4,16,1,-1,,,-1,-1,-1,-1,-1,,,,,,,,,,,,,,,,,no_rsmr_proposal,0,0,0,0,0
ee0f338b4ebe5cb4,3,4,6,1,-1,,,-1,-1,-1,-1,-1,,,,,,,,,,,,,,,,,no_rsmr_proposal,0,0,0,0,0
f2a1763371075e21,3,4,14,0,-1,,,-1,-1,-1,-1,-1,,,,,,,,,,,,,,,,,no_rsmr_proposal,0,0,0,0,0
fe394302690d5074,3,4,16,1,-1,,,-1,-1,-1,-1,-1,,,,,,,,,,,,,,,,,no_rsmr_proposal,0,0,0,0,0
3acad4250aca5326,3,4,12,1,23,0.1064943923618443,0.0010598421217871,23,23,23,-1,23,0.0158878373596109,0.0561049040433097,0.0158878373596109,-0.0039517875820834,0.0906232704622646,28.473678588867166,-7.179935455322266,-1.5790588804520667e-05,0.0,0.0,0.0,0.0,0.0,0.0,0.0,35.653629834778236,nearzero_positive,1,1,0,1,1
418e74ddfb5f5ca0,3,4,12,0,5,0.0190824957562154,-0.0027785253122454,5,-1,5,5,5,0.0010611381890754,-0.0420301991399607,0.0010611381890754,0.0091500543570787,0.1037251124014267,-54.22683906555176,0.9210176467895508,0.0,0.0,0.0,0.0,0.0,0.0,0.0,0.0,55.14785671234131,mild_harm,0,1,1,1,1
43f8bc12d54d5cef,3,4,2,1,-1,,,-1,-1,-1,-1,-1,,,,,,,,,,,,,,,,,no_rsmr_proposal,0,0,0,0,0
479da12f5f165e29,3,4,17,1,-1,,,-1,-1,-1,-1,-1,,,,,,,,,,,,,,,,,no_rsmr_proposal,0,0,0,0,0
4d6b64ad777d51e8,3,4,8,1,9,0.1338223052648577,-0.0003549737431109,-1,-1,-1,-1,9,-0.0395265285926103,-0.0454770594324902,-0.0891020198998591,-0.0932304507431353,0.0013446073012127,-2.8415966033935547,-7.778388977050781,-0.0005155967737664469,0.0,0.0,0.4821007251739502,0.0,0.0,0.0,0.4821007251739502,10.620501177218102,mild_harm,0,0,0,1,0
5c0a063437415679,3,4,6,1,-1,,,-1,-1,-1,-1,-1,,,,,,,,,,,,,,,,,no_rsmr_proposal,0,0,0,0,0
7defa49de9415496,3,4,5,1,9,0.0461323753535338,-0.000493478185098,-1,-1,-1,-1,-1,-0.049467528875503,-0.0431106911107699,-0.0546057397121594,-0.0968307216575628,-0.0022556636132147,0.5526900291442871,-7.520820617675781,-0.00030088387939031236,0.0,0.0,0.04996693134307861,0.0,0.0,0.0,0.04996693134307861,8.073811530699459,mild_harm,0,0,0,0,0
a849c65f124e5af0,3,4,21,1,-1,,,-1,-1,-1,-1,-1,,,,,,,,,,,,,,,,,no_rsmr_proposal,0,0,0,0,0
baef81dee84a5ff1,3,4,7,0,9,0.0800382702471463,-0.0007031749175715,-1,-1,-1,-1,-1,-0.0302647587020086,-0.0540505265454823,-0.0302647587020086,-0.1413986733437801,-0.046823615299432,-5.041711807250977,-7.812814712524414,-0.0008493947534589097,0.0,0.0,0.0,0.0,0.0,0.0,0.0,12.85537591452885,mild_harm,0,0,0,0,0
bce79a86a0b75d48,3,4,3,0,20,0.2110831200213195,-0.9901073702458292,-1,-1,-1,-1,20,-0.0415828436272935,-0.0229524090843649,-0.0415828436272935,-0.0556009255987315,0.0389741324456164,0.0,-6.794666290283203,0.0,0.0,0.0,0.0,0.0,0.0,0.0,0.0,6.794666290283203,catastrophe,0,0,0,1,0
d1faaed55b75587c,3,4,2,0,-1,,,-1,-1,-1,-1,-1,,,,,,,,,,,,,,,,,no_rsmr_proposal,0,0,0,0,0
faf6056c372e54f2,3,4,8,1,2,0.1794230692875083,1.246183863767609,-1,-1,-1,-1,2,-0.0053298159400181,-0.0480407413526995,-0.0053298159400181,-0.0077924218443834,0.0867826361999646,-71.5014419555664,-4.230373382568359,-1.684015296632424e-05,0.0,0.0,0.0,0.0,0.0,0.0,0.0,75.73183217828773,material_positive,0,0,0,1,0
fb0869a379e05f37,3,4,14,1,21,0.0944327000451346,-0.0005006849899888,-1,-1,-1,-1,-1,-0.0711460856211164,-0.0559855639116911,-0.0711460856211164,-0.1013836268931954,-0.0068085688488473,-1.554312234475219e-14,-7.773933410644531,-0.00012616991261893418,0.0,0.0,0.0,0.0,0.0,0.0,0.0,7.774059580557166,mild_harm,0,0,0,0,0
054033a129155c88,3,4,9,1,1,0.1640087550507574,3.994131535741196,-1,1,1,1,1,-0.0086694673496554,0.5914612254363342,3.6189814218699294,3.740089710887604,3.834664768931952,784.4986877441406,-5.168323516845703,-1.8607428501127288e-05,0.0,0.6521137356758118,0.5735441446304321,0.0,1.9017748832702637,0.0,3.1274327635765076,789.6670298684148,material_positive,1,1,1,1,0
188773ba51c15df2,3,4,15,1,3,0.6043913756965275,0.0007397349080302,3,3,3,3,3,0.0230407565526157,0.0370388412002769,0.0227964435166251,0.0123552647895695,0.1069303228339175,1.7822580337524414,-4.744306564331055,-7.045383426884655e-06,0.0,0.0,0.0023758411407470703,0.0,0.0,0.0,0.0023758411407470703,6.526571643466923,nearzero_positive,1,1,1,1,1
2796d5f962875a20,3,4,14,1,9,0.1171554864034826,1.657555662096244e-05,-1,-1,-1,-1,-1,-0.0663953188696735,-0.0614373361866973,-0.0812261376145122,-0.1091108799165355,-0.0145358218721874,-8.172699928283691,-8.963035583496094,-0.0002768184640444815,0.0,0.0,0.14422345161437988,0.0,0.0,0.0,0.14422345161437988,17.13601233024383,nearzero_positive,0,0,0,0,0
2840205769d65c01,3,4,1,0,-1,,,-1,-1,-1,-1,-1,,,,,,,,,,,,,,,,,no_rsmr_proposal,0,0,0,0,0
2e5568e60278518f,3,4,16,1,-1,,,-1,-1,-1,-1,-1,,,,,,,,,,,,,,,,,no_rsmr_proposal,0,0,0,0,0
3d35dcf889f65305,3,4,14,1,-1,,,-1,-1,-1,-1,-1,,,,,,,,,,,,,,,,,no_rsmr_proposal,0,0,0,0,0
3effd9932b505526,3,4,4,1,9,0.0168672358755384,-0.0005002665493637,-1,-1,-1,-1,-1,-0.0634315106496613,-0.0569675288549468,-0.0635600783928359,-0.1066477300258093,-0.0120726719814612,-0.3250274658203125,-7.006975173950195,-0.0002563467225513705,0.0,0.0,0.0012502670288085938,0.0,0.0,0.0,0.0012502670288085938,7.332258986493059,mild_harm,0,0,0,0,0
4f1e4809df7255cd,3,4,3,1,9,0.1159610912063854,-0.0004685123638249,-1,-1,-1,-1,-1,-0.0468688054961986,-0.0658306723554254,-0.0469296369005406,-0.1558217388360768,-0.0612466807917287,0.006213486194610596,-7.782716751098633,-0.0008262274350272492,0.0,1.1026859283447266e-05,0.0010246634483337402,0.0,0.0,0.0,0.0010356903076171875,7.789756464728271,mild_harm,0,0,0,0,0
5db6ae467e8f530f,3,4,1,0,-1,,,-1,-1,-1,-1,-1,,,,,,,,,,,,,,,,,no_rsmr_proposal,0,0,0,0,0
5e6ab34948a9514f,3,4,15,1,2,0.4339535235807815,0.0020171442691236,2,2,2,2,2,0.0160418470847442,0.0556923240074448,0.0160418470847442,0.0044669995430101,0.0990420575873582,40.689361572265625,-3.3595447540283203,0.0,0.0,0.0,0.0,0.0,0.0,0.0,0.0,44.048906326293945,nearzero_positive,1,1,1,1,1
6004adf688695a08,3,4,17,0,9,0.2851985341042844,-0.0001960927274078,9,9,9,-1,9,0.0016760521084848,0.0139856326279033,0.0002695972463779,-0.0407709339649515,0.0538041240793965,-5.182003021240234,-9.649772644042969,-0.00021057980484329164,0.0,0.0,0.01367717981338501,0.0,0.0,0.0,0.01367717981338501,14.831986245088046,mild_harm,1,1,0,1,1
637d23f7438f50f6,3,4,17,1,9,0.143634935506948,0.0003521821435541,-1,-1,-1,-1,9,-0.0045545595739143,-0.0081332994240096,-0.0075046731945317,-0.0772429438468246,0.0173321141975234,2.2790746688842773,-7.323339462280273,-0.0005199254683248,0.0,0.0,0.02868860960006714,0.0,0.0,0.0,0.02868860960006714,9.602934056632876,nearzero_positive,0,0,0,1,0
6a35a43b5e295b97,3,4,16,1,3,0.0900197638250282,9.041018076239028e-05,-1,-1,-1,-1,3,-0.0353281973259475,-0.0249972125507927,-0.0353281973259475,-0.0477043366380562,0.0468707214062918,3.441248893737793,-3.561708450317383,-4.1187529859598726e-05,0.0,0.0,0.0,0.0,0.0,0.0,0.0,7.002998531585035,nearzero_positive,0,0,0,1,0
2a89f35c7f5e55de,4,0,15,1,3,0.128003345304495,-6.618811858352279e-05,3,3,3,3,3,0.0157575213891222,0.0179461685046401,0.0157575213891222,0.0175478593090011,0.0082955041851456,-2.809384669344439e-14,-1.0002250671386719,3.824418854492251e-06,0.0,0.0,0.0,0.0,0.0,0.0,0.0,1.0002288915575546,mild_harm,1,1,1,1,1
35695122c3535595,4,0,12,0,-1,,,-1,-1,-1,-1,-1,,,,,,,,,,,,,,,,,no_rsmr_proposal,0,0,0,0,0
5d0c2052e0a35e3f,4,0,17,1,24,0.3933365480036064,0.0017037782690954,24,24,-1,-1,-1,0.0732685108281699,0.1133914376610515,-0.0323437604928705,-0.0424539403680819,-0.0517062954919373,44.532032012939325,-9.125,-7.666881720069796e-05,0.0,-0.02831512689590454,0.0,0.0,0.0,0.0,0.02831512689590454,53.657108681756526,nearzero_positive,1,0,0,0,1
62f95fe3004d54c9,4,0,3,1,26,0.0740367640274621,0.000285601210594,-1,-1,-1,-1,-1,-0.0668836768302995,-0.0628486827627655,-0.0668836768302995,-0.0656024830481799,-0.0748548381720353,3.7608259469959146e-14,-2.6971702575683594,-2.6039309886982664e-05,0.0,0.0,0.0,0.0,0.0,0.0,0.0,2.697196296878284,nearzero_positive,0,0,0,0,0
6a35bb3d0b895433,4,0,24,1,22,0.3630140261194227,0.003396335945744,22,22,22,-1,-1,0.0025276613587531,0.0476949160769011,0.0025276613587531,-0.0174384229264971,-0.0266907780503525,68.9643478393553,-2.7746334075927734,-8.684648491907865e-06,0.0,0.0,0.0,0.0,0.0,0.0,0.0,71.73898993159656,nearzero_positive,1,1,0,0,1
761122460ac451ca,4,0,28,1,17,0.1083005661778264,0.0023181671525582,-1,-1,-1,-1,-1,-0.0820418112682506,-0.0494728091313467,-0.0820418112682506,-0.0945690890490454,-0.1038214441729008,47.421360015869055,-2.6129016876220703,-3.891977030434646e-06,0.0,0.0,0.0,0.0,0.0,0.0,0.0,50.034265595468156,nearzero_positive,0,0,0,0,0
8a15e547b0d15f42,4,0,5,1,26,0.0700175343014619,-0.0002700675501488,-1,-1,-1,-1,-1,-0.074858315712825,-0.0734562686635046,-0.074858315712825,-0.0783487181890184,-0.0876010733128738,3.0936624789701384e-14,-2.5998268127441406,-7.35341636755038e-05,0.0,0.0,0.0,0.0,0.0,0.0,0.0,2.599900346907847,mild_harm,0,0,0,0,0
9c925a1f1799553e,4,0,2,1,9,0.0715993527754964,-0.9899525742542464,-1,-1,-1,-1,-1,-0.0188383739931578,-0.0159835972256736,-0.0188383739931578,-0.0166119776002779,-0.0258643327241334,-0.26159000396728516,-1.5096054077148438,0.0,0.0,0.0,0.0,0.0,0.0,0.0,0.0,1.771195411682129,catastrophe,0,0,0,0,0
b7cc1a0b6eca5a11,4,0,4,1,9,0.1552360316234425,-0.9898243386149406,-1,9,-1,-1,-1,-0.0047201489218216,0.0096872947893556,-0.0047201489218216,-0.0018440523646677,-0.0110964074885231,8.593417167663574,-5.125785827636719,-1.552290268591605e-05,0.0,0.0,0.0,0.0,0.0,0.0,0.0,13.719218518202979,catastrophe,1,0,0,0,0
0dd2b9715fc65e18,4,0,14,1,10,0.142210095367837,-9.228003919126147e-05,10,10,-1,-1,-1,0.027627657937262,0.0278272461693223,-0.0461913856512121,-0.0465276419170945,-0.0557799970409499,-1.0243690013885498,-0.39914703369140625,0.0,0.0,-0.021121561527252197,-0.008747220039367676,0.0,0.0,0.0,0.029868781566619873,1.423516035079956,mild_harm,1,0,0,0,1
6281e79a633155a3,4,0,12,1,24,0.1664265637507269,0.0014172612654294,-1,-1,-1,-1,-1,-0.0373606774243741,-0.0362720032066571,-0.2272310429225879,-0.2141696107474361,-0.2234219658712915,3.3306690738754696e-15,-7.311256408691406,-0.00026237170095555484,0.0,-5.27501106262207e-05,0.33436253666877747,0.0,0.0,0.0,0.3344152867794037,7.311518780392365,nearzero_positive,0,0,0,0,0
16549991ac4b53ff,4,0,16,1,-1,,,-1,-1,-1,-1,-1,,,,,,,,,,,,,,,,,no_rsmr_proposal,0,0,0,0,0
254e4f21f68554f1,4,0,18,1,21,0.1547909017455164,-0.0001187025191262,21,21,21,21,21,0.0132261665767439,0.0207865648770207,0.0132261665767439,0.0227152481200354,0.0134628929961799,4.79174000622023e-14,-2.05908203125,6.735813803970814e-05,0.0,0.0,0.0,0.0,0.0,0.0,0.0,2.0591493893880877,mild_harm,1,1,1,1,1
2bdb803d07605094,4,0,6,1,23,0.1388094605003039,-0.0001160842318087,23,23,23,-1,-1,0.0067976289938369,0.0034606076524032,0.0067976289938369,-0.0025850960649951,-0.0118374511888505,1.1102238716581038e-15,-1.2856063842773438,-0.00011484348215162754,0.0,0.0,0.0,0.0,0.0,0.0,0.0,1.2857212277594965,mild_harm,1,1,0,0,1
3d78c0894c67503b,4,0,17,1,19,0.1528594000460052,-6.056209513917443e-06,19,19,19,19,-1,0.0227506463299289,0.015321807527253,0.0227506463299289,0.0085027957554842,-0.0007495593683711,1.7763568394002505e-14,-0.05690765380859375,-0.00014686613576486707,0.0,0.0,0.0,0.0,0.0,0.0,0.0,0.05705451994437638,mild_harm,1,1,1,0,1
4d104d17dc625c04,4,0,8,1,26,0.1951092553337246,-0.0004376932598653,26,26,26,26,26,0.0703638511894367,0.0607379595810661,0.0703638511894367,0.0417573710800612,0.0325050159562058,-3.108624468950438e-14,-4.359569549560547,-0.000356529577402398,0.0,0.0,0.0,0.0,0.0,0.0,0.0,4.35992607913798,mild_harm,1,1,1,1,1
70f797bbed2158f6,4,0,17,0,-1,,,-1,-1,-1,-1,-1,,,,,,,,,,,,,,,,,no_rsmr_proposal,0,0,0,0,0
83af8eb803795f59,4,0,16,1,-1,,,-1,-1,-1,-1,-1,,,,,,,,,,,,,,,,,no_rsmr_proposal,0,0,0,0,0
953f6386bfae55d0,4,0,18,1,17,0.3166235623280228,7.98645019531221e-06,17,17,17,17,17,0.1502462868559645,0.1533203758681027,0.1502462868559645,0.1524330967060377,0.1431807415821823,0.0,-1.5433731079101562,0.0,0.0,0.0,0.0,0.0,0.0,0.0,0.0,1.5433731079101562,nearzero_positive,1,1,1,1,1
b39ff897a8695a97,4,0,18,1,11,0.3074438146314735,-0.0001397995856908,-1,-1,-1,-1,-1,-0.0326680612754001,-0.020867664271842,-0.0326680612754001,-0.0242736314783895,-0.033525986602245,2.886579864025407e-14,-5.924491882324219,0.0,0.0,0.0,0.0,0.0,0.0,0.0,0.0,5.924491882324247,mild_harm,0,0,0,0,0
d5ef40ff0f715517,4,0,26,1,27,0.116301684390159,-7.741929963334115e-06,27,27,27,27,27,0.0112853480002616,0.0120722614790278,0.0112853480002616,0.0118451334000098,0.0025927782761543,8.881784197001252e-15,-0.3950767517089844,0.0,0.0,0.0,0.0,0.0,0.0,0.0,0.0,0.39507675170899326,mild_harm,1,1,1,1,1
da9bf29b3087547f,4,0,17,0,12,0.265058934822036,-0.0006733096577692,12,12,12,-1,-1,0.0610621948260627,0.029311244189303,0.0610621948260627,-0.0287285159160134,-0.0379808710398689,0.18555450439453125,-12.337608337402344,-0.001098895212635398,0.0,0.0,0.0,0.0,0.0,0.0,0.0,12.52426173700951,mild_harm,1,1,0,0,1
eb02028413fb5a92,4,0,16,1,9,0.1707466036076085,-0.000601498145051,-1,-1,-1,-1,-1,-0.0411285020062942,-0.0529030408494042,-0.0411285020062942,-0.0800055879919078,-0.0892579431157633,-1.1782608032226562,-7.690093994140625,-0.0005142090594745241,0.0,0.0,0.0,0.0,0.0,0.0,0.0,8.868869006422756,mild_harm,0,0,0,0,0
ec65e8cddb3d5fbd,4,0,19,1,23,0.1314913061089589,-7.281030565500259e-05,-1,-1,-1,-1,-1,-0.0226278161642703,-0.0340382781369138,-0.0226278161642703,-0.0477418187123459,-0.0569941738362014,3.3306690738754696e-14,-1.4518585205078125,-0.00027850268816109747,0.0,0.0,0.0,0.0,0.0,0.0,0.0,1.452137023196007,mild_harm,0,0,0,0,0
f2c4bbcda8c650a3,4,0,11,1,26,0.150082631756629,-0.0006146780819484,-1,-1,-1,-1,-1,-0.0211372192011728,-0.0337369104688288,-0.0211372192011728,-0.0620044843035625,-0.071256839427418,-2.886580202838586e-14,-7.152565002441406,-0.0005227650835877284,0.0,0.0,0.0,0.0,0.0,0.0,0.0,7.153087767525023,mild_harm,0,0,0,0,0
f53a6e7af3825751,4,0,16,1,3,0.1406077762302769,-2.8481406136426912e-05,3,3,3,3,3,0.044728653585269,0.0468896213525877,0.044728653585269,0.0464935229772262,0.0372411678533707,9.325873406851315e-14,-0.98876953125,3.7297386370482855e-06,0.0,0.0,0.0,0.0,0.0,0.0,0.0,0.9887732609887303,mild_harm,1,1,1,1,1
f53af77bf6fa5703,4,0,1,1,-1,,,-1,-1,-1,-1,-1,,,,,,,,,,,,,,,,,no_rsmr_proposal,0,0,0,0,0
0be5fd7a2dbb5d87,4,0,14,1,-1,,,-1,-1,-1,-1,-1,,,,,,,,,,,,,,,,,no_rsmr_proposal,0,0,0,0,0
25c67c9a53ef53ce,4,0,4,1,22,0.1047803050411713,0.0020756234128028,22,22,22,-1,-1,0.0043346120270795,0.0322814103331214,0.0043346120270795,-0.0070679637336218,-0.0163203188574773,41.83742904663086,-1.8214988708496094,0.0,0.0,0.0,0.0,0.0,0.0,0.0,0.0,43.65892791748047,nearzero_positive,1,1,0,0,1
90efa9d50cc8521e,4,0,1,1,-1,,,-1,-1,-1,-1,-1,,,,,,,,,,,,,,,,,no_rsmr_proposal,0,0,0,0,0
ac7fee08538b5bb0,4,0,13,1,24,0.051811720665278,0.0,-1,-1,-1,-1,-1,-0.0371971370074272,-0.0371971370074272,-0.0371971370074272,-0.0371971370074272,-0.0464494921312826,0.0,0.0,0.0,0.0,0.0,0.0,0.0,0.0,0.0,0.0,0.0,mild_harm,0,0,0,0,0
c4292750158e5a5f,4,0,3,1,6,0.1879055889416699,0.9762204023627216,6,-1,6,6,6,0.026430498701848,-0.1365609636461427,0.026430498701848,0.1116695246965688,0.1024171695727134,-269.78315353393555,2.8728151321411133,-8.825129043543711e-06,0.0,0.0,0.0,0.0,0.0,0.0,0.0,272.6559774912057,material_positive,0,1,1,1,1
cae918485e635e35,4,0,14,0,-1,,,-1,-1,-1,-1,-1,,,,,,,,,,,,,,,,,no_rsmr_proposal,0,0,0,0,0
4b308d5a04d05498,4,0,17,1,-1,,,-1,-1,-1,-1,-1,,,,,,,,,,,,,,,,,no_rsmr_proposal,0,0,0,0,0
8fba4b45daa85b15,4,0,19,1,-1,,,-1,-1,-1,-1,-1,,,,,,,,,,,,,,,,,no_rsmr_proposal,0,0,0,0,0
c9a1d813d64c52d1,4,0,4,0,15,0.1807867626130011,0.0,15,15,15,15,-1,0.0090669096029058,0.0090669096029058,0.0090669096029058,0.0090669096029058,-0.0001854455209496,0.0,0.0,0.0,0.0,0.0,0.0,0.0,0.0,0.0,0.0,0.0,mild_harm,1,1,1,0,1
e747e181d08758c8,4,0,13,1,-1,,,-1,-1,-1,-1,-1,,,,,,,,,,,,,,,,,no_rsmr_proposal,0,0,0,0,0
f6db13314100532b,4,0,13,1,-1,,,-1,-1,-1,-1,-1,,,,,,,,,,,,,,,,,no_rsmr_proposal,0,0,0,0,0
0fb7d56584065e6f,4,0,27,1,21,0.4537955328428287,0.0021822822965567,-1,21,-1,-1,-1,-0.0115036085361475,0.0002146886502956,-0.0115036085361475,-0.0318529696426707,-0.0411053247665262,16.724184036254865,-7.838191986083984,-0.00026512029580771923,0.0,0.0,0.0,0.0,0.0,0.0,0.0,24.562641142634657,nearzero_positive,1,0,0,0,0
2abb6fcc99585318,4,0,20,1,-1,,,-1,-1,-1,-1,-1,,,,,,,,,,,,,,,,,no_rsmr_proposal,0,0,0,0,0
32b190836fd35675,4,0,7,1,17,0.079477254793465,4.21013753162695e-05,-1,-1,-1,-1,-1,-0.0195938313732984,-0.0201726529195873,-0.0195938313732984,-0.0187649976413756,-0.0280173527652311,-1.1102230246251565e-14,0.8147048950195312,2.0327599486336112e-05,0.0,0.0,0.0,0.0,0.0,0.0,0.0,0.8147252226190287,nearzero_positive,0,0,0,0,0
48428a15cb2d56c8,4,0,5,0,-1,,,-1,-1,-1,-1,-1,,,,,,,,,,,,,,,,,no_rsmr_proposal,0,0,0,0,0
4d08ab0578415b3b,4,0,6,1,-1,,,-1,-1,-1,-1,-1,,,,,,,,,,,,,,,,,no_rsmr_proposal,0,0,0,0,0
58c0557c53635354,4,0,6,1,-1,,,-1,-1,-1,-1,-1,,,,,,,,,,,,,,,,,no_rsmr_proposal,0,0,0,0,0
58e646ea48eb59d3,4,0,18,1,22,0.4074574322979462,0.0003097406474874,-1,-1,-1,-1,-1,-0.0276869459726313,-0.0300329858478032,-0.0276869459726313,-0.0709979457394612,-0.0802503008633166,14.442963600158667,-7.637134552001953,-0.0005053709610365331,0.0,0.0,0.0,0.0,0.0,0.0,0.0,22.080603523121656,nearzero_positive,0,0,0,0,0
9d7dd692cec75a40,4,0,17,1,6,0.071384509950986,-0.0009404101041611,-1,-1,-1,6,-1,-0.008455418764606,-0.021541159800018,-0.0085561443763936,0.0007398165699814,-0.0085125385538739,-24.8615779876709,-0.6855545043945312,0.0,0.0,0.0,0.00017756223678588867,0.0,0.0,0.0,0.00017756223678588867,25.54713249206543,mild_harm,0,0,1,0,0
ad4b812be67052a1,4,0,27,1,23,0.0325772326487126,0.0001918116681274,-1,-1,23,23,23,-0.1060987700509426,-0.0957330207310284,0.3195801419496248,0.2543421022860879,0.2450897471622324,12.166722297668375,-1.653594970703125,0.0,0.0,0.0,-0.7504000067710876,0.0,0.0,0.0,0.7504000067710876,13.8203172683715,nearzero_positive,0,1,1,1,0
de3f8268d1675268,4,0,10,0,21,0.0976422817968061,0.0,21,21,21,21,21,0.0156455401028937,0.0156455401028937,0.0156455401028937,0.0156455401028937,0.0063931849790383,0.0,0.0,0.0,0.0,0.0,0.0,0.0,0.0,0.0,0.0,0.0,mild_harm,1,1,1,1,1
f110d20f7a7957b7,4,0,17,1,6,0.1105924586426505,-9.978644736091669e-06,-1,-1,-1,6,-1,-0.0025345286211138,-0.00392783940593,-0.0025146810433631,0.0008265969931324,-0.0084257581307229,-5.798088073730469,-0.9925346374511719,0.0,0.0,0.0,-3.49879264831543e-05,0.0,0.0,0.0,3.49879264831543e-05,6.790622711181641,mild_harm,0,0,1,0,0
4fc4718214135eee,4,0,12,1,9,0.0541645163273681,0.989265655384527,-1,-1,-1,-1,-1,-0.0557243371005438,-0.067279524546795,-0.0557243371005438,-0.093794458324375,-0.1030468134482305,-0.8118557929992676,-7.302558898925781,-0.0004990542201994685,0.0,0.0,0.0,0.0,0.0,0.0,0.0,8.114913746145248,material_positive,0,0,0,0,0
5d64681dd478516a,4,0,27,1,-1,,,-1,-1,-1,-1,-1,,,,,,,,,,,,,,,,,no_rsmr_proposal,0,0,0,0,0
629734efb5f5564c,4,0,20,1,10,0.1707049247538192,0.0004178750086341,-1,-1,-1,-1,-1,-0.0251470031562547,-0.0190214035696931,-0.0667181097798829,-0.0600022504445179,-0.0692546055683734,2.9275941848754883,-2.9203834533691406,-2.71240460278932e-05,0.0,0.0,0.07328283786773682,0.0,0.0,0.0,0.07328283786773682,5.848004762290657,nearzero_positive,0,0,0,0,0
69244009b6eb50bf,4,0,13,1,17,0.1097213710752178,-4.581917114554468e-05,-1,-1,17,17,17,-0.0512001920864743,-0.0476588496896652,0.0215759389897713,0.0132363913527366,0.0039840362288812,0.0,-1.7779617309570312,0.0,0.0,0.0,-0.1282920241355896,0.0,0.0,0.0,0.1282920241355896,1.7779617309570312,mild_harm,0,1,1,1,0
908340fb165954b2,4,0,14,1,-1,,,-1,-1,-1,-1,-1,,,,,,,,,,,,,,,,,no_rsmr_proposal,0,0,0,0,0
9229af9b7f1c5848,4,0,17,1,-1,,,-1,-1,-1,-1,-1,,,,,,,,,,,,,,,,,no_rsmr_proposal,0,0,0,0,0
beeb2d538d7f53d8,4,0,18,1,3,0.0430880762643704,0.0002613140884786,-1,-1,-1,-1,-1,-0.0380014132476555,-0.0336487741032376,-0.056176316941568,-0.0638937008809032,-0.0731460560047586,6.508518218994141,-3.9439754486083984,-0.00014188056229613721,0.0,0.0,0.03203928470611572,0.0,0.0,0.0,0.03203928470611572,10.452635548164835,nearzero_positive,0,0,0,0,0
fbd37ced14a15418,4,0,17,1,7,0.0984733013656512,0.0001307986882864,-1,-1,-1,-1,-1,-0.0008731134110494,-0.0013284855296864,-0.1527852562868682,-0.1283399268324687,-0.1375922819563242,-2.8122916519641876,-0.5920886993408203,0.0,0.0,0.0,0.2677954435348511,0.0,0.0,0.0,0.2677954435348511,3.404380351305008,nearzero_positive,0,0,0,0,0
ff54f555627f5338,4,0,14,1,9,0.1177941764125057,-0.0005246792767196,-1,-1,-1,-1,-1,-0.0155806385911127,-0.0089218557559596,-0.0155806385911127,-0.0187818589319898,-0.0280342140558453,-0.6073102951049805,-7.065710067749023,-0.00013750943071499933,0.0,0.0,0.0,0.0,0.0,0.0,0.0,7.673157872284719,mild_harm,0,0,0,0,0
052f0d46a5c059a1,4,0,12,1,0,0.4183251706955458,0.0031051245564599,0,0,0,0,0,0.081600159720178,0.1238795508529339,0.081600159720178,0.0419837117779239,0.0327313566540684,65.97805786132812,-10.5732421875,-0.00033359095687046647,0.0,0.0,0.0,0.0,0.0,0.0,0.0,76.551633639785,nearzero_positive,1,1,1,1,1
0af516a5b2725ac6,4,0,12,0,23,0.0709406999446695,-0.0001615021092407,-1,-1,-1,-1,-1,-0.1120397137330365,-0.1102702506341533,-0.1120397137330365,-0.1107809735603544,-0.1200333286842099,0.0,-0.8883743286132812,0.0,0.0,0.0,0.0,0.0,0.0,0.0,0.0,0.8883743286132812,mild_harm,0,0,0,0,0
103c7d249ab154af,4,0,17,1,9,0.1677078769076613,0.9936651484772564,9,9,9,9,-1,0.0231698893765807,0.0763366112536916,0.0231698893765807,0.0015489396026462,-0.0077034155212091,79.49685287475586,-3.493215560913086,0.0,0.0,0.0,0.0,0.0,0.0,0.0,0.0,82.99006843566895,material_positive,1,1,1,0,1
30c657863dc05485,4,0,9,1,2,0.163778539191512,2.020336450465309,-1,-1,-1,-1,-1,-0.0357218764394888,-0.0281779407682552,-0.0357218764394888,-0.0303553588243408,-0.0396077139481962,0.0,-3.7874984741210938,0.0,0.0,0.0,0.0,0.0,0.0,0.0,0.0,3.7874984741210938,material_positive,0,0,0,0,0
431f7c6b100d5249,4,0,8,1,21,0.2740727649917469,-9.228673037142698e-05,21,21,21,21,21,0.027441155188321,0.0331027502355856,0.027441155188321,0.0314686351238719,0.0222162800000165,0.0,-2.8424530029296875,0.0,0.0,0.0,0.0,0.0,0.0,0.0,0.0,2.8424530029296875,mild_harm,1,1,1,1,1
4ace61964e9f5b4b,4,0,5,1,-1,,,-1,-1,-1,-1,-1,,,,,,,,,,,,,,,,,no_rsmr_proposal,0,0,0,0,0
5098ce6b12fa5143,4,0,9,1,-1,,,-1,-1,-1,-1,-1,,,,,,,,,,,,,,,,,no_rsmr_proposal,0,0,0,0,0
52092728a1c1574f,4,0,17,1,-1,,,-1,-1,-1,-1,-1,,,,,,,,,,,,,,,,,no_rsmr_proposal,0,0,0,0,0
58f2e39eebc65d24,4,0,9,1,0,0.0769163507807695,0.0098007870477623,-1,-1,-1,-1,-1,-0.0476359373992408,-0.047777999265593,-0.0081626300710678,-0.0065887651789957,-0.0158411203028512,0.0,0.07132339477539062,0.0,0.0,0.013033926486968994,0.016115427017211914,0.0,0.0,0.0,0.029149353504180908,0.07132339477539062,nearzero_positive,0,0,0,0,0
5a917f5bb8815bd0,4,0,2,1,7,0.1667378500895651,0.2376334074385464,-1,-1,-1,7,7,-0.0169288390249554,-0.074370859853893,-0.0169288390249554,0.0109680928846146,0.0017157377607592,-91.95764923095703,2.0032272338867188,0.0,0.0,0.0,0.0,0.0,0.0,0.0,0.0,93.96087646484375,material_positive,0,0,1,1,0
6429eb85b6ba5938,4,0,17,1,6,0.427585689576039,-4.805480735781131e-05,6,6,6,6,6,0.0605309331329751,0.0599828962407115,0.2601930209192981,0.2635564805887946,0.2543041254649391,-1.2190394401550293,-0.07257270812988281,3.115792992502975e-07,0.0,0.05619394779205322,0.01751387119293213,0.0,0.0,0.0,0.07370781898498535,1.2916124598642114,mild_harm,1,1,1,1,1
6b416b289a3b5858,4,0,16,1,6,0.3068556440334356,-0.0001057195663918,6,6,6,6,6,0.1625828108766341,0.1623909938184209,0.1746342465620962,0.174428329429949,0.1651759743060935,-2.3119354248046875,-0.5783896446228027,0.0,0.0,0.0,-0.02124464511871338,0.0,0.0,0.0,0.02124464511871338,2.8903250694274902,mild_harm,1,1,1,1,1
6e9b901524355c0b,4,0,21,1,21,0.1354023504874981,-0.0001405817615636,-1,-1,-1,-1,-1,-0.0194735068970549,-0.0144995712150539,-0.0194735068970549,-0.0159352061191393,-0.0251875612429947,0.0,-2.4972076416015625,0.0,0.0,0.0,0.0,0.0,0.0,0.0,0.0,2.4972076416015625,mild_harm,0,0,0,0,0
8834fc612e1d524c,4,0,8,1,-1,,,-1,-1,-1,-1,-1,,,,,,,,,,,,,,,,,no_rsmr_proposal,0,0,0,0,0
9ddade724a6a54e2,4,0,16,1,3,0.0100307320304085,0.9292438401492256,3,3,3,-1,-1,0.0018151415012841,0.0054236637686803,0.0018151415012841,-0.0018254693219706,-0.0110778244458261,0.3488127738237381,-4.222188949584961,-9.744065027916804e-05,0.0,0.0,0.0,0.0,0.0,0.0,0.0,4.571099164058978,material_positive,1,1,0,0,1
a5fc167ac3e45fec,4,0,17,0,0,0.0078568709522654,-0.0001269786208872,-1,0,0,-1,-1,-0.0020452737249664,0.0002676043668692,0.0005623666349797,-0.0020005528361388,-0.0112529079599943,-1.0547494888305664,-3.415637969970703,-7.550107693532482e-05,0.0,0.0,-0.004596829414367676,0.0,0.0,0.0,0.004596829414367676,4.470462959878205,mild_harm,1,1,0,0,0
bcb7ec6d46f45180,4,0,17,0,4,0.0161957322337677,-0.0002300234297289,-1,-1,-1,-1,-1,-0.0185621742964722,-0.0209094323826611,-0.0204226395744173,-0.0175200356395832,-0.0267723907634386,-4.628580689430237,0.17997169494628906,1.366302058158908e-05,0.0,0.0,0.0032796859741210938,0.0,0.0,0.0,0.0032796859741210938,4.8085660473971075,mild_harm,0,0,0,0,0
c25f5ca801be5075,4,0,4,0,8,0.0834204205911207,-1.538959369074e-05,-1,-1,-1,-1,-1,-0.0324143102420639,-0.0331559313859462,-0.0624331355038506,-0.058481666583917,-0.0677340217077724,0.0,0.37233734130859375,0.0,0.0,0.0,0.05291811749339104,0.0,0.0,0.0,0.05291811749339104,0.37233734130859375,mild_harm,0,0,0,0,0
d0da55bb38fb5e83,4,0,3,1,5,0.0313879582296267,0.0001831561706144,5,5,-1,-1,-1,0.0168475300843501,0.0118771010283916,-0.0119468758746809,-0.0132681607511069,-0.0225205158749624,2.8544511795043945,3.350656509399414,8.6079614902701e-07,0.0,0.0,0.05075967311859131,0.0,0.0,0.0,0.05075967311859131,6.205108549699958,nearzero_positive,1,0,0,0,1
e056339b5ad457ea,4,0,17,0,4,0.014223174556874,-1.9974818360246616e-05,-1,-1,-1,-1,-1,-0.0201995397087465,-0.0203649952164086,-0.0216880066043866,-0.0205414617456297,-0.0297938168694852,-0.5736210346221924,0.17473983764648438,1.0048229341919068e-05,0.0,0.0,0.002623915672302246,0.0,0.0,0.0,0.002623915672302246,0.7483709204980187,mild_harm,0,0,0,0,0
03a7c978d0165fa2,4,0,20,1,-1,,,-1,-1,-1,-1,-1,,,,,,,,,,,,,,,,,no_rsmr_proposal,0,0,0,0,0
102e8bfe5f555974,4,0,19,1,22,0.181335571001979,-2.479011844847001e-05,22,22,22,22,22,0.0399152794858606,0.0421991023531082,0.0399152794858606,0.0415399189553748,0.0322875638315194,-4.3541563482182594e-14,-1.1466131210327148,0.0,0.0,0.0,0.0,0.0,0.0,0.0,0.0,1.1466131210327584,mild_harm,1,1,1,1,1
11579a9c240a5c77,4,0,17,1,-1,,,-1,-1,-1,-1,-1,,,,,,,,,,,,,,,,,no_rsmr_proposal,0,0,0,0,0
1c8a733cea4d5aed,4,0,28,1,11,0.3064990305889103,0.0014269439846277,-1,-1,11,11,11,-0.0346358763421104,-0.012279365479871,0.0469108215748232,0.0231683327921472,0.0139159776682917,30.716402053832947,-4.16615104675293,-7.391945109702647e-05,0.0,0.0,-0.1437530517578125,0.0,0.0,0.0,0.1437530517578125,34.88262702003698,nearzero_positive,0,1,1,1,0
1ed95e82b4f754ff,4,0,4,1,-1,,,-1,-1,-1,-1,-1,,,,,,,,,,,,,,,,,no_rsmr_proposal,0,0,0,0,0
2067e26ac57b5302,4,0,1,0,5,0.101678289322867,-0.0001615822235704,-1,-1,-1,-1,-1,-0.0096726085544219,-0.012634730774427,-0.0096726085544219,-0.0095459184952223,-0.0187982736190777,-2.9875144958496094,0.6153116226196289,0.0,0.0,0.0,0.0,0.0,0.0,0.0,0.0,3.6028261184692383,mild_harm,0,0,0,0,0
25f5f0c57aea54b9,4,0,21,1,-1,,,-1,-1,-1,-1,-1,,,,,,,,,,,,,,,,,no_rsmr_proposal,0,0,0,0,0
2b3f24482a765ccc,4,0,5,1,-1,,,-1,-1,-1,-1,-1,,,,,,,,,,,,,,,,,no_rsmr_proposal,0,0,0,0,0
330fd7f2e3aa5f55,4,0,26,1,19,0.100230714144779,5.4576332867145496e-05,19,19,19,19,19,0.0305310510464513,0.030978302893818,0.0305310510464513,0.0339826880032406,0.0247303328793851,1.6653345369377348e-15,1.0992298126220703,5.13433878950309e-05,0.0,0.0,0.0,0.0,0.0,0.0,0.0,1.0992811560099671,nearzero_positive,1,1,1,1,1
3a46193d097552cd,4,0,16,1,9,0.2475115152844104,0.0008605283550969,9,9,9,-1,-1,7.082003213143193e-06,0.0021645464275171,7.082003213143193e-06,-0.0139654321639226,-0.0232177872877781,0.688190221786499,-7.216188430786133,-0.0002456617821735563,0.0,0.0,0.0,0.0,0.0,0.0,0.0,7.904624314354805,nearzero_positive,1,1,0,0,1
4b7fb448a9f35a56,4,0,18,1,-1,,,-1,-1,-1,-1,-1,,,,,,,,,,,,,,,,,no_rsmr_proposal,0,0,0,0,0
642e382b50db5133,4,0,17,1,9,0.0501590854568792,0.9895227806188628,-1,-1,-1,-1,-1,-0.0687361972043526,-0.0839651662037493,-0.0687361972043526,-0.1167784490841179,-0.1260308042079734,1.22181898355484,-7.330987930297852,-0.0005947137601651775,0.0,0.0,0.0,0.0,0.0,0.0,0.0,8.553401627612857,material_positive,0,0,0,0,0
669d54218ee75215,4,0,2,1,1,0.0331137064146315,3.765455192187791e-05,-1,-1,-1,-1,-1,-0.0251021621668732,-0.0312510430163435,-0.0251021621668732,-0.0294762818346681,-0.0387286369585235,-1.1368683772161603e-12,3.087099075317383,0.0,0.0,0.0,0.0,0.0,0.0,0.0,0.0,3.0870990753185197,nearzero_positive,0,0,0,0,0
6715d16e80075f55,4,0,12,1,3,0.1644410899437026,-0.0001784819283985,-1,-1,-1,-1,-1,-0.01690414571798,-0.0083955555828969,-0.01690414571798,-0.0067714128192208,-0.0160237679430763,1.1102230246251565e-14,-2.548168182373047,6.685244443360716e-05,0.0,0.0,0.0,0.0,0.0,0.0,0.0,2.5482350348174916,mild_harm,0,0,0,0,0
8c7421c1a39954dc,4,0,1,1,-1,,,-1,-1,-1,-1,-1,,,,,,,,,,,,,,,,,no_rsmr_proposal,0,0,0,0,0
8e92f84a71e85b42,4,0,9,1,-1,,,-1,-1,-1,-1,-1,,,,,,,,,,,,,,,,,no_rsmr_proposal,0,0,0,0,0
9389f1437d2b5fad,4,0,12,1,0,0.1132243585578667,5.547304395592256e-05,-1,-1,-1,-1,-1,-0.0179698386893213,-0.0137484308522748,-0.0179698386893213,-0.0163672318979367,-0.0256195870217922,1.8728309869765727,-1.572845458984375,0.0,0.0,0.0,0.0,0.0,0.0,0.0,0.0,3.445676445960948,nearzero_positive,0,0,0,0,0
9f109cfcd3695a7c,4,0,18,1,-1,,,-1,-1,-1,-1,-1,,,,,,,,,,,,,,,,,no_rsmr_proposal,0,0,0,0,0
ac264ca2d43c52a7,4,0,25,1,-1,,,-1,-1,-1,-1,-1,,,,,,,,,,,,,,,,,no_rsmr_proposal,0,0,0,0,0
d7018055ca4b5f66,4,0,17,0,-1,,,-1,-1,-1,-1,-1,,,,,,,,,,,,,,,,,no_rsmr_proposal,0,0,0,0,0
ddcdcbbd930d5cd4,4,0,1,0,-1,,,-1,-1,-1,-1,-1,,,,,,,,,,,,,,,,,no_rsmr_proposal,0,0,0,0,0
e7e3b8bf23835b2a,4,0,3,1,16,0.0603552881913881,6.682571023874928e-06,-1,-1,-1,-1,-1,-0.0470569460699221,-0.0479361461951404,-0.0470569460699221,-0.0476823812757412,-0.0569347363995967,0.0,0.4414100646972656,0.0,0.0,0.0,0.0,0.0,0.0,0.0,0.0,0.4414100646972656,nearzero_positive,0,0,0,0,0
eae558be27b1587b,4,0,6,1,7,0.0562958634237197,-0.2252352770328521,-1,-1,-1,-1,-1,-0.0291826989504791,-0.4199325076556741,-0.8882512494930469,-0.9594420694136342,-0.9686944245374896,-660.6298828125,3.3874473571777344,0.0,0.0,0.0,0.0,0.0,-1.702136516571045,0.0,1.702136516571045,664.0173301696777,mild_harm,0,0,0,0,0
ffb77fcdc4bd5e37,4,0,13,1,-1,,,-1,-1,-1,-1,-1,,,,,,,,,,,,,,,,,no_rsmr_proposal,0,0,0,0,0
07f8bf05fc975975,4,0,1,0,1,0.0848350194252524,-7.274440014737316e-05,-1,-1,-1,-1,-1,-0.0633665919329207,-0.0603312906392629,-0.0628734890787097,-0.0604579345052237,-0.0697102896290792,0.0,-1.4169387817382812,4.148525363234512e-06,0.0,0.0001322031021118164,0.0,0.0,0.0,0.0,0.0001322031021118164,1.4169429302636445,mild_harm,0,0,0,0,0
0fdd878a393d502e,4,0,2,0,-1,,,-1,-1,-1,-1,-1,,,,,,,,,,,,,,,,,no_rsmr_proposal,0,0,0,0,0
2b32a9f406845f75,4,0,12,0,2,0.0034219581389365,-3.806486467696913,2,-1,2,2,2,0.1001822811981678,-0.0820499907389589,0.0101034106864641,0.0547046349470856,0.0454522798232302,-300.7801208496094,6.216821670532227,9.70535256783478e-05,0.0,-0.09953588247299194,-0.5403737425804138,0.0,-0.050244808197021484,0.0,0.6901544332504272,306.9970395736673,catastrophe,0,1,1,1,1
2c9450a5449e52fa,4,0,9,1,6,0.0352407520243091,-0.0005310452297329,6,6,6,6,6,0.0639779883430934,0.0445475683162481,0.0639779883430934,0.062784836916471,0.0535324817926156,-15.502861022949219,5.66914176940918,1.699337371974252e-05,0.0,0.0,0.0,0.0,0.0,0.0,0.0,21.172019785732118,mild_harm,1,1,1,1,1
447b5889e4005e16,4,0,5,0,-1,,,-1,-1,-1,-1,-1,,,,,,,,,,,,,,,,,no_rsmr_proposal,0,0,0,0,0
5465043a8ae85d79,4,0,2,1,9,0.2690886366362399,0.9894966626687548,9,9,9,9,9,0.0198726081246891,0.028189001739512,0.0198726081246891,0.0205382565609238,0.0112859014370684,-0.725252628326416,-6.8341522216796875,-9.491534672179114e-05,0.0,0.0,0.0,0.0,0.0,0.0,0.0,7.559499765352825,material_positive,1,1,1,1,1
613662b53d9a5ae7,4,0,12,1,-1,,,-1,-1,-1,-1,-1,,,,,,,,,,,,,,,,,no_rsmr_proposal,0,0,0,0,0
66da55b392b45a5d,4,0,21,1,17,0.1806756273563497,0.0001668158262966,17,17,17,17,17,0.1586959405910918,0.1709558406149676,0.1572428409293993,0.1591209310827775,0.1498685759589221,-0.869720458984375,-9.666332244873047,-0.00012633738515432924,0.0,0.0,0.0025615692138671875,0.0,0.0,0.0,0.0025615692138671875,10.536179041242576,nearzero_positive,1,1,1,1,1
78823d4302645d60,4,0,12,1,-1,,,-1,-1,-1,-1,-1,,,,,,,,,,,,,,,,,no_rsmr_proposal,0,0,0,0,0
7a1756cf8f7a566e,4,0,13,1,2,0.3735332769637671,-0.002361465603113,2,2,2,2,2,0.2261944716220862,0.1810421685798842,0.1295050715414656,0.1229106214467702,0.1136582663229147,-77.3673095703125,0.0909724235534668,0.0,0.0,0.0,0.0,0.0,-0.19157791137695312,0.0,0.19157791137695312,77.45828199386597,mild_harm,1,1,1,1,1
7c8389cb32f25aed,4,0,10,1,1,0.2603238397963863,1.7302572846444375,1,1,1,1,1,0.0146886947492281,0.4338021861344568,0.8859355929991287,0.948602051047604,0.9393496959237484,703.8934020996094,-5.180926322937012,-6.937033504073042e-06,0.0,0.0,0.0,0.0,1.7262663841247559,0.0,1.7262663841247559,709.0743353595799,material_positive,1,1,1,1,1
80bebabe4c6f5627,4,0,14,1,9,0.1118967726713505,-0.0004784055048858,-1,-1,-1,-1,-1,-0.0250198208227508,-0.0257777830087383,-0.0250198208227508,-0.042691083274969,-0.0519434383988244,-1.1437044143676758,-7.552167892456055,-0.00029472906680894084,0.0,0.0,0.0,0.0,0.0,0.0,0.0,8.69616703589054,mild_harm,0,0,0,0,0
b16054ccc4bd54f9,4,0,11,1,1,0.245862366966942,1.8926528397743596,1,1,1,1,1,0.0132563954874017,0.3862179025281186,0.5431776880899053,0.5180041651761723,0.5087518100523168,624.9894714355469,-4.993780136108398,-5.280586719891289e-06,0.0,0.0,0.0,0.0,1.0499725341796875,0.0,1.0499725341796875,629.983256852242,material_positive,1,1,1,1,1
b3734dd3dc905040,4,0,16,1,-1,,,-1,-1,-1,-1,-1,,,,,,,,,,,,,,,,,no_rsmr_proposal,0,0,0,0,0
b3c270be7e145adc,4,0,10,1,14,2.874996171380168,-1.2199467135749755,14,14,14,14,14,1.7162106206290273,1.7256074779917452,1.7162106206290273,1.7203666901305976,1.711114335006742,3.3816518783569336,-3.730905055999756,0.0,0.0,0.0,0.0,0.0,0.0,0.0,0.0,7.1125569343566895,catastrophe,1,1,1,1,1
b76a132378175658,4,0,17,1,-1,,,-1,-1,-1,-1,-1,,,,,,,,,,,,,,,,,no_rsmr_proposal,0,0,0,0,0
c49669e6594c55d7,4,0,24,1,24,0.1745995715304889,-4.205154404068878e-05,24,24,24,24,24,0.0077780466626008,0.0120296490034544,0.0077780466626008,0.0108025023113676,0.0015501471875121,0.0,-2.134553909301758,0.0,0.0,0.0,0.0,0.0,0.0,0.0,0.0,2.134553909301758,mild_harm,1,1,1,1,1
d72a6e0e28a159a2,4,0,7,0,5,0.0511620147923316,-0.0113237933923491,5,-1,5,5,5,0.068480885760418,-0.07067209859078,0.070281808305111,0.1435675163862378,0.1343151612623823,-229.04823207855225,3.5594325065612793,2.0932828192599118e-05,0.0,0.0,-0.003174722194671631,0.0,0.0,0.0,0.003174722194671631,232.60768551794172,mild_harm,0,1,1,1,1
da13a4ab1eaf5a07,4,0,17,1,10,0.1802335349999149,4.382104147193644e-05,-1,-1,-1,-1,-1,-0.0530292424647146,-0.048945045925155,-0.0593318458512283,-0.0684251158096201,-0.0776774709334756,-1.9227046966552734,-8.685226440429688,-0.00023556849919259548,0.0,0.0,0.011110424995422363,0.0,0.0,0.0,0.011110424995422363,10.608166705584154,nearzero_positive,0,0,0,0,0
dd2f426104cb5f43,4,0,6,1,-1,,,-1,-1,-1,-1,-1,,,,,,,,,,,,,,,,,no_rsmr_proposal,0,0,0,0,0
ea01c4873e9b5cf8,4,0,17,1,9,0.1771561115427936,-0.0001069160800426,9,9,9,-1,-1,0.0532959653163957,0.0153024586833701,0.0513912064662983,-0.0429052690903336,-0.0521576242141891,-5.002714157104492,-12.504011154174805,-0.0011681831674650311,0.0,0.0,0.0033577680587768555,0.0,0.0,0.0,0.0033577680587768555,17.507893494446762,mild_harm,1,1,0,0,1
ea47b3db126a588e,4,0,1,0,-1,,,-1,-1,-1,-1,-1,,,,,,,,,,,,,,,,,no_rsmr_proposal,0,0,0,0,0
023f35fd45755497,4,0,11,1,-1,,,-1,-1,-1,-1,-1,,,,,,,,,,,,,,,,,no_rsmr_proposal,0,0,0,0,0
07704203d30b5747,4,0,1,0,-1,,,-1,-1,-1,-1,-1,,,,,,,,,,,,,,,,,no_rsmr_proposal,0,0,0,0,0
2daba893c5535189,4,0,4,1,-1,,,-1,-1,-1,-1,-1,,,,,,,,,,,,,,,,,no_rsmr_proposal,0,0,0,0,0
2f19f98982615f60,4,0,11,0,-1,,,-1,-1,-1,-1,-1,,,,,,,,,,,,,,,,,no_rsmr_proposal,0,0,0,0,0
36ba502aa1eb5ecd,4,0,14,0,-1,,,-1,-1,-1,-1,-1,,,,,,,,,,,,,,,,,no_rsmr_proposal,0,0,0,0,0
43557bbc55b85aa6,4,0,6,1,-1,,,-1,-1,-1,-1,-1,,,,,,,,,,,,,,,,,no_rsmr_proposal,0,0,0,0,0
47cdc9127a1e55a7,4,0,11,1,9,0.0667910640570561,-0.0004928609021008,-1,-1,-1,-1,-1,-0.0672898672657068,-0.0681710505376461,-0.1662147086620622,-0.1712035426368494,-0.1804558977607048,0.030689239501953125,-7.617408752441406,-0.0003129516335320659,0.0,0.0,0.17438778281211853,0.0,0.0,0.0,0.17438778281211853,7.648410943576891,mild_harm,0,0,0,0,0
49677b3a648b58be,4,0,28,1,-1,,,-1,-1,-1,-1,-1,,,,,,,,,,,,,,,,,no_rsmr_proposal,0,0,0,0,0
4a1db4bffda6552f,4,0,16,1,-1,,,-1,-1,-1,-1,-1,,,,,,,,,,,,,,,,,no_rsmr_proposal,0,0,0,0,0
671ff8b7146358da,4,0,10,1,20,0.3289768692500041,2.019998709635657,20,20,20,20,20,0.0502460118668141,0.0540552180405061,0.227549732379979,0.2038044310964955,0.19455207597264,0.0,-1.912445068359375,0.0,0.0,0.0,-0.31255650520324707,0.0,0.0,0.0,0.31255650520324707,1.912445068359375,material_positive,1,1,1,1,1
696a489252f453fb,4,0,3,1,-1,,,-1,-1,-1,-1,-1,,,,,,,,,,,,,,,,,no_rsmr_proposal,0,0,0,0,0
69f3980cf2db525c,4,0,16,1,2,0.1138571835349765,-0.0001963694116682,-1,-1,-1,-1,-1,-0.0342251640664511,-0.0301178464427198,-0.0342251640664511,-0.0369265203211999,-0.0461788754450553,0.0,-4.437694549560547,-9.21381579246372e-05,0.0,0.0,0.0,0.0,0.0,0.0,0.0,4.4377866877184715,mild_harm,0,0,0,0,0
6c6d30fe3b6e59f0,4,0,23,1,9,0.0872614959794125,1.0326532647209063e-05,9,9,9,9,9,0.065654337149663,0.0650093504932775,0.065654337149663,0.0655912728785425,0.0563389177546871,2.886579864025407e-14,0.4910144805908203,6.484683581220452e-06,0.0,0.0,0.0,0.0,0.0,0.0,0.0,0.4910209652744304,nearzero_positive,1,1,1,1,1
7449973a63d255af,4,0,9,0,-1,,,-1,-1,-1,-1,-1,,,,,,,,,,,,,,,,,no_rsmr_proposal,0,0,0,0,0
84130118c5ec5189,4,0,1,0,-1,,,-1,-1,-1,-1,-1,,,,,,,,,,,,,,,,,no_rsmr_proposal,0,0,0,0,0
986bd829651151e2,4,0,27,1,-1,,,-1,-1,-1,-1,-1,,,,,,,,,,,,,,,,,no_rsmr_proposal,0,0,0,0,0
c1dbec763983596c,4,0,17,0,6,0.0443173906885192,-0.0004926864345327,-1,-1,-1,-1,-1,-0.004912445351353,-0.0069905024972782,-0.0042273827060265,-0.003386453929018,-0.0126388090528734,-3.2245994806289673,0.10661506652832031,1.6850793826961308e-07,0.0,0.0,-0.0012076497077941895,0.0,0.0,0.0,0.0012076497077941895,3.331214715665226,mild_harm,0,0,0,0,0
c70954fab4a650c7,4,0,5,0,13,3.516119810400146,-1.233023564266786,13,13,13,13,13,1.7207918832778353,1.72126977691608,1.7207918832778353,1.7308180876785408,1.7215657325546854,-12.954225540161133,-4.020367622375488,0.0,0.0,0.0,0.0,0.0,0.0,0.0,0.0,16.97459316253662,catastrophe,1,1,1,1,1
d8d6c32be32650ad,4,0,7,1,-1,,,-1,-1,-1,-1,-1,,,,,,,,,,,,,,,,,no_rsmr_proposal,0,0,0,0,0
deeae175505b5728,4,0,9,1,23,0.8651766032890484,0.0006355421473274,23,23,23,23,23,0.3724846878190485,0.3954759134189749,0.3724846878190485,0.3607775974773389,0.3515252423534834,22.77300071716301,-9.55866813659668,-0.00018080181325785816,0.0,0.0,0.0,0.0,0.0,0.0,0.0,32.33184965557295,nearzero_positive,1,1,1,1,1
e380b20d49215557,4,0,13,1,-1,,,-1,-1,-1,-1,-1,,,,,,,,,,,,,,,,,no_rsmr_proposal,0,0,0,0,0
e4499494731e5026,4,0,9,1,26,0.2215318270182057,0.0005548425547778,26,26,26,26,26,0.4918546403764584,0.5096191889083524,0.4918546403764584,0.4913522412561005,0.4820998861322451,17.572601318359137,-3.7906265258789062,0.0,0.0,0.0,0.0,0.0,0.0,0.0,0.0,21.363227844238043,nearzero_positive,1,1,1,1,1
ed710413165b5ca4,4,0,10,0,1,0.1204755507993103,-0.0001985852306709,-1,-1,-1,-1,-1,-0.0358837480879648,-0.0428472129664899,-0.0358837480879648,-0.0763861807451211,-0.0856385358689765,6.364164113998413,-7.6543731689453125,-0.0005045106045145076,0.0,0.0,0.0,0.0,0.0,0.0,0.0,14.01904179354824,mild_harm,0,0,0,0,0
f9922d29f7ca5693,4,0,9,1,21,0.1177966351516257,-8.826512694358815e-05,-1,-1,-1,-1,-1,-0.0186893868422694,-0.014525060194193,-0.0186893868422694,-0.0157270163653645,-0.0249793714892199,0.0,-2.0907363891601562,0.0,0.0,0.0,0.0,0.0,0.0,0.0,0.0,2.0907363891601562,mild_harm,0,0,0,0,0
fbe3cf848a4c5391,4,0,1,0,2,0.1078436452474513,-0.0046172204494472,2,2,2,2,2,0.0157209284420753,0.0080663901537712,0.0157209284420753,0.0201223471559459,0.0108699920320905,-13.168701171875,0.0,0.0,0.0,0.0,0.0,0.0,0.0,0.0,0.0,13.168701171875,mild_harm,1,1,1,1,1
fdf3abf3cf375c35,4,0,5,1,-1,,,-1,-1,-1,-1,-1,,,,,,,,,,,,,,,,,no_rsmr_proposal,0,0,0,0,0
00f4aedf9b3c5f65,4,0,16,1,21,0.0490956043257411,3.5336512327194085e-05,-1,-1,-1,-1,-1,-0.0439434529487677,-0.0527872103972765,-0.0430299571939291,-0.0575871243203206,-0.066839479444176,0.0,1.0055923461914062,-0.000133208668557927,0.0,0.0,-0.0016103386878967285,0.0,0.0,0.0,0.0016103386878967285,1.0057255548599642,nearzero_positive,0,0,0,0,0
3584e6b997845f86,4,0,27,1,-1,,,-1,-1,-1,-1,-1,,,,,,,,,,,,,,,,,no_rsmr_proposal,0,0,0,0,0
3d56147a52d550b3,4,0,17,1,3,0.166780640517493,0.0001904807411134,-1,-1,-1,-1,-1,-0.0461811572662831,-0.0317651267750745,-0.047760206207569,-0.049613877337357,-0.0588662324612124,16.509178161621094,-2.4198131561279297,0.0,0.0,0.0,0.0027835965156555176,0.0,0.0,0.0,0.0027835965156555176,18.928991317749023,nearzero_positive,0,0,0,0,0
4132da23bf54566f,4,0,17,1,1,0.0398373439906395,0.0012187561772414,-1,1,-1,-1,-1,-0.0130440890352023,0.0103143134169613,-0.0130440890352023,-0.0165029273460344,-0.0257552824698899,27.206850051879883,-3.6742515563964844,4.392508344608359e-06,0.0,0.0,0.0,0.0,0.0,0.0,0.0,30.881106000784712,nearzero_positive,1,0,0,0,0
44ae005ad8b25d52,4,0,10,0,-1,,,-1,-1,-1,-1,-1,,,,,,,,,,,,,,,,,no_rsmr_proposal,0,0,0,0,0
48ee2a6b3a4b54cc,4,0,8,0,-1,,,-1,-1,-1,-1,-1,,,,,,,,,,,,,,,,,no_rsmr_proposal,0,0,0,0,0
49f109b9cca4567a,4,0,8,1,-1,,,-1,-1,-1,-1,-1,,,,,,,,,,,,,,,,,no_rsmr_proposal,0,0,0,0,0
4ac48ad526735073,4,0,15,1,1,0.1935467795769919,0.0003725693814456,-1,-1,-1,-1,-1,-0.0238547842693529,-0.018222531399934,-0.0204655145144107,-0.0484614494354244,-0.0577138045592798,15.156757354736328,-6.92292594909668,-0.0003303910343674943,0.0,0.0,-0.005974709987640381,0.0,0.0,0.0,0.005974709987640381,22.080013694867375,nearzero_positive,0,0,0,0,0
5214a5118acc5d75,4,0,15,1,6,0.0770547692832109,-0.001846320647036,6,-1,6,6,6,0.0131148408944927,-0.0154202701597975,0.0131148408944927,0.0218808412854447,0.0126284861615892,-38.871021151542664,2.9825544357299805,0.0,0.0,0.0,0.0,0.0,0.0,0.0,0.0,41.853575587272644,mild_harm,0,1,1,1,1
55a7c26fd2d35b8e,4,0,16,1,-1,,,-1,-1,-1,-1,-1,,,,,,,,,,,,,,,,,no_rsmr_proposal,0,0,0,0,0
5693aed0af7e548c,4,0,5,0,17,0.0663365633702129,-2.020414070067741,17,17,17,17,17,0.0838948159741019,0.0766007165382089,0.0898427500893905,0.0905430973012578,0.0812907421774024,-7.849737167358398,1.3712739944458008,0.0,0.0,0.0015630125999450684,-0.00020813941955566406,0.0,0.0,0.0,0.0017711520195007324,9.2210111618042,catastrophe,1,1,1,1,1
7418da8c04e85efb,4,0,7,1,1,0.2122064190269177,4.00804797271723,-1,1,1,1,1,-0.01021771472588,0.4637658061264395,3.4781171705712985,3.627503187105831,3.618250831981976,800.8591613769531,-4.772683143615723,-2.0176052203169093e-05,0.0,0.7746774554252625,0.7057528495788574,0.0,1.9798412322998047,0.0,3.4602715373039246,805.631864696621,material_positive,1,1,1,1,0
